facilityID,siteID,name,county,huc8,type,aquifer,latitude,longitude,sampleDate,projectCode,cas_rn,analyte,fraction,relDepth,sampDepth,sampDepthUnit,result,unit,detect,detectLimit,quantFlag,quantLimit,method,colMethod,resultType,matrix,medium,qualFlag,remark,xParams
8666065,31190002,Lawler 1,Chickasaw,07060004,Well,Ordovician (abv SP),43.067347,-92.160017,09/04/2003 15:15:00,GWM,NIT-AMM,Ammonia-nitrogen (AS N),Total,,,,4.2,mg/l,True,0.05,,,350.1,USGSGWM,Actual,GW,Water,,,"[]"
8666065,31190002,Lawler 1,Chickasaw,07060004,Well,Ordovician (abv SP),43.067347,-92.160017,09/04/2003 15:15:00,GWM,NIT-NO3-NO2,Nitrate + Nitrite (AS N),Total,,,,0.1,mg/l,False,0.1,,,353.2,USGSGWM,Actual,GW,Water,,,"[]"
8666065,31190002,Lawler 1,Chickasaw,07060004,Well,Ordovician (abv SP),43.067347,-92.160017,09/04/2003 15:15:00,GWM,14265-44-2,Orthophosphate (AS P),Dissolved,,,,0.02,mg/l,False,0.02,,,365.1,USGSGWM,Actual,GW,Water,,,"[]"
8666065,31190002,Lawler 1,Chickasaw,07060004,Well,Ordovician (abv SP),43.067347,-92.160017,09/04/2003 15:15:00,GWM,PHOSP-PHOSP,"Total Phosphorus, mixed forms (AS P)",Total,,,,0.11,mg/l,True,0.02,,,365.4,USGSGWM,Actual,GW,Water,,,"[]"
8666065,31190002,Lawler 1,Chickasaw,07060004,Well,Ordovician (abv SP),43.067347,-92.160017,09/04/2003 15:15:00,GWM,NIT-ORGN,Organic Nitrogen (AS N),Total,,,,0.9,mg/l,True,0.05,,,LAC10-107-06-2E,USGSGWM,Calculated,GW,Water,,,"[]"
8666065,31190002,Lawler 1,Chickasaw,07060004,Well,Ordovician (abv SP),43.067347,-92.160017,09/04/2003 15:15:00,GWM,NIT-KJELD,Kjeldahl nitrogen (AS N),Total,,,,5.1,mg/l,True,0.05,,,PAI DK03,USGSGWM,Actual,GW,Water,,,"[]"
8666065,31190001,Fredericksburg 2,Chickasaw,07080102,Well,Cambrian-Ordovician,42.964454,-92.199981,08/22/2005 14:30:00,GWM,NIT-AMM,Ammonia-nitrogen (AS N),Total,,,,0.41,mg/l,True,0.05,,,350.1,USGSGWM,Actual,GW,Water,,,"[]"
8666065,31190001,Fredericksburg 2,Chickasaw,07080102,Well,Cambrian-Ordovician,42.964454,-92.199981,08/22/2005 14:30:00,GWM,NIT-KJELD,Kjeldahl nitrogen (AS N),Total,,,,0.53,mg/l,True,0.1,,,351.2,USGSGWM,Actual,GW,Water,,,"[]"
8666065,31190001,Fredericksburg 2,Chickasaw,07080102,Well,Cambrian-Ordovician,42.964454,-92.199981,08/22/2005 14:30:00,GWM,NIT-NO3-NO2,Nitrate + Nitrite (AS N),Total,,,,0.05,mg/l,False,0.05,,,353.2,USGSGWM,Actual,GW,Water,,,"[]"
8666065,31190001,Fredericksburg 2,Chickasaw,07080102,Well,Cambrian-Ordovician,42.964454,-92.199981,08/22/2005 14:30:00,GWM,14265-44-2,Orthophosphate (AS P),Dissolved,,,,0.02,mg/l,False,0.02,,,365.1,USGSGWM,Actual,GW,Water,,,"[]"
8666065,31190001,Fredericksburg 2,Chickasaw,07080102,Well,Cambrian-Ordovician,42.964454,-92.199981,08/22/2005 14:30:00,GWM,PHOSP-PHOSP,"Total Phosphorus, mixed forms (AS P)",Total,,,,0.03,mg/l,True,0.02,,,365.4,USGSGWM,Actual,GW,Water,,,"[]"
8666065,31190001,Fredericksburg 2,Chickasaw,07080102,Well,Cambrian-Ordovician,42.964454,-92.199981,08/22/2005 14:30:00,GWM,NIT-ORGN,Organic Nitrogen,Total,,,,0.1,mg/l,True,0.1,,,LAC10-107-06-2E,USGSGWM,Calculated,GW,Water,,,"[]"
8666065,31190003,Ionia 2,Chickasaw,07080102,Well,Silurian,43.0344399687,-92.4586477943,11/01/2016 09:30:00,GWM,NIT-NO3-NO2,Nitrate + Nitrite (AS N),Total,,,,0.1,mg/l,False,0.1,,,LAC10-107-04-1J,GWM,Actual,GW,Water,,,"[]"
8666065,31190003,Ionia 2,Chickasaw,07080102,Well,Silurian,43.0344399687,-92.4586477943,11/01/2016 09:30:00,GWM,NIT-AMM,Ammonia-nitrogen (AS N),Total,,,,1.9,mg/l,True,0.05,,,LAC10-107-06-1J,GWM,Actual,GW,Water,,,"[]"
8666065,31190003,Ionia 2,Chickasaw,07080102,Well,Silurian,43.0344399687,-92.4586477943,03/25/2013 16:15:00,GWM,NIT-NO3-NO2,Nitrate + Nitrite (AS N),Total,,,,0.1,mg/l,False,0.1,,,LAC10-107-04-1J,GWM,Actual,GW,Water,,,"[]"
8666065,31190003,Ionia 2,Chickasaw,07080102,Well,Silurian,43.0344399687,-92.4586477943,03/25/2013 16:15:00,GWM,NIT-AMM,Ammonia-nitrogen (AS N),Total,,,,2,mg/l,True,0.05,,,LAC10-107-06-1J,GWM,Actual,GW,Water,,,"[]"
8666065,31190003,Ionia 2,Chickasaw,07080102,Well,Silurian,43.0344399687,-92.4586477943,03/25/2013 16:15:00,GWM,NIT-KJELD,Kjeldahl nitrogen (AS N),Total,,,,2.2,mg/l,True,0.1,,,LAC10-107-06-2E,GWM,Actual,GW,Water,,,"[]"
8666065,31190003,Ionia 2,Chickasaw,07080102,Well,Silurian,43.0344399687,-92.4586477943,03/25/2013 16:15:00,GWM,14265-44-2,Orthophosphate (AS P),Dissolved,,,,0.02,mg/l,False,0.02,,,LAC10-115-01-1A,GWM,Actual,GW,Water,,,"[]"
8666065,31190003,Ionia 2,Chickasaw,07080102,Well,Silurian,43.0344399687,-92.4586477943,03/25/2013 16:15:00,GWM,PHOSP-PHOSP,"Total Phosphorus, mixed forms (AS P)",Total,,,,0.02,mg/l,True,0.02,,,LAC10-115-01-1D,GWM,Actual,GW,Water,,,"[]"
8666065,31190003,Ionia 2,Chickasaw,07080102,Well,Silurian,43.0344399687,-92.4586477943,01/09/2018 13:00:00,GWM,NIT-NO3-NO2,Nitrate + Nitrite (AS N),None,,,,0.1,mg/l,False,0.1,,,LAC10-107-06-1J,GWM,Actual,GW,Water,,,"[]"
8666065,31190003,Ionia 2,Chickasaw,07080102,Well,Silurian,43.0344399687,-92.4586477943,01/09/2018 13:00:00,GWM,NIT-AMM,Ammonia-nitrogen (AS N),None,,,,2.1,mg/l,True,0.1,,,LAC10-107-06-1J,GWM,Actual,GW,Water,,,"[]"
8666065,31190003,Ionia 2,Chickasaw,07080102,Well,Silurian,43.0344399687,-92.4586477943,01/22/2019 14:45:00,GWM,NIT-NO3-NO2,Nitrate + Nitrite (AS N),None,,,,0.14,mg/l,True,0.1,,,LAC10-107-06-1J,GWM,Actual,GW,Water,,,"[]"
8666065,31190003,Ionia 2,Chickasaw,07080102,Well,Silurian,43.0344399687,-92.4586477943,01/22/2019 14:45:00,GWM,NIT-AMM,Ammonia-nitrogen (AS N),None,,,,0.05,mg/l,False,0.05,,,LAC10-107-06-1J,GWM,Actual,GW,Water,,,"[]"
8666065,31190003,Ionia 2,Chickasaw,07080102,Well,Silurian,43.0344399687,-92.4586477943,01/22/2019 14:45:00,GWM,14265-44-2,Orthophosphate (AS P),Dissolved,,,,0.8,mg/l,True,0.02,,,LAC10-115-01-1A,GWM,Actual,GW,Water,,Sample was not field filtered per method and was filtered for analysis after receipt by the laboratory.,"[]"
