facilityID,siteID,name,county,huc8,type,aquifer,latitude,longitude,sampleDate,projectCode,cas_rn,analyte,fraction,relDepth,sampDepth,sampDepthUnit,result,unit,detect,detectLimit,quantFlag,quantLimit,method,colMethod,resultType,matrix,medium,qualFlag,remark,xParams
8666065,31300001,Terril 1,Dickinson,10230003,Well,Buried Sand Gravel,43.305986,-94.974159,08/31/2004 09:30:00,GWM,NIT-AMM,Ammonia-nitrogen (AS N),Total,,,,0.52,mg/l,True,0.05,,,350.1,USGSGWM,Actual,GW,Water,,,"[]"
8666065,31300001,Terril 1,Dickinson,10230003,Well,Buried Sand Gravel,43.305986,-94.974159,08/31/2004 09:30:00,GWM,NIT-KJELD,Kjeldahl nitrogen (AS N),Total,,,,0.66,mg/l,True,0.05,,,351.1,USGSGWM,Actual,GW,Water,,,"[]"
8666065,31300001,Terril 1,Dickinson,10230003,Well,Buried Sand Gravel,43.305986,-94.974159,08/31/2004 09:30:00,GWM,NIT-NO3-NO2,Nitrate + Nitrite (AS N),Total,,,,0.05,mg/l,False,0.05,,,353.2,USGSGWM,Actual,GW,Water,,,"[]"
8666065,31300001,Terril 1,Dickinson,10230003,Well,Buried Sand Gravel,43.305986,-94.974159,08/31/2004 09:30:00,GWM,14265-44-2,Orthophosphate (AS P),Dissolved,,,,0.02,mg/l,False,0.02,,,365.1,USGSGWM,Actual,GW,Water,,,"[]"
8666065,31300001,Terril 1,Dickinson,10230003,Well,Buried Sand Gravel,43.305986,-94.974159,08/31/2004 09:30:00,GWM,PHOSP-PHOSP,"Total Phosphorus, mixed forms (AS P)",Total,,,,0.03,mg/l,True,0.02,,,365.4,USGSGWM,Actual,GW,Water,,,"[]"
8666065,31300001,Terril 1,Dickinson,10230003,Well,Buried Sand Gravel,43.305986,-94.974159,08/31/2004 09:30:00,GWM,NIT-ORGN,Organic Nitrogen,Total,,,,0.11,mg/l,True,0.05,,,LAC10-107-06-2E,USGSGWM,Calculated,GW,Water,,,"[]"
8666065,35300008,OK2,Dickinson,10230003,Well,Quaternary,43.4162044,-95.12770701,05/09/2012 18:10:00,OKOBWELL,NIT-NO3-NO2,Nitrate + Nitrite (AS N),Total,,,,0.69,mg/l,True,0.1,,,LAC10-107-04-1J,GSB-WELL,Actual,GW,Water,,,"[]"
8666065,35300008,OK2,Dickinson,10230003,Well,Quaternary,43.4162044,-95.12770701,05/09/2012 18:10:00,OKOBWELL,PHOSP-PHOSP,"Total Phosphorus, mixed forms (AS P)",Total,,,,0.06,mg/l,True,0.02,,,LAC10-115-01-1D,GSB-WELL,Actual,GW,Water,,,"[]"
8666065,35300015,OK3,Dickinson,10230003,Well,Quaternary,43.41447077,-95.12796743,05/09/2012 17:55:00,OKOBWELL,NIT-NO3-NO2,Nitrate + Nitrite (AS N),Total,,,,0.49,mg/l,True,0.1,,,LAC10-107-04-1J,GSB-WELL,Actual,GW,Water,,,"[]"
8666065,35300015,OK3,Dickinson,10230003,Well,Quaternary,43.41447077,-95.12796743,05/09/2012 17:55:00,OKOBWELL,PHOSP-PHOSP,"Total Phosphorus, mixed forms (AS P)",Total,,,,0.3,mg/l,True,0.02,,,LAC10-115-01-1D,GSB-WELL,Actual,GW,Water,,,"[]"
8666065,35300016,OK4,Dickinson,10230003,Well,Quaternary,43.4150262,-95.14401934,05/10/2012 10:25:00,OKOBWELL,NIT-NO3-NO2,Nitrate + Nitrite (AS N),Total,,,,0.1,mg/l,False,0.1,,,LAC10-107-04-1J,GSB-WELL,Actual,GW,Water,,,"[]"
8666065,35300016,OK4,Dickinson,10230003,Well,Quaternary,43.4150262,-95.14401934,05/10/2012 10:25:00,OKOBWELL,PHOSP-PHOSP,"Total Phosphorus, mixed forms (AS P)",Total,,,,0.21,mg/l,True,0.02,,,LAC10-115-01-1D,GSB-WELL,Actual,GW,Water,,,"[]"
8666065,35300017,OK5,Dickinson,10230003,Well,Quaternary,43.40723139,-95.14819029,05/09/2012 17:30:00,OKOBWELL,NIT-NO3-NO2,Nitrate + Nitrite (AS N),Total,,,,0.14,mg/l,True,0.1,,,LAC10-107-04-1J,GSB-WELL,Actual,GW,Water,,,"[]"
8666065,35300017,OK5,Dickinson,10230003,Well,Quaternary,43.40723139,-95.14819029,05/09/2012 17:30:00,OKOBWELL,PHOSP-PHOSP,"Total Phosphorus, mixed forms (AS P)",Total,,,,0.17,mg/l,True,0.05,,,LAC10-115-01-1C,GSB-WELL,Actual,GW,Water,,,"[]"
8666065,35300018,OK7,Dickinson,10230003,Well,Quaternary,43.44382344,-95.13186341,05/09/2012 18:30:00,OKOBWELL,NIT-NO3-NO2,Nitrate + Nitrite (AS N),Total,,,,0.18,mg/l,True,0.1,,,LAC10-107-04-1J,GSB-WELL,Actual,GW,Water,,,"[]"
8666065,35300018,OK7,Dickinson,10230003,Well,Quaternary,43.44382344,-95.13186341,05/09/2012 18:30:00,OKOBWELL,PHOSP-PHOSP,"Total Phosphorus, mixed forms (AS P)",Total,,,,0.24,mg/l,True,0.02,,,LAC10-115-01-1D,GSB-WELL,Actual,GW,Water,,,"[]"
8666065,35300019,OK7A,Dickinson,10230003,Well,Quaternary,43.45541039,-95.1468429,05/09/2012 18:45:00,OKOBWELL,NIT-NO3-NO2,Nitrate + Nitrite (AS N),Total,,,,8.4,mg/l,True,0.1,,,LAC10-107-04-1J,GSB-WELL,Actual,GW,Water,,,"[]"
8666065,35300019,OK7A,Dickinson,10230003,Well,Quaternary,43.45541039,-95.1468429,05/09/2012 18:45:00,OKOBWELL,PHOSP-PHOSP,"Total Phosphorus, mixed forms (AS P)",Total,,,,0.05,mg/l,True,0.02,,,LAC10-115-01-1D,GSB-WELL,Actual,GW,Water,,,"[]"
8666065,35300021,OK9A,Dickinson,10230003,Well,Quaternary,43.4275922,-95.17329772,05/10/2012 07:15:00,OKOBWELL,NIT-NO3-NO2,Nitrate + Nitrite (AS N),Total,,,,0.11,mg/l,True,0.1,,,LAC10-107-04-1J,GSB-WELL,Actual,GW,Water,,,"[]"
8666065,35300021,OK9A,Dickinson,10230003,Well,Quaternary,43.4275922,-95.17329772,05/10/2012 07:15:00,OKOBWELL,PHOSP-PHOSP,"Total Phosphorus, mixed forms (AS P)",Total,,,,0.02,mg/l,True,0.02,,,LAC10-115-01-1D,GSB-WELL,Actual,GW,Water,,,"[]"
8666065,35300001,OK10,Dickinson,10230003,Well,Quaternary,43.41125654,-95.19039968,05/10/2012 12:00:00,OKOBWELL,NIT-NO3-NO2,Nitrate + Nitrite (AS N),Total,,,,0.39,mg/l,True,0.1,,,LAC10-107-04-1J,GSB-WELL,Actual,GW,Water,,,"[]"
8666065,35300001,OK10,Dickinson,10230003,Well,Quaternary,43.41125654,-95.19039968,05/10/2012 12:00:00,OKOBWELL,PHOSP-PHOSP,"Total Phosphorus, mixed forms (AS P)",Total,,,,0.04,mg/l,True,0.02,,,LAC10-115-01-1D,GSB-WELL,Actual,GW,Water,,,"[]"
8666065,35300003,OK13,Dickinson,10230003,Well,Quaternary,43.37292376,-95.16404889,05/10/2012 07:50:00,OKOBWELL,NIT-NO3-NO2,Nitrate + Nitrite (AS N),Total,,,,0.1,mg/l,False,0.1,,,LAC10-107-04-1J,GSB-WELL,Actual,GW,Water,,,"[]"
8666065,35300003,OK13,Dickinson,10230003,Well,Quaternary,43.37292376,-95.16404889,05/10/2012 07:50:00,OKOBWELL,PHOSP-PHOSP,"Total Phosphorus, mixed forms (AS P)",Total,,,,0.27,mg/l,True,0.02,,,LAC10-115-01-1D,GSB-WELL,Actual,GW,Water,,,"[]"
8666065,35300004,OK14,Dickinson,10230003,Well,Quaternary,43.35580242,-95.19263558,05/10/2012 08:05:00,OKOBWELL,NIT-NO3-NO2,Nitrate + Nitrite (AS N),Total,,,,15,mg/l,True,0.1,,,LAC10-107-04-1J,GSB-WELL,Actual,GW,Water,,,"[]"
8666065,35300004,OK14,Dickinson,10230003,Well,Quaternary,43.35580242,-95.19263558,05/10/2012 08:05:00,OKOBWELL,PHOSP-PHOSP,"Total Phosphorus, mixed forms (AS P)",Total,,,,0.17,mg/l,True,0.02,,,LAC10-115-01-1D,GSB-WELL,Actual,GW,Water,,,"[]"
8666065,35300005,OK15,Dickinson,10230003,Well,Quaternary,43.35725136,-95.17570809,05/10/2012 08:20:00,OKOBWELL,NIT-NO3-NO2,Nitrate + Nitrite (AS N),Total,,,,0.21,mg/l,True,0.1,,,LAC10-107-04-1J,GSB-WELL,Actual,GW,Water,,,"[]"
8666065,35300005,OK15,Dickinson,10230003,Well,Quaternary,43.35725136,-95.17570809,05/10/2012 08:20:00,OKOBWELL,PHOSP-PHOSP,"Total Phosphorus, mixed forms (AS P)",Total,,,,0.12,mg/l,True,0.05,,,LAC10-115-01-1C,GSB-WELL,Actual,GW,Water,,,"[]"
8666065,35300009,OK20,Dickinson,10230003,Well,Quaternary,43.34911643,-95.15692232,05/10/2012 08:50:00,OKOBWELL,NIT-NO3-NO2,Nitrate + Nitrite (AS N),Total,,,,5,mg/l,True,0.1,,,LAC10-107-04-1J,GSB-WELL,Actual,GW,Water,,,"[]"
8666065,35300009,OK20,Dickinson,10230003,Well,Quaternary,43.34911643,-95.15692232,05/10/2012 08:50:00,OKOBWELL,PHOSP-PHOSP,"Total Phosphorus, mixed forms (AS P)",Total,,,,0.25,mg/l,True,0.02,,,LAC10-115-01-1D,GSB-WELL,Actual,GW,Water,,,"[]"
8666065,35300010,OK21,Dickinson,10230003,Well,Quaternary,43.36532661,-95.13615831,05/10/2012 09:10:00,OKOBWELL,NIT-NO3-NO2,Nitrate + Nitrite (AS N),Total,,,,4.6,mg/l,True,0.1,,,LAC10-107-04-1J,GSB-WELL,Actual,GW,Water,,,"[]"
8666065,35300010,OK21,Dickinson,10230003,Well,Quaternary,43.36532661,-95.13615831,05/10/2012 09:10:00,OKOBWELL,PHOSP-PHOSP,"Total Phosphorus, mixed forms (AS P)",Total,,,,0.46,mg/l,True,0.02,,,LAC10-115-01-1D,GSB-WELL,Actual,GW,Water,,,"[]"
8666065,35300011,OK22,Dickinson,10230003,Well,Quaternary,43.38931402,-95.13902573,05/10/2012 09:30:00,OKOBWELL,NIT-NO3-NO2,Nitrate + Nitrite (AS N),Total,,,,0.43,mg/l,True,0.1,,,LAC10-107-04-1J,GSB-WELL,Actual,GW,Water,,,"[]"
8666065,35300011,OK22,Dickinson,10230003,Well,Quaternary,43.38931402,-95.13902573,05/10/2012 09:30:00,OKOBWELL,PHOSP-PHOSP,"Total Phosphorus, mixed forms (AS P)",Total,,,,0.06,mg/l,True,0.02,,,LAC10-115-01-1D,GSB-WELL,Actual,GW,Water,,,"[]"
8666065,35300013,OK25,Dickinson,10230003,Well,Quaternary,43.39901034,-95.1405277,05/10/2012 09:50:00,OKOBWELL,NIT-NO3-NO2,Nitrate + Nitrite (AS N),Total,,,,0.32,mg/l,True,0.1,,,LAC10-107-04-1J,GSB-WELL,Actual,GW,Water,,,"[]"
8666065,35300013,OK25,Dickinson,10230003,Well,Quaternary,43.39901034,-95.1405277,05/10/2012 09:50:00,OKOBWELL,PHOSP-PHOSP,"Total Phosphorus, mixed forms (AS P)",Total,,,,0.03,mg/l,True,0.02,,,LAC10-115-01-1D,GSB-WELL,Actual,GW,Water,,,"[]"
8666065,35300014,OK26,Dickinson,10230003,Well,Quaternary,43.35810582,-95.1471837,05/10/2012 09:10:00,OKOBWELL,NIT-NO3-NO2,Nitrate + Nitrite (AS N),Total,,,,5.6,mg/l,True,0.1,,,LAC10-107-04-1J,GSB-WELL,Actual,GW,Water,,,"[]"
8666065,35300014,OK26,Dickinson,10230003,Well,Quaternary,43.35810582,-95.1471837,05/10/2012 09:10:00,OKOBWELL,PHOSP-PHOSP,"Total Phosphorus, mixed forms (AS P)",Total,,,,0.03,mg/l,True,0.02,,,LAC10-115-01-1D,GSB-WELL,Actual,GW,Water,,,"[]"
8666065,35300008,OK2,Dickinson,10230003,Well,Quaternary,43.4162044,-95.12770701,08/14/2012 16:00:00,OKOBWELL,NIT-NO3-NO2,Nitrate + Nitrite (AS N),Total,,,,0.1,mg/l,False,0.1,,,LAC10-107-04-1J,GSB-WELL,Actual,GW,Water,,,"[]"
8666065,35300008,OK2,Dickinson,10230003,Well,Quaternary,43.4162044,-95.12770701,08/14/2012 16:00:00,OKOBWELL,PHOSP-PHOSP,"Total Phosphorus, mixed forms (AS P)",Total,,,,0.07,mg/l,True,0.02,,,LAC10-115-01-1D,GSB-WELL,Actual,GW,Water,,,"[]"
8666065,35300015,OK3,Dickinson,10230003,Well,Quaternary,43.41447077,-95.12796743,08/14/2012 16:15:00,OKOBWELL,NIT-NO3-NO2,Nitrate + Nitrite (AS N),Total,,,,0.19,mg/l,True,0.1,,,LAC10-107-04-1J,GSB-WELL,Actual,GW,Water,,,"[]"
8666065,35300015,OK3,Dickinson,10230003,Well,Quaternary,43.41447077,-95.12796743,08/14/2012 16:15:00,OKOBWELL,PHOSP-PHOSP,"Total Phosphorus, mixed forms (AS P)",Total,,,,0.13,mg/l,True,0.02,,,LAC10-115-01-1D,GSB-WELL,Actual,GW,Water,,,"[]"
8666065,35300016,OK4,Dickinson,10230003,Well,Quaternary,43.4150262,-95.14401934,08/14/2012 15:45:00,OKOBWELL,NIT-NO3-NO2,Nitrate + Nitrite (AS N),Total,,,,0.1,mg/l,False,0.1,,,LAC10-107-04-1J,GSB-WELL,Actual,GW,Water,,,"[]"
8666065,35300016,OK4,Dickinson,10230003,Well,Quaternary,43.4150262,-95.14401934,08/14/2012 15:45:00,OKOBWELL,PHOSP-PHOSP,"Total Phosphorus, mixed forms (AS P)",Total,,,,0.05,mg/l,True,0.02,,,LAC10-115-01-1D,GSB-WELL,Actual,GW,Water,,,"[]"
8666065,35300017,OK5,Dickinson,10230003,Well,Quaternary,43.40723139,-95.14819029,08/14/2012 15:30:00,OKOBWELL,NIT-NO3-NO2,Nitrate + Nitrite (AS N),Total,,,,0.1,mg/l,False,0.1,,,LAC10-107-04-1J,GSB-WELL,Actual,GW,Water,,,"[]"
8666065,35300017,OK5,Dickinson,10230003,Well,Quaternary,43.40723139,-95.14819029,08/14/2012 15:30:00,OKOBWELL,PHOSP-PHOSP,"Total Phosphorus, mixed forms (AS P)",Total,,,,0.04,mg/l,True,0.02,,,LAC10-115-01-1D,GSB-WELL,Actual,GW,Water,,,"[]"
8666065,35300019,OK7A,Dickinson,10230003,Well,Quaternary,43.45541039,-95.1468429,08/14/2012 16:55:00,OKOBWELL,NIT-NO3-NO2,Nitrate + Nitrite (AS N),Total,,,,9.9,mg/l,True,0.1,,,LAC10-107-04-1J,GSB-WELL,Actual,GW,Water,,,"[]"
8666065,35300019,OK7A,Dickinson,10230003,Well,Quaternary,43.45541039,-95.1468429,08/14/2012 16:55:00,OKOBWELL,PHOSP-PHOSP,"Total Phosphorus, mixed forms (AS P)",Total,,,,0.05,mg/l,True,0.02,,,LAC10-115-01-1D,GSB-WELL,Actual,GW,Water,,,"[]"
8666065,35300018,OK7,Dickinson,10230003,Well,Quaternary,43.44382344,-95.13186341,08/14/2012 16:45:00,OKOBWELL,NIT-NO3-NO2,Nitrate + Nitrite (AS N),Total,,,,0.32,mg/l,True,0.1,,,LAC10-107-04-1J,GSB-WELL,Actual,GW,Water,,,"[]"
8666065,35300018,OK7,Dickinson,10230003,Well,Quaternary,43.44382344,-95.13186341,08/14/2012 16:45:00,OKOBWELL,PHOSP-PHOSP,"Total Phosphorus, mixed forms (AS P)",Total,,,,0.03,mg/l,True,0.02,,,LAC10-115-01-1D,GSB-WELL,Actual,GW,Water,,,"[]"
8666065,35300021,OK9A,Dickinson,10230003,Well,Quaternary,43.4275922,-95.17329772,08/15/2012 07:45:00,OKOBWELL,NIT-NO3-NO2,Nitrate + Nitrite (AS N),Total,,,,0.1,mg/l,False,0.1,,,LAC10-107-04-1J,GSB-WELL,Actual,GW,Water,,,"[]"
8666065,35300021,OK9A,Dickinson,10230003,Well,Quaternary,43.4275922,-95.17329772,08/15/2012 07:45:00,OKOBWELL,PHOSP-PHOSP,"Total Phosphorus, mixed forms (AS P)",Total,,,,0.08,mg/l,True,0.02,,,LAC10-115-01-1D,GSB-WELL,Actual,GW,Water,,,"[]"
8666065,35300001,OK10,Dickinson,10230003,Well,Quaternary,43.41125654,-95.19039968,08/15/2012 08:10:00,OKOBWELL,NIT-NO3-NO2,Nitrate + Nitrite (AS N),Total,,,,1.5,mg/l,True,0.1,,,LAC10-107-04-1J,GSB-WELL,Actual,GW,Water,,,"[]"
8666065,35300001,OK10,Dickinson,10230003,Well,Quaternary,43.41125654,-95.19039968,08/15/2012 08:10:00,OKOBWELL,PHOSP-PHOSP,"Total Phosphorus, mixed forms (AS P)",Total,,,,0.06,mg/l,True,0.02,,,LAC10-115-01-1D,GSB-WELL,Actual,GW,Water,,,"[]"
8666065,35300003,OK13,Dickinson,10230003,Well,Quaternary,43.37292376,-95.16404889,08/15/2012 09:00:00,OKOBWELL,NIT-NO3-NO2,Nitrate + Nitrite (AS N),Total,,,,2.2,mg/l,True,0.1,,,LAC10-107-04-1J,GSB-WELL,Actual,GW,Water,,,"[]"
8666065,35300003,OK13,Dickinson,10230003,Well,Quaternary,43.37292376,-95.16404889,08/15/2012 09:00:00,OKOBWELL,PHOSP-PHOSP,"Total Phosphorus, mixed forms (AS P)",Total,,,,0.46,mg/l,True,0.02,,,LAC10-115-01-1D,GSB-WELL,Actual,GW,Water,,,"[]"
8666065,35300004,OK14,Dickinson,10230003,Well,Quaternary,43.35580242,-95.19263558,08/15/2012 09:15:00,OKOBWELL,NIT-NO3-NO2,Nitrate + Nitrite (AS N),Total,,,,17,mg/l,True,0.1,,,LAC10-107-04-1J,GSB-WELL,Actual,GW,Water,,,"[]"
8666065,35300004,OK14,Dickinson,10230003,Well,Quaternary,43.35580242,-95.19263558,08/15/2012 09:15:00,OKOBWELL,PHOSP-PHOSP,"Total Phosphorus, mixed forms (AS P)",Total,,,,0.07,mg/l,True,0.02,,,LAC10-115-01-1D,GSB-WELL,Actual,GW,Water,,,"[]"
8666065,35300005,OK15,Dickinson,10230003,Well,Quaternary,43.35725136,-95.17570809,08/15/2012 09:30:00,OKOBWELL,NIT-NO3-NO2,Nitrate + Nitrite (AS N),Total,,,,0.1,mg/l,False,0.1,,,LAC10-107-04-1J,GSB-WELL,Actual,GW,Water,,,"[]"
8666065,35300005,OK15,Dickinson,10230003,Well,Quaternary,43.35725136,-95.17570809,08/15/2012 09:30:00,OKOBWELL,PHOSP-PHOSP,"Total Phosphorus, mixed forms (AS P)",Total,,,,0.05,mg/l,True,0.02,,,LAC10-115-01-1D,GSB-WELL,Actual,GW,Water,,,"[]"
8666065,35300009,OK20,Dickinson,10230003,Well,Quaternary,43.34911643,-95.15692232,08/14/2012 13:45:00,OKOBWELL,NIT-NO3-NO2,Nitrate + Nitrite (AS N),Total,,,,0.99,mg/l,True,0.1,,,LAC10-107-04-1J,GSB-WELL,Actual,GW,Water,,,"[]"
8666065,35300009,OK20,Dickinson,10230003,Well,Quaternary,43.34911643,-95.15692232,08/14/2012 13:45:00,OKOBWELL,PHOSP-PHOSP,"Total Phosphorus, mixed forms (AS P)",Total,,,,0.1,mg/l,True,0.02,,,LAC10-115-01-1D,GSB-WELL,Actual,GW,Water,,,"[]"
8666065,35300010,OK21,Dickinson,10230003,Well,Quaternary,43.36532661,-95.13615831,08/14/2012 14:30:00,OKOBWELL,NIT-NO3-NO2,Nitrate + Nitrite (AS N),Total,,,,3.5,mg/l,True,0.1,,,LAC10-107-04-1J,GSB-WELL,Actual,GW,Water,,,"[]"
8666065,35300010,OK21,Dickinson,10230003,Well,Quaternary,43.36532661,-95.13615831,08/14/2012 14:30:00,OKOBWELL,PHOSP-PHOSP,"Total Phosphorus, mixed forms (AS P)",Total,,,,0.55,mg/l,True,0.05,,,LAC10-115-01-1C,GSB-WELL,Actual,GW,Water,,,"[]"
8666065,35300011,OK22,Dickinson,10230003,Well,Quaternary,43.38931402,-95.13902573,08/14/2012 14:45:00,OKOBWELL,NIT-NO3-NO2,Nitrate + Nitrite (AS N),Total,,,,0.79,mg/l,True,0.1,,,LAC10-107-04-1J,GSB-WELL,Actual,GW,Water,,,"[]"
8666065,35300011,OK22,Dickinson,10230003,Well,Quaternary,43.38931402,-95.13902573,08/14/2012 14:45:00,OKOBWELL,PHOSP-PHOSP,"Total Phosphorus, mixed forms (AS P)",Total,,,,0.06,mg/l,True,0.02,,,LAC10-115-01-1D,GSB-WELL,Actual,GW,Water,,,"[]"
8666065,35300012,OK24,Dickinson,10230003,Well,Quaternary,43.38569186,-95.18815755,08/15/2012 08:30:00,OKOBWELL,NIT-NO3-NO2,Nitrate + Nitrite (AS N),Total,,,,7.8,mg/l,True,0.1,,,LAC10-107-04-1J,GSB-WELL,Actual,GW,Water,,,"[]"
8666065,35300012,OK24,Dickinson,10230003,Well,Quaternary,43.38569186,-95.18815755,08/15/2012 08:30:00,OKOBWELL,PHOSP-PHOSP,"Total Phosphorus, mixed forms (AS P)",Total,,,,0.12,mg/l,True,0.02,,,LAC10-115-01-1D,GSB-WELL,Actual,GW,Water,,,"[]"
8666065,35300014,OK26,Dickinson,10230003,Well,Quaternary,43.35810582,-95.1471837,08/14/2012 19:10:00,OKOBWELL,NIT-NO3-NO2,Nitrate + Nitrite (AS N),Total,,,,7,mg/l,True,0.1,,,LAC10-107-04-1J,GSB-WELL,Actual,GW,Water,,,"[]"
8666065,35300014,OK26,Dickinson,10230003,Well,Quaternary,43.35810582,-95.1471837,08/14/2012 19:10:00,OKOBWELL,PHOSP-PHOSP,"Total Phosphorus, mixed forms (AS P)",Total,,,,0.07,mg/l,True,0.02,,,LAC10-115-01-1D,GSB-WELL,Actual,GW,Water,,,"[]"
8666065,35300008,OK2,Dickinson,10230003,Well,Quaternary,43.4162044,-95.12770701,11/07/2012 17:30:00,OKOBWELL,NIT-NO3-NO2,Nitrate + Nitrite (AS N),Total,,,,0.1,mg/l,False,0.1,,,LAC10-107-04-1J,GSB-WELL,Actual,GW,Water,,,"[]"
8666065,35300008,OK2,Dickinson,10230003,Well,Quaternary,43.4162044,-95.12770701,11/07/2012 17:30:00,OKOBWELL,PHOSP-PHOSP,"Total Phosphorus, mixed forms (AS P)",Total,,,,0.04,mg/l,True,0.02,,,LAC10-115-01-1D,GSB-WELL,Actual,GW,Water,,,"[]"
8666065,35300015,OK3,Dickinson,10230003,Well,Quaternary,43.41447077,-95.12796743,11/07/2012 17:50:00,OKOBWELL,NIT-NO3-NO2,Nitrate + Nitrite (AS N),Total,,,,0.54,mg/l,True,0.1,,,LAC10-107-04-1J,GSB-WELL,Actual,GW,Water,,,"[]"
8666065,35300015,OK3,Dickinson,10230003,Well,Quaternary,43.41447077,-95.12796743,11/07/2012 17:50:00,OKOBWELL,PHOSP-PHOSP,"Total Phosphorus, mixed forms (AS P)",Total,,,,0.1,mg/l,True,0.02,,,LAC10-115-01-1D,GSB-WELL,Actual,GW,Water,,,"[]"
8666065,35300016,OK4,Dickinson,10230003,Well,Quaternary,43.4150262,-95.14401934,11/08/2012 07:35:00,OKOBWELL,NIT-NO3-NO2,Nitrate + Nitrite (AS N),Total,,,,0.1,mg/l,False,0.1,,,LAC10-107-04-1J,GSB-WELL,Actual,GW,Water,,,"[]"
8666065,35300016,OK4,Dickinson,10230003,Well,Quaternary,43.4150262,-95.14401934,11/08/2012 07:35:00,OKOBWELL,PHOSP-PHOSP,"Total Phosphorus, mixed forms (AS P)",Total,,,,0.02,mg/l,True,0.02,,,LAC10-115-01-1D,GSB-WELL,Actual,GW,Water,,,"[]"
8666065,35300017,OK5,Dickinson,10230003,Well,Quaternary,43.40723139,-95.14819029,11/08/2012 07:10:00,OKOBWELL,NIT-NO3-NO2,Nitrate + Nitrite (AS N),Total,,,,0.1,mg/l,False,0.1,,,LAC10-107-04-1J,GSB-WELL,Actual,GW,Water,,,"[]"
8666065,35300017,OK5,Dickinson,10230003,Well,Quaternary,43.40723139,-95.14819029,11/08/2012 07:10:00,OKOBWELL,PHOSP-PHOSP,"Total Phosphorus, mixed forms (AS P)",Total,,,,0.05,mg/l,True,0.02,,,LAC10-115-01-1D,GSB-WELL,Actual,GW,Water,,,"[]"
8666065,35300018,OK7,Dickinson,10230003,Well,Quaternary,43.44382344,-95.13186341,11/08/2012 08:00:00,OKOBWELL,NIT-NO3-NO2,Nitrate + Nitrite (AS N),Total,,,,0.1,mg/l,False,0.1,,,LAC10-107-04-1J,GSB-WELL,Actual,GW,Water,,,"[]"
8666065,35300018,OK7,Dickinson,10230003,Well,Quaternary,43.44382344,-95.13186341,11/08/2012 08:00:00,OKOBWELL,PHOSP-PHOSP,"Total Phosphorus, mixed forms (AS P)",Total,,,,0.05,mg/l,True,0.02,,,LAC10-115-01-1D,GSB-WELL,Actual,GW,Water,,,"[]"
8666065,35300021,OK9A,Dickinson,10230003,Well,Quaternary,43.4275922,-95.17329772,11/08/2012 08:25:00,OKOBWELL,NIT-NO3-NO2,Nitrate + Nitrite (AS N),Total,,,,0.1,mg/l,False,0.1,,,LAC10-107-04-1J,GSB-WELL,Actual,GW,Water,,,"[]"
8666065,35300021,OK9A,Dickinson,10230003,Well,Quaternary,43.4275922,-95.17329772,11/08/2012 08:25:00,OKOBWELL,PHOSP-PHOSP,"Total Phosphorus, mixed forms (AS P)",Total,,,,0.03,mg/l,True,0.02,,,LAC10-115-01-1D,GSB-WELL,Actual,GW,Water,,,"[]"
8666065,35300001,OK10,Dickinson,10230003,Well,Quaternary,43.41125654,-95.19039968,11/08/2012 09:00:00,OKOBWELL,NIT-NO3-NO2,Nitrate + Nitrite (AS N),Total,,,,0.1,mg/l,False,0.1,,,LAC10-107-04-1J,GSB-WELL,Actual,GW,Water,,,"[]"
8666065,35300001,OK10,Dickinson,10230003,Well,Quaternary,43.41125654,-95.19039968,11/08/2012 09:00:00,OKOBWELL,PHOSP-PHOSP,"Total Phosphorus, mixed forms (AS P)",Total,,,,0.04,mg/l,True,0.02,,,LAC10-115-01-1D,GSB-WELL,Actual,GW,Water,,,"[]"
8666065,35300004,OK14,Dickinson,10230003,Well,Quaternary,43.35580242,-95.19263558,11/08/2012 09:50:00,OKOBWELL,NIT-NO3-NO2,Nitrate + Nitrite (AS N),Total,,,,9.3,mg/l,True,0.1,,,LAC10-107-04-1J,GSB-WELL,Actual,GW,Water,,,"[]"
8666065,35300004,OK14,Dickinson,10230003,Well,Quaternary,43.35580242,-95.19263558,11/08/2012 09:50:00,OKOBWELL,PHOSP-PHOSP,"Total Phosphorus, mixed forms (AS P)",Total,,,,0.07,mg/l,True,0.02,,,LAC10-115-01-1D,GSB-WELL,Actual,GW,Water,,,"[]"
8666065,35300005,OK15,Dickinson,10230003,Well,Quaternary,43.35725136,-95.17570809,11/08/2012 10:05:00,OKOBWELL,NIT-NO3-NO2,Nitrate + Nitrite (AS N),Total,,,,0.1,mg/l,False,0.1,,,LAC10-107-04-1J,GSB-WELL,Actual,GW,Water,,,"[]"
8666065,35300005,OK15,Dickinson,10230003,Well,Quaternary,43.35725136,-95.17570809,11/08/2012 10:05:00,OKOBWELL,PHOSP-PHOSP,"Total Phosphorus, mixed forms (AS P)",Total,,,,0.03,mg/l,True,0.02,,,LAC10-115-01-1D,GSB-WELL,Actual,GW,Water,,,"[]"
8666065,35300009,OK20,Dickinson,10230003,Well,Quaternary,43.34911643,-95.15692232,11/08/2012 15:30:00,OKOBWELL,NIT-NO3-NO2,Nitrate + Nitrite (AS N),Total,,,,0.27,mg/l,True,0.1,,,LAC10-107-04-1J,GSB-WELL,Actual,GW,Water,,,"[]"
8666065,35300009,OK20,Dickinson,10230003,Well,Quaternary,43.34911643,-95.15692232,11/08/2012 15:30:00,OKOBWELL,PHOSP-PHOSP,"Total Phosphorus, mixed forms (AS P)",Total,,,,0.06,mg/l,True,0.02,,,LAC10-115-01-1D,GSB-WELL,Actual,GW,Water,,,"[]"
8666065,35300010,OK21,Dickinson,10230003,Well,Quaternary,43.36532661,-95.13615831,11/08/2012 16:10:00,OKOBWELL,NIT-NO3-NO2,Nitrate + Nitrite (AS N),Total,,,,0.88,mg/l,True,0.1,,,LAC10-107-04-1J,GSB-WELL,Actual,GW,Water,,,"[]"
8666065,35300010,OK21,Dickinson,10230003,Well,Quaternary,43.36532661,-95.13615831,11/08/2012 16:10:00,OKOBWELL,PHOSP-PHOSP,"Total Phosphorus, mixed forms (AS P)",Total,,,,0.49,mg/l,True,0.02,,,LAC10-115-01-1D,GSB-WELL,Actual,GW,Water,,,"[]"
8666065,35300011,OK22,Dickinson,10230003,Well,Quaternary,43.38931402,-95.13902573,11/08/2012 16:25:00,OKOBWELL,NIT-NO3-NO2,Nitrate + Nitrite (AS N),Total,,,,0.33,mg/l,True,0.1,,,LAC10-107-04-1J,GSB-WELL,Actual,GW,Water,,,"[]"
8666065,35300011,OK22,Dickinson,10230003,Well,Quaternary,43.38931402,-95.13902573,11/08/2012 16:25:00,OKOBWELL,PHOSP-PHOSP,"Total Phosphorus, mixed forms (AS P)",Total,,,,0.04,mg/l,True,0.02,,,LAC10-115-01-1D,GSB-WELL,Actual,GW,Water,,,"[]"
8666065,35300014,OK26,Dickinson,10230003,Well,Quaternary,43.35810582,-95.1471837,11/08/2012 15:55:00,OKOBWELL,NIT-NO3-NO2,Nitrate + Nitrite (AS N),Total,,,,5,mg/l,True,0.1,,,LAC10-107-04-1J,GSB-WELL,Actual,GW,Water,,,"[]"
8666065,35300014,OK26,Dickinson,10230003,Well,Quaternary,43.35810582,-95.1471837,11/08/2012 15:55:00,OKOBWELL,PHOSP-PHOSP,"Total Phosphorus, mixed forms (AS P)",Total,,,,0.03,mg/l,True,0.02,,,LAC10-115-01-1D,GSB-WELL,Actual,GW,Water,,,"[]"
8666065,35300022,OK1,Dickinson,10230003,Well,Quaternary,43.368832,-95.130208,07/02/2013 08:35:00,OKOBWELL,NIT-NO3-NO2,Nitrate + Nitrite (AS N),Total,,,,0.1,mg/l,False,0.1,,,LAC10-107-04-1J,GSB-WELL,Actual,SW,Water,,,"[]"
8666065,35300022,OK1,Dickinson,10230003,Well,Quaternary,43.368832,-95.130208,07/02/2013 08:35:00,OKOBWELL,PHOSP-PHOSP,"Total Phosphorus, mixed forms (AS P)",Total,,,,0.04,mg/l,True,0.02,,,LAC10-115-01-1D,GSB-WELL,Actual,SW,Water,,,"[]"
8666065,35300008,OK2,Dickinson,10230003,Well,Quaternary,43.4162044,-95.12770701,07/02/2013 09:45:00,OKOBWELL,NIT-NO3-NO2,Nitrate + Nitrite (AS N),Total,,,,2.4,mg/l,True,0.1,,,LAC10-107-04-1J,GSB-WELL,Actual,SW,Water,,,"[]"
8666065,35300008,OK2,Dickinson,10230003,Well,Quaternary,43.4162044,-95.12770701,07/02/2013 09:45:00,OKOBWELL,PHOSP-PHOSP,"Total Phosphorus, mixed forms (AS P)",Total,,,,0.02,mg/l,True,0.02,,,LAC10-115-01-1D,GSB-WELL,Actual,SW,Water,,,"[]"
8666065,35300015,OK3,Dickinson,10230003,Well,Quaternary,43.41447077,-95.12796743,07/02/2013 10:00:00,OKOBWELL,NIT-NO3-NO2,Nitrate + Nitrite (AS N),Total,,,,0.1,mg/l,False,0.1,,,LAC10-107-04-1J,GSB-WELL,Actual,SW,Water,,,"[]"
8666065,35300015,OK3,Dickinson,10230003,Well,Quaternary,43.41447077,-95.12796743,07/02/2013 10:00:00,OKOBWELL,PHOSP-PHOSP,"Total Phosphorus, mixed forms (AS P)",Total,,,,0.1,mg/l,True,0.02,,,LAC10-115-01-1D,GSB-WELL,Actual,SW,Water,,,"[]"
8666065,35300016,OK4,Dickinson,10230003,Well,Quaternary,43.4150262,-95.14401934,07/02/2013 09:30:00,OKOBWELL,NIT-NO3-NO2,Nitrate + Nitrite (AS N),Total,,,,0.1,mg/l,False,0.1,,,LAC10-107-04-1J,GSB-WELL,Actual,SW,Water,,,"[]"
8666065,35300016,OK4,Dickinson,10230003,Well,Quaternary,43.4150262,-95.14401934,07/02/2013 09:30:00,OKOBWELL,PHOSP-PHOSP,"Total Phosphorus, mixed forms (AS P)",Total,,,,0.02,mg/l,False,0.02,,,LAC10-115-01-1D,GSB-WELL,Actual,SW,Water,,,"[]"
8666065,35300017,OK5,Dickinson,10230003,Well,Quaternary,43.40723139,-95.14819029,07/02/2013 09:22:00,OKOBWELL,NIT-NO3-NO2,Nitrate + Nitrite (AS N),Total,,,,0.1,mg/l,False,0.1,,,LAC10-107-04-1J,GSB-WELL,Actual,SW,Water,,,"[]"
8666065,35300017,OK5,Dickinson,10230003,Well,Quaternary,43.40723139,-95.14819029,07/02/2013 09:22:00,OKOBWELL,PHOSP-PHOSP,"Total Phosphorus, mixed forms (AS P)",Total,,,,0.04,mg/l,True,0.02,,,LAC10-115-01-1D,GSB-WELL,Actual,SW,Water,,,"[]"
8666065,35300018,OK7,Dickinson,10230003,Well,Quaternary,43.44382344,-95.13186341,07/02/2013 13:05:00,OKOBWELL,NIT-NO3-NO2,Nitrate + Nitrite (AS N),Total,,,,1.3,mg/l,True,0.1,,,LAC10-107-04-1J,GSB-WELL,Actual,SW,Water,,,"[]"
8666065,35300018,OK7,Dickinson,10230003,Well,Quaternary,43.44382344,-95.13186341,07/02/2013 13:05:00,OKOBWELL,PHOSP-PHOSP,"Total Phosphorus, mixed forms (AS P)",Total,,,,0.03,mg/l,True,0.02,,,LAC10-115-01-1D,GSB-WELL,Actual,SW,Water,,,"[]"
8666065,35300019,OK7A,Dickinson,10230003,Well,Quaternary,43.45541039,-95.1468429,07/02/2013 13:20:00,OKOBWELL,NIT-NO3-NO2,Nitrate + Nitrite (AS N),Total,,,,8.7,mg/l,True,0.1,,,LAC10-107-04-1J,GSB-WELL,Actual,SW,Water,,,"[]"
8666065,35300019,OK7A,Dickinson,10230003,Well,Quaternary,43.45541039,-95.1468429,07/02/2013 13:20:00,OKOBWELL,PHOSP-PHOSP,"Total Phosphorus, mixed forms (AS P)",Total,,,,0.02,mg/l,True,0.02,,,LAC10-115-01-1D,GSB-WELL,Actual,SW,Water,,,"[]"
8666065,35300021,OK9A,Dickinson,10230003,Well,Quaternary,43.4275922,-95.17329772,07/02/2013 12:00:00,OKOBWELL,NIT-NO3-NO2,Nitrate + Nitrite (AS N),Total,,,,1.8,mg/l,True,0.1,,,LAC10-107-04-1J,GSB-WELL,Actual,SW,Water,,,"[]"
8666065,35300021,OK9A,Dickinson,10230003,Well,Quaternary,43.4275922,-95.17329772,07/02/2013 12:00:00,OKOBWELL,PHOSP-PHOSP,"Total Phosphorus, mixed forms (AS P)",Total,,,,0.02,mg/l,True,0.02,,,LAC10-115-01-1D,GSB-WELL,Actual,SW,Water,,,"[]"
8666065,35300001,OK10,Dickinson,10230003,Well,Quaternary,43.41125654,-95.19039968,07/02/2013 11:40:00,OKOBWELL,NIT-NO3-NO2,Nitrate + Nitrite (AS N),Total,,,,3.7,mg/l,True,0.1,,,LAC10-107-04-1J,GSB-WELL,Actual,SW,Water,,,"[]"
8666065,35300001,OK10,Dickinson,10230003,Well,Quaternary,43.41125654,-95.19039968,07/02/2013 11:40:00,OKOBWELL,PHOSP-PHOSP,"Total Phosphorus, mixed forms (AS P)",Total,,,,0.04,mg/l,True,0.02,,,LAC10-115-01-1D,GSB-WELL,Actual,SW,Water,,,"[]"
8666065,35300005,OK15,Dickinson,10230003,Well,Quaternary,43.35725136,-95.17570809,07/02/2013 11:05:00,OKOBWELL,NIT-NO3-NO2,Nitrate + Nitrite (AS N),Total,,,,0.1,mg/l,False,0.1,,,LAC10-107-04-1J,GSB-WELL,Actual,SW,Water,,,"[]"
8666065,35300005,OK15,Dickinson,10230003,Well,Quaternary,43.35725136,-95.17570809,07/02/2013 11:05:00,OKOBWELL,PHOSP-PHOSP,"Total Phosphorus, mixed forms (AS P)",Total,,,,0.02,mg/l,True,0.02,,,LAC10-115-01-1D,GSB-WELL,Actual,SW,Water,,,"[]"
8666065,35300009,OK20,Dickinson,10230003,Well,Quaternary,43.34911643,-95.15692232,07/02/2013 08:00:00,OKOBWELL,NIT-NO3-NO2,Nitrate + Nitrite (AS N),Total,,,,0.23,mg/l,True,0.1,,,LAC10-107-04-1J,GSB-WELL,Actual,SW,Water,,,"[]"
8666065,35300009,OK20,Dickinson,10230003,Well,Quaternary,43.34911643,-95.15692232,07/02/2013 08:00:00,OKOBWELL,PHOSP-PHOSP,"Total Phosphorus, mixed forms (AS P)",Total,,,,0.1,mg/l,True,0.02,,,LAC10-115-01-1D,GSB-WELL,Actual,SW,Water,,,"[]"
8666065,35300010,OK21,Dickinson,10230003,Well,Quaternary,43.36532661,-95.13615831,07/02/2013 08:20:00,OKOBWELL,NIT-NO3-NO2,Nitrate + Nitrite (AS N),Total,,,,2.1,mg/l,True,0.1,,,LAC10-107-04-1J,GSB-WELL,Actual,SW,Water,,,"[]"
8666065,35300010,OK21,Dickinson,10230003,Well,Quaternary,43.36532661,-95.13615831,07/02/2013 08:20:00,OKOBWELL,PHOSP-PHOSP,"Total Phosphorus, mixed forms (AS P)",Total,,,,0.43,mg/l,True,0.02,,,LAC10-115-01-1D,GSB-WELL,Actual,SW,Water,,,"[]"
8666065,35300011,OK22,Dickinson,10230003,Well,Quaternary,43.38931402,-95.13902573,07/02/2013 08:55:00,OKOBWELL,NIT-NO3-NO2,Nitrate + Nitrite (AS N),Total,,,,0.4,mg/l,True,0.1,,,LAC10-107-04-1J,GSB-WELL,Actual,SW,Water,,,"[]"
8666065,35300011,OK22,Dickinson,10230003,Well,Quaternary,43.38931402,-95.13902573,07/02/2013 08:55:00,OKOBWELL,PHOSP-PHOSP,"Total Phosphorus, mixed forms (AS P)",Total,,,,0.02,mg/l,True,0.02,,,LAC10-115-01-1D,GSB-WELL,Actual,SW,Water,,,"[]"
8666065,35300012,OK24,Dickinson,10230003,Well,Quaternary,43.38569186,-95.18815755,07/02/2013 11:20:00,OKOBWELL,NIT-NO3-NO2,Nitrate + Nitrite (AS N),Total,,,,8.3,mg/l,True,0.1,,,LAC10-107-04-1J,GSB-WELL,Actual,SW,Water,,,"[]"
8666065,35300012,OK24,Dickinson,10230003,Well,Quaternary,43.38569186,-95.18815755,07/02/2013 11:20:00,OKOBWELL,PHOSP-PHOSP,"Total Phosphorus, mixed forms (AS P)",Total,,,,0.05,mg/l,True,0.02,,,LAC10-115-01-1D,GSB-WELL,Actual,SW,Water,,,"[]"
8666065,35300014,OK26,Dickinson,10230003,Well,Quaternary,43.35810582,-95.1471837,07/02/2013 08:15:00,OKOBWELL,NIT-NO3-NO2,Nitrate + Nitrite (AS N),Total,,,,6.8,mg/l,True,0.1,,,LAC10-107-04-1J,GSB-WELL,Actual,SW,Water,,,"[]"
8666065,35300014,OK26,Dickinson,10230003,Well,Quaternary,43.35810582,-95.1471837,07/02/2013 08:15:00,OKOBWELL,PHOSP-PHOSP,"Total Phosphorus, mixed forms (AS P)",Total,,,,0.03,mg/l,True,0.02,,,LAC10-115-01-1D,GSB-WELL,Actual,SW,Water,,,"[]"
8666065,35300022,OK1,Dickinson,10230003,Well,Quaternary,43.368832,-95.130208,08/28/2013 10:15:00,OKOBWELL,NIT-NO3-NO2,Nitrate + Nitrite (AS N),Total,,,,0.1,mg/l,False,0.1,,,LAC10-107-04-1J,GSB-WELL,Actual,SW,Water,,,"[]"
8666065,35300022,OK1,Dickinson,10230003,Well,Quaternary,43.368832,-95.130208,08/28/2013 10:15:00,OKOBWELL,PHOSP-PHOSP,"Total Phosphorus, mixed forms (AS P)",Total,,,,0.03,mg/l,True,0.02,,,LAC10-115-01-1D,GSB-WELL,Actual,SW,Water,,,"[]"
8666065,35300008,OK2,Dickinson,10230003,Well,Quaternary,43.4162044,-95.12770701,08/28/2013 11:50:00,OKOBWELL,NIT-NO3-NO2,Nitrate + Nitrite (AS N),Total,,,,2.5,mg/l,True,0.1,,,LAC10-107-04-1J,GSB-WELL,Actual,SW,Water,,,"[]"
8666065,35300008,OK2,Dickinson,10230003,Well,Quaternary,43.4162044,-95.12770701,08/28/2013 11:50:00,OKOBWELL,PHOSP-PHOSP,"Total Phosphorus, mixed forms (AS P)",Total,,,,0.03,mg/l,True,0.02,,,LAC10-115-01-1D,GSB-WELL,Actual,SW,Water,,,"[]"
8666065,35300015,OK3,Dickinson,10230003,Well,Quaternary,43.41447077,-95.12796743,08/28/2013 12:00:00,OKOBWELL,NIT-NO3-NO2,Nitrate + Nitrite (AS N),Total,,,,0.1,mg/l,False,0.1,,,LAC10-107-04-1J,GSB-WELL,Actual,SW,Water,,,"[]"
8666065,35300015,OK3,Dickinson,10230003,Well,Quaternary,43.41447077,-95.12796743,08/28/2013 12:00:00,OKOBWELL,PHOSP-PHOSP,"Total Phosphorus, mixed forms (AS P)",Total,,,,0.11,mg/l,True,0.02,,,LAC10-115-01-1D,GSB-WELL,Actual,SW,Water,,,"[]"
8666065,35300016,OK4,Dickinson,10230003,Well,Quaternary,43.4150262,-95.14401934,08/28/2013 10:00:00,OKOBWELL,NIT-NO3-NO2,Nitrate + Nitrite (AS N),Total,,,,0.1,mg/l,False,0.1,,,LAC10-107-04-1J,GSB-WELL,Actual,SW,Water,,,"[]"
8666065,35300016,OK4,Dickinson,10230003,Well,Quaternary,43.4150262,-95.14401934,08/28/2013 10:00:00,OKOBWELL,PHOSP-PHOSP,"Total Phosphorus, mixed forms (AS P)",Total,,,,0.02,mg/l,False,0.02,,,LAC10-115-01-1D,GSB-WELL,Actual,SW,Water,,,"[]"
8666065,35300017,OK5,Dickinson,10230003,Well,Quaternary,43.40723139,-95.14819029,08/28/2013 11:15:00,OKOBWELL,NIT-NO3-NO2,Nitrate + Nitrite (AS N),Total,,,,0.1,mg/l,False,0.1,,,LAC10-107-04-1J,GSB-WELL,Actual,SW,Water,,,"[]"
8666065,35300017,OK5,Dickinson,10230003,Well,Quaternary,43.40723139,-95.14819029,08/28/2013 11:15:00,OKOBWELL,PHOSP-PHOSP,"Total Phosphorus, mixed forms (AS P)",Total,,,,0.18,mg/l,True,0.02,,,LAC10-115-01-1D,GSB-WELL,Actual,SW,Water,,,"[]"
8666065,35300018,OK7,Dickinson,10230003,Well,Quaternary,43.44382344,-95.13186341,08/28/2013 12:15:00,OKOBWELL,NIT-NO3-NO2,Nitrate + Nitrite (AS N),Total,,,,0.65,mg/l,True,0.1,,,LAC10-107-04-1J,GSB-WELL,Actual,SW,Water,,,"[]"
8666065,35300018,OK7,Dickinson,10230003,Well,Quaternary,43.44382344,-95.13186341,08/28/2013 12:15:00,OKOBWELL,PHOSP-PHOSP,"Total Phosphorus, mixed forms (AS P)",Total,,,,0.03,mg/l,True,0.02,,,LAC10-115-01-1D,GSB-WELL,Actual,SW,Water,,,"[]"
8666065,35300019,OK7A,Dickinson,10230003,Well,Quaternary,43.45541039,-95.1468429,08/28/2013 12:30:00,OKOBWELL,NIT-NO3-NO2,Nitrate + Nitrite (AS N),Total,,,,8.4,mg/l,True,0.1,,,LAC10-107-04-1J,GSB-WELL,Actual,SW,Water,,,"[]"
8666065,35300019,OK7A,Dickinson,10230003,Well,Quaternary,43.45541039,-95.1468429,08/28/2013 12:30:00,OKOBWELL,PHOSP-PHOSP,"Total Phosphorus, mixed forms (AS P)",Total,,,,0.02,mg/l,True,0.02,,,LAC10-115-01-1D,GSB-WELL,Actual,SW,Water,,,"[]"
8666065,35300021,OK9A,Dickinson,10230003,Well,Quaternary,43.4275922,-95.17329772,08/28/2013 13:15:00,OKOBWELL,NIT-NO3-NO2,Nitrate + Nitrite (AS N),Total,,,,0.1,mg/l,False,0.1,,,LAC10-107-04-1J,GSB-WELL,Actual,SW,Water,,,"[]"
8666065,35300021,OK9A,Dickinson,10230003,Well,Quaternary,43.4275922,-95.17329772,08/28/2013 13:15:00,OKOBWELL,PHOSP-PHOSP,"Total Phosphorus, mixed forms (AS P)",Total,,,,0.02,mg/l,True,0.02,,,LAC10-115-01-1D,GSB-WELL,Actual,SW,Water,,,"[]"
8666065,35300001,OK10,Dickinson,10230003,Well,Quaternary,43.41125654,-95.19039968,08/28/2013 13:30:00,OKOBWELL,NIT-NO3-NO2,Nitrate + Nitrite (AS N),Total,,,,5.5,mg/l,True,0.1,,,LAC10-107-04-1J,GSB-WELL,Actual,SW,Water,,,"[]"
8666065,35300001,OK10,Dickinson,10230003,Well,Quaternary,43.41125654,-95.19039968,08/28/2013 13:30:00,OKOBWELL,PHOSP-PHOSP,"Total Phosphorus, mixed forms (AS P)",Total,,,,0.03,mg/l,True,0.02,,,LAC10-115-01-1D,GSB-WELL,Actual,SW,Water,,,"[]"
8666065,35300005,OK15,Dickinson,10230003,Well,Quaternary,43.35725136,-95.17570809,08/28/2013 09:15:00,OKOBWELL,NIT-NO3-NO2,Nitrate + Nitrite (AS N),Total,,,,0.1,mg/l,False,0.1,,,LAC10-107-04-1J,GSB-WELL,Actual,SW,Water,,,"[]"
8666065,35300005,OK15,Dickinson,10230003,Well,Quaternary,43.35725136,-95.17570809,08/28/2013 09:15:00,OKOBWELL,PHOSP-PHOSP,"Total Phosphorus, mixed forms (AS P)",Total,,,,0.04,mg/l,True,0.02,,,LAC10-115-01-1D,GSB-WELL,Actual,SW,Water,,,"[]"
8666065,35300009,OK20,Dickinson,10230003,Well,Quaternary,43.34911643,-95.15692232,08/28/2013 09:45:00,OKOBWELL,NIT-NO3-NO2,Nitrate + Nitrite (AS N),Total,,,,0.64,mg/l,True,0.1,,,LAC10-107-04-1J,GSB-WELL,Actual,SW,Water,,,"[]"
8666065,35300009,OK20,Dickinson,10230003,Well,Quaternary,43.34911643,-95.15692232,08/28/2013 09:45:00,OKOBWELL,PHOSP-PHOSP,"Total Phosphorus, mixed forms (AS P)",Total,,,,0.07,mg/l,True,0.02,,,LAC10-115-01-1D,GSB-WELL,Actual,SW,Water,,,"[]"
8666065,35300010,OK21,Dickinson,10230003,Well,Quaternary,43.36532661,-95.13615831,08/28/2013 10:05:00,OKOBWELL,NIT-NO3-NO2,Nitrate + Nitrite (AS N),Total,,,,2.3,mg/l,True,0.1,,,LAC10-107-04-1J,GSB-WELL,Actual,SW,Water,,,"[]"
8666065,35300010,OK21,Dickinson,10230003,Well,Quaternary,43.36532661,-95.13615831,08/28/2013 10:05:00,OKOBWELL,PHOSP-PHOSP,"Total Phosphorus, mixed forms (AS P)",Total,,,,0.44,mg/l,True,0.02,,,LAC10-115-01-1D,GSB-WELL,Actual,SW,Water,,,"[]"
8666065,35300011,OK22,Dickinson,10230003,Well,Quaternary,43.38931402,-95.13902573,08/28/2013 10:40:00,OKOBWELL,NIT-NO3-NO2,Nitrate + Nitrite (AS N),Total,,,,0.41,mg/l,True,0.1,,,LAC10-107-04-1J,GSB-WELL,Actual,SW,Water,,,"[]"
8666065,35300011,OK22,Dickinson,10230003,Well,Quaternary,43.38931402,-95.13902573,08/28/2013 10:40:00,OKOBWELL,PHOSP-PHOSP,"Total Phosphorus, mixed forms (AS P)",Total,,,,0.03,mg/l,True,0.02,,,LAC10-115-01-1D,GSB-WELL,Actual,SW,Water,,,"[]"
8666065,35300012,OK24,Dickinson,10230003,Well,Quaternary,43.38569186,-95.18815755,08/28/2013 11:45:00,OKOBWELL,NIT-NO3-NO2,Nitrate + Nitrite (AS N),Total,,,,5.3,mg/l,True,0.1,,,LAC10-107-04-1J,GSB-WELL,Actual,SW,Water,,,"[]"
8666065,35300012,OK24,Dickinson,10230003,Well,Quaternary,43.38569186,-95.18815755,08/28/2013 11:45:00,OKOBWELL,PHOSP-PHOSP,"Total Phosphorus, mixed forms (AS P)",Total,,,,0.08,mg/l,True,0.02,,,LAC10-115-01-1D,GSB-WELL,Actual,SW,Water,,,"[]"
8666065,35300014,OK26,Dickinson,10230003,Well,Quaternary,43.35810582,-95.1471837,08/28/2013 09:55:00,OKOBWELL,NIT-NO3-NO2,Nitrate + Nitrite (AS N),Total,,,,6.7,mg/l,True,0.1,,,LAC10-107-04-1J,GSB-WELL,Actual,SW,Water,,,"[]"
8666065,35300014,OK26,Dickinson,10230003,Well,Quaternary,43.35810582,-95.1471837,08/28/2013 09:55:00,OKOBWELL,PHOSP-PHOSP,"Total Phosphorus, mixed forms (AS P)",Total,,,,0.02,mg/l,True,0.02,,,LAC10-115-01-1D,GSB-WELL,Actual,SW,Water,,,"[]"
8666065,35300022,OK1,Dickinson,10230003,Well,Quaternary,43.368832,-95.130208,04/23/2013 15:50:00,OKOBWELL,NIT-NO3-NO2,Nitrate + Nitrite (AS N),Total,,,,0.64,mg/l,True,0.1,,,LAC10-107-04-1J,GSB-WELL,Actual,SW,Water,,,"[]"
8666065,35300022,OK1,Dickinson,10230003,Well,Quaternary,43.368832,-95.130208,04/23/2013 15:50:00,OKOBWELL,PHOSP-PHOSP,"Total Phosphorus, mixed forms (AS P)",Total,,,,0.08,mg/l,True,0.05,,,LAC10-115-01-1C,GSB-WELL,Actual,SW,Water,,,"[]"
8666065,35300008,OK2,Dickinson,10230003,Well,Quaternary,43.4162044,-95.12770701,04/23/2013 17:30:00,OKOBWELL,NIT-NO3-NO2,Nitrate + Nitrite (AS N),Total,,,,0.34,mg/l,True,0.1,,,LAC10-107-04-1J,GSB-WELL,Actual,SW,Water,,,"[]"
8666065,35300008,OK2,Dickinson,10230003,Well,Quaternary,43.4162044,-95.12770701,04/23/2013 17:30:00,OKOBWELL,PHOSP-PHOSP,"Total Phosphorus, mixed forms (AS P)",Total,,,,0.05,mg/l,True,0.05,,,LAC10-115-01-1C,GSB-WELL,Actual,SW,Water,,,"[]"
8666065,35300015,OK3,Dickinson,10230003,Well,Quaternary,43.41447077,-95.12796743,04/23/2013 17:45:00,OKOBWELL,NIT-NO3-NO2,Nitrate + Nitrite (AS N),Total,,,,0.5,mg/l,True,0.1,,,LAC10-107-04-1J,GSB-WELL,Actual,SW,Water,,,"[]"
8666065,35300015,OK3,Dickinson,10230003,Well,Quaternary,43.41447077,-95.12796743,04/23/2013 17:45:00,OKOBWELL,PHOSP-PHOSP,"Total Phosphorus, mixed forms (AS P)",Total,,,,0.14,mg/l,True,0.05,,,LAC10-115-01-1C,GSB-WELL,Actual,SW,Water,,,"[]"
8666065,35300016,OK4,Dickinson,10230003,Well,Quaternary,43.4150262,-95.14401934,04/23/2013 18:25:00,OKOBWELL,NIT-NO3-NO2,Nitrate + Nitrite (AS N),Total,,,,0.1,mg/l,False,0.1,,,LAC10-107-04-1J,GSB-WELL,Actual,SW,Water,,,"[]"
8666065,35300016,OK4,Dickinson,10230003,Well,Quaternary,43.4150262,-95.14401934,04/23/2013 18:25:00,OKOBWELL,PHOSP-PHOSP,"Total Phosphorus, mixed forms (AS P)",Total,,,,0.08,mg/l,True,0.05,,,LAC10-115-01-1C,GSB-WELL,Actual,SW,Water,,,"[]"
8666065,35300017,OK5,Dickinson,10230003,Well,Quaternary,43.40723139,-95.14819029,04/23/2013 18:05:00,OKOBWELL,NIT-NO3-NO2,Nitrate + Nitrite (AS N),Total,,,,0.1,mg/l,False,0.1,,,LAC10-107-04-1J,GSB-WELL,Actual,SW,Water,,,"[]"
8666065,35300017,OK5,Dickinson,10230003,Well,Quaternary,43.40723139,-95.14819029,04/23/2013 18:05:00,OKOBWELL,PHOSP-PHOSP,"Total Phosphorus, mixed forms (AS P)",Total,,,,0.08,mg/l,True,0.05,,,LAC10-115-01-1C,GSB-WELL,Actual,SW,Water,,,"[]"
8666065,35300018,OK7,Dickinson,10230003,Well,Quaternary,43.44382344,-95.13186341,04/24/2013 07:45:00,OKOBWELL,NIT-NO3-NO2,Nitrate + Nitrite (AS N),Total,,,,1,mg/l,True,0.1,,,LAC10-107-04-1J,GSB-WELL,Actual,SW,Water,,,"[]"
8666065,35300018,OK7,Dickinson,10230003,Well,Quaternary,43.44382344,-95.13186341,04/24/2013 07:45:00,OKOBWELL,PHOSP-PHOSP,"Total Phosphorus, mixed forms (AS P)",Total,,,,0.06,mg/l,True,0.05,,,LAC10-115-01-1C,GSB-WELL,Actual,SW,Water,,,"[]"
8666065,35300019,OK7A,Dickinson,10230003,Well,Quaternary,43.45541039,-95.1468429,04/24/2013 08:05:00,OKOBWELL,NIT-NO3-NO2,Nitrate + Nitrite (AS N),Total,,,,11,mg/l,True,0.1,,,LAC10-107-04-1J,GSB-WELL,Actual,SW,Water,,,"[]"
8666065,35300019,OK7A,Dickinson,10230003,Well,Quaternary,43.45541039,-95.1468429,04/24/2013 08:05:00,OKOBWELL,PHOSP-PHOSP,"Total Phosphorus, mixed forms (AS P)",Total,,,,0.07,mg/l,True,0.05,,,LAC10-115-01-1C,GSB-WELL,Actual,SW,Water,,,"[]"
8666065,35300021,OK9A,Dickinson,10230003,Well,Quaternary,43.4275922,-95.17329772,04/24/2013 08:45:00,OKOBWELL,NIT-NO3-NO2,Nitrate + Nitrite (AS N),Total,,,,0.1,mg/l,False,0.1,,,LAC10-107-04-1J,GSB-WELL,Actual,SW,Water,,,"[]"
8666065,35300021,OK9A,Dickinson,10230003,Well,Quaternary,43.4275922,-95.17329772,04/24/2013 08:45:00,OKOBWELL,PHOSP-PHOSP,"Total Phosphorus, mixed forms (AS P)",Total,,,,0.08,mg/l,True,0.05,,,LAC10-115-01-1C,GSB-WELL,Actual,SW,Water,,,"[]"
8666065,35300001,OK10,Dickinson,10230003,Well,Quaternary,43.41125654,-95.19039968,04/24/2013 09:15:00,OKOBWELL,NIT-NO3-NO2,Nitrate + Nitrite (AS N),Total,,,,0.21,mg/l,True,0.1,,,LAC10-107-04-1J,GSB-WELL,Actual,SW,Water,,,"[]"
8666065,35300001,OK10,Dickinson,10230003,Well,Quaternary,43.41125654,-95.19039968,04/24/2013 09:15:00,OKOBWELL,PHOSP-PHOSP,"Total Phosphorus, mixed forms (AS P)",Total,,,,0.06,mg/l,True,0.05,,,LAC10-115-01-1C,GSB-WELL,Actual,SW,Water,,,"[]"
8666065,35300005,OK15,Dickinson,10230003,Well,Quaternary,43.35725136,-95.17570809,04/24/2013 10:30:00,OKOBWELL,NIT-NO3-NO2,Nitrate + Nitrite (AS N),Total,,,,0.1,mg/l,False,0.1,,,LAC10-107-04-1J,GSB-WELL,Actual,SW,Water,,,"[]"
8666065,35300005,OK15,Dickinson,10230003,Well,Quaternary,43.35725136,-95.17570809,04/24/2013 10:30:00,OKOBWELL,PHOSP-PHOSP,"Total Phosphorus, mixed forms (AS P)",Total,,,,0.08,mg/l,True,0.05,,,LAC10-115-01-1C,GSB-WELL,Actual,SW,Water,,,"[]"
8666065,35300009,OK20,Dickinson,10230003,Well,Quaternary,43.34911643,-95.15692232,04/23/2013 14:45:00,OKOBWELL,NIT-NO3-NO2,Nitrate + Nitrite (AS N),Total,,,,6.7,mg/l,True,0.1,,,LAC10-107-04-1J,GSB-WELL,Actual,SW,Water,,,"[]"
8666065,35300009,OK20,Dickinson,10230003,Well,Quaternary,43.34911643,-95.15692232,04/23/2013 14:45:00,OKOBWELL,PHOSP-PHOSP,"Total Phosphorus, mixed forms (AS P)",Total,,,,0.12,mg/l,True,0.05,,,LAC10-115-01-1C,GSB-WELL,Actual,SW,Water,,,"[]"
8666065,35300010,OK21,Dickinson,10230003,Well,Quaternary,43.36532661,-95.13615831,04/23/2013 15:25:00,OKOBWELL,NIT-NO3-NO2,Nitrate + Nitrite (AS N),Total,,,,4,mg/l,True,0.1,,,LAC10-107-04-1J,GSB-WELL,Actual,SW,Water,,,"[]"
8666065,35300010,OK21,Dickinson,10230003,Well,Quaternary,43.36532661,-95.13615831,04/23/2013 15:25:00,OKOBWELL,PHOSP-PHOSP,"Total Phosphorus, mixed forms (AS P)",Total,,,,0.11,mg/l,True,0.05,,,LAC10-115-01-1C,GSB-WELL,Actual,SW,Water,,,"[]"
8666065,35300011,OK22,Dickinson,10230003,Well,Quaternary,43.38931402,-95.13902573,04/23/2013 16:30:00,OKOBWELL,NIT-NO3-NO2,Nitrate + Nitrite (AS N),Total,,,,0.19,mg/l,True,0.1,,,LAC10-107-04-1J,GSB-WELL,Actual,SW,Water,,,"[]"
8666065,35300011,OK22,Dickinson,10230003,Well,Quaternary,43.38931402,-95.13902573,04/23/2013 16:30:00,OKOBWELL,PHOSP-PHOSP,"Total Phosphorus, mixed forms (AS P)",Total,,,,0.06,mg/l,True,0.05,,,LAC10-115-01-1C,GSB-WELL,Actual,SW,Water,,,"[]"
8666065,35300012,OK24,Dickinson,10230003,Well,Quaternary,43.38569186,-95.18815755,04/24/2013 09:40:00,OKOBWELL,NIT-NO3-NO2,Nitrate + Nitrite (AS N),Total,,,,7.6,mg/l,True,0.1,,,LAC10-107-04-1J,GSB-WELL,Actual,SW,Water,,,"[]"
8666065,35300012,OK24,Dickinson,10230003,Well,Quaternary,43.38569186,-95.18815755,04/24/2013 09:40:00,OKOBWELL,PHOSP-PHOSP,"Total Phosphorus, mixed forms (AS P)",Total,,,,0.08,mg/l,True,0.05,,,LAC10-115-01-1C,GSB-WELL,Actual,SW,Water,,,"[]"
8666065,35300014,OK26,Dickinson,10230003,Well,Quaternary,43.35810582,-95.1471837,04/23/2013 15:10:00,OKOBWELL,NIT-NO3-NO2,Nitrate + Nitrite (AS N),Total,,,,7.2,mg/l,True,0.1,,,LAC10-107-04-1J,GSB-WELL,Actual,SW,Water,,,"[]"
8666065,35300014,OK26,Dickinson,10230003,Well,Quaternary,43.35810582,-95.1471837,04/23/2013 15:10:00,OKOBWELL,PHOSP-PHOSP,"Total Phosphorus, mixed forms (AS P)",Total,,,,0.07,mg/l,True,0.05,,,LAC10-115-01-1C,GSB-WELL,Actual,SW,Water,,,"[]"
