facilityID,siteID,name,county,huc8,type,aquifer,latitude,longitude,sampleDate,projectCode,cas_rn,analyte,fraction,relDepth,sampDepth,sampDepthUnit,result,unit,detect,detectLimit,quantFlag,quantLimit,method,colMethod,resultType,matrix,medium,qualFlag,remark,xParams
8666065,31010001,Fontanelle 5,Adair,10240009,Well,Alluvium,41.290567,-94.627809,08/14/2002 13:30:00,GWM,NIT-NO3-NO2,Nitrate + Nitrite (AS N),Total,,,,0.1,mg/l,False,0.1,,,353.2,USGSGWM,Actual,GW,Water,,,"[]"
8666065,31010001,Fontanelle 5,Adair,10240009,Well,Alluvium,41.290567,-94.627809,08/14/2002 13:30:00,GWM,NIT-AMM,Ammonia-nitrogen (AS N),Total,,,,0.26,mg/l,True,0.05,,,LAC10-107-06-1J,USGSGWM,Actual,GW,Water,,,"[]"
8666065,31010001,Fontanelle 5,Adair,10240009,Well,Alluvium,41.290567,-94.627809,08/14/2002 13:30:00,GWM,NIT-ORGN,Organic Nitrogen (AS N),Total,,,,0.28,mg/l,True,0.05,,,LAC10-107-06-2E,USGSGWM,Calculated,GW,Water,,,"[]"
8666065,31010001,Fontanelle 5,Adair,10240009,Well,Alluvium,41.290567,-94.627809,08/14/2002 13:30:00,GWM,14265-44-2,Orthophosphate (AS P),Dissolved,,,,0.05,mg/l,False,0.05,,,LAC10-115-01-1A,USGSGWM,Actual,GW,Water,,,"[]"
8666065,31010001,Fontanelle 5,Adair,10240009,Well,Alluvium,41.290567,-94.627809,08/14/2002 13:30:00,GWM,PHOSP-PHOSP,"Total Phosphorus, mixed forms (AS P)",Total,,,,0.58,mg/l,True,0.05,,,LAC10-115-01-1C,USGSGWM,Actual,GW,Water,,,"[]"
8666065,31010001,Fontanelle 5,Adair,10240009,Well,Alluvium,41.290567,-94.627809,08/14/2002 13:30:00,GWM,NIT-KJELD,Kjeldahl nitrogen (AS N),Total,,,,0.54,mg/l,True,0.05,,,PAI DK03,USGSGWM,Actual,GW,Water,,,"[]"
8666065,31010001,Fontanelle 5,Adair,10240009,Well,Alluvium,41.290567,-94.627809,08/18/2003 13:50:00,GWM,NIT-AMM,Ammonia-nitrogen (AS N),Total,,,,0.27,mg/l,True,0.05,,,350.1,USGSGWM,Actual,GW,Water,,,"[]"
8666065,31010001,Fontanelle 5,Adair,10240009,Well,Alluvium,41.290567,-94.627809,08/18/2003 13:50:00,GWM,NIT-NO3-NO2,Nitrate + Nitrite (AS N),Total,,,,0.1,mg/l,False,0.1,,,353.2,USGSGWM,Actual,GW,Water,,,"[]"
8666065,31010001,Fontanelle 5,Adair,10240009,Well,Alluvium,41.290567,-94.627809,08/18/2003 13:50:00,GWM,14265-44-2,Orthophosphate (AS P),Dissolved,,,,0.02,mg/l,False,0.02,,,365.1,USGSGWM,Actual,GW,Water,,,"[]"
8666065,31010001,Fontanelle 5,Adair,10240009,Well,Alluvium,41.290567,-94.627809,08/18/2003 13:50:00,GWM,PHOSP-PHOSP,"Total Phosphorus, mixed forms (AS P)",Total,,,,0.48,mg/l,True,0.02,,,365.4,USGSGWM,Actual,GW,Water,,,"[]"
8666065,31010001,Fontanelle 5,Adair,10240009,Well,Alluvium,41.290567,-94.627809,08/18/2003 13:50:00,GWM,NIT-ORGN,Organic Nitrogen (AS N),Total,,,,0.15,mg/l,True,0.05,,,LAC10-107-06-2E,USGSGWM,Calculated,GW,Water,,,"[]"
8666065,31010001,Fontanelle 5,Adair,10240009,Well,Alluvium,41.290567,-94.627809,08/18/2003 13:50:00,GWM,NIT-KJELD,Kjeldahl nitrogen (AS N),Total,,,,0.42,mg/l,True,0.05,,,PAI DK03,USGSGWM,Actual,GW,Water,,,"[]"
8666065,31010001,Fontanelle 5,Adair,10240009,Well,Alluvium,41.290567,-94.627809,07/19/2004 17:30:00,GWM,NIT-AMM,Ammonia-nitrogen (AS N),Total,,,,0.27,mg/l,True,0.05,,,350.1,USGSGWM,Actual,GW,Water,,,"[]"
8666065,31010001,Fontanelle 5,Adair,10240009,Well,Alluvium,41.290567,-94.627809,07/19/2004 17:30:00,GWM,NIT-NO3-NO2,Nitrate + Nitrite (AS N),Total,,,,0.05,mg/l,False,0.05,,,353.2,USGSGWM,Actual,GW,Water,,,"[]"
8666065,31010001,Fontanelle 5,Adair,10240009,Well,Alluvium,41.290567,-94.627809,07/19/2004 17:30:00,GWM,14265-44-2,Orthophosphate (AS P),Dissolved,,,,0.02,mg/l,False,0.02,,,365.1,USGSGWM,Actual,GW,Water,,,"[]"
8666065,31010001,Fontanelle 5,Adair,10240009,Well,Alluvium,41.290567,-94.627809,07/19/2004 17:30:00,GWM,PHOSP-PHOSP,"Total Phosphorus, mixed forms (AS P)",Total,,,,0.52,mg/l,True,0.05,,,365.4,USGSGWM,Actual,GW,Water,,,"[]"
8666065,31010001,Fontanelle 5,Adair,10240009,Well,Alluvium,41.290567,-94.627809,07/19/2004 17:30:00,GWM,NIT-ORGN,Organic Nitrogen,Total,,,,0.11,mg/l,True,0.05,,,LAC10-107-06-2E,USGSGWM,Calculated,GW,Water,,,"[]"
8666065,31010001,Fontanelle 5,Adair,10240009,Well,Alluvium,41.290567,-94.627809,07/08/2005 11:00:00,GWM,NIT-AMM,Ammonia-nitrogen (AS N),Total,,,,0.3,mg/l,True,0.05,,,350.1,USGSGWM,Actual,GW,Water,,,"[]"
8666065,31010001,Fontanelle 5,Adair,10240009,Well,Alluvium,41.290567,-94.627809,07/08/2005 11:00:00,GWM,NIT-KJELD,Kjeldahl nitrogen (AS N),Total,,,,0.3,mg/l,True,0.1,,,351.2,USGSGWM,Actual,GW,Water,,,"[]"
8666065,31010001,Fontanelle 5,Adair,10240009,Well,Alluvium,41.290567,-94.627809,07/08/2005 11:00:00,GWM,NIT-NO3-NO2,Nitrate + Nitrite (AS N),Total,,,,0.05,mg/l,False,0.05,,,353.2,USGSGWM,Actual,GW,Water,,,"[]"
8666065,31010001,Fontanelle 5,Adair,10240009,Well,Alluvium,41.290567,-94.627809,07/08/2005 11:00:00,GWM,14265-44-2,Orthophosphate (AS P),Dissolved,,,,0.02,mg/l,False,0.02,,,365.1,USGSGWM,Actual,GW,Water,,,"[]"
8666065,31010001,Fontanelle 5,Adair,10240009,Well,Alluvium,41.290567,-94.627809,07/08/2005 11:00:00,GWM,PHOSP-PHOSP,"Total Phosphorus, mixed forms (AS P)",Total,,,,0.59,mg/l,True,0.05,,,365.4,USGSGWM,Actual,GW,Water,,,"[]"
8666065,31010001,Fontanelle 5,Adair,10240009,Well,Alluvium,41.290567,-94.627809,07/08/2005 11:00:00,GWM,NIT-ORGN,Organic Nitrogen,Total,,,,0.1,mg/l,False,0.1,,,LAC10-107-06-2E,USGSGWM,Calculated,GW,Water,,,"[]"
8666065,31010001,Fontanelle 5,Adair,10240009,Well,Alluvium,41.290567,-94.627809,07/26/2006 13:30:00,GWM,NIT-AMM,Ammonia-nitrogen (AS N),Total,,,,0.34,mg/l,True,0.05,,,350.1,USGSGWM,Actual,GW,Water,,,"[]"
8666065,31010001,Fontanelle 5,Adair,10240009,Well,Alluvium,41.290567,-94.627809,07/26/2006 13:30:00,GWM,NIT-KJELD,Kjeldahl nitrogen (AS N),Total,,,,0.5,mg/l,True,0.1,,,351.2,USGSGWM,Actual,GW,Water,,,"[]"
8666065,31010001,Fontanelle 5,Adair,10240009,Well,Alluvium,41.290567,-94.627809,07/26/2006 13:30:00,GWM,NIT-NO3-NO2,Nitrate + Nitrite (AS N),Total,,,,0.05,mg/l,False,0.05,,,353.2,USGSGWM,Actual,GW,Water,,,"[]"
8666065,31010001,Fontanelle 5,Adair,10240009,Well,Alluvium,41.290567,-94.627809,07/26/2006 13:30:00,GWM,14265-44-2,Orthophosphate (AS P),Dissolved,,,,0.02,mg/l,False,0.02,,,365.1,USGSGWM,Actual,GW,Water,,,"[]"
8666065,31010001,Fontanelle 5,Adair,10240009,Well,Alluvium,41.290567,-94.627809,07/26/2006 13:30:00,GWM,PHOSP-PHOSP,"Total Phosphorus, mixed forms (AS P)",Total,,,,0.02,mg/l,False,0.02,,,365.4,USGSGWM,Actual,GW,Water,,,"[]"
8666065,31010001,Fontanelle 5,Adair,10240009,Well,Alluvium,41.290567,-94.627809,07/26/2006 13:30:00,GWM,NIT-ORGN,Organic Nitrogen,Total,,,,0.1,mg/l,True,0.1,,,LAC10-107-06-2E,USGSGWM,Calculated,GW,Water,,,"[]"
8666065,31010001,Fontanelle 5,Adair,10240009,Well,Alluvium,41.290567,-94.627809,08/22/2012 08:30:00,GWM,NIT-NO3-NO2,Nitrate + Nitrite (AS N),Total,,,,0.1,mg/l,False,0.1,,,LAC10-107-04-1J,GWMPWS,Actual,GW,Water,,,"[]"
8666065,31010001,Fontanelle 5,Adair,10240009,Well,Alluvium,41.290567,-94.627809,08/22/2012 08:30:00,GWM,NIT-AMM,Ammonia-nitrogen (AS N),Total,,,,0.56,mg/l,True,0.05,,,LAC10-107-06-1J,GWMPWS,Actual,GW,Water,,,"[]"
8666065,31010001,Fontanelle 5,Adair,10240009,Well,Alluvium,41.290567,-94.627809,08/22/2012 08:30:00,GWM,NIT-KJELD,Kjeldahl nitrogen (AS N),Total,,,,0.4,mg/l,True,0.1,,,LAC10-107-06-2E,GWMPWS,Actual,GW,Water,,,"[]"
8666065,31010001,Fontanelle 5,Adair,10240009,Well,Alluvium,41.290567,-94.627809,08/22/2012 08:30:00,GWM,14265-44-2,Orthophosphate (AS P),Dissolved,,,,0.02,mg/l,False,0.02,,,LAC10-115-01-1A,GWMPWS,Actual,GW,Water,,,"[]"
8666065,31010001,Fontanelle 5,Adair,10240009,Well,Alluvium,41.290567,-94.627809,08/22/2012 08:30:00,GWM,PHOSP-PHOSP,"Total Phosphorus, mixed forms (AS P)",Total,,,,0.61,mg/l,True,0.05,,,LAC10-115-01-1C,GWMPWS,Actual,GW,Water,,,"[]"
8666065,31010001,Fontanelle 5,Adair,10240009,Well,Alluvium,41.290567,-94.627809,11/08/2016 14:15:00,GWM,NIT-NO3-NO2,Nitrate + Nitrite (AS N),Total,,,,0.5,mg/l,False,0.5,,,LAC10-107-04-1J,GWM,Actual,GW,Water,,,"[]"
8666065,31010001,Fontanelle 5,Adair,10240009,Well,Alluvium,41.290567,-94.627809,11/08/2016 14:15:00,GWM,NIT-AMM,Ammonia-nitrogen (AS N),Total,,,,0.64,mg/l,True,0.05,,,LAC10-107-06-1J,GWM,Actual,GW,Water,,,"[]"
8666065,31010001,Fontanelle 5,Adair,10240009,Well,Alluvium,41.290567,-94.627809,10/06/2015 10:05:00,GWM,NIT-NO3-NO2,Nitrate + Nitrite (AS N),Total,,,,0.1,mg/l,False,0.1,,,LAC10-107-04-1J,GWM,Actual,GW,Water,,,"[]"
8666065,31010001,Fontanelle 5,Adair,10240009,Well,Alluvium,41.290567,-94.627809,10/06/2015 10:05:00,GWM,NIT-AMM,Ammonia-nitrogen (AS N),Total,,,,0.66,mg/l,True,0.05,,,LAC10-107-06-1J,GWM,Actual,GW,Water,,,"[]"
8666065,31010001,Fontanelle 5,Adair,10240009,Well,Alluvium,41.290567,-94.627809,10/06/2015 10:05:00,GWM,NIT-KJELD,Kjeldahl nitrogen (AS N),Total,,,,0.6,mg/l,True,0.1,,,LAC10-107-06-2E,GWM,Actual,GW,Water,,,"[]"
8666065,31010001,Fontanelle 5,Adair,10240009,Well,Alluvium,41.290567,-94.627809,10/06/2015 10:05:00,GWM,14265-44-2,Orthophosphate (AS P),Dissolved,,,,0.02,mg/l,False,0.02,,,LAC10-115-01-1A,GWM,Actual,GW,Water,,,"[]"
8666065,31010001,Fontanelle 5,Adair,10240009,Well,Alluvium,41.290567,-94.627809,10/06/2015 10:05:00,GWM,PHOSP-PHOSP,"Total Phosphorus, mixed forms (AS P)",Total,,,,0.68,mg/l,True,0.1,,,LAC10-115-01-1C,GWM,Actual,GW,Water,,,"[]"
8666065,31010001,Fontanelle 5,Adair,10240009,Well,Alluvium,41.290567,-94.627809,12/15/2014 10:30:00,GWM,NIT-NO3-NO2,Nitrate + Nitrite (AS N),Total,,,,0.1,mg/l,False,0.1,,,LAC10-107-04-1J,GWM,Actual,GW,Water,,,"[]"
8666065,31010001,Fontanelle 5,Adair,10240009,Well,Alluvium,41.290567,-94.627809,12/15/2014 10:30:00,GWM,NIT-AMM,Ammonia-nitrogen (AS N),Total,,,,0.64,mg/l,True,0.05,,,LAC10-107-06-1J,GWM,Actual,GW,Water,,,"[]"
8666065,31010001,Fontanelle 5,Adair,10240009,Well,Alluvium,41.290567,-94.627809,12/15/2014 10:30:00,GWM,NIT-KJELD,Kjeldahl nitrogen (AS N),Total,,,,0.9,mg/l,True,0.1,,,LAC10-107-06-2E,GWM,Actual,GW,Water,,,"[]"
8666065,31010001,Fontanelle 5,Adair,10240009,Well,Alluvium,41.290567,-94.627809,12/15/2014 10:30:00,GWM,14265-44-2,Orthophosphate (AS P),Dissolved,,,,0.02,mg/l,False,0.02,,,LAC10-115-01-1A,GWM,Actual,GW,Water,,,"[]"
8666065,31010001,Fontanelle 5,Adair,10240009,Well,Alluvium,41.290567,-94.627809,12/15/2014 10:30:00,GWM,PHOSP-PHOSP,"Total Phosphorus, mixed forms (AS P)",Total,,,,0.5,mg/l,True,0.05,,,LAC10-115-01-1C,GWM,Actual,GW,Water,,,"[]"
8666065,31010001,Fontanelle 5,Adair,10240009,Well,Alluvium,41.290567,-94.627809,12/11/2017 10:35:00,GWM,NIT-NO3-NO2,Nitrate + Nitrite (AS N),None,,,,0.1,mg/l,False,0.1,,,LAC10-107-06-1J,GWM,Actual,GW,Water,,,"[]"
8666065,31010001,Fontanelle 5,Adair,10240009,Well,Alluvium,41.290567,-94.627809,12/11/2017 10:35:00,GWM,NIT-AMM,Ammonia-nitrogen (AS N),None,,,,0.83,mg/l,True,0.05,,,LAC10-107-06-1J,GWM,Actual,GW,Water,,,"[]"
