facilityID,siteID,name,county,huc8,type,aquifer,latitude,longitude,sampleDate,projectCode,cas_rn,analyte,fraction,relDepth,sampDepth,sampDepthUnit,result,unit,detect,detectLimit,quantFlag,quantLimit,method,colMethod,resultType,matrix,medium,qualFlag,remark,xParams
8666065,31020001,Nodaway 4,Adams,10240010,Well,Alluvium,40.941907,-94.894888,08/07/2002 15:20:00,GWM,NIT-NO3-NO2,Nitrate + Nitrite (AS N),Total,,,,1.5,mg/l,True,0.1,,,353.2,USGSGWM,Actual,GW,Water,,,"[]"
8666065,31020001,Nodaway 4,Adams,10240010,Well,Alluvium,40.941907,-94.894888,08/07/2002 15:20:00,GWM,NIT-AMM,Ammonia-nitrogen (AS N),Total,,,,0.05,mg/l,True,0.05,,,LAC10-107-06-1J,USGSGWM,Actual,GW,Water,,,"[]"
8666065,31020001,Nodaway 4,Adams,10240010,Well,Alluvium,40.941907,-94.894888,08/07/2002 15:20:00,GWM,NIT-ORGN,Organic Nitrogen (AS N),Total,,,,0.12,mg/l,True,0.05,,,LAC10-107-06-2E,USGSGWM,Calculated,GW,Water,,,"[]"
8666065,31020001,Nodaway 4,Adams,10240010,Well,Alluvium,40.941907,-94.894888,08/07/2002 15:20:00,GWM,14265-44-2,Orthophosphate (AS P),Dissolved,,,,0.05,mg/l,False,0.05,,,LAC10-115-01-1A,USGSGWM,Actual,GW,Water,,,"[]"
8666065,31020001,Nodaway 4,Adams,10240010,Well,Alluvium,40.941907,-94.894888,08/07/2002 15:20:00,GWM,PHOSP-PHOSP,"Total Phosphorus, mixed forms (AS P)",Total,,,,0.07,mg/l,True,0.05,,,LAC10-115-01-1C,USGSGWM,Actual,GW,Water,,,"[]"
8666065,31020001,Nodaway 4,Adams,10240010,Well,Alluvium,40.941907,-94.894888,08/07/2002 15:20:00,GWM,NIT-KJELD,Kjeldahl nitrogen (AS N),Total,,,,0.17,mg/l,True,0.05,,,PAI DK03,USGSGWM,Actual,GW,Water,,,"[]"
8666065,31020001,Nodaway 4,Adams,10240010,Well,Alluvium,40.941907,-94.894888,07/18/2003 10:45:00,GWM,NIT-AMM,Ammonia-nitrogen (AS N),Total,,,,0.05,mg/l,False,0.05,,,350.1,USGSGWM,Actual,GW,Water,,,"[]"
8666065,31020001,Nodaway 4,Adams,10240010,Well,Alluvium,40.941907,-94.894888,07/18/2003 10:45:00,GWM,NIT-NO3-NO2,Nitrate + Nitrite (AS N),Total,,,,1.8,mg/l,True,0.1,,,353.2,USGSGWM,Actual,GW,Water,,,"[]"
8666065,31020001,Nodaway 4,Adams,10240010,Well,Alluvium,40.941907,-94.894888,07/18/2003 10:45:00,GWM,14265-44-2,Orthophosphate (AS P),Dissolved,,,,0.02,mg/l,False,0.02,,,365.1,USGSGWM,Actual,GW,Water,,,"[]"
8666065,31020001,Nodaway 4,Adams,10240010,Well,Alluvium,40.941907,-94.894888,07/18/2003 10:45:00,GWM,PHOSP-PHOSP,"Total Phosphorus, mixed forms (AS P)",Total,,,,0.05,mg/l,True,0.02,,,365.4,USGSGWM,Actual,GW,Water,,,"[]"
8666065,31020001,Nodaway 4,Adams,10240010,Well,Alluvium,40.941907,-94.894888,07/18/2003 10:45:00,GWM,NIT-ORGN,Organic Nitrogen (AS N),Total,,,,0.08,mg/l,True,0.05,,,LAC10-107-06-2E,USGSGWM,Calculated,GW,Water,,,"[]"
8666065,31020001,Nodaway 4,Adams,10240010,Well,Alluvium,40.941907,-94.894888,07/18/2003 10:45:00,GWM,NIT-KJELD,Kjeldahl nitrogen (AS N),Total,,,,0.08,mg/l,True,0.05,,,PAI DK03,USGSGWM,Actual,GW,Water,,,"[]"
8666065,31020001,Nodaway 4,Adams,10240010,Well,Alluvium,40.941907,-94.894888,07/15/2004 09:00:00,GWM,NIT-AMM,Ammonia-nitrogen (AS N),Total,,,,0.05,mg/l,False,0.05,,,350.1,USGSGWM,Actual,GW,Water,,,"[]"
8666065,31020001,Nodaway 4,Adams,10240010,Well,Alluvium,40.941907,-94.894888,07/15/2004 09:00:00,GWM,NIT-NO3-NO2,Nitrate + Nitrite (AS N),Total,,,,2.5,mg/l,True,0.05,,,353.2,USGSGWM,Actual,GW,Water,,,"[]"
8666065,31020001,Nodaway 4,Adams,10240010,Well,Alluvium,40.941907,-94.894888,07/15/2004 09:00:00,GWM,14265-44-2,Orthophosphate (AS P),Dissolved,,,,0.02,mg/l,False,0.02,,,365.1,USGSGWM,Actual,GW,Water,,,"[]"
8666065,31020001,Nodaway 4,Adams,10240010,Well,Alluvium,40.941907,-94.894888,07/15/2004 09:00:00,GWM,PHOSP-PHOSP,"Total Phosphorus, mixed forms (AS P)",Total,,,,0.05,mg/l,True,0.02,,,365.4,USGSGWM,Actual,GW,Water,,,"[]"
8666065,31020001,Nodaway 4,Adams,10240010,Well,Alluvium,40.941907,-94.894888,07/15/2004 09:00:00,GWM,NIT-ORGN,Organic Nitrogen,Total,,,,0.17,mg/l,True,0.05,,,LAC10-107-06-2E,USGSGWM,Calculated,GW,Water,,,"[]"
8666065,31020001,Nodaway 4,Adams,10240010,Well,Alluvium,40.941907,-94.894888,07/13/2005 12:25:00,GWM,NIT-AMM,Ammonia-nitrogen (AS N),Total,,,,0.05,mg/l,False,0.05,,,350.1,USGSGWM,Actual,GW,Water,,,"[]"
8666065,31020001,Nodaway 4,Adams,10240010,Well,Alluvium,40.941907,-94.894888,07/13/2005 12:25:00,GWM,NIT-KJELD,Kjeldahl nitrogen (AS N),Total,,,,0.13,mg/l,True,0.1,,,351.2,USGSGWM,Actual,GW,Water,,,"[]"
8666065,31020001,Nodaway 4,Adams,10240010,Well,Alluvium,40.941907,-94.894888,07/13/2005 12:25:00,GWM,NIT-NO3-NO2,Nitrate + Nitrite (AS N),Total,,,,2.6,mg/l,True,0.05,,,353.2,USGSGWM,Actual,GW,Water,,,"[]"
8666065,31020001,Nodaway 4,Adams,10240010,Well,Alluvium,40.941907,-94.894888,07/13/2005 12:25:00,GWM,14265-44-2,Orthophosphate (AS P),Dissolved,,,,0.02,mg/l,False,0.02,,,365.1,USGSGWM,Actual,GW,Water,,,"[]"
8666065,31020001,Nodaway 4,Adams,10240010,Well,Alluvium,40.941907,-94.894888,07/13/2005 12:25:00,GWM,PHOSP-PHOSP,"Total Phosphorus, mixed forms (AS P)",Total,,,,0.07,mg/l,True,0.02,,,365.4,USGSGWM,Actual,GW,Water,,,"[]"
8666065,31020001,Nodaway 4,Adams,10240010,Well,Alluvium,40.941907,-94.894888,07/13/2005 12:25:00,GWM,NIT-ORGN,Organic Nitrogen,Total,,,,0.1,mg/l,False,0.1,,,LAC10-107-06-2E,USGSGWM,Calculated,GW,Water,,,"[]"
8666065,31020001,Nodaway 4,Adams,10240010,Well,Alluvium,40.941907,-94.894888,07/24/2006 11:30:00,GWM,NIT-AMM,Ammonia-nitrogen (AS N),Total,,,,0.05,mg/l,False,0.05,,,350.1,USGSGWM,Actual,GW,Water,,,"[]"
8666065,31020001,Nodaway 4,Adams,10240010,Well,Alluvium,40.941907,-94.894888,07/24/2006 11:30:00,GWM,NIT-KJELD,Kjeldahl nitrogen (AS N),Total,,,,0.2,mg/l,True,0.1,,,351.2,USGSGWM,Actual,GW,Water,,,"[]"
8666065,31020001,Nodaway 4,Adams,10240010,Well,Alluvium,40.941907,-94.894888,07/24/2006 11:30:00,GWM,NIT-NO3-NO2,Nitrate + Nitrite (AS N),Total,,,,1.9,mg/l,True,0.05,,,353.2,USGSGWM,Actual,GW,Water,,,"[]"
8666065,31020001,Nodaway 4,Adams,10240010,Well,Alluvium,40.941907,-94.894888,07/24/2006 11:30:00,GWM,14265-44-2,Orthophosphate (AS P),Dissolved,,,,0.02,mg/l,False,0.02,,,365.1,USGSGWM,Actual,GW,Water,,,"[]"
8666065,31020001,Nodaway 4,Adams,10240010,Well,Alluvium,40.941907,-94.894888,07/24/2006 11:30:00,GWM,PHOSP-PHOSP,"Total Phosphorus, mixed forms (AS P)",Total,,,,0.07,mg/l,True,0.02,,,365.4,USGSGWM,Actual,GW,Water,,,"[]"
8666065,31020001,Nodaway 4,Adams,10240010,Well,Alluvium,40.941907,-94.894888,07/24/2006 11:30:00,GWM,NIT-ORGN,Organic Nitrogen,Total,,,,0.2,mg/l,True,0.1,,,LAC10-107-06-2E,USGSGWM,Calculated,GW,Water,,,"[]"
