facilityID,siteID,name,county,huc8,type,aquifer,latitude,longitude,sampleDate,projectCode,cas_rn,analyte,fraction,relDepth,sampDepth,sampDepthUnit,result,unit,detect,detectLimit,quantFlag,quantLimit,method,colMethod,resultType,matrix,medium,qualFlag,remark,xParams
8666065,31030003,Waukon 2,Allamakee,07060001,Well,Cambrian-Ordovician,43.277081,-91.47532,08/07/2002 10:30:00,GWM,NIT-NO3-NO2,Nitrate + Nitrite (AS N),Total,,,,2.4,mg/l,True,0.1,,,353.2,USGSGWM,Actual,GW,Water,,,"[]"
8666065,31030003,Waukon 2,Allamakee,07060001,Well,Cambrian-Ordovician,43.277081,-91.47532,08/07/2002 10:30:00,GWM,NIT-AMM,Ammonia-nitrogen (AS N),Total,,,,0.05,mg/l,False,0.05,,,LAC10-107-06-1J,USGSGWM,Actual,GW,Water,,,"[]"
8666065,31030003,Waukon 2,Allamakee,07060001,Well,Cambrian-Ordovician,43.277081,-91.47532,08/07/2002 10:30:00,GWM,NIT-ORGN,Organic Nitrogen (AS N),Total,,,,0.05,mg/l,False,0.05,,,LAC10-107-06-2E,USGSGWM,Calculated,GW,Water,,,"[]"
8666065,31030003,Waukon 2,Allamakee,07060001,Well,Cambrian-Ordovician,43.277081,-91.47532,08/07/2002 10:30:00,GWM,14265-44-2,Orthophosphate (AS P),Dissolved,,,,0.05,mg/l,False,0.05,,,LAC10-115-01-1A,USGSGWM,Actual,GW,Water,,,"[]"
8666065,31030003,Waukon 2,Allamakee,07060001,Well,Cambrian-Ordovician,43.277081,-91.47532,08/07/2002 10:30:00,GWM,PHOSP-PHOSP,"Total Phosphorus, mixed forms (AS P)",Total,,,,0.07,mg/l,True,0.05,,,LAC10-115-01-1C,USGSGWM,Actual,GW,Water,,,"[]"
8666065,31030003,Waukon 2,Allamakee,07060001,Well,Cambrian-Ordovician,43.277081,-91.47532,08/07/2002 10:30:00,GWM,NIT-KJELD,Kjeldahl nitrogen (AS N),Total,,,,0.05,mg/l,False,0.05,,,PAI DK03,USGSGWM,Actual,GW,Water,,,"[]"
8666065,31030003,Waukon 2,Allamakee,07060001,Well,Cambrian-Ordovician,43.277081,-91.47532,08/25/2003 15:20:00,GWM,NIT-AMM,Ammonia-nitrogen (AS N),Total,,,,0.05,mg/l,False,0.05,,,350.1,USGSGWM,Actual,GW,Water,,,"[]"
8666065,31030003,Waukon 2,Allamakee,07060001,Well,Cambrian-Ordovician,43.277081,-91.47532,08/25/2003 15:20:00,GWM,NIT-NO3-NO2,Nitrate + Nitrite (AS N),Total,,,,1.9,mg/l,True,0.1,,,353.2,USGSGWM,Actual,GW,Water,,,"[]"
8666065,31030003,Waukon 2,Allamakee,07060001,Well,Cambrian-Ordovician,43.277081,-91.47532,08/25/2003 15:20:00,GWM,14265-44-2,Orthophosphate (AS P),Dissolved,,,,0.03,mg/l,True,0.02,,,365.1,USGSGWM,Actual,GW,Water,,,"[]"
8666065,31030003,Waukon 2,Allamakee,07060001,Well,Cambrian-Ordovician,43.277081,-91.47532,08/25/2003 15:20:00,GWM,PHOSP-PHOSP,"Total Phosphorus, mixed forms (AS P)",Total,,,,0.02,mg/l,False,0.02,,,365.4,USGSGWM,Actual,GW,Water,,,"[]"
8666065,31030003,Waukon 2,Allamakee,07060001,Well,Cambrian-Ordovician,43.277081,-91.47532,08/25/2003 15:20:00,GWM,NIT-ORGN,Organic Nitrogen (AS N),Total,,,,0.05,mg/l,False,0.05,,,LAC10-107-06-2E,USGSGWM,Calculated,GW,Water,,,"[]"
8666065,31030003,Waukon 2,Allamakee,07060001,Well,Cambrian-Ordovician,43.277081,-91.47532,08/25/2003 15:20:00,GWM,NIT-KJELD,Kjeldahl nitrogen (AS N),Total,,,,0.05,mg/l,False,0.05,,,PAI DK03,USGSGWM,Actual,GW,Water,,,"[]"
8666065,31030001,Waukon 4,Allamakee,07060001,Well,Cambrian-Ordovician,43.276809,-91.474889,07/13/2004 09:40:00,GWM,NIT-AMM,Ammonia-nitrogen (AS N),Total,,,,0.05,mg/l,False,0.05,,,350.1,USGSGWM,Actual,GW,Water,,,"[]"
8666065,31030001,Waukon 4,Allamakee,07060001,Well,Cambrian-Ordovician,43.276809,-91.474889,07/13/2004 09:40:00,GWM,NIT-NO3-NO2,Nitrate + Nitrite (AS N),Total,,,,2.6,mg/l,True,0.05,,,353.2,USGSGWM,Actual,GW,Water,,,"[]"
8666065,31030001,Waukon 4,Allamakee,07060001,Well,Cambrian-Ordovician,43.276809,-91.474889,07/13/2004 09:40:00,GWM,14265-44-2,Orthophosphate (AS P),Dissolved,,,,0.02,mg/l,False,0.02,,,365.1,USGSGWM,Actual,GW,Water,,,"[]"
8666065,31030001,Waukon 4,Allamakee,07060001,Well,Cambrian-Ordovician,43.276809,-91.474889,07/13/2004 09:40:00,GWM,PHOSP-PHOSP,"Total Phosphorus, mixed forms (AS P)",Total,,,,0.02,mg/l,False,0.02,,,365.4,USGSGWM,Actual,GW,Water,,,"[]"
8666065,31030001,Waukon 4,Allamakee,07060001,Well,Cambrian-Ordovician,43.276809,-91.474889,07/13/2004 09:40:00,GWM,NIT-ORGN,Organic Nitrogen,Total,,,,0.05,mg/l,False,0.05,,,LAC10-107-06-2E,USGSGWM,Calculated,GW,Water,,,"[]"
8666065,31030003,Waukon 2,Allamakee,07060001,Well,Cambrian-Ordovician,43.277081,-91.47532,08/02/2005 12:05:00,GWM,NIT-AMM,Ammonia-nitrogen (AS N),Total,,,,0.05,mg/l,False,0.05,,,350.1,USGSGWM,Actual,GW,Water,,,"[]"
8666065,31030003,Waukon 2,Allamakee,07060001,Well,Cambrian-Ordovician,43.277081,-91.47532,08/02/2005 12:05:00,GWM,NIT-KJELD,Kjeldahl nitrogen (AS N),Total,,,,0.1,mg/l,False,0.1,,,351.2,USGSGWM,Actual,GW,Water,,,"[]"
8666065,31030003,Waukon 2,Allamakee,07060001,Well,Cambrian-Ordovician,43.277081,-91.47532,08/02/2005 12:05:00,GWM,NIT-NO3-NO2,Nitrate + Nitrite (AS N),Total,,,,3,mg/l,True,0.05,,,353.2,USGSGWM,Actual,GW,Water,,,"[]"
8666065,31030003,Waukon 2,Allamakee,07060001,Well,Cambrian-Ordovician,43.277081,-91.47532,08/02/2005 12:05:00,GWM,14265-44-2,Orthophosphate (AS P),Dissolved,,,,0.02,mg/l,True,0.02,,,365.1,USGSGWM,Actual,GW,Water,,,"[]"
8666065,31030003,Waukon 2,Allamakee,07060001,Well,Cambrian-Ordovician,43.277081,-91.47532,08/02/2005 12:05:00,GWM,PHOSP-PHOSP,"Total Phosphorus, mixed forms (AS P)",Total,,,,0.04,mg/l,True,0.02,,,365.4,USGSGWM,Actual,GW,Water,,,"[]"
8666065,31030003,Waukon 2,Allamakee,07060001,Well,Cambrian-Ordovician,43.277081,-91.47532,08/02/2005 12:05:00,GWM,NIT-ORGN,Organic Nitrogen,Total,,,,0.1,mg/l,False,0.1,,,LAC10-107-06-2E,USGSGWM,Calculated,GW,Water,,,"[]"
8666065,31030002,Lansing 4,Allamakee,07060001,Well,Cambrian,43.367289,-91.22632,08/11/2005 09:15:00,GWM,NIT-AMM,Ammonia-nitrogen (AS N),Total,,,,0.1,mg/l,True,0.05,,,350.1,USGSGWM,Actual,GW,Water,,,"[]"
8666065,31030002,Lansing 4,Allamakee,07060001,Well,Cambrian,43.367289,-91.22632,08/11/2005 09:15:00,GWM,NIT-KJELD,Kjeldahl nitrogen (AS N),Total,,,,0.1,mg/l,False,0.1,,,351.2,USGSGWM,Actual,GW,Water,,,"[]"
8666065,31030002,Lansing 4,Allamakee,07060001,Well,Cambrian,43.367289,-91.22632,08/11/2005 09:15:00,GWM,NIT-NO3-NO2,Nitrate + Nitrite (AS N),Total,,,,0.05,mg/l,False,0.05,,,353.2,USGSGWM,Actual,GW,Water,,,"[]"
8666065,31030002,Lansing 4,Allamakee,07060001,Well,Cambrian,43.367289,-91.22632,08/11/2005 09:15:00,GWM,14265-44-2,Orthophosphate (AS P),Dissolved,,,,0.02,mg/l,False,0.02,,,365.1,USGSGWM,Actual,GW,Water,,,"[]"
8666065,31030002,Lansing 4,Allamakee,07060001,Well,Cambrian,43.367289,-91.22632,08/11/2005 09:15:00,GWM,PHOSP-PHOSP,"Total Phosphorus, mixed forms (AS P)",Total,,,,0.03,mg/l,True,0.02,,,365.4,USGSGWM,Actual,GW,Water,,,"[]"
8666065,31030002,Lansing 4,Allamakee,07060001,Well,Cambrian,43.367289,-91.22632,08/11/2005 09:15:00,GWM,NIT-ORGN,Organic Nitrogen,Total,,,,0.1,mg/l,False,0.1,,,LAC10-107-06-2E,USGSGWM,Calculated,GW,Water,,,"[]"
8666065,31030003,Waukon 2,Allamakee,07060001,Well,Cambrian-Ordovician,43.277081,-91.47532,06/14/2006 11:15:00,GWM,NIT-AMM,Ammonia-nitrogen (AS N),Total,,,,0.05,mg/l,False,0.05,,,350.1,USGSGWM,Actual,GW,Water,,,"[]"
8666065,31030003,Waukon 2,Allamakee,07060001,Well,Cambrian-Ordovician,43.277081,-91.47532,06/14/2006 11:15:00,GWM,NIT-KJELD,Kjeldahl nitrogen (AS N),Total,,,,0.1,mg/l,False,0.1,,,351.2,USGSGWM,Actual,GW,Water,,,"[]"
8666065,31030003,Waukon 2,Allamakee,07060001,Well,Cambrian-Ordovician,43.277081,-91.47532,06/14/2006 11:15:00,GWM,NIT-NO3-NO2,Nitrate + Nitrite (AS N),Total,,,,2.1,mg/l,True,0.05,,,353.2,USGSGWM,Actual,GW,Water,,,"[]"
8666065,31030003,Waukon 2,Allamakee,07060001,Well,Cambrian-Ordovician,43.277081,-91.47532,06/14/2006 11:15:00,GWM,14265-44-2,Orthophosphate (AS P),Dissolved,,,,0.02,mg/l,False,0.02,,,365.1,USGSGWM,Actual,GW,Water,,,"[]"
8666065,31030003,Waukon 2,Allamakee,07060001,Well,Cambrian-Ordovician,43.277081,-91.47532,06/14/2006 11:15:00,GWM,PHOSP-PHOSP,"Total Phosphorus, mixed forms (AS P)",Total,,,,0.05,mg/l,True,0.02,,,365.4,USGSGWM,Actual,GW,Water,,,"[]"
8666065,31030003,Waukon 2,Allamakee,07060001,Well,Cambrian-Ordovician,43.277081,-91.47532,06/14/2006 11:15:00,GWM,NIT-ORGN,Organic Nitrogen,Total,,,,0.1,mg/l,False,0.1,,,LAC10-107-06-2E,USGSGWM,Calculated,GW,Water,,,"[]"
8666065,31030003,Waukon 2,Allamakee,07060001,Well,Cambrian-Ordovician,43.277081,-91.47532,09/18/2012 10:28:00,GWM,NIT-NO3-NO2,Nitrate + Nitrite (AS N),Total,,,,3,mg/l,True,0.1,,,LAC10-107-04-1J,GWMPWS,Actual,GW,Water,,,"[]"
8666065,31030003,Waukon 2,Allamakee,07060001,Well,Cambrian-Ordovician,43.277081,-91.47532,09/18/2012 10:28:00,GWM,NIT-AMM,Ammonia-nitrogen (AS N),Total,,,,0.05,mg/l,False,0.05,,,LAC10-107-06-1J,GWMPWS,Actual,GW,Water,,,"[]"
8666065,31030003,Waukon 2,Allamakee,07060001,Well,Cambrian-Ordovician,43.277081,-91.47532,09/18/2012 10:28:00,GWM,NIT-KJELD,Kjeldahl nitrogen (AS N),Total,,,,0.1,mg/l,False,0.1,,,LAC10-107-06-2E,GWMPWS,Actual,GW,Water,,,"[]"
8666065,31030003,Waukon 2,Allamakee,07060001,Well,Cambrian-Ordovician,43.277081,-91.47532,09/18/2012 10:28:00,GWM,14265-44-2,Orthophosphate (AS P),Dissolved,,,,0.03,mg/l,True,0.02,,,LAC10-115-01-1A,GWMPWS,Actual,GW,Water,,,"[]"
8666065,31030003,Waukon 2,Allamakee,07060001,Well,Cambrian-Ordovician,43.277081,-91.47532,09/18/2012 10:28:00,GWM,PHOSP-PHOSP,"Total Phosphorus, mixed forms (AS P)",Total,,,,0.04,mg/l,True,0.02,,,LAC10-115-01-1D,GWMPWS,Actual,GW,Water,,,"[]"
8666065,31030002,Lansing 4,Allamakee,07060001,Well,Cambrian,43.367289,-91.22632,10/25/2016 12:10:00,GWM,NIT-NO3-NO2,Nitrate + Nitrite (AS N),Total,,,,0.1,mg/l,False,0.1,,,LAC10-107-04-1J,GWM,Actual,GW,Water,,,"[]"
8666065,31030002,Lansing 4,Allamakee,07060001,Well,Cambrian,43.367289,-91.22632,10/25/2016 12:10:00,GWM,NIT-AMM,Ammonia-nitrogen (AS N),Total,,,,0.11,mg/l,True,0.05,,,LAC10-107-06-1J,GWM,Actual,GW,Water,,,"[]"
8666065,31030003,Waukon 2,Allamakee,07060001,Well,Cambrian-Ordovician,43.277081,-91.47532,10/25/2016 09:40:00,GWM,NIT-NO3-NO2,Nitrate + Nitrite (AS N),Total,,,,2.4,mg/l,True,0.1,,,LAC10-107-04-1J,GWM,Actual,GW,Water,,,"[]"
8666065,31030003,Waukon 2,Allamakee,07060001,Well,Cambrian-Ordovician,43.277081,-91.47532,10/25/2016 09:40:00,GWM,NIT-AMM,Ammonia-nitrogen (AS N),Total,,,,0.05,mg/l,False,0.05,,,LAC10-107-06-1J,GWM,Actual,GW,Water,,,"[]"
8666065,31030003,Waukon 2,Allamakee,07060001,Well,Cambrian-Ordovician,43.277081,-91.47532,10/06/2015 11:14:00,GWM,NIT-NO3-NO2,Nitrate + Nitrite (AS N),Total,,,,2.6,mg/l,True,0.1,,,LAC10-107-04-1J,GWM,Actual,GW,Water,,,"[]"
8666065,31030003,Waukon 2,Allamakee,07060001,Well,Cambrian-Ordovician,43.277081,-91.47532,10/06/2015 11:14:00,GWM,NIT-AMM,Ammonia-nitrogen (AS N),Total,,,,0.05,mg/l,False,0.05,,,LAC10-107-06-1J,GWM,Actual,GW,Water,,,"[]"
8666065,31030003,Waukon 2,Allamakee,07060001,Well,Cambrian-Ordovician,43.277081,-91.47532,10/06/2015 11:14:00,GWM,NIT-KJELD,Kjeldahl nitrogen (AS N),Total,,,,0.1,mg/l,True,0.1,,,LAC10-107-06-2E,GWM,Actual,GW,Water,,,"[]"
8666065,31030003,Waukon 2,Allamakee,07060001,Well,Cambrian-Ordovician,43.277081,-91.47532,10/06/2015 11:14:00,GWM,14265-44-2,Orthophosphate (AS P),Dissolved,,,,0.02,mg/l,True,0.02,,,LAC10-115-01-1A,GWM,Actual,GW,Water,,,"[]"
8666065,31030003,Waukon 2,Allamakee,07060001,Well,Cambrian-Ordovician,43.277081,-91.47532,10/06/2015 11:14:00,GWM,PHOSP-PHOSP,"Total Phosphorus, mixed forms (AS P)",Total,,,,0.06,mg/l,True,0.02,,,LAC10-115-01-1D,GWM,Actual,GW,Water,,,"[]"
8666065,31030002,Lansing 4,Allamakee,07060001,Well,Cambrian,43.367289,-91.22632,11/17/2015 11:30:00,GWM,NIT-NO3-NO2,Nitrate + Nitrite (AS N),Total,,,,0.1,mg/l,False,0.1,,,LAC10-107-04-1J,GWM,Actual,GW,Water,,,"[]"
8666065,31030002,Lansing 4,Allamakee,07060001,Well,Cambrian,43.367289,-91.22632,11/17/2015 11:30:00,GWM,NIT-AMM,Ammonia-nitrogen (AS N),Total,,,,0.09,mg/l,True,0.05,,,LAC10-107-06-1J,GWM,Actual,GW,Water,,,"[]"
8666065,31030002,Lansing 4,Allamakee,07060001,Well,Cambrian,43.367289,-91.22632,11/17/2015 11:30:00,GWM,NIT-KJELD,Kjeldahl nitrogen (AS N),Total,,,,0.1,mg/l,False,0.1,,,LAC10-107-06-2E,GWM,Actual,GW,Water,,,"[]"
8666065,31030002,Lansing 4,Allamakee,07060001,Well,Cambrian,43.367289,-91.22632,11/17/2015 11:30:00,GWM,14265-44-2,Orthophosphate (AS P),Dissolved,,,,0.02,mg/l,False,0.02,,,LAC10-115-01-1A,GWM,Actual,GW,Water,,,"[]"
8666065,31030002,Lansing 4,Allamakee,07060001,Well,Cambrian,43.367289,-91.22632,11/17/2015 11:30:00,GWM,PHOSP-PHOSP,"Total Phosphorus, mixed forms (AS P)",Total,,,,0.05,mg/l,True,0.02,,,LAC10-115-01-1D,GWM,Actual,GW,Water,,,"[]"
8666065,31030003,Waukon 2,Allamakee,07060001,Well,Cambrian-Ordovician,43.277081,-91.47532,12/22/2014 09:57:00,GWM,NIT-NO3-NO2,Nitrate + Nitrite (AS N),Total,,,,2.7,mg/l,True,0.1,,,LAC10-107-04-1J,GWM,Actual,GW,Water,,,"[]"
8666065,31030003,Waukon 2,Allamakee,07060001,Well,Cambrian-Ordovician,43.277081,-91.47532,12/22/2014 09:57:00,GWM,NIT-AMM,Ammonia-nitrogen (AS N),Total,,,,0.05,mg/l,False,0.05,,,LAC10-107-06-1J,GWM,Actual,GW,Water,,,"[]"
8666065,31030003,Waukon 2,Allamakee,07060001,Well,Cambrian-Ordovician,43.277081,-91.47532,12/22/2014 09:57:00,GWM,NIT-KJELD,Kjeldahl nitrogen (AS N),Total,,,,0.1,mg/l,False,0.1,,,LAC10-107-06-2E,GWM,Actual,GW,Water,,,"[]"
8666065,31030003,Waukon 2,Allamakee,07060001,Well,Cambrian-Ordovician,43.277081,-91.47532,12/22/2014 09:57:00,GWM,14265-44-2,Orthophosphate (AS P),Dissolved,,,,0.03,mg/l,True,0.02,,,LAC10-115-01-1A,GWM,Actual,GW,Water,,,"[]"
8666065,31030003,Waukon 2,Allamakee,07060001,Well,Cambrian-Ordovician,43.277081,-91.47532,12/22/2014 09:57:00,GWM,PHOSP-PHOSP,"Total Phosphorus, mixed forms (AS P)",Total,,,,0.08,mg/l,True,0.02,,,LAC10-115-01-1D,GWM,Actual,GW,Water,,,"[]"
8666065,31030002,Lansing 4,Allamakee,07060001,Well,Cambrian,43.367289,-91.22632,04/09/2013 14:35:00,GWM,NIT-NO3-NO2,Nitrate + Nitrite (AS N),Total,,,,0.1,mg/l,False,0.1,,,LAC10-107-04-1J,GWM,Actual,GW,Water,,,"[]"
8666065,31030002,Lansing 4,Allamakee,07060001,Well,Cambrian,43.367289,-91.22632,04/09/2013 14:35:00,GWM,NIT-AMM,Ammonia-nitrogen (AS N),Total,,,,0.16,mg/l,True,0.05,,,LAC10-107-06-1J,GWM,Actual,GW,Water,,,"[]"
8666065,31030002,Lansing 4,Allamakee,07060001,Well,Cambrian,43.367289,-91.22632,04/09/2013 14:35:00,GWM,NIT-KJELD,Kjeldahl nitrogen (AS N),Total,,,,0.1,mg/l,False,0.1,,,LAC10-107-06-2E,GWM,Actual,GW,Water,,,"[]"
8666065,31030002,Lansing 4,Allamakee,07060001,Well,Cambrian,43.367289,-91.22632,04/09/2013 14:35:00,GWM,14265-44-2,Orthophosphate (AS P),Dissolved,,,,0.66,mg/l,True,0.02,,,LAC10-115-01-1A,GWM,Actual,GW,Water,,,"[]"
8666065,31030002,Lansing 4,Allamakee,07060001,Well,Cambrian,43.367289,-91.22632,04/09/2013 14:35:00,GWM,PHOSP-PHOSP,"Total Phosphorus, mixed forms (AS P)",Total,,,,0.7,mg/l,True,0.05,,,LAC10-115-01-1C,GWM,Actual,GW,Water,,,"[]"
8666065,31030004,Lansing 3,Allamakee,07060001,Well,Cambrian-Ordovician,43.3620787861,-91.2149731672,10/24/2017 09:53:00,GWM,NIT-NO3-NO2,Nitrate + Nitrite (AS N),None,,,,0.1,mg/l,False,0.1,,,LAC10-107-06-1J,GWM,Actual,GW,Water,,,"[]"
8666065,31030004,Lansing 3,Allamakee,07060001,Well,Cambrian-Ordovician,43.3620787861,-91.2149731672,10/24/2017 09:53:00,GWM,NIT-AMM,Ammonia-nitrogen (AS N),None,,,,0.06,mg/l,True,0.05,,,LAC10-107-06-1J,GWM,Actual,GW,Water,,,"[]"
8666065,31030003,Waukon 2,Allamakee,07060001,Well,Cambrian-Ordovician,43.277081,-91.47532,10/24/2017 10:36:00,GWM,NIT-NO3-NO2,Nitrate + Nitrite (AS N),None,,,,3,mg/l,True,0.1,,,LAC10-107-06-1J,GWM,Actual,GW,Water,,,"[]"
8666065,31030003,Waukon 2,Allamakee,07060001,Well,Cambrian-Ordovician,43.277081,-91.47532,10/24/2017 10:36:00,GWM,NIT-AMM,Ammonia-nitrogen (AS N),None,,,,0.05,mg/l,False,0.05,,,LAC10-107-06-1J,GWM,Actual,GW,Water,,,"[]"
8666065,31030004,Lansing 3,Allamakee,07060001,Well,Cambrian-Ordovician,43.3620787861,-91.2149731672,11/13/2017 13:22:00,GWM,NIT-NO3-NO2,Nitrate + Nitrite (AS N),None,,,,0.1,mg/l,False,0.1,,,LAC10-107-06-1J,GWM,Actual,GW,Water,,The date of collection was obtained from the sample container/tube.,"[]"
8666065,31030004,Lansing 3,Allamakee,07060001,Well,Cambrian-Ordovician,43.3620787861,-91.2149731672,11/13/2017 13:22:00,GWM,NIT-AMM,Ammonia-nitrogen (AS N),None,,,,0.12,mg/l,True,0.05,,,LAC10-107-06-1J,GWM,Actual,GW,Water,,The date of collection was obtained from the sample container/tube.,"[]"
8666065,31030003,Waukon 2,Allamakee,07060001,Well,Cambrian-Ordovician,43.277081,-91.47532,11/27/2017 00:00:00,GWM,NIT-NO3-NO2,Nitrate + Nitrite,None,,,,1.63,mg/l,True,0.01,,0.01,353.2,GWM001,,GW,Water,,,"[]"
8666065,31030003,Waukon 2,Allamakee,07060001,Well,Cambrian-Ordovician,43.277081,-91.47532,01/08/2019 12:50:00,GWM,NIT-NO3-NO2,Nitrate + Nitrite (AS N),None,,,,3.3,mg/l,True,0.1,,,LAC10-107-06-1J,GWM,Actual,GW,Water,,,"[]"
8666065,31030003,Waukon 2,Allamakee,07060001,Well,Cambrian-Ordovician,43.277081,-91.47532,01/08/2019 12:50:00,GWM,NIT-AMM,Ammonia-nitrogen (AS N),None,,,,0.05,mg/l,False,0.05,,,LAC10-107-06-1J,GWM,Actual,GW,Water,,,"[]"
8666065,31030003,Waukon 2,Allamakee,07060001,Well,Cambrian-Ordovician,43.277081,-91.47532,01/08/2019 12:50:00,GWM,14265-44-2,Orthophosphate (AS P),Dissolved,,,,0.03,mg/l,True,0.02,,,LAC10-115-01-1A,GWM,Actual,GW,Water,,Sample was not field filtered per method and was filtered for analysis after receipt by the laboratory.,"[]"
8666065,31030003,Waukon 2,Allamakee,07060001,Well,Cambrian-Ordovician,43.277081,-91.47532,11/19/2019 13:15:00,GWM,NIT-NO3-NO2,Nitrate + Nitrite (AS N),None,,,,3.4,mg/l,True,0.1,,,LAC10-107-06-1J,GWM,Actual,GW,Water,,,"[]"
8666065,31030003,Waukon 2,Allamakee,07060001,Well,Cambrian-Ordovician,43.277081,-91.47532,11/19/2019 13:15:00,GWM,NIT-AMM,Ammonia-nitrogen (AS N),None,,,,0.05,mg/l,False,0.05,,,LAC10-107-06-1J,GWM,Actual,GW,Water,,,"[]"
8666065,31030003,Waukon 2,Allamakee,07060001,Well,Cambrian-Ordovician,43.277081,-91.47532,03/21/2023 10:20:00,GWM,NIT-NO3-NO2,Nitrate + Nitrite (AS N),Total,,,,3,mg/l,True,0.1,,,LAC10-107-04-1J,GWM,Actual,GW,Water,,,"[]"
8666065,31030003,Waukon 2,Allamakee,07060001,Well,Cambrian-Ordovician,43.277081,-91.47532,03/21/2023 10:20:00,GWM,NIT-AMM,Ammonia-nitrogen (AS N),Total,,,,0.1,mg/l,False,0.1,,,LAC10-107-06-1J,GWM,Actual,GW,Water,,,"[]"
8666065,31030003,Waukon 2,Allamakee,07060001,Well,Cambrian-Ordovician,43.277081,-91.47532,02/24/2021 11:21:00,GWM,NIT-NO3-NO2,Nitrate + Nitrite (AS N),None,,,,3.3,mg/l,True,0.1,,,LAC10-107-06-1J,GWM,Actual,GW,Water,,,"[]"
8666065,31030003,Waukon 2,Allamakee,07060001,Well,Cambrian-Ordovician,43.277081,-91.47532,02/24/2021 11:21:00,GWM,NIT-AMM,Ammonia-nitrogen (AS N),None,,,,0.05,mg/l,False,0.05,,,LAC10-107-06-1J,GWM,Actual,GW,Water,,,"[]"
