facilityID,siteID,name,county,huc8,type,aquifer,latitude,longitude,sampleDate,projectCode,cas_rn,analyte,fraction,relDepth,sampDepth,sampDepthUnit,result,unit,detect,detectLimit,quantFlag,quantLimit,method,colMethod,resultType,matrix,medium,qualFlag,remark,xParams
8666065,31050001,Brayton 1,Audubon,10240003,Well,Alluvium,41.542335,-94.923977,08/15/2002 14:00:00,GWM,NIT-NO3-NO2,Nitrate + Nitrite (AS N),Total,,,,0.1,mg/l,False,0.1,,,353.2,USGSGWM,Actual,GW,Water,,,"[]"
8666065,31050001,Brayton 1,Audubon,10240003,Well,Alluvium,41.542335,-94.923977,08/15/2002 14:00:00,GWM,NIT-AMM,Ammonia-nitrogen (AS N),Total,,,,0.1,mg/l,True,0.05,,,LAC10-107-06-1J,USGSGWM,Actual,GW,Water,,,"[]"
8666065,31050001,Brayton 1,Audubon,10240003,Well,Alluvium,41.542335,-94.923977,08/15/2002 14:00:00,GWM,NIT-ORGN,Organic Nitrogen (AS N),Total,,,,0.07,mg/l,True,0.05,,,LAC10-107-06-2E,USGSGWM,Calculated,GW,Water,,,"[]"
8666065,31050001,Brayton 1,Audubon,10240003,Well,Alluvium,41.542335,-94.923977,08/15/2002 14:00:00,GWM,14265-44-2,Orthophosphate (AS P),Dissolved,,,,0.05,mg/l,False,0.05,,,LAC10-115-01-1A,USGSGWM,Actual,GW,Water,,,"[]"
8666065,31050001,Brayton 1,Audubon,10240003,Well,Alluvium,41.542335,-94.923977,08/15/2002 14:00:00,GWM,PHOSP-PHOSP,"Total Phosphorus, mixed forms (AS P)",Total,,,,0.19,mg/l,True,0.05,,,LAC10-115-01-1C,USGSGWM,Actual,GW,Water,,,"[]"
8666065,31050001,Brayton 1,Audubon,10240003,Well,Alluvium,41.542335,-94.923977,08/15/2002 14:00:00,GWM,NIT-KJELD,Kjeldahl nitrogen (AS N),Total,,,,0.17,mg/l,True,0.05,,,PAI DK03,USGSGWM,Actual,GW,Water,,,"[]"
8666065,31050001,Brayton 1,Audubon,10240003,Well,Alluvium,41.542335,-94.923977,07/16/2003 13:45:00,GWM,NIT-AMM,Ammonia-nitrogen (AS N),Total,,,,0.05,mg/l,False,0.05,,,350.1,USGSGWM,Actual,GW,Water,,,"[]"
8666065,31050001,Brayton 1,Audubon,10240003,Well,Alluvium,41.542335,-94.923977,07/16/2003 13:45:00,GWM,NIT-NO3-NO2,Nitrate + Nitrite (AS N),Total,,,,0.1,mg/l,False,0.1,,,353.2,USGSGWM,Actual,GW,Water,,,"[]"
8666065,31050001,Brayton 1,Audubon,10240003,Well,Alluvium,41.542335,-94.923977,07/16/2003 13:45:00,GWM,14265-44-2,Orthophosphate (AS P),Dissolved,,,,0.02,mg/l,False,0.02,,,365.1,USGSGWM,Actual,GW,Water,,,"[]"
8666065,31050001,Brayton 1,Audubon,10240003,Well,Alluvium,41.542335,-94.923977,07/16/2003 13:45:00,GWM,PHOSP-PHOSP,"Total Phosphorus, mixed forms (AS P)",Total,,,,0.19,mg/l,True,0.02,,,365.4,USGSGWM,Actual,GW,Water,,,"[]"
8666065,31050001,Brayton 1,Audubon,10240003,Well,Alluvium,41.542335,-94.923977,07/16/2003 13:45:00,GWM,NIT-ORGN,Organic Nitrogen (AS N),Total,,,,0.07,mg/l,True,0.05,,,LAC10-107-06-2E,USGSGWM,Calculated,GW,Water,,,"[]"
8666065,31050001,Brayton 1,Audubon,10240003,Well,Alluvium,41.542335,-94.923977,07/16/2003 13:45:00,GWM,NIT-KJELD,Kjeldahl nitrogen (AS N),Total,,,,0.11,mg/l,True,0.05,,,PAI DK03,USGSGWM,Actual,GW,Water,,,"[]"
8666065,31050003,Audubon 21,Audubon,10240003,Well,Alluvium,41.758427,-94.883189,06/30/2004 14:00:00,GWM,NIT-AMM,Ammonia-nitrogen (AS N),Total,,,,0.05,mg/l,False,0.05,,,350.1,USGSGWM,Actual,GW,Water,,,"[]"
8666065,31050003,Audubon 21,Audubon,10240003,Well,Alluvium,41.758427,-94.883189,06/30/2004 14:00:00,GWM,NIT-NO3-NO2,Nitrate + Nitrite (AS N),Total,,,,1.7,mg/l,True,0.05,,,353.2,USGSGWM,Actual,GW,Water,,,"[]"
8666065,31050003,Audubon 21,Audubon,10240003,Well,Alluvium,41.758427,-94.883189,06/30/2004 14:00:00,GWM,14265-44-2,Orthophosphate (AS P),Dissolved,,,,0.02,mg/l,False,0.02,,,365.1,USGSGWM,Actual,GW,Water,,,"[]"
8666065,31050003,Audubon 21,Audubon,10240003,Well,Alluvium,41.758427,-94.883189,06/30/2004 14:00:00,GWM,PHOSP-PHOSP,"Total Phosphorus, mixed forms (AS P)",Total,,,,0.17,mg/l,True,0.02,,,365.4,USGSGWM,Actual,GW,Water,,,"[]"
8666065,31050003,Audubon 21,Audubon,10240003,Well,Alluvium,41.758427,-94.883189,06/30/2004 14:00:00,GWM,NIT-ORGN,Organic Nitrogen,Total,,,,0.16,mg/l,True,0.05,,,LAC10-107-06-2E,USGSGWM,Calculated,GW,Water,,,"[]"
8666065,31050001,Brayton 1,Audubon,10240003,Well,Alluvium,41.542335,-94.923977,06/30/2004 09:30:00,GWM,NIT-AMM,Ammonia-nitrogen (AS N),Total,,,,0.05,mg/l,False,0.05,,,350.1,USGSGWM,Actual,GW,Water,,,"[]"
8666065,31050001,Brayton 1,Audubon,10240003,Well,Alluvium,41.542335,-94.923977,06/30/2004 09:30:00,GWM,NIT-NO3-NO2,Nitrate + Nitrite (AS N),Total,,,,0.05,mg/l,False,0.05,,,353.2,USGSGWM,Actual,GW,Water,,,"[]"
8666065,31050001,Brayton 1,Audubon,10240003,Well,Alluvium,41.542335,-94.923977,06/30/2004 09:30:00,GWM,14265-44-2,Orthophosphate (AS P),Dissolved,,,,0.02,mg/l,False,0.02,,,365.1,USGSGWM,Actual,GW,Water,,,"[]"
8666065,31050001,Brayton 1,Audubon,10240003,Well,Alluvium,41.542335,-94.923977,06/30/2004 09:30:00,GWM,PHOSP-PHOSP,"Total Phosphorus, mixed forms (AS P)",Total,,,,0.21,mg/l,True,0.02,,,365.4,USGSGWM,Actual,GW,Water,,,"[]"
8666065,31050001,Brayton 1,Audubon,10240003,Well,Alluvium,41.542335,-94.923977,06/30/2004 09:30:00,GWM,NIT-ORGN,Organic Nitrogen,Total,,,,0.15,mg/l,True,0.05,,,LAC10-107-06-2E,USGSGWM,Calculated,GW,Water,,,"[]"
8666065,31050002,Exira 9,Audubon,10240003,Well,Alluvium,41.591358,-94.890872,06/30/2004 11:15:00,GWM,NIT-AMM,Ammonia-nitrogen (AS N),Total,,,,0.33,mg/l,True,0.05,,,350.1,USGSGWM,Actual,GW,Water,,,"[]"
8666065,31050002,Exira 9,Audubon,10240003,Well,Alluvium,41.591358,-94.890872,06/30/2004 11:15:00,GWM,NIT-NO3-NO2,Nitrate + Nitrite (AS N),Total,,,,0.39,mg/l,True,0.05,,,353.2,USGSGWM,Actual,GW,Water,,,"[]"
8666065,31050002,Exira 9,Audubon,10240003,Well,Alluvium,41.591358,-94.890872,06/30/2004 11:15:00,GWM,14265-44-2,Orthophosphate (AS P),Dissolved,,,,0.02,mg/l,False,0.02,,,365.1,USGSGWM,Actual,GW,Water,,,"[]"
8666065,31050002,Exira 9,Audubon,10240003,Well,Alluvium,41.591358,-94.890872,06/30/2004 11:15:00,GWM,PHOSP-PHOSP,"Total Phosphorus, mixed forms (AS P)",Total,,,,0.63,mg/l,True,0.02,,,365.4,USGSGWM,Actual,GW,Water,,,"[]"
8666065,31050002,Exira 9,Audubon,10240003,Well,Alluvium,41.591358,-94.890872,06/30/2004 11:15:00,GWM,NIT-ORGN,Organic Nitrogen,Total,,,,0.27,mg/l,True,0.05,,,LAC10-107-06-2E,USGSGWM,Calculated,GW,Water,,,"[]"
8666065,31050004,Kimballton 5,Audubon,10240003,Well,Alluvium,41.628306,-95.070132,08/05/2004 13:30:00,GWM,NIT-AMM,Ammonia-nitrogen (AS N),Total,,,,0.54,mg/l,True,0.05,,,350.1,USGSGWM,Actual,GW,Water,,,"[]"
8666065,31050004,Kimballton 5,Audubon,10240003,Well,Alluvium,41.628306,-95.070132,08/05/2004 13:30:00,GWM,NIT-KJELD,Kjeldahl nitrogen (AS N),Total,,,,0.74,mg/l,True,0.05,,,351.1,USGSGWM,Actual,GW,Water,,,"[]"
8666065,31050004,Kimballton 5,Audubon,10240003,Well,Alluvium,41.628306,-95.070132,08/05/2004 13:30:00,GWM,NIT-NO3-NO2,Nitrate + Nitrite (AS N),Total,,,,0.05,mg/l,False,0.05,,,353.2,USGSGWM,Actual,GW,Water,,,"[]"
8666065,31050004,Kimballton 5,Audubon,10240003,Well,Alluvium,41.628306,-95.070132,08/05/2004 13:30:00,GWM,14265-44-2,Orthophosphate (AS P),Dissolved,,,,0.02,mg/l,False,0.02,,,365.1,USGSGWM,Actual,GW,Water,,,"[]"
8666065,31050004,Kimballton 5,Audubon,10240003,Well,Alluvium,41.628306,-95.070132,08/05/2004 13:30:00,GWM,PHOSP-PHOSP,"Total Phosphorus, mixed forms (AS P)",Total,,,,0.56,mg/l,True,0.05,,,365.4,USGSGWM,Actual,GW,Water,,,"[]"
8666065,31050004,Kimballton 5,Audubon,10240003,Well,Alluvium,41.628306,-95.070132,08/05/2004 13:30:00,GWM,NIT-ORGN,Organic Nitrogen,Total,,,,0.2,mg/l,True,0.05,,,LAC10-107-06-2E,USGSGWM,Calculated,GW,Water,,,"[]"
8666065,31050001,Brayton 1,Audubon,10240003,Well,Alluvium,41.542335,-94.923977,06/29/2005 14:00:00,GWM,NIT-AMM,Ammonia-nitrogen (AS N),Total,,,,0.08,mg/l,True,0.05,,,350.1,USGSGWM,Actual,GW,Water,,,"[]"
8666065,31050001,Brayton 1,Audubon,10240003,Well,Alluvium,41.542335,-94.923977,06/29/2005 14:00:00,GWM,NIT-KJELD,Kjeldahl nitrogen (AS N),Total,,,,0.12,mg/l,True,0.1,,,351.2,USGSGWM,Actual,GW,Water,,,"[]"
8666065,31050001,Brayton 1,Audubon,10240003,Well,Alluvium,41.542335,-94.923977,06/29/2005 14:00:00,GWM,NIT-NO3-NO2,Nitrate + Nitrite (AS N),Total,,,,0.05,mg/l,False,0.05,,,353.2,USGSGWM,Actual,GW,Water,,,"[]"
8666065,31050001,Brayton 1,Audubon,10240003,Well,Alluvium,41.542335,-94.923977,06/29/2005 14:00:00,GWM,14265-44-2,Orthophosphate (AS P),Dissolved,,,,0.02,mg/l,False,0.02,,,365.1,USGSGWM,Actual,GW,Water,,,"[]"
8666065,31050001,Brayton 1,Audubon,10240003,Well,Alluvium,41.542335,-94.923977,06/29/2005 14:00:00,GWM,PHOSP-PHOSP,"Total Phosphorus, mixed forms (AS P)",Total,,,,0.22,mg/l,True,0.02,,,365.4,USGSGWM,Actual,GW,Water,,,"[]"
8666065,31050001,Brayton 1,Audubon,10240003,Well,Alluvium,41.542335,-94.923977,06/29/2005 14:00:00,GWM,NIT-ORGN,Organic Nitrogen,Total,,,,0.1,mg/l,False,0.1,,,LAC10-107-06-2E,USGSGWM,Calculated,GW,Water,,,"[]"
8666065,31050001,Brayton 1,Audubon,10240003,Well,Alluvium,41.542335,-94.923977,07/26/2006 10:30:00,GWM,NIT-AMM,Ammonia-nitrogen (AS N),Total,,,,0.11,mg/l,True,0.05,,,350.1,USGSGWM,Actual,GW,Water,,,"[]"
8666065,31050001,Brayton 1,Audubon,10240003,Well,Alluvium,41.542335,-94.923977,07/26/2006 10:30:00,GWM,NIT-NO3-NO2,Nitrate + Nitrite (AS N),Total,,,,0.05,mg/l,False,0.05,,,353.2,USGSGWM,Actual,GW,Water,,,"[]"
8666065,31050001,Brayton 1,Audubon,10240003,Well,Alluvium,41.542335,-94.923977,07/26/2006 10:30:00,GWM,14265-44-2,Orthophosphate (AS P),Dissolved,,,,0.02,mg/l,False,0.02,,,365.1,USGSGWM,Actual,GW,Water,,,"[]"
8666065,31050001,Brayton 1,Audubon,10240003,Well,Alluvium,41.542335,-94.923977,07/26/2006 10:30:00,GWM,PHOSP-PHOSP,"Total Phosphorus, mixed forms (AS P)",Total,,,,0.19,mg/l,True,0.02,,,365.4,USGSGWM,Actual,GW,Water,,,"[]"
8666065,31050001,Brayton 1,Audubon,10240003,Well,Alluvium,41.542335,-94.923977,07/26/2006 10:30:00,GWM,NIT-ORGN,Organic Nitrogen,Total,,,,0.1,mg/l,False,0.1,,,LAC10-107-06-2E,USGSGWM,Calculated,GW,Water,,,"[]"
8666065,31050001,Brayton 1,Audubon,10240003,Well,Alluvium,41.542335,-94.923977,08/16/2012 13:32:00,GWM,NIT-NO3-NO2,Nitrate + Nitrite (AS N),Total,,,,0.11,mg/l,True,0.1,,,LAC10-107-04-1J,GWMPWS,Actual,GW,Water,,,"[]"
8666065,31050001,Brayton 1,Audubon,10240003,Well,Alluvium,41.542335,-94.923977,08/16/2012 13:32:00,GWM,NIT-AMM,Ammonia-nitrogen (AS N),Total,,,,0.05,mg/l,False,0.05,,,LAC10-107-06-1J,GWMPWS,Actual,GW,Water,,,"[]"
8666065,31050001,Brayton 1,Audubon,10240003,Well,Alluvium,41.542335,-94.923977,08/16/2012 13:32:00,GWM,NIT-KJELD,Kjeldahl nitrogen (AS N),Total,,,,0.3,mg/l,True,0.1,,,LAC10-107-06-2E,GWMPWS,Actual,GW,Water,,,"[]"
8666065,31050001,Brayton 1,Audubon,10240003,Well,Alluvium,41.542335,-94.923977,08/16/2012 13:32:00,GWM,14265-44-2,Orthophosphate (AS P),Dissolved,,,,0.02,mg/l,True,0.02,,,LAC10-115-01-1A,GWMPWS,Actual,GW,Water,,,"[]"
8666065,31050001,Brayton 1,Audubon,10240003,Well,Alluvium,41.542335,-94.923977,08/16/2012 13:32:00,GWM,PHOSP-PHOSP,"Total Phosphorus, mixed forms (AS P)",Total,,,,0.08,mg/l,True,0.02,,,LAC10-115-01-1D,GWMPWS,Actual,GW,Water,,,"[]"
8666065,31050001,Brayton 1,Audubon,10240003,Well,Alluvium,41.542335,-94.923977,11/30/2016 13:00:00,GWM,NIT-NO3-NO2,Nitrate + Nitrite (AS N),Total,,,,0.1,mg/l,False,0.1,,,LAC10-107-04-1J,GWM,Actual,GW,Water,,,"[]"
8666065,31050001,Brayton 1,Audubon,10240003,Well,Alluvium,41.542335,-94.923977,11/30/2016 13:00:00,GWM,NIT-AMM,Ammonia-nitrogen (AS N),Total,,,,0.08,mg/l,True,0.05,,,LAC10-107-06-1J,GWM,Actual,GW,Water,,,"[]"
8666065,31050001,Brayton 1,Audubon,10240003,Well,Alluvium,41.542335,-94.923977,04/12/2016 08:00:00,GWM,NIT-NO3-NO2,Nitrate + Nitrite (AS N),Total,,,,0.1,mg/l,False,0.1,,,LAC10-107-04-1J,GWM,Actual,GW,Water,,,"[]"
8666065,31050001,Brayton 1,Audubon,10240003,Well,Alluvium,41.542335,-94.923977,04/12/2016 08:00:00,GWM,NIT-AMM,Ammonia-nitrogen (AS N),Total,,,,0.16,mg/l,True,0.05,,,LAC10-107-06-1J,GWM,Actual,GW,Water,,,"[]"
8666065,31050001,Brayton 1,Audubon,10240003,Well,Alluvium,41.542335,-94.923977,04/12/2016 08:00:00,GWM,NIT-KJELD,Kjeldahl nitrogen (AS N),Total,,,,0.3,mg/l,True,0.1,,,LAC10-107-06-2E,GWM,Actual,GW,Water,,,"[]"
8666065,31050001,Brayton 1,Audubon,10240003,Well,Alluvium,41.542335,-94.923977,04/12/2016 08:00:00,GWM,14265-44-2,Orthophosphate (AS P),Dissolved,,,,0.02,mg/l,False,0.02,,,LAC10-115-01-1A,GWM,Actual,GW,Water,,,"[]"
8666065,31050001,Brayton 1,Audubon,10240003,Well,Alluvium,41.542335,-94.923977,04/12/2016 08:00:00,GWM,PHOSP-PHOSP,"Total Phosphorus, mixed forms (AS P)",Total,,,,0.21,mg/l,True,0.02,,,LAC10-115-01-1D,GWM,Actual,GW,Water,,,"[]"
8666065,31050001,Brayton 1,Audubon,10240003,Well,Alluvium,41.542335,-94.923977,04/28/2015 08:00:00,GWM,14265-44-2,Orthophosphate (AS P),Dissolved,,,,0.02,mg/l,False,0.02,,,4500-P-E,GWM,Actual,GW,Water,,,"[]"
8666065,31050001,Brayton 1,Audubon,10240003,Well,Alluvium,41.542335,-94.923977,04/28/2015 08:00:00,GWM,NIT-NO3-NO2,Nitrate + Nitrite (AS N),Total,,,,1,mg/l,False,1,,,LAC10-107-04-1J,GWM,Actual,GW,Water,,,"[]"
8666065,31050001,Brayton 1,Audubon,10240003,Well,Alluvium,41.542335,-94.923977,04/28/2015 08:00:00,GWM,NIT-AMM,Ammonia-nitrogen (AS N),Total,,,,0.15,mg/l,True,0.05,,,LAC10-107-06-1J,GWM,Actual,GW,Water,,,"[]"
8666065,31050001,Brayton 1,Audubon,10240003,Well,Alluvium,41.542335,-94.923977,04/28/2015 08:00:00,GWM,NIT-KJELD,Kjeldahl nitrogen (AS N),Total,,,,0.6,mg/l,True,0.1,,,LAC10-107-06-2E,GWM,Actual,GW,Water,,,"[]"
8666065,31050001,Brayton 1,Audubon,10240003,Well,Alluvium,41.542335,-94.923977,04/28/2015 08:00:00,GWM,PHOSP-PHOSP,"Total Phosphorus, mixed forms (AS P)",Total,,,,0.25,mg/l,True,0.02,,,LAC10-115-01-1D,GWM,Actual,GW,Water,,,"[]"
8666065,31050001,Brayton 1,Audubon,10240003,Well,Alluvium,41.542335,-94.923977,01/31/2018 09:45:00,GWM,NIT-NO3-NO2,Nitrate + Nitrite (AS N),None,,,,0.2,mg/l,False,0.2,,,LAC10-107-06-1J,GWM,Actual,GW,Water,,"There was an error in sample collection date/time (e.g. missing, mismatched, postdated or incorrect).","[]"
8666065,31050001,Brayton 1,Audubon,10240003,Well,Alluvium,41.542335,-94.923977,01/31/2018 09:45:00,GWM,NIT-AMM,Ammonia-nitrogen (AS N),None,,,,0.1,mg/l,True,0.05,,,LAC10-107-06-1J,GWM,Actual,GW,Water,,"There was an error in sample collection date/time (e.g. missing, mismatched, postdated or incorrect).","[]"
8666065,31050001,Brayton 1,Audubon,10240003,Well,Alluvium,41.542335,-94.923977,04/09/2019 07:20:00,GWM,NIT-NO3-NO2,Nitrate + Nitrite (AS N),None,,,,0.1,mg/l,False,0.1,,,LAC10-107-06-1J,GWM,Actual,GW,Water,,,"[]"
8666065,31050001,Brayton 1,Audubon,10240003,Well,Alluvium,41.542335,-94.923977,04/09/2019 07:20:00,GWM,NIT-AMM,Ammonia-nitrogen (AS N),None,,,,0.12,mg/l,True,0.05,,,LAC10-107-06-1J,GWM,Actual,GW,Water,,,"[]"
8666065,31050001,Brayton 1,Audubon,10240003,Well,Alluvium,41.542335,-94.923977,04/09/2019 07:20:00,GWM,14265-44-2,Orthophosphate (AS P),Dissolved,,,,0.02,mg/l,False,0.02,,,LAC10-115-01-1A,GWM,Actual,GW,Water,,,"[]"
8666065,31050006,Audubon 2,Audubon,10240003,Well,Alluvium,41.72549,-94.88017,04/10/2023 14:58:00,GWM,NIT-NO3-NO2,Nitrate + Nitrite (AS N),Total,,,,4.6,mg/l,True,0.1,,,LAC10-107-04-1J,GWM,Actual,GW,Water,,,"[]"
8666065,31050006,Audubon 2,Audubon,10240003,Well,Alluvium,41.72549,-94.88017,04/10/2023 14:58:00,GWM,NIT-AMM,Ammonia-nitrogen (AS N),Total,,,,0.22,mg/l,True,0.1,,,LAC10-107-06-1J,GWM,Actual,GW,Water,,,"[]"
