facilityID,siteID,name,county,huc8,type,aquifer,latitude,longitude,sampleDate,projectCode,cas_rn,analyte,fraction,relDepth,sampDepth,sampDepthUnit,result,unit,detect,detectLimit,quantFlag,quantLimit,method,colMethod,resultType,matrix,medium,qualFlag,remark,xParams
8666065,31060001,Shellsburg 2,Benton,07080205,Well,Silurian-Devonian,42.09428,-91.86841,07/22/2002 11:15:00,GWM,NIT-NO3-NO2,Nitrate + Nitrite (AS N),Total,,,,6.1,mg/l,True,0.1,,,353.2,USGSGWM,Actual,GW,Water,,,"[]"
8666065,31060001,Shellsburg 2,Benton,07080205,Well,Silurian-Devonian,42.09428,-91.86841,07/22/2002 11:15:00,GWM,NIT-AMM,Ammonia-nitrogen (AS N),Total,,,,0.05,mg/l,False,0.05,,,LAC10-107-06-1J,USGSGWM,Actual,GW,Water,,,"[]"
8666065,31060001,Shellsburg 2,Benton,07080205,Well,Silurian-Devonian,42.09428,-91.86841,07/22/2002 11:15:00,GWM,NIT-ORGN,Organic Nitrogen (AS N),Total,,,,0.11,mg/l,True,0.05,,,LAC10-107-06-2E,USGSGWM,Calculated,GW,Water,,,"[]"
8666065,31060001,Shellsburg 2,Benton,07080205,Well,Silurian-Devonian,42.09428,-91.86841,07/22/2002 11:15:00,GWM,14265-44-2,Orthophosphate (AS P),Dissolved,,,,0.05,mg/l,False,0.05,,,LAC10-115-01-1A,USGSGWM,Actual,GW,Water,,,"[]"
8666065,31060001,Shellsburg 2,Benton,07080205,Well,Silurian-Devonian,42.09428,-91.86841,07/22/2002 11:15:00,GWM,PHOSP-PHOSP,"Total Phosphorus, mixed forms (AS P)",Total,,,,0.05,mg/l,False,0.05,,,LAC10-115-01-1C,USGSGWM,Actual,GW,Water,,,"[]"
8666065,31060001,Shellsburg 2,Benton,07080205,Well,Silurian-Devonian,42.09428,-91.86841,07/22/2002 11:15:00,GWM,NIT-KJELD,Kjeldahl nitrogen (AS N),Total,,,,0.11,mg/l,True,0.05,,,PAI DK03,USGSGWM,Actual,GW,Water,,,"[]"
8666065,31060006,Urbana 2,Benton,07080205,Well,Silurian-Devonian,42.223736,-91.878142,07/17/2003 13:30:00,GWM,14265-44-2,Orthophosphate (AS P),Dissolved,,,,0.02,mg/l,False,0.02,,,365.1,USGSGWM,Actual,GW,Water,,,"[]"
8666065,31060005,Blairstown 2,Benton,07080205,Well,Silurian-Devonian,41.906855,-92.085312,07/17/2003 11:30:00,GWM,14265-44-2,Orthophosphate (AS P),Dissolved,,,,0.02,mg/l,False,0.02,,,365.1,USGSGWM,Actual,GW,Water,,,"[]"
8666065,31060001,Shellsburg 2,Benton,07080205,Well,Silurian-Devonian,42.09428,-91.86841,08/07/2003 13:45:00,GWM,NIT-AMM,Ammonia-nitrogen (AS N),Total,,,,0.05,mg/l,False,0.05,,,350.1,USGSGWM,Actual,GW,Water,,,"[]"
8666065,31060001,Shellsburg 2,Benton,07080205,Well,Silurian-Devonian,42.09428,-91.86841,08/07/2003 13:45:00,GWM,NIT-NO3-NO2,Nitrate + Nitrite (AS N),Total,,,,6.4,mg/l,True,0.1,,,353.2,USGSGWM,Actual,GW,Water,,,"[]"
8666065,31060001,Shellsburg 2,Benton,07080205,Well,Silurian-Devonian,42.09428,-91.86841,08/07/2003 13:45:00,GWM,14265-44-2,Orthophosphate (AS P),Dissolved,,,,0.02,mg/l,False,0.02,,,365.1,USGSGWM,Actual,GW,Water,,,"[]"
8666065,31060001,Shellsburg 2,Benton,07080205,Well,Silurian-Devonian,42.09428,-91.86841,08/07/2003 13:45:00,GWM,PHOSP-PHOSP,"Total Phosphorus, mixed forms (AS P)",Total,,,,0.02,mg/l,False,0.02,,,365.4,USGSGWM,Actual,GW,Water,,,"[]"
8666065,31060001,Shellsburg 2,Benton,07080205,Well,Silurian-Devonian,42.09428,-91.86841,08/07/2003 13:45:00,GWM,NIT-ORGN,Organic Nitrogen (AS N),Total,,,,0.05,mg/l,False,0.05,,,LAC10-107-06-2E,USGSGWM,Calculated,GW,Water,,,"[]"
8666065,31060001,Shellsburg 2,Benton,07080205,Well,Silurian-Devonian,42.09428,-91.86841,08/07/2003 13:45:00,GWM,NIT-KJELD,Kjeldahl nitrogen (AS N),Total,,,,0.05,mg/l,False,0.05,,,PAI DK03,USGSGWM,Actual,GW,Water,,,"[]"
8666065,31060007,Atkins 1,Benton,07080205,Well,Silurian-Devonian,41.996008,-91.863159,09/08/2003 09:00:00,GWM,NIT-AMM,Ammonia-nitrogen (AS N),Total,,,,6.2,mg/l,True,0.05,,,350.1,USGSGWM,Actual,GW,Water,,,"[]"
8666065,31060007,Atkins 1,Benton,07080205,Well,Silurian-Devonian,41.996008,-91.863159,09/08/2003 09:00:00,GWM,NIT-NO3-NO2,Nitrate + Nitrite (AS N),Total,,,,0.1,mg/l,False,0.1,,,353.2,USGSGWM,Actual,GW,Water,,,"[]"
8666065,31060007,Atkins 1,Benton,07080205,Well,Silurian-Devonian,41.996008,-91.863159,09/08/2003 09:00:00,GWM,14265-44-2,Orthophosphate (AS P),Dissolved,,,,0.02,mg/l,False,0.02,,,365.1,USGSGWM,Actual,GW,Water,,,"[]"
8666065,31060007,Atkins 1,Benton,07080205,Well,Silurian-Devonian,41.996008,-91.863159,09/08/2003 09:00:00,GWM,PHOSP-PHOSP,"Total Phosphorus, mixed forms (AS P)",Total,,,,0.02,mg/l,False,0.02,,,365.4,USGSGWM,Actual,GW,Water,,,"[]"
8666065,31060007,Atkins 1,Benton,07080205,Well,Silurian-Devonian,41.996008,-91.863159,09/08/2003 09:00:00,GWM,NIT-ORGN,Organic Nitrogen (AS N),Total,,,,0.96,mg/l,True,0.05,,,LAC10-107-06-2E,USGSGWM,Calculated,GW,Water,,,"[]"
8666065,31060007,Atkins 1,Benton,07080205,Well,Silurian-Devonian,41.996008,-91.863159,09/08/2003 09:00:00,GWM,NIT-KJELD,Kjeldahl nitrogen (AS N),Total,,,,7.2,mg/l,True,0.05,,,PAI DK03,USGSGWM,Actual,GW,Water,,,"[]"
8666065,31060008,Atkins 2,Benton,07080205,Well,Silurian,41.995968,-91.863739,09/08/2003 08:30:00,GWM,NIT-AMM,Ammonia-nitrogen (AS N),Total,,,,6.2,mg/l,True,0.05,,,350.1,USGSGWM,Actual,GW,Water,,,"[]"
8666065,31060008,Atkins 2,Benton,07080205,Well,Silurian,41.995968,-91.863739,09/08/2003 08:30:00,GWM,NIT-NO3-NO2,Nitrate + Nitrite (AS N),Total,,,,0.1,mg/l,False,0.1,,,353.2,USGSGWM,Actual,GW,Water,,,"[]"
8666065,31060008,Atkins 2,Benton,07080205,Well,Silurian,41.995968,-91.863739,09/08/2003 08:30:00,GWM,14265-44-2,Orthophosphate (AS P),Dissolved,,,,0.02,mg/l,False,0.02,,,365.1,USGSGWM,Actual,GW,Water,,,"[]"
8666065,31060008,Atkins 2,Benton,07080205,Well,Silurian,41.995968,-91.863739,09/08/2003 08:30:00,GWM,PHOSP-PHOSP,"Total Phosphorus, mixed forms (AS P)",Total,,,,0.02,mg/l,False,0.02,,,365.4,USGSGWM,Actual,GW,Water,,,"[]"
8666065,31060008,Atkins 2,Benton,07080205,Well,Silurian,41.995968,-91.863739,09/08/2003 08:30:00,GWM,NIT-ORGN,Organic Nitrogen (AS N),Total,,,,0.75,mg/l,True,0.05,,,LAC10-107-06-2E,USGSGWM,Calculated,GW,Water,,,"[]"
8666065,31060008,Atkins 2,Benton,07080205,Well,Silurian,41.995968,-91.863739,09/08/2003 08:30:00,GWM,NIT-KJELD,Kjeldahl nitrogen (AS N),Total,,,,7,mg/l,True,0.05,,,PAI DK03,USGSGWM,Actual,GW,Water,,,"[]"
8666065,31060001,Shellsburg 2,Benton,07080205,Well,Silurian-Devonian,42.09428,-91.86841,06/29/2004 14:00:00,GWM,NIT-AMM,Ammonia-nitrogen (AS N),Total,,,,0.05,mg/l,False,0.05,,,350.1,USGSGWM,Actual,GW,Water,,,"[]"
8666065,31060001,Shellsburg 2,Benton,07080205,Well,Silurian-Devonian,42.09428,-91.86841,06/29/2004 14:00:00,GWM,NIT-NO3-NO2,Nitrate + Nitrite (AS N),Total,,,,5.2,mg/l,True,0.05,,,353.2,USGSGWM,Actual,GW,Water,,,"[]"
8666065,31060001,Shellsburg 2,Benton,07080205,Well,Silurian-Devonian,42.09428,-91.86841,06/29/2004 14:00:00,GWM,14265-44-2,Orthophosphate (AS P),Dissolved,,,,0.02,mg/l,True,0.02,,,365.1,USGSGWM,Actual,GW,Water,,,"[]"
8666065,31060001,Shellsburg 2,Benton,07080205,Well,Silurian-Devonian,42.09428,-91.86841,06/29/2004 14:00:00,GWM,PHOSP-PHOSP,"Total Phosphorus, mixed forms (AS P)",Total,,,,0.03,mg/l,True,0.02,,,365.4,USGSGWM,Actual,GW,Water,,,"[]"
8666065,31060001,Shellsburg 2,Benton,07080205,Well,Silurian-Devonian,42.09428,-91.86841,06/29/2004 14:00:00,GWM,NIT-ORGN,Organic Nitrogen,Total,,,,0.05,mg/l,False,0.05,,,LAC10-107-06-2E,USGSGWM,Calculated,GW,Water,,,"[]"
8666065,31060001,Shellsburg 2,Benton,07080205,Well,Silurian-Devonian,42.09428,-91.86841,08/05/2005 11:10:00,GWM,NIT-AMM,Ammonia-nitrogen (AS N),Total,,,,0.05,mg/l,False,0.05,,,350.1,USGSGWM,Actual,GW,Water,,,"[]"
8666065,31060001,Shellsburg 2,Benton,07080205,Well,Silurian-Devonian,42.09428,-91.86841,08/05/2005 11:10:00,GWM,NIT-KJELD,Kjeldahl nitrogen (AS N),Total,,,,0.16,mg/l,True,0.1,,,351.2,USGSGWM,Actual,GW,Water,,,"[]"
8666065,31060001,Shellsburg 2,Benton,07080205,Well,Silurian-Devonian,42.09428,-91.86841,08/05/2005 11:10:00,GWM,NIT-NO3-NO2,Nitrate + Nitrite (AS N),Total,,,,5.7,mg/l,True,0.05,,,353.2,USGSGWM,Actual,GW,Water,,,"[]"
8666065,31060001,Shellsburg 2,Benton,07080205,Well,Silurian-Devonian,42.09428,-91.86841,08/05/2005 11:10:00,GWM,14265-44-2,Orthophosphate (AS P),Dissolved,,,,0.03,mg/l,True,0.02,,,365.1,USGSGWM,Actual,GW,Water,,,"[]"
8666065,31060001,Shellsburg 2,Benton,07080205,Well,Silurian-Devonian,42.09428,-91.86841,08/05/2005 11:10:00,GWM,PHOSP-PHOSP,"Total Phosphorus, mixed forms (AS P)",Total,,,,0.04,mg/l,True,0.02,,,365.4,USGSGWM,Actual,GW,Water,,,"[]"
8666065,31060001,Shellsburg 2,Benton,07080205,Well,Silurian-Devonian,42.09428,-91.86841,08/05/2005 11:10:00,GWM,NIT-ORGN,Organic Nitrogen,Total,,,,0.16,mg/l,True,0.1,,,LAC10-107-06-2E,USGSGWM,Calculated,GW,Water,,,"[]"
8666065,31060003,Vinton 2,Benton,07080205,Well,Cambrian-Ordovician,42.1694,-92.02184,08/24/2005 09:30:00,GWM,NIT-AMM,Ammonia-nitrogen (AS N),Total,,,,0.77,mg/l,True,0.05,,,350.1,USGSGWM,Actual,GW,Water,,,"[]"
8666065,31060003,Vinton 2,Benton,07080205,Well,Cambrian-Ordovician,42.1694,-92.02184,08/24/2005 09:30:00,GWM,NIT-KJELD,Kjeldahl nitrogen (AS N),Total,,,,0.88,mg/l,True,0.1,,,351.2,USGSGWM,Actual,GW,Water,,,"[]"
8666065,31060003,Vinton 2,Benton,07080205,Well,Cambrian-Ordovician,42.1694,-92.02184,08/24/2005 09:30:00,GWM,NIT-NO3-NO2,Nitrate + Nitrite (AS N),Total,,,,0.05,mg/l,False,0.05,,,353.2,USGSGWM,Actual,GW,Water,,,"[]"
8666065,31060003,Vinton 2,Benton,07080205,Well,Cambrian-Ordovician,42.1694,-92.02184,08/24/2005 09:30:00,GWM,14265-44-2,Orthophosphate (AS P),Dissolved,,,,0.02,mg/l,False,0.02,,,365.1,USGSGWM,Actual,GW,Water,,,"[]"
8666065,31060003,Vinton 2,Benton,07080205,Well,Cambrian-Ordovician,42.1694,-92.02184,08/24/2005 09:30:00,GWM,PHOSP-PHOSP,"Total Phosphorus, mixed forms (AS P)",Total,,,,0.03,mg/l,True,0.02,,,365.4,USGSGWM,Actual,GW,Water,,,"[]"
8666065,31060003,Vinton 2,Benton,07080205,Well,Cambrian-Ordovician,42.1694,-92.02184,08/24/2005 09:30:00,GWM,NIT-ORGN,Organic Nitrogen,Total,,,,0.11,mg/l,True,0.1,,,LAC10-107-06-2E,USGSGWM,Calculated,GW,Water,,,"[]"
8666065,31060001,Shellsburg 2,Benton,07080205,Well,Silurian-Devonian,42.09428,-91.86841,06/09/2006 11:45:00,GWM,NIT-AMM,Ammonia-nitrogen (AS N),Total,,,,0.05,mg/l,False,0.05,,,350.1,USGSGWM,Actual,GW,Water,,,"[]"
8666065,31060001,Shellsburg 2,Benton,07080205,Well,Silurian-Devonian,42.09428,-91.86841,06/09/2006 11:45:00,GWM,NIT-KJELD,Kjeldahl nitrogen (AS N),Total,,,,0.1,mg/l,False,0.1,,,351.2,USGSGWM,Actual,GW,Water,,,"[]"
8666065,31060001,Shellsburg 2,Benton,07080205,Well,Silurian-Devonian,42.09428,-91.86841,06/09/2006 11:45:00,GWM,NIT-NO3-NO2,Nitrate + Nitrite (AS N),Total,,,,5.2,mg/l,True,0.05,,,353.2,USGSGWM,Actual,GW,Water,,,"[]"
8666065,31060001,Shellsburg 2,Benton,07080205,Well,Silurian-Devonian,42.09428,-91.86841,06/09/2006 11:45:00,GWM,14265-44-2,Orthophosphate (AS P),Dissolved,,,,0.03,mg/l,True,0.02,,,365.1,USGSGWM,Actual,GW,Water,,,"[]"
8666065,31060001,Shellsburg 2,Benton,07080205,Well,Silurian-Devonian,42.09428,-91.86841,06/09/2006 11:45:00,GWM,PHOSP-PHOSP,"Total Phosphorus, mixed forms (AS P)",Total,,,,0.04,mg/l,True,0.02,,,365.4,USGSGWM,Actual,GW,Water,,,"[]"
8666065,31060001,Shellsburg 2,Benton,07080205,Well,Silurian-Devonian,42.09428,-91.86841,06/09/2006 11:45:00,GWM,NIT-ORGN,Organic Nitrogen,Total,,,,0.1,mg/l,False,0.1,,,LAC10-107-06-2E,USGSGWM,Calculated,GW,Water,,,"[]"
8666065,31060004,Vinton 3,Benton,07080205,Well,Buried Sand Gravel,42.17071,-92.03405,07/19/2006 11:00:00,GWM,NIT-AMM,Ammonia-nitrogen (AS N),Total,,,,0.21,mg/l,True,0.05,,,350.1,USGSGWM,Actual,GW,Water,,,"[]"
8666065,31060004,Vinton 3,Benton,07080205,Well,Buried Sand Gravel,42.17071,-92.03405,07/19/2006 11:00:00,GWM,NIT-KJELD,Kjeldahl nitrogen (AS N),Total,,,,0.3,mg/l,True,0.1,,,351.2,USGSGWM,Actual,GW,Water,,,"[]"
8666065,31060004,Vinton 3,Benton,07080205,Well,Buried Sand Gravel,42.17071,-92.03405,07/19/2006 11:00:00,GWM,NIT-NO3-NO2,Nitrate + Nitrite (AS N),Total,,,,0.05,mg/l,False,0.05,,,353.2,USGSGWM,Actual,GW,Water,,,"[]"
8666065,31060004,Vinton 3,Benton,07080205,Well,Buried Sand Gravel,42.17071,-92.03405,07/19/2006 11:00:00,GWM,14265-44-2,Orthophosphate (AS P),Dissolved,,,,0.02,mg/l,False,0.02,,,365.1,USGSGWM,Actual,GW,Water,,,"[]"
8666065,31060004,Vinton 3,Benton,07080205,Well,Buried Sand Gravel,42.17071,-92.03405,07/19/2006 11:00:00,GWM,PHOSP-PHOSP,"Total Phosphorus, mixed forms (AS P)",Total,,,,0.18,mg/l,True,0.02,,,365.4,USGSGWM,Actual,GW,Water,,,"[]"
8666065,31060004,Vinton 3,Benton,07080205,Well,Buried Sand Gravel,42.17071,-92.03405,07/19/2006 11:00:00,GWM,NIT-ORGN,Organic Nitrogen,Total,,,,0.1,mg/l,False,0.1,,,LAC10-107-06-2E,USGSGWM,Calculated,GW,Water,,,"[]"
8666065,31060001,Shellsburg 2,Benton,07080205,Well,Silurian-Devonian,42.09428,-91.86841,10/29/2012 14:15:00,GWM,NIT-NO3-NO2,Nitrate + Nitrite (AS N),Total,,,,5.2,mg/l,True,0.1,,,LAC10-107-04-1J,GWMPWS,Actual,GW,Water,,,"[]"
8666065,31060001,Shellsburg 2,Benton,07080205,Well,Silurian-Devonian,42.09428,-91.86841,10/29/2012 14:15:00,GWM,NIT-AMM,Ammonia-nitrogen (AS N),Total,,,,0.05,mg/l,False,0.05,,,LAC10-107-06-1J,GWMPWS,Actual,GW,Water,,,"[]"
8666065,31060001,Shellsburg 2,Benton,07080205,Well,Silurian-Devonian,42.09428,-91.86841,10/29/2012 14:15:00,GWM,NIT-KJELD,Kjeldahl nitrogen (AS N),Total,,,,0.1,mg/l,False,0.1,,,LAC10-107-06-2E,GWMPWS,Actual,GW,Water,,,"[]"
8666065,31060001,Shellsburg 2,Benton,07080205,Well,Silurian-Devonian,42.09428,-91.86841,10/29/2012 14:15:00,GWM,14265-44-2,Orthophosphate (AS P),Dissolved,,,,0.04,mg/l,True,0.02,,,LAC10-115-01-1A,GWMPWS,Actual,GW,Water,,,"[]"
8666065,31060001,Shellsburg 2,Benton,07080205,Well,Silurian-Devonian,42.09428,-91.86841,10/29/2012 14:15:00,GWM,PHOSP-PHOSP,"Total Phosphorus, mixed forms (AS P)",Total,,,,0.04,mg/l,True,0.02,,,LAC10-115-01-1D,GWMPWS,Actual,GW,Water,,,"[]"
8666065,31060001,Shellsburg 2,Benton,07080205,Well,Silurian-Devonian,42.09428,-91.86841,10/06/2016 12:40:00,GWM,NIT-NO3-NO2,Nitrate + Nitrite (AS N),Total,,,,4.7,mg/l,True,0.1,,,LAC10-107-04-1J,GWM,Actual,GW,Water,,,"[]"
8666065,31060001,Shellsburg 2,Benton,07080205,Well,Silurian-Devonian,42.09428,-91.86841,10/06/2016 12:40:00,GWM,NIT-AMM,Ammonia-nitrogen (AS N),Total,,,,0.06,mg/l,True,0.05,,,LAC10-107-06-1J,GWM,Actual,GW,Water,,,"[]"
8666065,31060009,Atkins 3,Benton,07080205,Well,Silurian-Devonian,41.9923906554,-91.861335649,10/19/2016 12:30:00,GWM,NIT-NO3-NO2,Nitrate + Nitrite (AS N),Total,,,,0.1,mg/l,False,0.1,,,LAC10-107-04-1J,GWM,Actual,GW,Water,,,"[]"
8666065,31060009,Atkins 3,Benton,07080205,Well,Silurian-Devonian,41.9923906554,-91.861335649,10/19/2016 12:30:00,GWM,NIT-AMM,Ammonia-nitrogen (AS N),Total,,,,6.8,mg/l,True,0.5,,,LAC10-107-06-1J,GWM,Actual,GW,Water,,,"[]"
8666065,31060001,Shellsburg 2,Benton,07080205,Well,Silurian-Devonian,42.09428,-91.86841,12/15/2015 14:30:00,GWM,14265-44-2,Orthophosphate (AS P),Dissolved,,,,0.02,mg/l,False,0.02,,,4500-P-E,GWM,Actual,GW,Water,,,"[]"
8666065,31060001,Shellsburg 2,Benton,07080205,Well,Silurian-Devonian,42.09428,-91.86841,12/15/2015 14:30:00,GWM,NIT-NO3-NO2,Nitrate + Nitrite (AS N),Total,,,,5.2,mg/l,True,0.1,,,LAC10-107-04-1J,GWM,Actual,GW,Water,,,"[]"
8666065,31060001,Shellsburg 2,Benton,07080205,Well,Silurian-Devonian,42.09428,-91.86841,12/15/2015 14:30:00,GWM,NIT-AMM,Ammonia-nitrogen (AS N),Total,,,,0.05,mg/l,False,0.05,,,LAC10-107-06-1J,GWM,Actual,GW,Water,,,"[]"
8666065,31060001,Shellsburg 2,Benton,07080205,Well,Silurian-Devonian,42.09428,-91.86841,12/15/2015 14:30:00,GWM,NIT-KJELD,Kjeldahl nitrogen (AS N),Total,,,,0.1,mg/l,False,0.1,,,LAC10-107-06-2E,GWM,Actual,GW,Water,,,"[]"
8666065,31060001,Shellsburg 2,Benton,07080205,Well,Silurian-Devonian,42.09428,-91.86841,12/15/2015 14:30:00,GWM,PHOSP-PHOSP,"Total Phosphorus, mixed forms (AS P)",Total,,,,0.04,mg/l,True,0.02,,,LAC10-115-01-1D,GWM,Actual,GW,Water,,,"[]"
8666065,31060001,Shellsburg 2,Benton,07080205,Well,Silurian-Devonian,42.09428,-91.86841,01/28/2015 11:00:00,GWM,NIT-NO3-NO2,Nitrate + Nitrite (AS N),Total,,,,6.5,mg/l,True,0.1,,,LAC10-107-04-1J,GWM,Actual,GW,Water,,,"[]"
8666065,31060001,Shellsburg 2,Benton,07080205,Well,Silurian-Devonian,42.09428,-91.86841,01/28/2015 11:00:00,GWM,NIT-AMM,Ammonia-nitrogen (AS N),Total,,,,0.14,mg/l,True,0.05,,,LAC10-107-06-1J,GWM,Actual,GW,Water,,,"[]"
8666065,31060001,Shellsburg 2,Benton,07080205,Well,Silurian-Devonian,42.09428,-91.86841,01/28/2015 11:00:00,GWM,NIT-KJELD,Kjeldahl nitrogen (AS N),Total,,,,0.1,mg/l,True,0.1,,,LAC10-107-06-2E,GWM,Actual,GW,Water,,,"[]"
8666065,31060001,Shellsburg 2,Benton,07080205,Well,Silurian-Devonian,42.09428,-91.86841,01/28/2015 11:00:00,GWM,14265-44-2,Orthophosphate (AS P),Dissolved,,,,0.027,mg/l,True,0.02,,,LAC10-115-01-1A,GWM,Actual,GW,Water,,,"[]"
8666065,31060001,Shellsburg 2,Benton,07080205,Well,Silurian-Devonian,42.09428,-91.86841,01/28/2015 11:00:00,GWM,PHOSP-PHOSP,"Total Phosphorus, mixed forms (AS P)",Total,,,,0.04,mg/l,True,0.02,,,LAC10-115-01-1D,GWM,Actual,GW,Water,,,"[]"
8666065,31060009,Atkins 3,Benton,07080205,Well,Silurian-Devonian,41.9923906554,-91.861335649,03/12/2013 12:45:00,GWM,NIT-NO3-NO2,Nitrate + Nitrite (AS N),Total,,,,0.1,mg/l,False,0.1,,,LAC10-107-04-1J,GWM,Actual,GW,Water,,,"[]"
8666065,31060009,Atkins 3,Benton,07080205,Well,Silurian-Devonian,41.9923906554,-91.861335649,03/12/2013 12:45:00,GWM,NIT-AMM,Ammonia-nitrogen (AS N),Total,,,,6.1,mg/l,True,0.05,,,LAC10-107-06-1J,GWM,Actual,GW,Water,,,"[]"
8666065,31060009,Atkins 3,Benton,07080205,Well,Silurian-Devonian,41.9923906554,-91.861335649,03/12/2013 12:45:00,GWM,NIT-KJELD,Kjeldahl nitrogen (AS N),Total,,,,6.4,mg/l,True,0.1,,,LAC10-107-06-2E,GWM,Actual,GW,Water,,,"[]"
8666065,31060009,Atkins 3,Benton,07080205,Well,Silurian-Devonian,41.9923906554,-91.861335649,03/12/2013 12:45:00,GWM,14265-44-2,Orthophosphate (AS P),Dissolved,,,,0.02,mg/l,True,0.02,,,LAC10-115-01-1A,GWM,Actual,GW,Water,,,"[]"
8666065,31060009,Atkins 3,Benton,07080205,Well,Silurian-Devonian,41.9923906554,-91.861335649,03/12/2013 12:45:00,GWM,PHOSP-PHOSP,"Total Phosphorus, mixed forms (AS P)",Total,,,,0.03,mg/l,True,0.02,,,LAC10-115-01-1D,GWM,Actual,GW,Water,,,"[]"
8666065,31060001,Shellsburg 2,Benton,07080205,Well,Silurian-Devonian,42.09428,-91.86841,11/15/2017 13:15:00,GWM,NIT-AMM,Ammonia-nitrogen (AS N),None,,,,0.05,mg/l,False,0.05,,,LAC10-107-06-1J,GWM,Actual,GW,Water,,,"[]"
8666065,31060001,Shellsburg 2,Benton,07080205,Well,Silurian-Devonian,42.09428,-91.86841,11/15/2017 13:15:00,GWM,NIT-NO3-NO2,Nitrate + Nitrite (AS N),None,,,,5.5,mg/l,True,0.1,,,LAC10-107-06-1J,GWM,Actual,GW,Water,,,"[]"
8666065,31060009,Atkins 3,Benton,07080205,Well,Silurian-Devonian,41.9923906554,-91.861335649,12/05/2017 09:00:00,GWM,NIT-AMM,Ammonia-nitrogen (AS N),None,,,,6.6,mg/l,True,0.5,,,LAC10-107-06-1J,GWM,Actual,GW,Water,,,"[]"
8666065,31060009,Atkins 3,Benton,07080205,Well,Silurian-Devonian,41.9923906554,-91.861335649,12/05/2017 09:00:00,GWM,NIT-NO3-NO2,Nitrate + Nitrite (AS N),None,,,,0.1,mg/l,False,0.1,,,LAC10-107-06-1J,GWM,Actual,GW,Water,,,"[]"
8666065,31060001,Shellsburg 2,Benton,07080205,Well,Silurian-Devonian,42.09428,-91.86841,12/04/2017 00:00:00,GWM,NIT-NO3-NO2,Nitrate + Nitrite,None,,,,2.09,mg/l,True,0.01,,0.01,353.2,GWM001,,GW,Water,,,"[]"
8666065,31060001,Shellsburg 2,Benton,07080205,Well,Silurian-Devonian,42.09428,-91.86841,12/18/2018 13:30:00,GWM,NIT-AMM,Ammonia-nitrogen (AS N),None,,,,0.05,mg/l,False,0.05,,,LAC10-107-06-1J,GWM,Actual,GW,Water,,,"[]"
8666065,31060001,Shellsburg 2,Benton,07080205,Well,Silurian-Devonian,42.09428,-91.86841,12/18/2018 13:30:00,GWM,NIT-NO3-NO2,Nitrate + Nitrite (AS N),None,,,,4.8,mg/l,True,0.1,,,LAC10-107-06-1J,GWM,Actual,GW,Water,,,"[]"
8666065,31060001,Shellsburg 2,Benton,07080205,Well,Silurian-Devonian,42.09428,-91.86841,12/18/2018 13:30:00,GWM,14265-44-2,Orthophosphate (AS P),Dissolved,,,,0.03,mg/l,True,0.02,,,LAC10-115-01-1A,GWM,Actual,GW,Water,,Sample was not field filtered per method and was filtered for analysis after receipt by the laboratory.,"[]"
8666065,31060009,Atkins 3,Benton,07080205,Well,Silurian-Devonian,41.9923906554,-91.861335649,04/08/2019 11:30:00,GWM,NIT-NO3-NO2,Nitrate + Nitrite (AS N),None,,,,0.1,mg/l,False,0.1,,,LAC10-107-06-1J,GWM,Actual,GW,Water,,,"[]"
8666065,31060009,Atkins 3,Benton,07080205,Well,Silurian-Devonian,41.9923906554,-91.861335649,04/08/2019 11:30:00,GWM,NIT-AMM,Ammonia-nitrogen (AS N),None,,,,5.2,mg/l,True,0.25,,,LAC10-107-06-1J,GWM,Actual,GW,Water,,,"[]"
8666065,31060009,Atkins 3,Benton,07080205,Well,Silurian-Devonian,41.9923906554,-91.861335649,04/08/2019 11:30:00,GWM,14265-44-2,Orthophosphate (AS P),Dissolved,,,,0.02,mg/l,False,0.02,,,LAC10-115-01-1A,GWM,Actual,GW,Water,,,"[]"
8666065,31060001,Shellsburg 2,Benton,07080205,Well,Silurian-Devonian,42.09428,-91.86841,12/05/2019 09:30:00,GWM,NIT-NO3-NO2,Nitrate + Nitrite (AS N),None,,,,4.4,mg/l,True,0.1,,,LAC10-107-06-1J,GWM,Actual,GW,Water,,,"[]"
8666065,31060001,Shellsburg 2,Benton,07080205,Well,Silurian-Devonian,42.09428,-91.86841,12/05/2019 09:30:00,GWM,NIT-AMM,Ammonia-nitrogen (AS N),None,,,,0.05,mg/l,False,0.05,,,LAC10-107-06-1J,GWM,Actual,GW,Water,,,"[]"
8666065,31060001,Shellsburg 2,Benton,07080205,Well,Silurian-Devonian,42.09428,-91.86841,03/15/2023 10:50:00,GWM,NIT-NO3-NO2,Nitrate + Nitrite (AS N),Total,,,,3.6,mg/l,True,0.1,,,LAC10-107-04-1J,GWM,Actual,GW,Water,,,"[]"
8666065,31060001,Shellsburg 2,Benton,07080205,Well,Silurian-Devonian,42.09428,-91.86841,03/15/2023 10:50:00,GWM,NIT-AMM,Ammonia-nitrogen (AS N),Total,,,,0.1,mg/l,False,0.1,,,LAC10-107-06-1J,GWM,Actual,GW,Water,,,"[]"
8666065,31060004,Vinton 3,Benton,07080205,Well,Buried Sand Gravel,42.17071,-92.03405,03/21/2023 15:10:00,GWM,NIT-NO3-NO2,Nitrate + Nitrite (AS N),Total,,,,0.1,mg/l,False,0.1,,,LAC10-107-04-1J,GWM,Actual,GW,Water,,,"[]"
8666065,31060004,Vinton 3,Benton,07080205,Well,Buried Sand Gravel,42.17071,-92.03405,03/21/2023 15:10:00,GWM,NIT-AMM,Ammonia-nitrogen (AS N),Total,,,,0.41,mg/l,True,0.1,,,LAC10-107-06-1J,GWM,Actual,GW,Water,,,"[]"
8666065,31060001,Shellsburg 2,Benton,07080205,Well,Silurian-Devonian,42.09428,-91.86841,03/10/2021 10:30:00,GWM,NIT-NO3-NO2,Nitrate + Nitrite (AS N),None,,,,4,mg/l,True,0.1,,,LAC10-107-06-1J,GWM,Actual,GW,Water,,,"[]"
8666065,31060001,Shellsburg 2,Benton,07080205,Well,Silurian-Devonian,42.09428,-91.86841,03/10/2021 10:30:00,GWM,NIT-AMM,Ammonia-nitrogen (AS N),None,,,,0.05,mg/l,False,0.05,,,LAC10-107-06-1J,GWM,Actual,GW,Water,,,"[]"
