facilityID,siteID,name,county,huc8,type,aquifer,latitude,longitude,sampleDate,projectCode,cas_rn,analyte,fraction,relDepth,sampDepth,sampDepthUnit,result,unit,detect,detectLimit,quantFlag,quantLimit,method,colMethod,resultType,matrix,medium,qualFlag,remark,xParams
8666065,31080001,Boone 20,Boone,07100004,Well,Alluvium,42.08101,-93.93713,08/19/2002 15:30:00,GWM,NIT-NO3-NO2,Nitrate + Nitrite (AS N),Total,,,,1.8,mg/l,True,0.1,,,353.2,USGSGWM,Actual,GW,Water,,,"[]"
8666065,31080001,Boone 20,Boone,07100004,Well,Alluvium,42.08101,-93.93713,08/19/2002 15:30:00,GWM,NIT-AMM,Ammonia-nitrogen (AS N),Total,,,,0.05,mg/l,False,0.05,,,LAC10-107-06-1J,USGSGWM,Actual,GW,Water,,,"[]"
8666065,31080001,Boone 20,Boone,07100004,Well,Alluvium,42.08101,-93.93713,08/19/2002 15:30:00,GWM,NIT-ORGN,Organic Nitrogen (AS N),Total,,,,0.31,mg/l,True,0.05,,,LAC10-107-06-2E,USGSGWM,Calculated,GW,Water,,,"[]"
8666065,31080001,Boone 20,Boone,07100004,Well,Alluvium,42.08101,-93.93713,08/19/2002 15:30:00,GWM,14265-44-2,Orthophosphate (AS P),Dissolved,,,,0.12,mg/l,True,0.05,,,LAC10-115-01-1A,USGSGWM,Actual,GW,Water,,,"[]"
8666065,31080001,Boone 20,Boone,07100004,Well,Alluvium,42.08101,-93.93713,08/19/2002 15:30:00,GWM,PHOSP-PHOSP,"Total Phosphorus, mixed forms (AS P)",Total,,,,0.14,mg/l,True,0.05,,,LAC10-115-01-1C,USGSGWM,Actual,GW,Water,,,"[]"
8666065,31080001,Boone 20,Boone,07100004,Well,Alluvium,42.08101,-93.93713,08/19/2002 15:30:00,GWM,NIT-KJELD,Kjeldahl nitrogen (AS N),Total,,,,0.31,mg/l,True,0.05,,,PAI DK03,USGSGWM,Actual,GW,Water,,,"[]"
8666065,31080002,Pilot Mound 3,Boone,07100004,Well,Buried Sand Gravel,42.166459,-94.005555,08/19/2002 16:45:00,GWM,NIT-NO3-NO2,Nitrate + Nitrite (AS N),Total,,,,0.1,mg/l,False,0.1,,,353.2,USGSGWM,Actual,GW,Water,,,"[]"
8666065,31080002,Pilot Mound 3,Boone,07100004,Well,Buried Sand Gravel,42.166459,-94.005555,08/19/2002 16:45:00,GWM,NIT-AMM,Ammonia-nitrogen (AS N),Total,,,,0.23,mg/l,True,0.05,,,LAC10-107-06-1J,USGSGWM,Actual,GW,Water,,,"[]"
8666065,31080002,Pilot Mound 3,Boone,07100004,Well,Buried Sand Gravel,42.166459,-94.005555,08/19/2002 16:45:00,GWM,NIT-ORGN,Organic Nitrogen (AS N),Total,,,,0.13,mg/l,True,0.05,,,LAC10-107-06-2E,USGSGWM,Calculated,GW,Water,,,"[]"
8666065,31080002,Pilot Mound 3,Boone,07100004,Well,Buried Sand Gravel,42.166459,-94.005555,08/19/2002 16:45:00,GWM,14265-44-2,Orthophosphate (AS P),Dissolved,,,,0.05,mg/l,False,0.05,,,LAC10-115-01-1A,USGSGWM,Actual,GW,Water,,,"[]"
8666065,31080002,Pilot Mound 3,Boone,07100004,Well,Buried Sand Gravel,42.166459,-94.005555,08/19/2002 16:45:00,GWM,PHOSP-PHOSP,"Total Phosphorus, mixed forms (AS P)",Total,,,,0.12,mg/l,True,0.05,,,LAC10-115-01-1C,USGSGWM,Actual,GW,Water,,,"[]"
8666065,31080002,Pilot Mound 3,Boone,07100004,Well,Buried Sand Gravel,42.166459,-94.005555,08/19/2002 16:45:00,GWM,NIT-KJELD,Kjeldahl nitrogen (AS N),Total,,,,0.36,mg/l,True,0.05,,,PAI DK03,USGSGWM,Actual,GW,Water,,,"[]"
8666065,31080001,Boone 20,Boone,07100004,Well,Alluvium,42.08101,-93.93713,07/28/2003 16:00:00,GWM,NIT-AMM,Ammonia-nitrogen (AS N),Total,,,,0.05,mg/l,False,0.05,,,350.1,USGSGWM,Actual,GW,Water,,,"[]"
8666065,31080001,Boone 20,Boone,07100004,Well,Alluvium,42.08101,-93.93713,07/28/2003 16:00:00,GWM,NIT-NO3-NO2,Nitrate + Nitrite (AS N),Total,,,,8.2,mg/l,True,0.1,,,353.2,USGSGWM,Actual,GW,Water,,,"[]"
8666065,31080001,Boone 20,Boone,07100004,Well,Alluvium,42.08101,-93.93713,07/28/2003 16:00:00,GWM,14265-44-2,Orthophosphate (AS P),Dissolved,,,,0.09,mg/l,True,0.02,,,365.1,USGSGWM,Actual,GW,Water,,,"[]"
8666065,31080001,Boone 20,Boone,07100004,Well,Alluvium,42.08101,-93.93713,07/28/2003 16:00:00,GWM,PHOSP-PHOSP,"Total Phosphorus, mixed forms (AS P)",Total,,,,0.1,mg/l,True,0.02,,,365.4,USGSGWM,Actual,GW,Water,,,"[]"
8666065,31080001,Boone 20,Boone,07100004,Well,Alluvium,42.08101,-93.93713,07/28/2003 16:00:00,GWM,NIT-ORGN,Organic Nitrogen (AS N),Total,,,,0.22,mg/l,True,0.05,,,LAC10-107-06-2E,USGSGWM,Calculated,GW,Water,,,"[]"
8666065,31080001,Boone 20,Boone,07100004,Well,Alluvium,42.08101,-93.93713,07/28/2003 16:00:00,GWM,NIT-KJELD,Kjeldahl nitrogen (AS N),Total,,,,0.23,mg/l,True,0.05,,,PAI DK03,USGSGWM,Actual,GW,Water,,,"[]"
8666065,31080002,Pilot Mound 3,Boone,07100004,Well,Buried Sand Gravel,42.166459,-94.005555,07/28/2003 14:15:00,GWM,NIT-AMM,Ammonia-nitrogen (AS N),Total,,,,0.18,mg/l,True,0.05,,,350.1,USGSGWM,Actual,GW,Water,,,"[]"
8666065,31080002,Pilot Mound 3,Boone,07100004,Well,Buried Sand Gravel,42.166459,-94.005555,07/28/2003 14:15:00,GWM,NIT-NO3-NO2,Nitrate + Nitrite (AS N),Total,,,,0.1,mg/l,False,0.1,,,353.2,USGSGWM,Actual,GW,Water,,,"[]"
8666065,31080002,Pilot Mound 3,Boone,07100004,Well,Buried Sand Gravel,42.166459,-94.005555,07/28/2003 14:15:00,GWM,14265-44-2,Orthophosphate (AS P),Dissolved,,,,0.02,mg/l,False,0.02,,,365.1,USGSGWM,Actual,GW,Water,,,"[]"
8666065,31080002,Pilot Mound 3,Boone,07100004,Well,Buried Sand Gravel,42.166459,-94.005555,07/28/2003 14:15:00,GWM,PHOSP-PHOSP,"Total Phosphorus, mixed forms (AS P)",Total,,,,0.07,mg/l,True,0.02,,,365.4,USGSGWM,Actual,GW,Water,,,"[]"
8666065,31080002,Pilot Mound 3,Boone,07100004,Well,Buried Sand Gravel,42.166459,-94.005555,07/28/2003 14:15:00,GWM,NIT-ORGN,Organic Nitrogen (AS N),Total,,,,0.05,mg/l,False,0.05,,,LAC10-107-06-2E,USGSGWM,Calculated,GW,Water,,,"[]"
8666065,31080002,Pilot Mound 3,Boone,07100004,Well,Buried Sand Gravel,42.166459,-94.005555,07/28/2003 14:15:00,GWM,NIT-KJELD,Kjeldahl nitrogen (AS N),Total,,,,0.2,mg/l,True,0.05,,,PAI DK03,USGSGWM,Actual,GW,Water,,,"[]"
8666065,31080003,Boone 19,Boone,07100004,Well,Alluvium,42.08154,-93.93744,07/22/2004 10:30:00,GWM,NIT-AMM,Ammonia-nitrogen (AS N),Total,,,,0.05,mg/l,False,0.05,,,350.1,USGSGWM,Actual,GW,Water,,,"[]"
8666065,31080003,Boone 19,Boone,07100004,Well,Alluvium,42.08154,-93.93744,07/22/2004 10:30:00,GWM,NIT-NO3-NO2,Nitrate + Nitrite (AS N),Total,,,,6.5,mg/l,True,0.05,,,353.2,USGSGWM,Actual,GW,Water,,,"[]"
8666065,31080003,Boone 19,Boone,07100004,Well,Alluvium,42.08154,-93.93744,07/22/2004 10:30:00,GWM,14265-44-2,Orthophosphate (AS P),Dissolved,,,,0.11,mg/l,True,0.02,,,365.1,USGSGWM,Actual,GW,Water,,,"[]"
8666065,31080003,Boone 19,Boone,07100004,Well,Alluvium,42.08154,-93.93744,07/22/2004 10:30:00,GWM,PHOSP-PHOSP,"Total Phosphorus, mixed forms (AS P)",Total,,,,0.1,mg/l,True,0.02,,,365.4,USGSGWM,Actual,GW,Water,,,"[]"
8666065,31080003,Boone 19,Boone,07100004,Well,Alluvium,42.08154,-93.93744,07/22/2004 10:30:00,GWM,NIT-ORGN,Organic Nitrogen,Total,,,,0.25,mg/l,True,0.05,,,LAC10-107-06-2E,USGSGWM,Calculated,GW,Water,,,"[]"
8666065,31080001,Boone 20,Boone,07100004,Well,Alluvium,42.08101,-93.93713,07/15/2004 09:00:00,GWM,NIT-AMM,Ammonia-nitrogen (AS N),Total,,,,0.05,mg/l,False,0.05,,,350.1,USGSGWM,Actual,GW,Water,,,"[]"
8666065,31080001,Boone 20,Boone,07100004,Well,Alluvium,42.08101,-93.93713,07/15/2004 09:00:00,GWM,NIT-NO3-NO2,Nitrate + Nitrite (AS N),Total,,,,7.4,mg/l,True,0.05,,,353.2,USGSGWM,Actual,GW,Water,,,"[]"
8666065,31080001,Boone 20,Boone,07100004,Well,Alluvium,42.08101,-93.93713,07/15/2004 09:00:00,GWM,14265-44-2,Orthophosphate (AS P),Dissolved,,,,0.09,mg/l,True,0.02,,,365.1,USGSGWM,Actual,GW,Water,,,"[]"
8666065,31080001,Boone 20,Boone,07100004,Well,Alluvium,42.08101,-93.93713,07/15/2004 09:00:00,GWM,PHOSP-PHOSP,"Total Phosphorus, mixed forms (AS P)",Total,,,,0.1,mg/l,True,0.02,,,365.4,USGSGWM,Actual,GW,Water,,,"[]"
8666065,31080001,Boone 20,Boone,07100004,Well,Alluvium,42.08101,-93.93713,07/15/2004 09:00:00,GWM,NIT-ORGN,Organic Nitrogen,Total,,,,0.34,mg/l,True,0.05,,,LAC10-107-06-2E,USGSGWM,Calculated,GW,Water,,,"[]"
8666065,31080004,Ogden 3A,Boone,07100004,Well,Alluvium,42.032,-93.94156,07/14/2004 14:50:00,GWM,NIT-AMM,Ammonia-nitrogen (AS N),Total,,,,0.05,mg/l,False,0.05,,,350.1,USGSGWM,Actual,GW,Water,,,"[]"
8666065,31080004,Ogden 3A,Boone,07100004,Well,Alluvium,42.032,-93.94156,07/14/2004 14:50:00,GWM,NIT-NO3-NO2,Nitrate + Nitrite (AS N),Total,,,,1.9,mg/l,True,0.05,,,353.2,USGSGWM,Actual,GW,Water,,,"[]"
8666065,31080004,Ogden 3A,Boone,07100004,Well,Alluvium,42.032,-93.94156,07/14/2004 14:50:00,GWM,14265-44-2,Orthophosphate (AS P),Dissolved,,,,0.08,mg/l,True,0.02,,,365.1,USGSGWM,Actual,GW,Water,,,"[]"
8666065,31080004,Ogden 3A,Boone,07100004,Well,Alluvium,42.032,-93.94156,07/14/2004 14:50:00,GWM,PHOSP-PHOSP,"Total Phosphorus, mixed forms (AS P)",Total,,,,0.1,mg/l,True,0.02,,,365.4,USGSGWM,Actual,GW,Water,,,"[]"
8666065,31080004,Ogden 3A,Boone,07100004,Well,Alluvium,42.032,-93.94156,07/14/2004 14:50:00,GWM,NIT-ORGN,Organic Nitrogen,Total,,,,0.12,mg/l,True,0.05,,,LAC10-107-06-2E,USGSGWM,Calculated,GW,Water,,,"[]"
8666065,31080002,Pilot Mound 3,Boone,07100004,Well,Buried Sand Gravel,42.166459,-94.005555,07/07/2004 12:00:00,GWM,NIT-AMM,Ammonia-nitrogen (AS N),Total,,,,0.22,mg/l,True,0.05,,,350.1,USGSGWM,Actual,GW,Water,,,"[]"
8666065,31080002,Pilot Mound 3,Boone,07100004,Well,Buried Sand Gravel,42.166459,-94.005555,07/07/2004 12:00:00,GWM,NIT-NO3-NO2,Nitrate + Nitrite (AS N),Total,,,,0.05,mg/l,False,0.05,,,353.2,USGSGWM,Actual,GW,Water,,,"[]"
8666065,31080002,Pilot Mound 3,Boone,07100004,Well,Buried Sand Gravel,42.166459,-94.005555,07/07/2004 12:00:00,GWM,14265-44-2,Orthophosphate (AS P),Dissolved,,,,0.02,mg/l,False,0.02,,,365.1,USGSGWM,Actual,GW,Water,,,"[]"
8666065,31080002,Pilot Mound 3,Boone,07100004,Well,Buried Sand Gravel,42.166459,-94.005555,07/07/2004 12:00:00,GWM,PHOSP-PHOSP,"Total Phosphorus, mixed forms (AS P)",Total,,,,0.09,mg/l,True,0.02,,,365.4,USGSGWM,Actual,GW,Water,,,"[]"
8666065,31080002,Pilot Mound 3,Boone,07100004,Well,Buried Sand Gravel,42.166459,-94.005555,07/07/2004 12:00:00,GWM,NIT-ORGN,Organic Nitrogen,Total,,,,0.05,mg/l,False,0.05,,,LAC10-107-06-2E,USGSGWM,Calculated,GW,Water,,,"[]"
8666065,31080002,Pilot Mound 3,Boone,07100004,Well,Buried Sand Gravel,42.166459,-94.005555,07/06/2005 17:40:00,GWM,NIT-AMM,Ammonia-nitrogen (AS N),Total,,,,0.2,mg/l,True,0.05,,,350.1,USGSGWM,Actual,GW,Water,,,"[]"
8666065,31080002,Pilot Mound 3,Boone,07100004,Well,Buried Sand Gravel,42.166459,-94.005555,07/06/2005 17:40:00,GWM,NIT-KJELD,Kjeldahl nitrogen (AS N),Total,,,,0.27,mg/l,True,0.1,,,351.2,USGSGWM,Actual,GW,Water,,,"[]"
8666065,31080002,Pilot Mound 3,Boone,07100004,Well,Buried Sand Gravel,42.166459,-94.005555,07/06/2005 17:40:00,GWM,NIT-NO3-NO2,Nitrate + Nitrite (AS N),Total,,,,0.05,mg/l,False,0.05,,,353.2,USGSGWM,Actual,GW,Water,,,"[]"
8666065,31080002,Pilot Mound 3,Boone,07100004,Well,Buried Sand Gravel,42.166459,-94.005555,07/06/2005 17:40:00,GWM,14265-44-2,Orthophosphate (AS P),Dissolved,,,,0.02,mg/l,False,0.02,,,365.1,USGSGWM,Actual,GW,Water,,,"[]"
8666065,31080002,Pilot Mound 3,Boone,07100004,Well,Buried Sand Gravel,42.166459,-94.005555,07/06/2005 17:40:00,GWM,PHOSP-PHOSP,"Total Phosphorus, mixed forms (AS P)",Total,,,,0.1,mg/l,True,0.02,,,365.4,USGSGWM,Actual,GW,Water,,,"[]"
8666065,31080002,Pilot Mound 3,Boone,07100004,Well,Buried Sand Gravel,42.166459,-94.005555,07/06/2005 17:40:00,GWM,NIT-ORGN,Organic Nitrogen,Total,,,,0.1,mg/l,False,0.1,,,LAC10-107-06-2E,USGSGWM,Calculated,GW,Water,,,"[]"
8666065,31080001,Boone 20,Boone,07100004,Well,Alluvium,42.08101,-93.93713,07/07/2005 08:45:00,GWM,NIT-AMM,Ammonia-nitrogen (AS N),Total,,,,0.05,mg/l,False,0.05,,,350.1,USGSGWM,Actual,GW,Water,,,"[]"
8666065,31080001,Boone 20,Boone,07100004,Well,Alluvium,42.08101,-93.93713,07/07/2005 08:45:00,GWM,NIT-KJELD,Kjeldahl nitrogen (AS N),Total,,,,0.96,mg/l,True,0.1,,,351.2,USGSGWM,Actual,GW,Water,,,"[]"
8666065,31080001,Boone 20,Boone,07100004,Well,Alluvium,42.08101,-93.93713,07/07/2005 08:45:00,GWM,NIT-NO3-NO2,Nitrate + Nitrite (AS N),Total,,,,9.1,mg/l,True,0.05,,,353.2,USGSGWM,Actual,GW,Water,,,"[]"
8666065,31080001,Boone 20,Boone,07100004,Well,Alluvium,42.08101,-93.93713,07/07/2005 08:45:00,GWM,14265-44-2,Orthophosphate (AS P),Dissolved,,,,0.09,mg/l,True,0.02,,,365.1,USGSGWM,Actual,GW,Water,,,"[]"
8666065,31080001,Boone 20,Boone,07100004,Well,Alluvium,42.08101,-93.93713,07/07/2005 08:45:00,GWM,PHOSP-PHOSP,"Total Phosphorus, mixed forms (AS P)",Total,,,,0.11,mg/l,True,0.02,,,365.4,USGSGWM,Actual,GW,Water,,,"[]"
8666065,31080001,Boone 20,Boone,07100004,Well,Alluvium,42.08101,-93.93713,07/07/2005 08:45:00,GWM,NIT-ORGN,Organic Nitrogen,Total,,,,0.96,mg/l,True,0.1,,,LAC10-107-06-2E,USGSGWM,Calculated,GW,Water,,,"[]"
8666065,31080002,Pilot Mound 3,Boone,07100004,Well,Buried Sand Gravel,42.166459,-94.005555,07/17/2006 10:30:00,GWM,NIT-AMM,Ammonia-nitrogen (AS N),Total,,,,0.18,mg/l,True,0.05,,,350.1,USGSGWM,Actual,GW,Water,,,"[]"
8666065,31080002,Pilot Mound 3,Boone,07100004,Well,Buried Sand Gravel,42.166459,-94.005555,07/17/2006 10:30:00,GWM,NIT-KJELD,Kjeldahl nitrogen (AS N),Total,,,,0.4,mg/l,True,0.1,,,351.2,USGSGWM,Actual,GW,Water,,,"[]"
8666065,31080002,Pilot Mound 3,Boone,07100004,Well,Buried Sand Gravel,42.166459,-94.005555,07/17/2006 10:30:00,GWM,NIT-NO3-NO2,Nitrate + Nitrite (AS N),Total,,,,0.05,mg/l,False,0.05,,,353.2,USGSGWM,Actual,GW,Water,,,"[]"
8666065,31080002,Pilot Mound 3,Boone,07100004,Well,Buried Sand Gravel,42.166459,-94.005555,07/17/2006 10:30:00,GWM,14265-44-2,Orthophosphate (AS P),Dissolved,,,,0.02,mg/l,False,0.02,,,365.1,USGSGWM,Actual,GW,Water,,,"[]"
8666065,31080002,Pilot Mound 3,Boone,07100004,Well,Buried Sand Gravel,42.166459,-94.005555,07/17/2006 10:30:00,GWM,PHOSP-PHOSP,"Total Phosphorus, mixed forms (AS P)",Total,,,,0.22,mg/l,True,0.02,,,365.4,USGSGWM,Actual,GW,Water,,,"[]"
8666065,31080002,Pilot Mound 3,Boone,07100004,Well,Buried Sand Gravel,42.166459,-94.005555,07/17/2006 10:30:00,GWM,NIT-ORGN,Organic Nitrogen,Total,,,,0.2,mg/l,True,0.1,,,LAC10-107-06-2E,USGSGWM,Calculated,GW,Water,,,"[]"
8666065,31080001,Boone 20,Boone,07100004,Well,Alluvium,42.08101,-93.93713,07/17/2006 12:30:00,GWM,NIT-AMM,Ammonia-nitrogen (AS N),Total,,,,0.05,mg/l,False,0.05,,,350.1,USGSGWM,Actual,GW,Water,,,"[]"
8666065,31080001,Boone 20,Boone,07100004,Well,Alluvium,42.08101,-93.93713,07/17/2006 12:30:00,GWM,NIT-KJELD,Kjeldahl nitrogen (AS N),Total,,,,0.4,mg/l,True,0.1,,,351.2,USGSGWM,Actual,GW,Water,,,"[]"
8666065,31080001,Boone 20,Boone,07100004,Well,Alluvium,42.08101,-93.93713,07/17/2006 12:30:00,GWM,NIT-NO3-NO2,Nitrate + Nitrite (AS N),Total,,,,8,mg/l,True,0.05,,,353.2,USGSGWM,Actual,GW,Water,,,"[]"
8666065,31080001,Boone 20,Boone,07100004,Well,Alluvium,42.08101,-93.93713,07/17/2006 12:30:00,GWM,14265-44-2,Orthophosphate (AS P),Dissolved,,,,0.06,mg/l,True,0.02,,,365.1,USGSGWM,Actual,GW,Water,,,"[]"
8666065,31080001,Boone 20,Boone,07100004,Well,Alluvium,42.08101,-93.93713,07/17/2006 12:30:00,GWM,PHOSP-PHOSP,"Total Phosphorus, mixed forms (AS P)",Total,,,,0.1,mg/l,True,0.02,,,365.4,USGSGWM,Actual,GW,Water,,,"[]"
8666065,31080001,Boone 20,Boone,07100004,Well,Alluvium,42.08101,-93.93713,07/17/2006 12:30:00,GWM,NIT-ORGN,Organic Nitrogen,Total,,,,0.4,mg/l,True,0.1,,,LAC10-107-06-2E,USGSGWM,Calculated,GW,Water,,,"[]"
8666065,31080001,Boone 20,Boone,07100004,Well,Alluvium,42.08101,-93.93713,08/07/2012 09:30:00,GWM,NIT-NO3-NO2,Nitrate + Nitrite (AS N),Total,,,,0.66,mg/l,True,0.1,,,LAC10-107-04-1J,GWMPWS,Actual,GW,Water,,,"[]"
8666065,31080001,Boone 20,Boone,07100004,Well,Alluvium,42.08101,-93.93713,08/07/2012 09:30:00,GWM,NIT-AMM,Ammonia-nitrogen (AS N),Total,,,,0.05,mg/l,False,0.05,,,LAC10-107-06-1J,GWMPWS,Actual,GW,Water,,,"[]"
8666065,31080001,Boone 20,Boone,07100004,Well,Alluvium,42.08101,-93.93713,08/07/2012 09:30:00,GWM,NIT-KJELD,Kjeldahl nitrogen (AS N),Total,,,,0.2,mg/l,True,0.1,,,LAC10-107-06-2E,GWMPWS,Actual,GW,Water,,,"[]"
8666065,31080001,Boone 20,Boone,07100004,Well,Alluvium,42.08101,-93.93713,08/07/2012 09:30:00,GWM,14265-44-2,Orthophosphate (AS P),Dissolved,,,,0.12,mg/l,True,0.02,,,LAC10-115-01-1A,GWMPWS,Actual,GW,Water,,,"[]"
8666065,31080001,Boone 20,Boone,07100004,Well,Alluvium,42.08101,-93.93713,08/07/2012 09:30:00,GWM,PHOSP-PHOSP,"Total Phosphorus, mixed forms (AS P)",Total,,,,0.1,mg/l,True,0.02,,,LAC10-115-01-1D,GWMPWS,Actual,GW,Water,,,"[]"
8666065,31080002,Pilot Mound 3,Boone,07100004,Well,Buried Sand Gravel,42.166459,-94.005555,09/10/2012 12:15:00,GWM,NIT-NO3-NO2,Nitrate + Nitrite (AS N),Total,,,,0.1,mg/l,False,0.1,,,LAC10-107-04-1J,GWMPWS,Actual,GW,Water,,,"[]"
8666065,31080002,Pilot Mound 3,Boone,07100004,Well,Buried Sand Gravel,42.166459,-94.005555,09/10/2012 12:15:00,GWM,NIT-AMM,Ammonia-nitrogen (AS N),Total,,,,0.18,mg/l,True,0.05,,,LAC10-107-06-1J,GWMPWS,Actual,GW,Water,,,"[]"
8666065,31080002,Pilot Mound 3,Boone,07100004,Well,Buried Sand Gravel,42.166459,-94.005555,09/10/2012 12:15:00,GWM,NIT-KJELD,Kjeldahl nitrogen (AS N),Total,,,,0.1,mg/l,True,0.1,,,LAC10-107-06-2E,GWMPWS,Actual,GW,Water,,,"[]"
8666065,31080002,Pilot Mound 3,Boone,07100004,Well,Buried Sand Gravel,42.166459,-94.005555,09/10/2012 12:15:00,GWM,14265-44-2,Orthophosphate (AS P),Dissolved,,,,0.02,mg/l,False,0.02,,,LAC10-115-01-1A,GWMPWS,Actual,GW,Water,,,"[]"
8666065,31080002,Pilot Mound 3,Boone,07100004,Well,Buried Sand Gravel,42.166459,-94.005555,09/10/2012 12:15:00,GWM,PHOSP-PHOSP,"Total Phosphorus, mixed forms (AS P)",Total,,,,0.09,mg/l,True,0.02,,,LAC10-115-01-1D,GWMPWS,Actual,GW,Water,,,"[]"
8666065,31080001,Boone 20,Boone,07100004,Well,Alluvium,42.08101,-93.93713,11/01/2016 13:00:00,GWM,NIT-NO3-NO2,Nitrate + Nitrite (AS N),Total,,,,4.7,mg/l,True,0.1,,,LAC10-107-04-1J,GWM,Actual,GW,Water,,,"[]"
8666065,31080001,Boone 20,Boone,07100004,Well,Alluvium,42.08101,-93.93713,11/01/2016 13:00:00,GWM,NIT-AMM,Ammonia-nitrogen (AS N),Total,,,,0.05,mg/l,False,0.05,,,LAC10-107-06-1J,GWM,Actual,GW,Water,,,"[]"
8666065,31080001,Boone 20,Boone,07100004,Well,Alluvium,42.08101,-93.93713,10/12/2015 10:30:00,GWM,NIT-NO3-NO2,Nitrate + Nitrite (AS N),Total,,,,4.5,mg/l,True,0.1,,,LAC10-107-04-1J,GWM,Actual,GW,Water,,,"[]"
8666065,31080001,Boone 20,Boone,07100004,Well,Alluvium,42.08101,-93.93713,10/12/2015 10:30:00,GWM,NIT-AMM,Ammonia-nitrogen (AS N),Total,,,,0.05,mg/l,False,0.05,,,LAC10-107-06-1J,GWM,Actual,GW,Water,,,"[]"
8666065,31080001,Boone 20,Boone,07100004,Well,Alluvium,42.08101,-93.93713,10/12/2015 10:30:00,GWM,NIT-KJELD,Kjeldahl nitrogen (AS N),Total,,,,0.1,mg/l,True,0.1,,,LAC10-107-06-2E,GWM,Actual,GW,Water,,,"[]"
8666065,31080001,Boone 20,Boone,07100004,Well,Alluvium,42.08101,-93.93713,10/12/2015 10:30:00,GWM,14265-44-2,Orthophosphate (AS P),Dissolved,,,,0.11,mg/l,True,0.02,,,LAC10-115-01-1A,GWM,Actual,GW,Water,,,"[]"
8666065,31080001,Boone 20,Boone,07100004,Well,Alluvium,42.08101,-93.93713,10/12/2015 10:30:00,GWM,PHOSP-PHOSP,"Total Phosphorus, mixed forms (AS P)",Total,,,,0.13,mg/l,True,0.02,,,LAC10-115-01-1D,GWM,Actual,GW,Water,,,"[]"
8666065,31080001,Boone 20,Boone,07100004,Well,Alluvium,42.08101,-93.93713,12/08/2014 13:25:00,GWM,NIT-NO3-NO2,Nitrate + Nitrite (AS N),Total,,,,7.3,mg/l,True,0.1,,,LAC10-107-04-1J,GWM,Actual,GW,Water,,,"[]"
8666065,31080001,Boone 20,Boone,07100004,Well,Alluvium,42.08101,-93.93713,12/08/2014 13:25:00,GWM,NIT-AMM,Ammonia-nitrogen (AS N),Total,,,,0.05,mg/l,False,0.05,,,LAC10-107-06-1J,GWM,Actual,GW,Water,,,"[]"
8666065,31080001,Boone 20,Boone,07100004,Well,Alluvium,42.08101,-93.93713,12/08/2014 13:25:00,GWM,NIT-KJELD,Kjeldahl nitrogen (AS N),Total,,,,0.2,mg/l,True,0.1,,,LAC10-107-06-2E,GWM,Actual,GW,Water,,,"[]"
8666065,31080001,Boone 20,Boone,07100004,Well,Alluvium,42.08101,-93.93713,12/08/2014 13:25:00,GWM,14265-44-2,Orthophosphate (AS P),Dissolved,,,,0.1,mg/l,True,0.02,,,LAC10-115-01-1A,GWM,Actual,GW,Water,,,"[]"
8666065,31080001,Boone 20,Boone,07100004,Well,Alluvium,42.08101,-93.93713,12/08/2014 13:25:00,GWM,PHOSP-PHOSP,"Total Phosphorus, mixed forms (AS P)",Total,,,,0.12,mg/l,True,0.02,,,LAC10-115-01-1D,GWM,Actual,GW,Water,,,"[]"
8666065,31080001,Boone 20,Boone,07100004,Well,Alluvium,42.08101,-93.93713,10/30/2017 09:50:00,GWM,NIT-NO3-NO2,Nitrate + Nitrite (AS N),None,,,,0.22,mg/l,True,0.1,,,LAC10-107-06-1J,GWM,Actual,GW,Water,,,"[]"
8666065,31080001,Boone 20,Boone,07100004,Well,Alluvium,42.08101,-93.93713,10/30/2017 09:50:00,GWM,NIT-AMM,Ammonia-nitrogen (AS N),None,,,,0.05,mg/l,False,0.05,,,LAC10-107-06-1J,GWM,Actual,GW,Water,,,"[]"
8666065,31080002,Pilot Mound 3,Boone,07100004,Well,Buried Sand Gravel,42.166459,-94.005555,11/27/2017 10:45:00,GWM,NIT-AMM,Ammonia-nitrogen (AS N),None,,,,0.25,mg/l,True,0.05,,,LAC10-107-06-1J,GWM,Actual,GW,Water,,,"[]"
8666065,31080002,Pilot Mound 3,Boone,07100004,Well,Buried Sand Gravel,42.166459,-94.005555,11/27/2017 10:45:00,GWM,NIT-NO3-NO2,Nitrate + Nitrite (AS N),None,,,,0.1,mg/l,False,0.1,,,LAC10-107-06-1J,GWM,Actual,GW,Water,,,"[]"
8666065,31080001,Boone 20,Boone,07100004,Well,Alluvium,42.08101,-93.93713,11/20/2017 00:00:00,GWM,NIT-NO3-NO2,Nitrate + Nitrite,None,,,,1.95,mg/l,True,0.01,,0.01,353.2,GWM001,,GW,Water,,,"[]"
8666065,31080005,Boone 13,Boone,07100004,Well,Alluvium,42.0793600007,-93.9366600001,11/20/2017 00:00:00,GWM,NIT-NO3-NO2,Nitrate + Nitrite,None,,,,1.53,mg/l,True,0.01,,0.01,353.2,GWM001,,GW,Water,,,"[]"
8666065,31080001,Boone 20,Boone,07100004,Well,Alluvium,42.08101,-93.93713,12/17/2018 13:25:00,GWM,NIT-AMM,Ammonia-nitrogen (AS N),None,,,,0.05,mg/l,False,0.05,,,LAC10-107-06-1J,GWM,Actual,GW,Water,,,"[]"
8666065,31080001,Boone 20,Boone,07100004,Well,Alluvium,42.08101,-93.93713,12/17/2018 13:25:00,GWM,NIT-NO3-NO2,Nitrate + Nitrite (AS N),None,,,,1.8,mg/l,True,0.1,,,LAC10-107-06-1J,GWM,Actual,GW,Water,,,"[]"
8666065,31080001,Boone 20,Boone,07100004,Well,Alluvium,42.08101,-93.93713,12/17/2018 13:25:00,GWM,14265-44-2,Orthophosphate (AS P),Dissolved,,,,0.1,mg/l,True,0.02,,,LAC10-115-01-1A,GWM,Actual,GW,Water,,,"[]"
8666065,31080002,Pilot Mound 3,Boone,07100004,Well,Buried Sand Gravel,42.166459,-94.005555,12/17/2018 12:40:00,GWM,NIT-AMM,Ammonia-nitrogen (AS N),None,,,,0.27,mg/l,True,0.05,,,LAC10-107-06-1J,GWM,Actual,GW,Water,,,"[]"
8666065,31080002,Pilot Mound 3,Boone,07100004,Well,Buried Sand Gravel,42.166459,-94.005555,12/17/2018 12:40:00,GWM,NIT-NO3-NO2,Nitrate + Nitrite (AS N),None,,,,0.1,mg/l,False,0.1,,,LAC10-107-06-1J,GWM,Actual,GW,Water,,,"[]"
8666065,31080002,Pilot Mound 3,Boone,07100004,Well,Buried Sand Gravel,42.166459,-94.005555,12/17/2018 12:40:00,GWM,14265-44-2,Orthophosphate (AS P),Dissolved,,,,0.02,mg/l,False,0.02,,,LAC10-115-01-1A,GWM,Actual,GW,Water,,,"[]"
8666065,31080001,Boone 20,Boone,07100004,Well,Alluvium,42.08101,-93.93713,11/18/2019 10:55:00,GWM,NIT-NO3-NO2,Nitrate + Nitrite (AS N),None,,,,3,mg/l,True,0.1,,,LAC10-107-06-1J,GWM,Actual,GW,Water,,,"[]"
8666065,31080001,Boone 20,Boone,07100004,Well,Alluvium,42.08101,-93.93713,11/18/2019 10:55:00,GWM,NIT-AMM,Ammonia-nitrogen (AS N),None,,,,0.05,mg/l,False,0.05,,,LAC10-107-06-1J,GWM,Actual,GW,Water,,,"[]"
8666065,31080001,Boone 20,Boone,07100004,Well,Alluvium,42.08101,-93.93713,03/27/2023 13:00:00,GWM,NIT-NO3-NO2,Nitrate + Nitrite (AS N),Total,,,,1.2,mg/l,True,0.1,,,LAC10-107-04-1J,GWM,Actual,GW,Water,,,"[]"
8666065,31080001,Boone 20,Boone,07100004,Well,Alluvium,42.08101,-93.93713,03/27/2023 13:00:00,GWM,NIT-AMM,Ammonia-nitrogen (AS N),Total,,,,0.1,mg/l,False,0.1,,,LAC10-107-06-1J,GWM,Actual,GW,Water,,,"[]"
8666065,31080001,Boone 20,Boone,07100004,Well,Alluvium,42.08101,-93.93713,02/23/2021 11:45:00,GWM,NIT-NO3-NO2,Nitrate + Nitrite (AS N),None,,,,0.65,mg/l,True,0.1,,,LAC10-107-06-1J,GWM,Actual,GW,Water,,,"[]"
8666065,31080001,Boone 20,Boone,07100004,Well,Alluvium,42.08101,-93.93713,02/23/2021 11:45:00,GWM,NIT-AMM,Ammonia-nitrogen (AS N),None,,,,0.05,mg/l,False,0.05,,,LAC10-107-06-1J,GWM,Actual,GW,Water,,,"[]"
