facilityID,siteID,name,county,huc8,type,aquifer,latitude,longitude,sampleDate,projectCode,cas_rn,analyte,fraction,relDepth,sampDepth,sampDepthUnit,result,unit,detect,detectLimit,quantFlag,quantLimit,method,colMethod,resultType,matrix,medium,qualFlag,remark,xParams
8666065,31090002,Waverly 6,Bremer,07080201,Well,Silurian-Devonian,42.72744,-92.49041,07/23/2003 15:30:00,GWM,NIT-AMM,Ammonia-nitrogen (AS N),Total,,,,0.05,mg/l,False,0.05,,,350.1,USGSGWM,Actual,GW,Water,,,"[]"
8666065,31090002,Waverly 6,Bremer,07080201,Well,Silurian-Devonian,42.72744,-92.49041,07/23/2003 15:30:00,GWM,NIT-NO3-NO2,Nitrate + Nitrite (AS N),Total,,,,6.3,mg/l,True,0.1,,,353.2,USGSGWM,Actual,GW,Water,,,"[]"
8666065,31090002,Waverly 6,Bremer,07080201,Well,Silurian-Devonian,42.72744,-92.49041,07/23/2003 15:30:00,GWM,14265-44-2,Orthophosphate (AS P),Dissolved,,,,0.03,mg/l,True,0.02,,,365.1,USGSGWM,Actual,GW,Water,,,"[]"
8666065,31090002,Waverly 6,Bremer,07080201,Well,Silurian-Devonian,42.72744,-92.49041,07/23/2003 15:30:00,GWM,PHOSP-PHOSP,"Total Phosphorus, mixed forms (AS P)",Total,,,,0.21,mg/l,True,0.02,,,365.4,USGSGWM,Actual,GW,Water,,,"[]"
8666065,31090002,Waverly 6,Bremer,07080201,Well,Silurian-Devonian,42.72744,-92.49041,07/23/2003 15:30:00,GWM,NIT-ORGN,Organic Nitrogen (AS N),Total,,,,0.18,mg/l,True,0.05,,,LAC10-107-06-2E,USGSGWM,Calculated,GW,Water,,,"[]"
8666065,31090002,Waverly 6,Bremer,07080201,Well,Silurian-Devonian,42.72744,-92.49041,07/23/2003 15:30:00,GWM,NIT-KJELD,Kjeldahl nitrogen (AS N),Total,,,,0.18,mg/l,True,0.05,,,PAI DK03,USGSGWM,Actual,GW,Water,,,"[]"
8666065,31090002,Waverly 6,Bremer,07080201,Well,Silurian-Devonian,42.72744,-92.49041,11/14/2016 13:50:00,GWM,NIT-NO3-NO2,Nitrate + Nitrite (AS N),Total,,,,6.8,mg/l,True,0.1,,,LAC10-107-04-1J,GWM,Actual,GW,Water,,,"[]"
8666065,31090002,Waverly 6,Bremer,07080201,Well,Silurian-Devonian,42.72744,-92.49041,11/14/2016 13:50:00,GWM,NIT-AMM,Ammonia-nitrogen (AS N),Total,,,,0.05,mg/l,False,0.05,,,LAC10-107-06-1J,GWM,Actual,GW,Water,,,"[]"
8666065,31090002,Waverly 6,Bremer,07080201,Well,Silurian-Devonian,42.72744,-92.49041,12/03/2015 07:55:00,GWM,NIT-NO3-NO2,Nitrate + Nitrite (AS N),Total,,,,6.6,mg/l,True,0.1,,,LAC10-107-04-1J,GWM,Actual,GW,Water,,,"[]"
8666065,31090002,Waverly 6,Bremer,07080201,Well,Silurian-Devonian,42.72744,-92.49041,12/03/2015 07:55:00,GWM,NIT-AMM,Ammonia-nitrogen (AS N),Total,,,,0.05,mg/l,False,0.05,,,LAC10-107-06-1J,GWM,Actual,GW,Water,,,"[]"
8666065,31090002,Waverly 6,Bremer,07080201,Well,Silurian-Devonian,42.72744,-92.49041,12/03/2015 07:55:00,GWM,NIT-KJELD,Kjeldahl nitrogen (AS N),Total,,,,0.1,mg/l,False,0.1,,,LAC10-107-06-2E,GWM,Actual,GW,Water,,,"[]"
8666065,31090002,Waverly 6,Bremer,07080201,Well,Silurian-Devonian,42.72744,-92.49041,12/03/2015 07:55:00,GWM,14265-44-2,Orthophosphate (AS P),Dissolved,,,,0.02,mg/l,False,0.02,,,LAC10-115-01-1A,GWM,Actual,GW,Water,,,"[]"
8666065,31090002,Waverly 6,Bremer,07080201,Well,Silurian-Devonian,42.72744,-92.49041,12/03/2015 07:55:00,GWM,PHOSP-PHOSP,"Total Phosphorus, mixed forms (AS P)",Total,,,,0.04,mg/l,True,0.02,,,LAC10-115-01-1D,GWM,Actual,GW,Water,,,"[]"
8666065,31090002,Waverly 6,Bremer,07080201,Well,Silurian-Devonian,42.72744,-92.49041,01/14/2015 06:52:00,GWM,14265-44-2,Orthophosphate (AS P),Dissolved,,,,0.04,mg/l,True,0.02,,,4500-P-E,GWM,Actual,GW,Water,,,"[]"
8666065,31090002,Waverly 6,Bremer,07080201,Well,Silurian-Devonian,42.72744,-92.49041,01/14/2015 06:52:00,GWM,NIT-NO3-NO2,Nitrate + Nitrite (AS N),Total,,,,6.7,mg/l,True,0.1,,,LAC10-107-04-1J,GWM,Actual,GW,Water,,,"[]"
8666065,31090002,Waverly 6,Bremer,07080201,Well,Silurian-Devonian,42.72744,-92.49041,01/14/2015 06:52:00,GWM,NIT-AMM,Ammonia-nitrogen (AS N),Total,,,,0.05,mg/l,False,0.05,,,LAC10-107-06-1J,GWM,Actual,GW,Water,,,"[]"
8666065,31090002,Waverly 6,Bremer,07080201,Well,Silurian-Devonian,42.72744,-92.49041,01/14/2015 06:52:00,GWM,NIT-KJELD,Kjeldahl nitrogen (AS N),Total,,,,0.1,mg/l,False,0.1,,,LAC10-107-06-2E,GWM,Actual,GW,Water,,,"[]"
8666065,31090002,Waverly 6,Bremer,07080201,Well,Silurian-Devonian,42.72744,-92.49041,01/14/2015 06:52:00,GWM,PHOSP-PHOSP,"Total Phosphorus, mixed forms (AS P)",Total,,,,0.05,mg/l,True,0.02,,,LAC10-115-01-1D,GWM,Actual,GW,Water,,,"[]"
8666065,31090003,Janesville 3,Bremer,07080201,Well,Silurian,42.6485200008,-92.4723399997,04/02/2013 14:40:00,GWM,NIT-NO3-NO2,Nitrate + Nitrite (AS N),Total,,,,12,mg/l,True,0.1,,,LAC10-107-04-1J,GWM,Actual,GW,Water,,,"[]"
8666065,31090003,Janesville 3,Bremer,07080201,Well,Silurian,42.6485200008,-92.4723399997,04/02/2013 14:40:00,GWM,NIT-AMM,Ammonia-nitrogen (AS N),Total,,,,0.05,mg/l,False,0.05,,,LAC10-107-06-1J,GWM,Actual,GW,Water,,,"[]"
8666065,31090003,Janesville 3,Bremer,07080201,Well,Silurian,42.6485200008,-92.4723399997,04/02/2013 14:40:00,GWM,NIT-KJELD,Kjeldahl nitrogen (AS N),Total,,,,0.1,mg/l,False,0.1,,,LAC10-107-06-2E,GWM,Actual,GW,Water,,,"[]"
8666065,31090003,Janesville 3,Bremer,07080201,Well,Silurian,42.6485200008,-92.4723399997,04/02/2013 14:40:00,GWM,14265-44-2,Orthophosphate (AS P),Dissolved,,,,0.02,mg/l,True,0.02,,,LAC10-115-01-1A,GWM,Actual,GW,Water,,,"[]"
8666065,31090003,Janesville 3,Bremer,07080201,Well,Silurian,42.6485200008,-92.4723399997,04/02/2013 14:40:00,GWM,PHOSP-PHOSP,"Total Phosphorus, mixed forms (AS P)",Total,,,,0.03,mg/l,True,0.02,,,LAC10-115-01-1D,GWM,Actual,GW,Water,,,"[]"
8666065,31090002,Waverly 6,Bremer,07080201,Well,Silurian-Devonian,42.72744,-92.49041,04/02/2013 13:05:00,GWM,NIT-NO3-NO2,Nitrate + Nitrite (AS N),Total,,,,6.9,mg/l,True,0.1,,,LAC10-107-04-1J,GWM,Actual,GW,Water,,,"[]"
8666065,31090002,Waverly 6,Bremer,07080201,Well,Silurian-Devonian,42.72744,-92.49041,04/02/2013 13:05:00,GWM,NIT-AMM,Ammonia-nitrogen (AS N),Total,,,,0.05,mg/l,False,0.05,,,LAC10-107-06-1J,GWM,Actual,GW,Water,,,"[]"
8666065,31090002,Waverly 6,Bremer,07080201,Well,Silurian-Devonian,42.72744,-92.49041,04/02/2013 13:05:00,GWM,NIT-KJELD,Kjeldahl nitrogen (AS N),Total,,,,0.1,mg/l,False,0.1,,,LAC10-107-06-2E,GWM,Actual,GW,Water,,,"[]"
8666065,31090002,Waverly 6,Bremer,07080201,Well,Silurian-Devonian,42.72744,-92.49041,04/02/2013 13:05:00,GWM,14265-44-2,Orthophosphate (AS P),Dissolved,,,,0.02,mg/l,False,0.02,,,LAC10-115-01-1A,GWM,Actual,GW,Water,,,"[]"
8666065,31090002,Waverly 6,Bremer,07080201,Well,Silurian-Devonian,42.72744,-92.49041,04/02/2013 13:05:00,GWM,PHOSP-PHOSP,"Total Phosphorus, mixed forms (AS P)",Total,,,,0.03,mg/l,True,0.02,,,LAC10-115-01-1D,GWM,Actual,GW,Water,,,"[]"
8666065,31090002,Waverly 6,Bremer,07080201,Well,Silurian-Devonian,42.72744,-92.49041,11/20/2017 08:50:00,GWM,NIT-NO3-NO2,Nitrate + Nitrite (AS N),None,,,,7.1,mg/l,True,0.1,,,LAC10-107-06-1J,GWM,Actual,GW,Water,,,"[]"
8666065,31090002,Waverly 6,Bremer,07080201,Well,Silurian-Devonian,42.72744,-92.49041,11/20/2017 08:50:00,GWM,NIT-AMM,Ammonia-nitrogen (AS N),None,,,,0.05,mg/l,False,0.05,,,LAC10-107-06-1J,GWM,Actual,GW,Water,,,"[]"
8666065,31090006,Plainfield 1,Bremer,07080201,Well,Silurian-Devonian,42.8432991349,-92.5348099094,01/09/2018 14:00:00,GWM,NIT-NO3-NO2,Nitrate + Nitrite (AS N),None,,,,8.1,mg/l,True,0.2,,,LAC10-107-06-1J,GWM,Actual,GW,Water,,,"[]"
8666065,31090006,Plainfield 1,Bremer,07080201,Well,Silurian-Devonian,42.8432991349,-92.5348099094,01/09/2018 14:00:00,GWM,NIT-AMM,Ammonia-nitrogen (AS N),None,,,,0.05,mg/l,False,0.05,,,LAC10-107-06-1J,GWM,Actual,GW,Water,,,"[]"
8666065,31090002,Waverly 6,Bremer,07080201,Well,Silurian-Devonian,42.72744,-92.49041,11/20/2017 00:00:00,GWM,NIT-NO3-NO2,Nitrate + Nitrite,None,,,,7.31,mg/l,True,0.01,,0.01,353.2,GWM001,,GW,Water,,,"[]"
8666065,31090006,Plainfield 1,Bremer,07080201,Well,Silurian-Devonian,42.8432991349,-92.5348099094,01/09/2018 00:00:00,GWM,NIT-NO3-NO2,Nitrate + Nitrite,None,,,,6.19,mg/l,True,0.01,,0.01,353.2,GWM001,,GW,Water,,,"[]"
8666065,31090002,Waverly 6,Bremer,07080201,Well,Silurian-Devonian,42.72744,-92.49041,03/19/2019 12:25:00,GWM,NIT-NO3-NO2,Nitrate + Nitrite (AS N),None,,,,6.9,mg/l,True,0.1,,,LAC10-107-06-1J,GWM,Actual,GW,Water,,,"[]"
8666065,31090002,Waverly 6,Bremer,07080201,Well,Silurian-Devonian,42.72744,-92.49041,03/19/2019 12:25:00,GWM,NIT-AMM,Ammonia-nitrogen (AS N),None,,,,0.05,mg/l,False,0.05,,,LAC10-107-06-1J,GWM,Actual,GW,Water,,,"[]"
8666065,31090002,Waverly 6,Bremer,07080201,Well,Silurian-Devonian,42.72744,-92.49041,03/19/2019 12:25:00,GWM,14265-44-2,Orthophosphate (AS P),Dissolved,,,,0.02,mg/l,False,0.02,,,LAC10-115-01-1A,GWM,Actual,GW,Water,,Sample was not field filtered per method and was filtered for analysis after receipt by the laboratory.,"[]"
8666065,31090008,Waverly 5,Bremer,07080201,Well,Silurian-Devonian,42.7223099565,-92.4902273862,03/19/2019 00:00:00,GWM,NIT-NO3-NO2,Nitrate + Nitrite,None,,,,0.97,mg/l,True,0.01,,0.01,353.2,GWM001,,GW,,,,"[]"
8666065,31090002,Waverly 6,Bremer,07080201,Well,Silurian-Devonian,42.72744,-92.49041,03/19/2019 00:00:00,GWM,NIT-NO3-NO2,Nitrate + Nitrite,None,,,,7.37,mg/l,True,0.01,,0.01,353.2,GWM001,,GW,,,,"[]"
8666065,31090004,Waverly 7,Bremer,07080201,Well,Silurian-Devonian,42.7153800009,-92.4414500001,03/19/2019 00:00:00,GWM,NIT-NO3-NO2,Nitrate + Nitrite,None,,,,9.94,mg/l,True,0.01,,0.01,353.2,GWM001,,GW,,,,"[]"
8666065,31090005,Waverly 8,Bremer,07080201,Well,Silurian-Devonian,42.7205600005,-92.5052300003,03/19/2019 00:00:00,GWM,NIT-NO3-NO2,Nitrate + Nitrite,None,,,,8.1,mg/l,True,0.01,,0.01,353.2,GWM001,,GW,,,,"[]"
8666065,31090007,Saints Ave Apts 1,Bremer,07080201,Well,Silurian-Devonian,42.690123336,-92.4841559644,03/04/2019 00:00:00,GWM,NIT-NO3-NO2,Nitrate + Nitrite,None,,,,10.23,mg/l,True,0.01,,0.01,353.2,GWM001,,GW,,,,"[]"
8666065,31090002,Waverly 6,Bremer,07080201,Well,Silurian-Devonian,42.72744,-92.49041,01/14/2020 14:00:00,GWM,NIT-NO3-NO2,Nitrate + Nitrite (AS N),None,,,,6.8,mg/l,True,0.1,,,LAC10-107-06-1J,GWM,Actual,GW,Water,,,"[]"
8666065,31090002,Waverly 6,Bremer,07080201,Well,Silurian-Devonian,42.72744,-92.49041,01/14/2020 14:00:00,GWM,NIT-AMM,Ammonia-nitrogen (AS N),None,,,,0.05,mg/l,False,0.05,,,LAC10-107-06-1J,GWM,Actual,GW,Water,,,"[]"
8666065,31090004,Waverly 7,Bremer,07080201,Well,Silurian-Devonian,42.7153800009,-92.4414500001,05/24/2023 12:04:00,GWM,NIT-NO3-NO2,Nitrate + Nitrite (AS N),Total,,,,6.7,mg/l,True,0.1,,,LAC10-107-04-1J,GWM,Actual,GW,Water,,,"[]"
8666065,31090004,Waverly 7,Bremer,07080201,Well,Silurian-Devonian,42.7153800009,-92.4414500001,05/24/2023 12:04:00,GWM,NIT-AMM,Ammonia-nitrogen (AS N),Total,,,,0.1,mg/l,False,0.1,,,LAC10-107-06-1J,GWM,Actual,GW,Water,,,"[]"
8666065,31090002,Waverly 6,Bremer,07080201,Well,Silurian-Devonian,42.72744,-92.49041,02/24/2021 10:20:00,GWM,NIT-NO3-NO2,Nitrate + Nitrite (AS N),None,,,,6.8,mg/l,True,0.1,,,LAC10-107-06-1J,GWM,Actual,GW,Water,,,"[]"
8666065,31090002,Waverly 6,Bremer,07080201,Well,Silurian-Devonian,42.72744,-92.49041,02/24/2021 10:20:00,GWM,NIT-AMM,Ammonia-nitrogen (AS N),None,,,,0.05,mg/l,False,0.05,,,LAC10-107-06-1J,GWM,Actual,GW,Water,,,"[]"
