facilityID,siteID,name,county,huc8,type,aquifer,latitude,longitude,sampleDate,projectCode,cas_rn,analyte,fraction,relDepth,sampDepth,sampDepthUnit,result,unit,detect,detectLimit,quantFlag,quantLimit,method,colMethod,resultType,matrix,medium,qualFlag,remark,xParams
8666065,31110002,Albert City 3,Buena Vista,07100006,Well,Buried Sand Gravel,42.785645,-94.952921,07/30/2002 10:00:00,GWM,NIT-NO3-NO2,Nitrate + Nitrite (AS N),Total,,,,0.1,mg/l,False,0.1,,,353.2,USGSGWM,Actual,GW,Water,,,"[]"
8666065,31110002,Albert City 3,Buena Vista,07100006,Well,Buried Sand Gravel,42.785645,-94.952921,07/30/2002 10:00:00,GWM,NIT-AMM,Ammonia-nitrogen (AS N),Total,,,,1.8,mg/l,True,0.05,,,LAC10-107-06-1J,USGSGWM,Actual,GW,Water,,,"[]"
8666065,31110002,Albert City 3,Buena Vista,07100006,Well,Buried Sand Gravel,42.785645,-94.952921,07/30/2002 10:00:00,GWM,NIT-ORGN,Organic Nitrogen (AS N),Total,,,,0.3,mg/l,True,0.05,,,LAC10-107-06-2E,USGSGWM,Calculated,GW,Water,,,"[]"
8666065,31110002,Albert City 3,Buena Vista,07100006,Well,Buried Sand Gravel,42.785645,-94.952921,07/30/2002 10:00:00,GWM,14265-44-2,Orthophosphate (AS P),Dissolved,,,,0.05,mg/l,False,0.05,,,LAC10-115-01-1A,USGSGWM,Actual,GW,Water,,,"[]"
8666065,31110002,Albert City 3,Buena Vista,07100006,Well,Buried Sand Gravel,42.785645,-94.952921,07/30/2002 10:00:00,GWM,PHOSP-PHOSP,"Total Phosphorus, mixed forms (AS P)",Total,,,,0.07,mg/l,True,0.05,,,LAC10-115-01-1C,USGSGWM,Actual,GW,Water,,,"[]"
8666065,31110002,Albert City 3,Buena Vista,07100006,Well,Buried Sand Gravel,42.785645,-94.952921,07/30/2002 10:00:00,GWM,NIT-KJELD,Kjeldahl nitrogen (AS N),Total,,,,2.1,mg/l,True,0.05,,,PAI DK03,USGSGWM,Actual,GW,Water,,,"[]"
8666065,31110001,Sioux Rapids 2,Buena Vista,10230003,Well,Alluvium,42.89604,-95.15128,08/22/2002 08:30:00,GWM,NIT-NO3-NO2,Nitrate + Nitrite (AS N),Total,,,,5.4,mg/l,True,0.1,,,353.2,USGSGWM,Actual,GW,Water,,,"[]"
8666065,31110001,Sioux Rapids 2,Buena Vista,10230003,Well,Alluvium,42.89604,-95.15128,08/22/2002 08:30:00,GWM,NIT-AMM,Ammonia-nitrogen (AS N),Total,,,,0.05,mg/l,False,0.05,,,LAC10-107-06-1J,USGSGWM,Actual,GW,Water,,,"[]"
8666065,31110001,Sioux Rapids 2,Buena Vista,10230003,Well,Alluvium,42.89604,-95.15128,08/22/2002 08:30:00,GWM,NIT-ORGN,Organic Nitrogen (AS N),Total,,,,0.05,mg/l,False,0.05,,,LAC10-107-06-2E,USGSGWM,Calculated,GW,Water,,,"[]"
8666065,31110001,Sioux Rapids 2,Buena Vista,10230003,Well,Alluvium,42.89604,-95.15128,08/22/2002 08:30:00,GWM,14265-44-2,Orthophosphate (AS P),Dissolved,,,,0.05,mg/l,False,0.05,,,LAC10-115-01-1A,USGSGWM,Actual,GW,Water,,,"[]"
8666065,31110001,Sioux Rapids 2,Buena Vista,10230003,Well,Alluvium,42.89604,-95.15128,08/22/2002 08:30:00,GWM,PHOSP-PHOSP,"Total Phosphorus, mixed forms (AS P)",Total,,,,0.05,mg/l,False,0.05,,,LAC10-115-01-1C,USGSGWM,Actual,GW,Water,,,"[]"
8666065,31110001,Sioux Rapids 2,Buena Vista,10230003,Well,Alluvium,42.89604,-95.15128,08/22/2002 08:30:00,GWM,NIT-KJELD,Kjeldahl nitrogen (AS N),Total,,,,0.05,mg/l,False,0.05,,,PAI DK03,USGSGWM,Actual,GW,Water,,,"[]"
8666065,31110006,Truesdale 1,Buena Vista,07100006,Well,Dakota,42.7293,-95.18444,09/03/2002 12:45:00,GWM,NIT-NO3-NO2,Nitrate + Nitrite (AS N),Total,,,,0.1,mg/l,False,0.1,,,353.2,USGSGWM,Actual,GW,Water,,,"[]"
8666065,31110006,Truesdale 1,Buena Vista,07100006,Well,Dakota,42.7293,-95.18444,09/03/2002 12:45:00,GWM,NIT-AMM,Ammonia-nitrogen (AS N),Total,,,,3,mg/l,True,0.05,,,LAC10-107-06-1J,USGSGWM,Actual,GW,Water,,,"[]"
8666065,31110006,Truesdale 1,Buena Vista,07100006,Well,Dakota,42.7293,-95.18444,09/03/2002 12:45:00,GWM,NIT-ORGN,Organic Nitrogen (AS N),Total,,,,0.05,mg/l,False,0.05,,,LAC10-107-06-2E,USGSGWM,Calculated,GW,Water,,,"[]"
8666065,31110006,Truesdale 1,Buena Vista,07100006,Well,Dakota,42.7293,-95.18444,09/03/2002 12:45:00,GWM,14265-44-2,Orthophosphate (AS P),Dissolved,,,,0.05,mg/l,False,0.05,,,LAC10-115-01-1A,USGSGWM,Actual,GW,Water,,,"[]"
8666065,31110006,Truesdale 1,Buena Vista,07100006,Well,Dakota,42.7293,-95.18444,09/03/2002 12:45:00,GWM,PHOSP-PHOSP,"Total Phosphorus, mixed forms (AS P)",Total,,,,0.05,mg/l,False,0.05,,,LAC10-115-01-1C,USGSGWM,Actual,GW,Water,,,"[]"
8666065,31110006,Truesdale 1,Buena Vista,07100006,Well,Dakota,42.7293,-95.18444,09/03/2002 12:45:00,GWM,NIT-KJELD,Kjeldahl nitrogen (AS N),Total,,,,3,mg/l,True,0.05,,,PAI DK03,USGSGWM,Actual,GW,Water,,,"[]"
8666065,31110001,Sioux Rapids 2,Buena Vista,10230003,Well,Alluvium,42.89604,-95.15128,07/29/2003 09:00:00,GWM,NIT-AMM,Ammonia-nitrogen (AS N),Total,,,,0.05,mg/l,False,0.05,,,350.1,USGSGWM,Actual,GW,Water,,,"[]"
8666065,31110001,Sioux Rapids 2,Buena Vista,10230003,Well,Alluvium,42.89604,-95.15128,07/29/2003 09:00:00,GWM,NIT-NO3-NO2,Nitrate + Nitrite (AS N),Total,,,,5.8,mg/l,True,0.1,,,353.2,USGSGWM,Actual,GW,Water,,,"[]"
8666065,31110001,Sioux Rapids 2,Buena Vista,10230003,Well,Alluvium,42.89604,-95.15128,07/29/2003 09:00:00,GWM,14265-44-2,Orthophosphate (AS P),Dissolved,,,,0.02,mg/l,False,0.02,,,365.1,USGSGWM,Actual,GW,Water,,,"[]"
8666065,31110001,Sioux Rapids 2,Buena Vista,10230003,Well,Alluvium,42.89604,-95.15128,07/29/2003 09:00:00,GWM,PHOSP-PHOSP,"Total Phosphorus, mixed forms (AS P)",Total,,,,0.02,mg/l,True,0.02,,,365.4,USGSGWM,Actual,GW,Water,,,"[]"
8666065,31110001,Sioux Rapids 2,Buena Vista,10230003,Well,Alluvium,42.89604,-95.15128,07/29/2003 09:00:00,GWM,NIT-ORGN,Organic Nitrogen (AS N),Total,,,,0.05,mg/l,False,0.05,,,LAC10-107-06-2E,USGSGWM,Calculated,GW,Water,,,"[]"
8666065,31110001,Sioux Rapids 2,Buena Vista,10230003,Well,Alluvium,42.89604,-95.15128,07/29/2003 09:00:00,GWM,NIT-KJELD,Kjeldahl nitrogen (AS N),Total,,,,0.05,mg/l,False,0.05,,,PAI DK03,USGSGWM,Actual,GW,Water,,,"[]"
8666065,31110002,Albert City 3,Buena Vista,07100006,Well,Buried Sand Gravel,42.785645,-94.952921,07/29/2003 10:30:00,GWM,NIT-AMM,Ammonia-nitrogen (AS N),Total,,,,1.7,mg/l,True,0.05,,,350.1,USGSGWM,Actual,GW,Water,,,"[]"
8666065,31110002,Albert City 3,Buena Vista,07100006,Well,Buried Sand Gravel,42.785645,-94.952921,07/29/2003 10:30:00,GWM,NIT-NO3-NO2,Nitrate + Nitrite (AS N),Total,,,,0.1,mg/l,False,0.1,,,353.2,USGSGWM,Actual,GW,Water,,,"[]"
8666065,31110002,Albert City 3,Buena Vista,07100006,Well,Buried Sand Gravel,42.785645,-94.952921,07/29/2003 10:30:00,GWM,14265-44-2,Orthophosphate (AS P),Dissolved,,,,0.02,mg/l,False,0.02,,,365.1,USGSGWM,Actual,GW,Water,,,"[]"
8666065,31110002,Albert City 3,Buena Vista,07100006,Well,Buried Sand Gravel,42.785645,-94.952921,07/29/2003 10:30:00,GWM,PHOSP-PHOSP,"Total Phosphorus, mixed forms (AS P)",Total,,,,0.05,mg/l,True,0.02,,,365.4,USGSGWM,Actual,GW,Water,,,"[]"
8666065,31110002,Albert City 3,Buena Vista,07100006,Well,Buried Sand Gravel,42.785645,-94.952921,07/29/2003 10:30:00,GWM,NIT-ORGN,Organic Nitrogen (AS N),Total,,,,0.6,mg/l,True,0.05,,,LAC10-107-06-2E,USGSGWM,Calculated,GW,Water,,,"[]"
8666065,31110002,Albert City 3,Buena Vista,07100006,Well,Buried Sand Gravel,42.785645,-94.952921,07/29/2003 10:30:00,GWM,NIT-KJELD,Kjeldahl nitrogen (AS N),Total,,,,2.3,mg/l,True,0.05,,,PAI DK03,USGSGWM,Actual,GW,Water,,,"[]"
8666065,31110002,Albert City 3,Buena Vista,07100006,Well,Buried Sand Gravel,42.785645,-94.952921,06/30/2004 15:40:00,GWM,NIT-AMM,Ammonia-nitrogen (AS N),Total,,,,1.5,mg/l,True,0.05,,,350.1,USGSGWM,Actual,GW,Water,,,"[]"
8666065,31110002,Albert City 3,Buena Vista,07100006,Well,Buried Sand Gravel,42.785645,-94.952921,06/30/2004 15:40:00,GWM,NIT-NO3-NO2,Nitrate + Nitrite (AS N),Total,,,,0.05,mg/l,False,0.05,,,353.2,USGSGWM,Actual,GW,Water,,,"[]"
8666065,31110002,Albert City 3,Buena Vista,07100006,Well,Buried Sand Gravel,42.785645,-94.952921,06/30/2004 15:40:00,GWM,14265-44-2,Orthophosphate (AS P),Dissolved,,,,0.02,mg/l,False,0.02,,,365.1,USGSGWM,Actual,GW,Water,,,"[]"
8666065,31110002,Albert City 3,Buena Vista,07100006,Well,Buried Sand Gravel,42.785645,-94.952921,06/30/2004 15:40:00,GWM,PHOSP-PHOSP,"Total Phosphorus, mixed forms (AS P)",Total,,,,0.08,mg/l,True,0.02,,,365.4,USGSGWM,Actual,GW,Water,,,"[]"
8666065,31110002,Albert City 3,Buena Vista,07100006,Well,Buried Sand Gravel,42.785645,-94.952921,06/30/2004 15:40:00,GWM,NIT-ORGN,Organic Nitrogen,Total,,,,0.43,mg/l,True,0.05,,,LAC10-107-06-2E,USGSGWM,Calculated,GW,Water,,,"[]"
8666065,31110001,Sioux Rapids 2,Buena Vista,10230003,Well,Alluvium,42.89604,-95.15128,06/30/2004 13:45:00,GWM,NIT-AMM,Ammonia-nitrogen (AS N),Total,,,,0.05,mg/l,False,0.05,,,350.1,USGSGWM,Actual,GW,Water,,,"[]"
8666065,31110001,Sioux Rapids 2,Buena Vista,10230003,Well,Alluvium,42.89604,-95.15128,06/30/2004 13:45:00,GWM,NIT-NO3-NO2,Nitrate + Nitrite (AS N),Total,,,,6.3,mg/l,True,0.05,,,353.2,USGSGWM,Actual,GW,Water,,,"[]"
8666065,31110001,Sioux Rapids 2,Buena Vista,10230003,Well,Alluvium,42.89604,-95.15128,06/30/2004 13:45:00,GWM,14265-44-2,Orthophosphate (AS P),Dissolved,,,,0.03,mg/l,True,0.02,,,365.1,USGSGWM,Actual,GW,Water,,,"[]"
8666065,31110001,Sioux Rapids 2,Buena Vista,10230003,Well,Alluvium,42.89604,-95.15128,06/30/2004 13:45:00,GWM,PHOSP-PHOSP,"Total Phosphorus, mixed forms (AS P)",Total,,,,0.02,mg/l,True,0.02,,,365.4,USGSGWM,Actual,GW,Water,,,"[]"
8666065,31110001,Sioux Rapids 2,Buena Vista,10230003,Well,Alluvium,42.89604,-95.15128,06/30/2004 13:45:00,GWM,NIT-ORGN,Organic Nitrogen,Total,,,,0.09,mg/l,True,0.05,,,LAC10-107-06-2E,USGSGWM,Calculated,GW,Water,,,"[]"
8666065,31110003,Storm Lake 6,Buena Vista,07100006,Well,Buried Sand Gravel,42.643716,-95.230685,07/12/2004 11:25:00,GWM,NIT-AMM,Ammonia-nitrogen (AS N),Total,,,,1.2,mg/l,True,0.05,,,350.1,USGSGWM,Actual,GW,Water,,,"[]"
8666065,31110003,Storm Lake 6,Buena Vista,07100006,Well,Buried Sand Gravel,42.643716,-95.230685,07/12/2004 11:25:00,GWM,NIT-NO3-NO2,Nitrate + Nitrite (AS N),Total,,,,0.05,mg/l,False,0.05,,,353.2,USGSGWM,Actual,GW,Water,,,"[]"
8666065,31110003,Storm Lake 6,Buena Vista,07100006,Well,Buried Sand Gravel,42.643716,-95.230685,07/12/2004 11:25:00,GWM,14265-44-2,Orthophosphate (AS P),Dissolved,,,,0.02,mg/l,True,0.02,,,365.1,USGSGWM,Actual,GW,Water,,,"[]"
8666065,31110003,Storm Lake 6,Buena Vista,07100006,Well,Buried Sand Gravel,42.643716,-95.230685,07/12/2004 11:25:00,GWM,PHOSP-PHOSP,"Total Phosphorus, mixed forms (AS P)",Total,,,,0.49,mg/l,True,0.02,,,365.4,USGSGWM,Actual,GW,Water,,,"[]"
8666065,31110003,Storm Lake 6,Buena Vista,07100006,Well,Buried Sand Gravel,42.643716,-95.230685,07/12/2004 11:25:00,GWM,NIT-ORGN,Organic Nitrogen,Total,,,,0.65,mg/l,True,0.05,,,LAC10-107-06-2E,USGSGWM,Calculated,GW,Water,,,"[]"
8666065,31110001,Sioux Rapids 2,Buena Vista,10230003,Well,Alluvium,42.89604,-95.15128,07/12/2005 12:15:00,GWM,NIT-AMM,Ammonia-nitrogen (AS N),Total,,,,0.05,mg/l,False,0.05,,,350.1,USGSGWM,Actual,GW,Water,,,"[]"
8666065,31110001,Sioux Rapids 2,Buena Vista,10230003,Well,Alluvium,42.89604,-95.15128,07/12/2005 12:15:00,GWM,NIT-KJELD,Kjeldahl nitrogen (AS N),Total,,,,0.18,mg/l,True,0.1,,,351.2,USGSGWM,Actual,GW,Water,,,"[]"
8666065,31110001,Sioux Rapids 2,Buena Vista,10230003,Well,Alluvium,42.89604,-95.15128,07/12/2005 12:15:00,GWM,NIT-NO3-NO2,Nitrate + Nitrite (AS N),Total,,,,6.5,mg/l,True,0.05,,,353.2,USGSGWM,Actual,GW,Water,,,"[]"
8666065,31110001,Sioux Rapids 2,Buena Vista,10230003,Well,Alluvium,42.89604,-95.15128,07/12/2005 12:15:00,GWM,14265-44-2,Orthophosphate (AS P),Dissolved,,,,0.02,mg/l,True,0.02,,,365.1,USGSGWM,Actual,GW,Water,,,"[]"
8666065,31110001,Sioux Rapids 2,Buena Vista,10230003,Well,Alluvium,42.89604,-95.15128,07/12/2005 12:15:00,GWM,PHOSP-PHOSP,"Total Phosphorus, mixed forms (AS P)",Total,,,,0.03,mg/l,True,0.02,,,365.4,USGSGWM,Actual,GW,Water,,,"[]"
8666065,31110001,Sioux Rapids 2,Buena Vista,10230003,Well,Alluvium,42.89604,-95.15128,07/12/2005 12:15:00,GWM,NIT-ORGN,Organic Nitrogen,Total,,,,0.17,mg/l,True,0.1,,,LAC10-107-06-2E,USGSGWM,Calculated,GW,Water,,,"[]"
8666065,31110002,Albert City 3,Buena Vista,07100006,Well,Buried Sand Gravel,42.785645,-94.952921,07/12/2005 11:00:00,GWM,NIT-AMM,Ammonia-nitrogen (AS N),Total,,,,1.6,mg/l,True,0.05,,,350.1,USGSGWM,Actual,GW,Water,,,"[]"
8666065,31110002,Albert City 3,Buena Vista,07100006,Well,Buried Sand Gravel,42.785645,-94.952921,07/12/2005 11:00:00,GWM,NIT-KJELD,Kjeldahl nitrogen (AS N),Total,,,,1.8,mg/l,True,0.1,,,351.2,USGSGWM,Actual,GW,Water,,,"[]"
8666065,31110002,Albert City 3,Buena Vista,07100006,Well,Buried Sand Gravel,42.785645,-94.952921,07/12/2005 11:00:00,GWM,NIT-NO3-NO2,Nitrate + Nitrite (AS N),Total,,,,0.05,mg/l,False,0.05,,,353.2,USGSGWM,Actual,GW,Water,,,"[]"
8666065,31110002,Albert City 3,Buena Vista,07100006,Well,Buried Sand Gravel,42.785645,-94.952921,07/12/2005 11:00:00,GWM,14265-44-2,Orthophosphate (AS P),Dissolved,,,,0.02,mg/l,False,0.02,,,365.1,USGSGWM,Actual,GW,Water,,,"[]"
8666065,31110002,Albert City 3,Buena Vista,07100006,Well,Buried Sand Gravel,42.785645,-94.952921,07/12/2005 11:00:00,GWM,PHOSP-PHOSP,"Total Phosphorus, mixed forms (AS P)",Total,,,,0.07,mg/l,True,0.02,,,365.4,USGSGWM,Actual,GW,Water,,,"[]"
8666065,31110002,Albert City 3,Buena Vista,07100006,Well,Buried Sand Gravel,42.785645,-94.952921,07/12/2005 11:00:00,GWM,NIT-ORGN,Organic Nitrogen,Total,,,,0.25,mg/l,True,0.05,,,LAC10-107-06-2E,USGSGWM,Calculated,GW,Water,,,"[]"
8666065,31110005,Newell 4,Buena Vista,07100006,Well,Buried Sand Gravel,42.60542,-95.00151,06/19/2006 13:00:00,GWM,NIT-AMM,Ammonia-nitrogen (AS N),Total,,,,3.6,mg/l,True,0.05,,,350.1,USGSGWM,Actual,GW,Water,,,"[]"
8666065,31110005,Newell 4,Buena Vista,07100006,Well,Buried Sand Gravel,42.60542,-95.00151,06/19/2006 13:00:00,GWM,NIT-KJELD,Kjeldahl nitrogen (AS N),Total,,,,3.8,mg/l,True,0.1,,,351.2,USGSGWM,Actual,GW,Water,,,"[]"
8666065,31110005,Newell 4,Buena Vista,07100006,Well,Buried Sand Gravel,42.60542,-95.00151,06/19/2006 13:00:00,GWM,NIT-NO3-NO2,Nitrate + Nitrite (AS N),Total,,,,0.05,mg/l,False,0.05,,,353.2,USGSGWM,Actual,GW,Water,,,"[]"
8666065,31110005,Newell 4,Buena Vista,07100006,Well,Buried Sand Gravel,42.60542,-95.00151,06/19/2006 13:00:00,GWM,14265-44-2,Orthophosphate (AS P),Dissolved,,,,0.02,mg/l,False,0.02,,,365.1,USGSGWM,Actual,GW,Water,,,"[]"
8666065,31110005,Newell 4,Buena Vista,07100006,Well,Buried Sand Gravel,42.60542,-95.00151,06/19/2006 13:00:00,GWM,PHOSP-PHOSP,"Total Phosphorus, mixed forms (AS P)",Total,,,,0.15,mg/l,True,0.02,,,365.4,USGSGWM,Actual,GW,Water,,,"[]"
8666065,31110005,Newell 4,Buena Vista,07100006,Well,Buried Sand Gravel,42.60542,-95.00151,06/19/2006 13:00:00,GWM,NIT-ORGN,Organic Nitrogen,Total,,,,0.2,mg/l,True,0.1,,,LAC10-107-06-2E,USGSGWM,Calculated,GW,Water,,,"[]"
8666065,31110002,Albert City 3,Buena Vista,07100006,Well,Buried Sand Gravel,42.785645,-94.952921,07/03/2006 10:20:00,GWM,NIT-AMM,Ammonia-nitrogen (AS N),Total,,,,1.6,mg/l,True,0.05,,,350.1,USGSGWM,Actual,GW,Water,,,"[]"
8666065,31110002,Albert City 3,Buena Vista,07100006,Well,Buried Sand Gravel,42.785645,-94.952921,07/03/2006 10:20:00,GWM,NIT-KJELD,Kjeldahl nitrogen (AS N),Total,,,,1.7,mg/l,True,0.1,,,351.2,USGSGWM,Actual,GW,Water,,,"[]"
8666065,31110002,Albert City 3,Buena Vista,07100006,Well,Buried Sand Gravel,42.785645,-94.952921,07/03/2006 10:20:00,GWM,NIT-NO3-NO2,Nitrate + Nitrite (AS N),Total,,,,0.05,mg/l,False,0.05,,,353.2,USGSGWM,Actual,GW,Water,,,"[]"
8666065,31110002,Albert City 3,Buena Vista,07100006,Well,Buried Sand Gravel,42.785645,-94.952921,07/03/2006 10:20:00,GWM,14265-44-2,Orthophosphate (AS P),Dissolved,,,,0.02,mg/l,False,0.02,,,365.1,USGSGWM,Actual,GW,Water,,,"[]"
8666065,31110002,Albert City 3,Buena Vista,07100006,Well,Buried Sand Gravel,42.785645,-94.952921,07/03/2006 10:20:00,GWM,PHOSP-PHOSP,"Total Phosphorus, mixed forms (AS P)",Total,,,,0.08,mg/l,True,0.02,,,365.4,USGSGWM,Actual,GW,Water,,,"[]"
8666065,31110002,Albert City 3,Buena Vista,07100006,Well,Buried Sand Gravel,42.785645,-94.952921,07/03/2006 10:20:00,GWM,NIT-ORGN,Organic Nitrogen,Total,,,,0.1,mg/l,False,0.1,,,LAC10-107-06-2E,USGSGWM,Calculated,GW,Water,,,"[]"
8666065,31110001,Sioux Rapids 2,Buena Vista,10230003,Well,Alluvium,42.89604,-95.15128,07/03/2006 12:20:00,GWM,NIT-AMM,Ammonia-nitrogen (AS N),Total,,,,0.05,mg/l,False,0.05,,,350.1,USGSGWM,Actual,GW,Water,,,"[]"
8666065,31110001,Sioux Rapids 2,Buena Vista,10230003,Well,Alluvium,42.89604,-95.15128,07/03/2006 12:20:00,GWM,NIT-KJELD,Kjeldahl nitrogen (AS N),Total,,,,0.2,mg/l,True,0.1,,,351.2,USGSGWM,Actual,GW,Water,,,"[]"
8666065,31110001,Sioux Rapids 2,Buena Vista,10230003,Well,Alluvium,42.89604,-95.15128,07/03/2006 12:20:00,GWM,NIT-NO3-NO2,Nitrate + Nitrite (AS N),Total,,,,8.1,mg/l,True,0.05,,,353.2,USGSGWM,Actual,GW,Water,,,"[]"
8666065,31110001,Sioux Rapids 2,Buena Vista,10230003,Well,Alluvium,42.89604,-95.15128,07/03/2006 12:20:00,GWM,14265-44-2,Orthophosphate (AS P),Dissolved,,,,0.02,mg/l,False,0.02,,,365.1,USGSGWM,Actual,GW,Water,,,"[]"
8666065,31110001,Sioux Rapids 2,Buena Vista,10230003,Well,Alluvium,42.89604,-95.15128,07/03/2006 12:20:00,GWM,PHOSP-PHOSP,"Total Phosphorus, mixed forms (AS P)",Total,,,,0.04,mg/l,True,0.02,,,365.4,USGSGWM,Actual,GW,Water,,,"[]"
8666065,31110001,Sioux Rapids 2,Buena Vista,10230003,Well,Alluvium,42.89604,-95.15128,07/03/2006 12:20:00,GWM,NIT-ORGN,Organic Nitrogen,Total,,,,0.2,mg/l,True,0.1,,,LAC10-107-06-2E,USGSGWM,Calculated,GW,Water,,,"[]"
8666065,31110002,Albert City 3,Buena Vista,07100006,Well,Buried Sand Gravel,42.785645,-94.952921,08/07/2012 10:00:00,GWM,NIT-NO3-NO2,Nitrate + Nitrite (AS N),Total,,,,0.1,mg/l,False,0.1,,,LAC10-107-04-1J,GWMPWS,Actual,GW,Water,,,"[]"
8666065,31110002,Albert City 3,Buena Vista,07100006,Well,Buried Sand Gravel,42.785645,-94.952921,08/07/2012 10:00:00,GWM,NIT-AMM,Ammonia-nitrogen (AS N),Total,,,,1.8,mg/l,True,0.05,,,LAC10-107-06-1J,GWMPWS,Actual,GW,Water,,,"[]"
8666065,31110002,Albert City 3,Buena Vista,07100006,Well,Buried Sand Gravel,42.785645,-94.952921,08/07/2012 10:00:00,GWM,NIT-KJELD,Kjeldahl nitrogen (AS N),Total,,,,2.1,mg/l,True,0.1,,,LAC10-107-06-2E,GWMPWS,Actual,GW,Water,,,"[]"
8666065,31110002,Albert City 3,Buena Vista,07100006,Well,Buried Sand Gravel,42.785645,-94.952921,08/07/2012 10:00:00,GWM,14265-44-2,Orthophosphate (AS P),Dissolved,,,,0.02,mg/l,False,0.02,,,LAC10-115-01-1A,GWMPWS,Actual,GW,Water,,,"[]"
8666065,31110002,Albert City 3,Buena Vista,07100006,Well,Buried Sand Gravel,42.785645,-94.952921,08/07/2012 10:00:00,GWM,PHOSP-PHOSP,"Total Phosphorus, mixed forms (AS P)",Total,,,,0.05,mg/l,True,0.02,,,LAC10-115-01-1D,GWMPWS,Actual,GW,Water,,,"[]"
8666065,31110001,Sioux Rapids 2,Buena Vista,10230003,Well,Alluvium,42.89604,-95.15128,10/18/2016 17:00:00,GWM,NIT-NO3-NO2,Nitrate + Nitrite (AS N),Total,,,,6.2,mg/l,True,0.1,,,LAC10-107-04-1J,GWM,Actual,GW,Water,,,"[]"
8666065,31110001,Sioux Rapids 2,Buena Vista,10230003,Well,Alluvium,42.89604,-95.15128,10/18/2016 17:00:00,GWM,NIT-AMM,Ammonia-nitrogen (AS N),Total,,,,0.05,mg/l,False,0.05,,,LAC10-107-06-1J,GWM,Actual,GW,Water,,,"[]"
8666065,31110007,Storm Lake 18,Buena Vista,07100006,Well,Buried Sand Gravel,42.6470878538,-95.2402987737,11/09/2016 13:40:00,GWM,NIT-NO3-NO2,Nitrate + Nitrite (AS N),Total,,,,0.1,mg/l,False,0.1,,,LAC10-107-04-1J,GWM,Actual,GW,Water,,,"[]"
8666065,31110007,Storm Lake 18,Buena Vista,07100006,Well,Buried Sand Gravel,42.6470878538,-95.2402987737,11/09/2016 13:40:00,GWM,NIT-AMM,Ammonia-nitrogen (AS N),Total,,,,0.5,mg/l,True,0.05,,,LAC10-107-06-1J,GWM,Actual,GW,Water,,,"[]"
8666065,31110007,Storm Lake 18,Buena Vista,07100006,Well,Buried Sand Gravel,42.6470878538,-95.2402987737,12/03/2015 08:43:00,GWM,NIT-NO3-NO2,Nitrate + Nitrite (AS N),Total,,,,0.1,mg/l,False,0.1,,,LAC10-107-04-1J,GWM,Actual,GW,Water,,,"[]"
8666065,31110007,Storm Lake 18,Buena Vista,07100006,Well,Buried Sand Gravel,42.6470878538,-95.2402987737,12/03/2015 08:43:00,GWM,NIT-AMM,Ammonia-nitrogen (AS N),Total,,,,0.45,mg/l,True,0.05,,,LAC10-107-06-1J,GWM,Actual,GW,Water,,,"[]"
8666065,31110007,Storm Lake 18,Buena Vista,07100006,Well,Buried Sand Gravel,42.6470878538,-95.2402987737,12/03/2015 08:43:00,GWM,NIT-KJELD,Kjeldahl nitrogen (AS N),Total,,,,0.8,mg/l,True,0.1,,,LAC10-107-06-2E,GWM,Actual,GW,Water,,,"[]"
8666065,31110007,Storm Lake 18,Buena Vista,07100006,Well,Buried Sand Gravel,42.6470878538,-95.2402987737,12/03/2015 08:43:00,GWM,14265-44-2,Orthophosphate (AS P),Dissolved,,,,0.02,mg/l,False,0.02,,,LAC10-115-01-1A,GWM,Actual,GW,Water,,,"[]"
8666065,31110007,Storm Lake 18,Buena Vista,07100006,Well,Buried Sand Gravel,42.6470878538,-95.2402987737,12/03/2015 08:43:00,GWM,PHOSP-PHOSP,"Total Phosphorus, mixed forms (AS P)",Total,,,,0.18,mg/l,True,0.02,,,LAC10-115-01-1D,GWM,Actual,GW,Water,,,"[]"
8666065,31110001,Sioux Rapids 2,Buena Vista,10230003,Well,Alluvium,42.89604,-95.15128,01/20/2016 10:45:00,GWM,NIT-NO3-NO2,Nitrate + Nitrite (AS N),Total,,,,7.1,mg/l,True,0.1,,,LAC10-107-04-1J,GWM,Actual,GW,Water,,Sample exceeded required temperature upon receipt.,"[]"
8666065,31110001,Sioux Rapids 2,Buena Vista,10230003,Well,Alluvium,42.89604,-95.15128,01/20/2016 10:45:00,GWM,NIT-AMM,Ammonia-nitrogen (AS N),Total,,,,0.05,mg/l,False,0.05,,,LAC10-107-06-1J,GWM,Actual,GW,Water,,Sample exceeded required temperature upon receipt.,"[]"
8666065,31110001,Sioux Rapids 2,Buena Vista,10230003,Well,Alluvium,42.89604,-95.15128,01/20/2016 10:45:00,GWM,NIT-KJELD,Kjeldahl nitrogen (AS N),Total,,,,0.1,mg/l,False,0.1,,,LAC10-107-06-2E,GWM,Actual,GW,Water,,Sample exceeded required temperature upon receipt.,"[]"
8666065,31110001,Sioux Rapids 2,Buena Vista,10230003,Well,Alluvium,42.89604,-95.15128,01/20/2016 10:45:00,GWM,14265-44-2,Orthophosphate (AS P),Dissolved,,,,0.02,mg/l,False,0.02,,,LAC10-115-01-1A,GWM,Actual,GW,Water,,Sample exceeded required temperature upon receipt.,"[]"
8666065,31110001,Sioux Rapids 2,Buena Vista,10230003,Well,Alluvium,42.89604,-95.15128,01/20/2016 10:45:00,GWM,PHOSP-PHOSP,"Total Phosphorus, mixed forms (AS P)",Total,,,,0.03,mg/l,True,0.02,,,LAC10-115-01-1D,GWM,Actual,GW,Water,,Sample exceeded required temperature upon receipt.,"[]"
8666065,31110001,Sioux Rapids 2,Buena Vista,10230003,Well,Alluvium,42.89604,-95.15128,02/19/2015 10:30:00,GWM,14265-44-2,Orthophosphate (AS P),Dissolved,,,,0.02,mg/l,True,0.02,,,4500-P-E,GWM,Actual,GW,Water,,,"[]"
8666065,31110001,Sioux Rapids 2,Buena Vista,10230003,Well,Alluvium,42.89604,-95.15128,02/19/2015 10:30:00,GWM,NIT-NO3-NO2,Nitrate + Nitrite (AS N),Total,,,,5.9,mg/l,True,0.1,,,LAC10-107-04-1J,GWM,Actual,GW,Water,,,"[]"
8666065,31110001,Sioux Rapids 2,Buena Vista,10230003,Well,Alluvium,42.89604,-95.15128,02/19/2015 10:30:00,GWM,NIT-AMM,Ammonia-nitrogen (AS N),Total,,,,0.05,mg/l,False,0.05,,,LAC10-107-06-1J,GWM,Actual,GW,Water,,,"[]"
8666065,31110001,Sioux Rapids 2,Buena Vista,10230003,Well,Alluvium,42.89604,-95.15128,02/19/2015 10:30:00,GWM,NIT-KJELD,Kjeldahl nitrogen (AS N),Total,,,,0.3,mg/l,True,0.1,,,LAC10-107-06-2E,GWM,Actual,GW,Water,,,"[]"
8666065,31110001,Sioux Rapids 2,Buena Vista,10230003,Well,Alluvium,42.89604,-95.15128,02/19/2015 10:30:00,GWM,PHOSP-PHOSP,"Total Phosphorus, mixed forms (AS P)",Total,,,,0.04,mg/l,True,0.02,,,LAC10-115-01-1D,GWM,Actual,GW,Water,,,"[]"
8666065,31110007,Storm Lake 18,Buena Vista,07100006,Well,Buried Sand Gravel,42.6470878538,-95.2402987737,04/08/2013 13:35:00,GWM,NIT-NO3-NO2,Nitrate + Nitrite (AS N),Total,,,,0.1,mg/l,False,0.1,,,LAC10-107-04-1J,GWM,Actual,GW,Water,,,"[]"
8666065,31110007,Storm Lake 18,Buena Vista,07100006,Well,Buried Sand Gravel,42.6470878538,-95.2402987737,04/08/2013 13:35:00,GWM,NIT-AMM,Ammonia-nitrogen (AS N),Total,,,,0.61,mg/l,True,0.05,,,LAC10-107-06-1J,GWM,Actual,GW,Water,,,"[]"
8666065,31110007,Storm Lake 18,Buena Vista,07100006,Well,Buried Sand Gravel,42.6470878538,-95.2402987737,04/08/2013 13:35:00,GWM,NIT-KJELD,Kjeldahl nitrogen (AS N),Total,,,,0.9,mg/l,True,0.1,,,LAC10-107-06-2E,GWM,Actual,GW,Water,,,"[]"
8666065,31110007,Storm Lake 18,Buena Vista,07100006,Well,Buried Sand Gravel,42.6470878538,-95.2402987737,04/08/2013 13:35:00,GWM,14265-44-2,Orthophosphate (AS P),Dissolved,,,,0.07,mg/l,True,0.02,,,LAC10-115-01-1A,GWM,Actual,GW,Water,,,"[]"
8666065,31110007,Storm Lake 18,Buena Vista,07100006,Well,Buried Sand Gravel,42.6470878538,-95.2402987737,04/08/2013 13:35:00,GWM,PHOSP-PHOSP,"Total Phosphorus, mixed forms (AS P)",Total,,,,0.22,mg/l,True,0.02,,,LAC10-115-01-1D,GWM,Actual,GW,Water,,,"[]"
8666065,31110002,Albert City 3,Buena Vista,07100006,Well,Buried Sand Gravel,42.785645,-94.952921,11/20/2017 08:25:00,GWM,NIT-NO3-NO2,Nitrate + Nitrite (AS N),None,,,,0.1,mg/l,False,0.1,,,LAC10-107-06-1J,GWM,Actual,GW,Water,,,"[]"
8666065,31110002,Albert City 3,Buena Vista,07100006,Well,Buried Sand Gravel,42.785645,-94.952921,11/20/2017 08:25:00,GWM,NIT-AMM,Ammonia-nitrogen (AS N),None,,,,0.09,mg/l,True,0.05,,,LAC10-107-06-1J,GWM,Actual,GW,Water,,,"[]"
8666065,31110007,Storm Lake 18,Buena Vista,07100006,Well,Buried Sand Gravel,42.6470878538,-95.2402987737,01/31/2019 10:30:00,GWM,NIT-NO3-NO2,Nitrate + Nitrite (AS N),None,,,,0.1,mg/l,False,0.1,,,LAC10-107-06-1J,GWM,Actual,GW,Water,,,"[]"
8666065,31110007,Storm Lake 18,Buena Vista,07100006,Well,Buried Sand Gravel,42.6470878538,-95.2402987737,01/31/2019 10:30:00,GWM,NIT-AMM,Ammonia-nitrogen (AS N),None,,,,0.52,mg/l,True,0.05,,,LAC10-107-06-1J,GWM,Actual,GW,Water,,,"[]"
8666065,31110007,Storm Lake 18,Buena Vista,07100006,Well,Buried Sand Gravel,42.6470878538,-95.2402987737,01/31/2019 10:30:00,GWM,14265-44-2,Orthophosphate (AS P),Dissolved,,,,0.02,mg/l,False,0.02,,,LAC10-115-01-1A,GWM,Actual,GW,Water,,Sample was not field filtered per method and was filtered for analysis after receipt by the laboratory.,"[]"
8666065,31110009,Storm Lake 19,Buena Vista,07100006,Well,Buried Sand Gravel,42.63376,-95.24359,04/04/2023 09:20:00,GWM,NIT-NO3-NO2,Nitrate + Nitrite (AS N),Total,,,,0.1,mg/l,False,0.1,,,LAC10-107-04-1J,GWM,Actual,GW,Water,,,"[]"
8666065,31110009,Storm Lake 19,Buena Vista,07100006,Well,Buried Sand Gravel,42.63376,-95.24359,04/04/2023 09:20:00,GWM,NIT-AMM,Ammonia-nitrogen (AS N),Total,,,,0.6,mg/l,True,0.05,,,LAC10-107-06-1J,GWM,Actual,GW,Water,,,"[]"
8666065,31110007,Storm Lake 18,Buena Vista,07100006,Well,Buried Sand Gravel,42.6470878538,-95.2402987737,04/04/2023 09:10:00,GWM,NIT-NO3-NO2,Nitrate + Nitrite (AS N),Total,,,,0.1,mg/l,False,0.1,,,LAC10-107-04-1J,GWM,Actual,GW,Water,,,"[]"
8666065,31110007,Storm Lake 18,Buena Vista,07100006,Well,Buried Sand Gravel,42.6470878538,-95.2402987737,04/04/2023 09:10:00,GWM,NIT-AMM,Ammonia-nitrogen (AS N),Total,,,,0.38,mg/l,True,0.05,,,LAC10-107-06-1J,GWM,Actual,GW,Water,,,"[]"
8666065,31110008,Linn Grove 4,Buena Vista,10230003,Well,Alluvium,42.89322,-95.245462,05/16/2023 08:50:00,GWM,NIT-NO3-NO2,Nitrate + Nitrite (AS N),Total,,,,2.2,mg/l,True,0.1,,,LAC10-107-04-1J,GWM,Actual,GW,Water,,,"[]"
8666065,31110008,Linn Grove 4,Buena Vista,10230003,Well,Alluvium,42.89322,-95.245462,05/16/2023 08:50:00,GWM,NIT-AMM,Ammonia-nitrogen (AS N),Total,,,,0.1,mg/l,False,0.1,,,LAC10-107-06-1J,GWM,Actual,GW,Water,,,"[]"
8666065,31110010,Storm Lake 15,Buena Vista,07100006,Well,Dakota,42.656672,-95.230894,02/23/2021 13:39:00,GWM,NIT-NO3-NO2,Nitrate + Nitrite (AS N),None,,,,0.1,mg/l,False,0.1,,,LAC10-107-06-1J,GWM,Actual,GW,Water,,,"[]"
8666065,31110010,Storm Lake 15,Buena Vista,07100006,Well,Dakota,42.656672,-95.230894,02/23/2021 13:39:00,GWM,NIT-AMM,Ammonia-nitrogen (AS N),None,,,,2.8,mg/l,True,0.05,,,LAC10-107-06-1J,GWM,Actual,GW,Water,,,"[]"
8666065,31110010,Storm Lake 15,Buena Vista,07100006,Well,Dakota,42.656672,-95.230894,02/23/2021 13:39:00,GWM,14265-44-2,Orthophosphate (AS P),Dissolved,,,,0.02,mg/l,True,0.02,,,LAC10-115-01-1A,GWM,Actual,GW,Water,,,"[]"
