facilityID,siteID,name,county,huc8,type,aquifer,latitude,longitude,sampleDate,projectCode,cas_rn,analyte,fraction,relDepth,sampDepth,sampDepthUnit,result,unit,detect,detectLimit,quantFlag,quantLimit,method,colMethod,resultType,matrix,medium,qualFlag,remark,xParams
8666065,31120001,Greene 2,Butler,07080202,Well,Devonian,42.891988,-92.810361,08/08/2002 11:00:00,GWM,NIT-NO3-NO2,Nitrate + Nitrite (AS N),Total,,,,0.1,mg/l,False,0.1,,,353.2,USGSGWM,Actual,GW,Water,,,"[]"
8666065,31120001,Greene 2,Butler,07080202,Well,Devonian,42.891988,-92.810361,08/08/2002 11:00:00,GWM,NIT-AMM,Ammonia-nitrogen (AS N),Total,,,,0.05,mg/l,False,0.05,,,LAC10-107-06-1J,USGSGWM,Actual,GW,Water,,,"[]"
8666065,31120001,Greene 2,Butler,07080202,Well,Devonian,42.891988,-92.810361,08/08/2002 11:00:00,GWM,NIT-ORGN,Organic Nitrogen (AS N),Total,,,,0.05,mg/l,False,0.05,,,LAC10-107-06-2E,USGSGWM,Calculated,GW,Water,,,"[]"
8666065,31120001,Greene 2,Butler,07080202,Well,Devonian,42.891988,-92.810361,08/08/2002 11:00:00,GWM,14265-44-2,Orthophosphate (AS P),Dissolved,,,,0.05,mg/l,False,0.05,,,LAC10-115-01-1A,USGSGWM,Actual,GW,Water,,,"[]"
8666065,31120001,Greene 2,Butler,07080202,Well,Devonian,42.891988,-92.810361,08/08/2002 11:00:00,GWM,PHOSP-PHOSP,"Total Phosphorus, mixed forms (AS P)",Total,,,,0.05,mg/l,False,0.05,,,LAC10-115-01-1C,USGSGWM,Actual,GW,Water,,,"[]"
8666065,31120001,Greene 2,Butler,07080202,Well,Devonian,42.891988,-92.810361,08/08/2002 11:00:00,GWM,NIT-KJELD,Kjeldahl nitrogen (AS N),Total,,,,0.05,mg/l,False,0.05,,,PAI DK03,USGSGWM,Actual,GW,Water,,,"[]"
8666065,31120003,Allison 2,Butler,07080204,Well,Devonian,42.756669,-92.795978,07/24/2003 09:30:00,GWM,NIT-AMM,Ammonia-nitrogen (AS N),Total,,,,0.05,mg/l,False,0.05,,,350.1,USGSGWM,Actual,GW,Water,,,"[]"
8666065,31120003,Allison 2,Butler,07080204,Well,Devonian,42.756669,-92.795978,07/24/2003 09:30:00,GWM,NIT-NO3-NO2,Nitrate + Nitrite (AS N),Total,,,,0.1,mg/l,False,0.1,,,353.2,USGSGWM,Actual,GW,Water,,,"[]"
8666065,31120003,Allison 2,Butler,07080204,Well,Devonian,42.756669,-92.795978,07/24/2003 09:30:00,GWM,14265-44-2,Orthophosphate (AS P),Dissolved,,,,0.02,mg/l,False,0.02,,,365.1,USGSGWM,Actual,GW,Water,,,"[]"
8666065,31120003,Allison 2,Butler,07080204,Well,Devonian,42.756669,-92.795978,07/24/2003 09:30:00,GWM,PHOSP-PHOSP,"Total Phosphorus, mixed forms (AS P)",Total,,,,0.02,mg/l,False,0.02,,,365.4,USGSGWM,Actual,GW,Water,,,"[]"
8666065,31120003,Allison 2,Butler,07080204,Well,Devonian,42.756669,-92.795978,07/24/2003 09:30:00,GWM,NIT-ORGN,Organic Nitrogen (AS N),Total,,,,0.19,mg/l,True,0.05,,,LAC10-107-06-2E,USGSGWM,Calculated,GW,Water,,,"[]"
8666065,31120003,Allison 2,Butler,07080204,Well,Devonian,42.756669,-92.795978,07/24/2003 09:30:00,GWM,NIT-KJELD,Kjeldahl nitrogen (AS N),Total,,,,0.23,mg/l,True,0.05,,,PAI DK03,USGSGWM,Actual,GW,Water,,,"[]"
8666065,31120004,Clarksville 2,Butler,07080202,Well,Devonian,42.784479,-92.668745,07/24/2003 13:30:00,GWM,NIT-AMM,Ammonia-nitrogen (AS N),Total,,,,0.05,mg/l,False,0.05,,,350.1,USGSGWM,Actual,GW,Water,,,"[]"
8666065,31120004,Clarksville 2,Butler,07080202,Well,Devonian,42.784479,-92.668745,07/24/2003 13:30:00,GWM,NIT-NO3-NO2,Nitrate + Nitrite (AS N),Total,,,,3.2,mg/l,True,0.1,,,353.2,USGSGWM,Actual,GW,Water,,,"[]"
8666065,31120004,Clarksville 2,Butler,07080202,Well,Devonian,42.784479,-92.668745,07/24/2003 13:30:00,GWM,14265-44-2,Orthophosphate (AS P),Dissolved,,,,0.02,mg/l,False,0.02,,,365.1,USGSGWM,Actual,GW,Water,,,"[]"
8666065,31120004,Clarksville 2,Butler,07080202,Well,Devonian,42.784479,-92.668745,07/24/2003 13:30:00,GWM,PHOSP-PHOSP,"Total Phosphorus, mixed forms (AS P)",Total,,,,0.02,mg/l,False,0.02,,,365.4,USGSGWM,Actual,GW,Water,,,"[]"
8666065,31120004,Clarksville 2,Butler,07080202,Well,Devonian,42.784479,-92.668745,07/24/2003 13:30:00,GWM,NIT-ORGN,Organic Nitrogen (AS N),Total,,,,0.05,mg/l,False,0.05,,,LAC10-107-06-2E,USGSGWM,Calculated,GW,Water,,,"[]"
8666065,31120004,Clarksville 2,Butler,07080202,Well,Devonian,42.784479,-92.668745,07/24/2003 13:30:00,GWM,NIT-KJELD,Kjeldahl nitrogen (AS N),Total,,,,0.07,mg/l,True,0.05,,,PAI DK03,USGSGWM,Actual,GW,Water,,,"[]"
8666065,31120002,Allison 1,Butler,07080204,Well,Devonian,42.756646,-92.795993,07/24/2003 10:00:00,GWM,NIT-AMM,Ammonia-nitrogen (AS N),Total,,,,0.14,mg/l,True,0.05,,,350.1,USGSGWM,Actual,GW,Water,,,"[]"
8666065,31120002,Allison 1,Butler,07080204,Well,Devonian,42.756646,-92.795993,07/24/2003 10:00:00,GWM,NIT-NO3-NO2,Nitrate + Nitrite (AS N),Total,,,,0.1,mg/l,False,0.1,,,353.2,USGSGWM,Actual,GW,Water,,,"[]"
8666065,31120002,Allison 1,Butler,07080204,Well,Devonian,42.756646,-92.795993,07/24/2003 10:00:00,GWM,14265-44-2,Orthophosphate (AS P),Dissolved,,,,0.02,mg/l,False,0.02,,,365.1,USGSGWM,Actual,GW,Water,,,"[]"
8666065,31120002,Allison 1,Butler,07080204,Well,Devonian,42.756646,-92.795993,07/24/2003 10:00:00,GWM,PHOSP-PHOSP,"Total Phosphorus, mixed forms (AS P)",Total,,,,0.02,mg/l,False,0.02,,,365.4,USGSGWM,Actual,GW,Water,,,"[]"
8666065,31120002,Allison 1,Butler,07080204,Well,Devonian,42.756646,-92.795993,07/24/2003 10:00:00,GWM,NIT-ORGN,Organic Nitrogen (AS N),Total,,,,0.16,mg/l,True,0.05,,,LAC10-107-06-2E,USGSGWM,Calculated,GW,Water,,,"[]"
8666065,31120002,Allison 1,Butler,07080204,Well,Devonian,42.756646,-92.795993,07/24/2003 10:00:00,GWM,NIT-KJELD,Kjeldahl nitrogen (AS N),Total,,,,0.3,mg/l,True,0.05,,,PAI DK03,USGSGWM,Actual,GW,Water,,,"[]"
8666065,31120006,New Hartford 1,Butler,07080205,Well,Devonian,42.56975,-92.62216,07/25/2003 09:30:00,GWM,NIT-AMM,Ammonia-nitrogen (AS N),Total,,,,0.58,mg/l,True,0.05,,,350.1,USGSGWM,Actual,GW,Water,,,"[]"
8666065,31120006,New Hartford 1,Butler,07080205,Well,Devonian,42.56975,-92.62216,07/25/2003 09:30:00,GWM,NIT-NO3-NO2,Nitrate + Nitrite (AS N),Total,,,,0.1,mg/l,False,0.1,,,353.2,USGSGWM,Actual,GW,Water,,,"[]"
8666065,31120006,New Hartford 1,Butler,07080205,Well,Devonian,42.56975,-92.62216,07/25/2003 09:30:00,GWM,14265-44-2,Orthophosphate (AS P),Dissolved,,,,0.02,mg/l,False,0.02,,,365.1,USGSGWM,Actual,GW,Water,,,"[]"
8666065,31120006,New Hartford 1,Butler,07080205,Well,Devonian,42.56975,-92.62216,07/25/2003 09:30:00,GWM,PHOSP-PHOSP,"Total Phosphorus, mixed forms (AS P)",Total,,,,0.08,mg/l,True,0.02,,,365.4,USGSGWM,Actual,GW,Water,,,"[]"
8666065,31120006,New Hartford 1,Butler,07080205,Well,Devonian,42.56975,-92.62216,07/25/2003 09:30:00,GWM,NIT-ORGN,Organic Nitrogen (AS N),Total,,,,0.39,mg/l,True,0.05,,,LAC10-107-06-2E,USGSGWM,Calculated,GW,Water,,,"[]"
8666065,31120006,New Hartford 1,Butler,07080205,Well,Devonian,42.56975,-92.62216,07/25/2003 09:30:00,GWM,NIT-KJELD,Kjeldahl nitrogen (AS N),Total,,,,0.96,mg/l,True,0.05,,,PAI DK03,USGSGWM,Actual,GW,Water,,,"[]"
8666065,31120007,New Hartford 2,Butler,07080205,Well,Devonian,42.56678,-92.63007,07/25/2003 10:00:00,GWM,NIT-AMM,Ammonia-nitrogen (AS N),Total,,,,0.39,mg/l,True,0.05,,,350.1,USGSGWM,Actual,GW,Water,,,"[]"
8666065,31120007,New Hartford 2,Butler,07080205,Well,Devonian,42.56678,-92.63007,07/25/2003 10:00:00,GWM,NIT-NO3-NO2,Nitrate + Nitrite (AS N),Total,,,,0.1,mg/l,False,0.1,,,353.2,USGSGWM,Actual,GW,Water,,,"[]"
8666065,31120007,New Hartford 2,Butler,07080205,Well,Devonian,42.56678,-92.63007,07/25/2003 10:00:00,GWM,14265-44-2,Orthophosphate (AS P),Dissolved,,,,0.02,mg/l,True,0.02,,,365.1,USGSGWM,Actual,GW,Water,,,"[]"
8666065,31120007,New Hartford 2,Butler,07080205,Well,Devonian,42.56678,-92.63007,07/25/2003 10:00:00,GWM,PHOSP-PHOSP,"Total Phosphorus, mixed forms (AS P)",Total,,,,0.05,mg/l,True,0.02,,,365.4,USGSGWM,Actual,GW,Water,,,"[]"
8666065,31120007,New Hartford 2,Butler,07080205,Well,Devonian,42.56678,-92.63007,07/25/2003 10:00:00,GWM,NIT-ORGN,Organic Nitrogen (AS N),Total,,,,0.38,mg/l,True,0.05,,,LAC10-107-06-2E,USGSGWM,Calculated,GW,Water,,,"[]"
8666065,31120007,New Hartford 2,Butler,07080205,Well,Devonian,42.56678,-92.63007,07/25/2003 10:00:00,GWM,NIT-KJELD,Kjeldahl nitrogen (AS N),Total,,,,0.78,mg/l,True,0.05,,,PAI DK03,USGSGWM,Actual,GW,Water,,,"[]"
8666065,31120005,Dumont 1,Butler,07080204,Well,Devonian,42.748904,-92.972251,08/06/2003 12:15:00,GWM,NIT-AMM,Ammonia-nitrogen (AS N),Total,,,,0.69,mg/l,True,0.05,,,350.1,USGSGWM,Actual,GW,Water,,,"[]"
8666065,31120005,Dumont 1,Butler,07080204,Well,Devonian,42.748904,-92.972251,08/06/2003 12:15:00,GWM,NIT-NO3-NO2,Nitrate + Nitrite (AS N),Total,,,,0.1,mg/l,False,0.1,,,353.2,USGSGWM,Actual,GW,Water,,,"[]"
8666065,31120005,Dumont 1,Butler,07080204,Well,Devonian,42.748904,-92.972251,08/06/2003 12:15:00,GWM,14265-44-2,Orthophosphate (AS P),Dissolved,,,,0.02,mg/l,False,0.02,,,365.1,USGSGWM,Actual,GW,Water,,,"[]"
8666065,31120005,Dumont 1,Butler,07080204,Well,Devonian,42.748904,-92.972251,08/06/2003 12:15:00,GWM,PHOSP-PHOSP,"Total Phosphorus, mixed forms (AS P)",Total,,,,0.12,mg/l,True,0.02,,,365.4,USGSGWM,Actual,GW,Water,,,"[]"
8666065,31120005,Dumont 1,Butler,07080204,Well,Devonian,42.748904,-92.972251,08/06/2003 12:15:00,GWM,NIT-ORGN,Organic Nitrogen (AS N),Total,,,,0.15,mg/l,True,0.05,,,LAC10-107-06-2E,USGSGWM,Calculated,GW,Water,,,"[]"
8666065,31120005,Dumont 1,Butler,07080204,Well,Devonian,42.748904,-92.972251,08/06/2003 12:15:00,GWM,NIT-KJELD,Kjeldahl nitrogen (AS N),Total,,,,0.84,mg/l,True,0.05,,,PAI DK03,USGSGWM,Actual,GW,Water,,,"[]"
8666065,31120001,Greene 2,Butler,07080202,Well,Devonian,42.891988,-92.810361,08/06/2003 11:00:00,GWM,NIT-AMM,Ammonia-nitrogen (AS N),Total,,,,0.05,mg/l,False,0.05,,,350.1,USGSGWM,Actual,GW,Water,,,"[]"
8666065,31120001,Greene 2,Butler,07080202,Well,Devonian,42.891988,-92.810361,08/06/2003 11:00:00,GWM,NIT-NO3-NO2,Nitrate + Nitrite (AS N),Total,,,,0.1,mg/l,False,0.1,,,353.2,USGSGWM,Actual,GW,Water,,,"[]"
8666065,31120001,Greene 2,Butler,07080202,Well,Devonian,42.891988,-92.810361,08/06/2003 11:00:00,GWM,14265-44-2,Orthophosphate (AS P),Dissolved,,,,0.02,mg/l,False,0.02,,,365.1,USGSGWM,Actual,GW,Water,,,"[]"
8666065,31120001,Greene 2,Butler,07080202,Well,Devonian,42.891988,-92.810361,08/06/2003 11:00:00,GWM,PHOSP-PHOSP,"Total Phosphorus, mixed forms (AS P)",Total,,,,0.02,mg/l,True,0.02,,,365.4,USGSGWM,Actual,GW,Water,,,"[]"
8666065,31120001,Greene 2,Butler,07080202,Well,Devonian,42.891988,-92.810361,08/06/2003 11:00:00,GWM,NIT-ORGN,Organic Nitrogen (AS N),Total,,,,0.05,mg/l,False,0.05,,,LAC10-107-06-2E,USGSGWM,Calculated,GW,Water,,,"[]"
8666065,31120001,Greene 2,Butler,07080202,Well,Devonian,42.891988,-92.810361,08/06/2003 11:00:00,GWM,NIT-KJELD,Kjeldahl nitrogen (AS N),Total,,,,0.05,mg/l,False,0.05,,,PAI DK03,USGSGWM,Actual,GW,Water,,,"[]"
8666065,31120001,Greene 2,Butler,07080202,Well,Devonian,42.891988,-92.810361,07/14/2004 14:05:00,GWM,NIT-AMM,Ammonia-nitrogen (AS N),Total,,,,0.05,mg/l,False,0.05,,,350.1,USGSGWM,Actual,GW,Water,,,"[]"
8666065,31120001,Greene 2,Butler,07080202,Well,Devonian,42.891988,-92.810361,07/14/2004 14:05:00,GWM,NIT-NO3-NO2,Nitrate + Nitrite (AS N),Total,,,,0.05,mg/l,False,0.05,,,353.2,USGSGWM,Actual,GW,Water,,,"[]"
8666065,31120001,Greene 2,Butler,07080202,Well,Devonian,42.891988,-92.810361,07/14/2004 14:05:00,GWM,14265-44-2,Orthophosphate (AS P),Dissolved,,,,0.02,mg/l,False,0.02,,,365.1,USGSGWM,Actual,GW,Water,,,"[]"
8666065,31120001,Greene 2,Butler,07080202,Well,Devonian,42.891988,-92.810361,07/14/2004 14:05:00,GWM,PHOSP-PHOSP,"Total Phosphorus, mixed forms (AS P)",Total,,,,0.03,mg/l,True,0.02,,,365.4,USGSGWM,Actual,GW,Water,,,"[]"
8666065,31120001,Greene 2,Butler,07080202,Well,Devonian,42.891988,-92.810361,07/14/2004 14:05:00,GWM,NIT-ORGN,Organic Nitrogen,Total,,,,0.05,mg/l,False,0.05,,,LAC10-107-06-2E,USGSGWM,Calculated,GW,Water,,,"[]"
8666065,31120001,Greene 2,Butler,07080202,Well,Devonian,42.891988,-92.810361,07/14/2005 12:35:00,GWM,NIT-AMM,Ammonia-nitrogen (AS N),Total,,,,0.05,mg/l,False,0.05,,,350.1,USGSGWM,Actual,GW,Water,,,"[]"
8666065,31120001,Greene 2,Butler,07080202,Well,Devonian,42.891988,-92.810361,07/14/2005 12:35:00,GWM,NIT-KJELD,Kjeldahl nitrogen (AS N),Total,,,,0.1,mg/l,False,0.1,,,351.2,USGSGWM,Actual,GW,Water,,,"[]"
8666065,31120001,Greene 2,Butler,07080202,Well,Devonian,42.891988,-92.810361,07/14/2005 12:35:00,GWM,NIT-NO3-NO2,Nitrate + Nitrite (AS N),Total,,,,0.05,mg/l,False,0.05,,,353.2,USGSGWM,Actual,GW,Water,,,"[]"
8666065,31120001,Greene 2,Butler,07080202,Well,Devonian,42.891988,-92.810361,07/14/2005 12:35:00,GWM,14265-44-2,Orthophosphate (AS P),Dissolved,,,,0.04,mg/l,True,0.02,,,365.1,USGSGWM,Actual,GW,Water,,,"[]"
8666065,31120001,Greene 2,Butler,07080202,Well,Devonian,42.891988,-92.810361,07/14/2005 12:35:00,GWM,PHOSP-PHOSP,"Total Phosphorus, mixed forms (AS P)",Total,,,,0.04,mg/l,True,0.02,,,365.4,USGSGWM,Actual,GW,Water,,,"[]"
8666065,31120001,Greene 2,Butler,07080202,Well,Devonian,42.891988,-92.810361,07/14/2005 12:35:00,GWM,NIT-ORGN,Organic Nitrogen,Total,,,,0.1,mg/l,False,0.1,,,LAC10-107-06-2E,USGSGWM,Calculated,GW,Water,,,"[]"
8666065,31120001,Greene 2,Butler,07080202,Well,Devonian,42.891988,-92.810361,06/15/2006 11:50:00,GWM,NIT-AMM,Ammonia-nitrogen (AS N),Total,,,,0.05,mg/l,False,0.05,,,350.1,USGSGWM,Actual,GW,Water,,,"[]"
8666065,31120001,Greene 2,Butler,07080202,Well,Devonian,42.891988,-92.810361,06/15/2006 11:50:00,GWM,NIT-KJELD,Kjeldahl nitrogen (AS N),Total,,,,0.1,mg/l,False,0.1,,,351.2,USGSGWM,Actual,GW,Water,,,"[]"
8666065,31120001,Greene 2,Butler,07080202,Well,Devonian,42.891988,-92.810361,06/15/2006 11:50:00,GWM,NIT-NO3-NO2,Nitrate + Nitrite (AS N),Total,,,,0.05,mg/l,False,0.05,,,353.2,USGSGWM,Actual,GW,Water,,,"[]"
8666065,31120001,Greene 2,Butler,07080202,Well,Devonian,42.891988,-92.810361,06/15/2006 11:50:00,GWM,14265-44-2,Orthophosphate (AS P),Dissolved,,,,0.02,mg/l,False,0.02,,,365.1,USGSGWM,Actual,GW,Water,,,"[]"
8666065,31120001,Greene 2,Butler,07080202,Well,Devonian,42.891988,-92.810361,06/15/2006 11:50:00,GWM,PHOSP-PHOSP,"Total Phosphorus, mixed forms (AS P)",Total,,,,0.04,mg/l,True,0.02,,,365.4,USGSGWM,Actual,GW,Water,,,"[]"
8666065,31120001,Greene 2,Butler,07080202,Well,Devonian,42.891988,-92.810361,06/15/2006 11:50:00,GWM,NIT-ORGN,Organic Nitrogen,Total,,,,0.1,mg/l,False,0.1,,,LAC10-107-06-2E,USGSGWM,Calculated,GW,Water,,,"[]"
8666065,31120001,Greene 2,Butler,07080202,Well,Devonian,42.891988,-92.810361,08/30/2012 09:15:00,GWM,NIT-NO3-NO2,Nitrate + Nitrite (AS N),Total,,,,0.1,mg/l,False,0.1,,,LAC10-107-04-1J,GWMPWS,Actual,GW,Water,,,"[]"
8666065,31120001,Greene 2,Butler,07080202,Well,Devonian,42.891988,-92.810361,08/30/2012 09:15:00,GWM,NIT-AMM,Ammonia-nitrogen (AS N),Total,,,,0.05,mg/l,False,0.05,,,LAC10-107-06-1J,GWMPWS,Actual,GW,Water,,,"[]"
8666065,31120001,Greene 2,Butler,07080202,Well,Devonian,42.891988,-92.810361,08/30/2012 09:15:00,GWM,NIT-KJELD,Kjeldahl nitrogen (AS N),Total,,,,0.1,mg/l,True,0.1,,,LAC10-107-06-2E,GWMPWS,Actual,GW,Water,,,"[]"
8666065,31120001,Greene 2,Butler,07080202,Well,Devonian,42.891988,-92.810361,08/30/2012 09:15:00,GWM,14265-44-2,Orthophosphate (AS P),Dissolved,,,,0.02,mg/l,False,0.02,,,LAC10-115-01-1A,GWMPWS,Actual,GW,Water,,,"[]"
8666065,31120001,Greene 2,Butler,07080202,Well,Devonian,42.891988,-92.810361,08/30/2012 09:15:00,GWM,PHOSP-PHOSP,"Total Phosphorus, mixed forms (AS P)",Total,,,,0.02,mg/l,True,0.02,,,LAC10-115-01-1D,GWMPWS,Actual,GW,Water,,,"[]"
8666065,31100008,Bristow 2,Butler,07080204,Well,Devonian,42.7757600007,-92.9038900003,11/08/2016 13:30:00,GWM,NIT-NO3-NO2,Nitrate + Nitrite (AS N),Total,,,,11,mg/l,True,0.1,,,LAC10-107-04-1J,GWM,Actual,GW,Water,,,"[]"
8666065,31100008,Bristow 2,Butler,07080204,Well,Devonian,42.7757600007,-92.9038900003,11/08/2016 13:30:00,GWM,NIT-AMM,Ammonia-nitrogen (AS N),Total,,,,0.05,mg/l,False,0.05,,,LAC10-107-06-1J,GWM,Actual,GW,Water,,,"[]"
8666065,31100009,Dumont 2,Butler,07080204,Well,Silurian-Devonian,42.7488319678,-92.9722750227,11/08/2016 12:40:00,GWM,NIT-NO3-NO2,Nitrate + Nitrite (AS N),Total,,,,0.1,mg/l,False,0.1,,,LAC10-107-04-1J,GWM,Actual,GW,Water,,,"[]"
8666065,31100009,Dumont 2,Butler,07080204,Well,Silurian-Devonian,42.7488319678,-92.9722750227,11/08/2016 12:40:00,GWM,NIT-AMM,Ammonia-nitrogen (AS N),Total,,,,0.46,mg/l,True,0.05,,,LAC10-107-06-1J,GWM,Actual,GW,Water,,,"[]"
8666065,31100008,Bristow 2,Butler,07080204,Well,Devonian,42.7757600007,-92.9038900003,02/24/2016 08:30:00,GWM,NIT-NO3-NO2,Nitrate + Nitrite (AS N),Total,,,,18,mg/l,True,0.1,,,LAC10-107-04-1J,GWM,Actual,GW,Water,,,"[]"
8666065,31100008,Bristow 2,Butler,07080204,Well,Devonian,42.7757600007,-92.9038900003,02/24/2016 08:30:00,GWM,NIT-AMM,Ammonia-nitrogen (AS N),Total,,,,0.05,mg/l,False,0.05,,,LAC10-107-06-1J,GWM,Actual,GW,Water,,,"[]"
8666065,31100008,Bristow 2,Butler,07080204,Well,Devonian,42.7757600007,-92.9038900003,02/24/2016 08:30:00,GWM,NIT-KJELD,Kjeldahl nitrogen (AS N),Total,,,,0.1,mg/l,False,0.1,,,LAC10-107-06-2E,GWM,Actual,GW,Water,,,"[]"
8666065,31100008,Bristow 2,Butler,07080204,Well,Devonian,42.7757600007,-92.9038900003,02/24/2016 08:30:00,GWM,14265-44-2,Orthophosphate (AS P),Dissolved,,,,0.03,mg/l,True,0.02,,,LAC10-115-01-1A,GWM,Actual,GW,Water,,,"[]"
8666065,31100008,Bristow 2,Butler,07080204,Well,Devonian,42.7757600007,-92.9038900003,02/24/2016 08:30:00,GWM,PHOSP-PHOSP,"Total Phosphorus, mixed forms (AS P)",Total,,,,0.04,mg/l,True,0.02,,,LAC10-115-01-1D,GWM,Actual,GW,Water,,,"[]"
8666065,31100008,Bristow 2,Butler,07080204,Well,Devonian,42.7757600007,-92.9038900003,04/22/2013 15:10:00,GWM,NIT-NO3-NO2,Nitrate + Nitrite (AS N),Total,,,,5.4,mg/l,True,0.1,,,LAC10-107-04-1J,GWM,Actual,GW,Water,,,"[]"
8666065,31100008,Bristow 2,Butler,07080204,Well,Devonian,42.7757600007,-92.9038900003,04/22/2013 15:10:00,GWM,NIT-AMM,Ammonia-nitrogen (AS N),Total,,,,0.05,mg/l,False,0.05,,,LAC10-107-06-1J,GWM,Actual,GW,Water,,,"[]"
8666065,31100008,Bristow 2,Butler,07080204,Well,Devonian,42.7757600007,-92.9038900003,04/22/2013 15:10:00,GWM,NIT-KJELD,Kjeldahl nitrogen (AS N),Total,,,,0.1,mg/l,False,0.1,,,LAC10-107-06-2E,GWM,Actual,GW,Water,,,"[]"
8666065,31100008,Bristow 2,Butler,07080204,Well,Devonian,42.7757600007,-92.9038900003,04/22/2013 15:10:00,GWM,14265-44-2,Orthophosphate (AS P),Dissolved,,,,0.02,mg/l,True,0.02,,,LAC10-115-01-1A,GWM,Actual,GW,Water,,,"[]"
8666065,31100008,Bristow 2,Butler,07080204,Well,Devonian,42.7757600007,-92.9038900003,04/22/2013 15:10:00,GWM,PHOSP-PHOSP,"Total Phosphorus, mixed forms (AS P)",Total,,,,0.06,mg/l,True,0.05,,,LAC10-115-01-1C,GWM,Actual,GW,Water,,,"[]"
8666065,31100009,Dumont 2,Butler,07080204,Well,Silurian-Devonian,42.7488319678,-92.9722750227,04/22/2013 15:35:00,GWM,NIT-NO3-NO2,Nitrate + Nitrite (AS N),Total,,,,0.1,mg/l,False,0.1,,,LAC10-107-04-1J,GWM,Actual,GW,Water,,"There was an error in sample collection date/time (e.g. missing, mismatched, postdated or incorrect).","[]"
8666065,31100009,Dumont 2,Butler,07080204,Well,Silurian-Devonian,42.7488319678,-92.9722750227,04/22/2013 15:35:00,GWM,NIT-AMM,Ammonia-nitrogen (AS N),Total,,,,0.45,mg/l,True,0.05,,,LAC10-107-06-1J,GWM,Actual,GW,Water,,"There was an error in sample collection date/time (e.g. missing, mismatched, postdated or incorrect).","[]"
8666065,31100009,Dumont 2,Butler,07080204,Well,Silurian-Devonian,42.7488319678,-92.9722750227,04/22/2013 15:35:00,GWM,NIT-KJELD,Kjeldahl nitrogen (AS N),Total,,,,0.7,mg/l,True,0.1,,,LAC10-107-06-2E,GWM,Actual,GW,Water,,"There was an error in sample collection date/time (e.g. missing, mismatched, postdated or incorrect).","[]"
8666065,31100009,Dumont 2,Butler,07080204,Well,Silurian-Devonian,42.7488319678,-92.9722750227,04/22/2013 15:35:00,GWM,14265-44-2,Orthophosphate (AS P),Dissolved,,,,0.02,mg/l,True,0.02,,,LAC10-115-01-1A,GWM,Actual,GW,Water,,"There was an error in sample collection date/time (e.g. missing, mismatched, postdated or incorrect).","[]"
8666065,31100009,Dumont 2,Butler,07080204,Well,Silurian-Devonian,42.7488319678,-92.9722750227,04/22/2013 15:35:00,GWM,PHOSP-PHOSP,"Total Phosphorus, mixed forms (AS P)",Total,,,,0.1,mg/l,True,0.05,,,LAC10-115-01-1C,GWM,Actual,GW,Water,,"There was an error in sample collection date/time (e.g. missing, mismatched, postdated or incorrect).","[]"
8666065,31120001,Greene 2,Butler,07080202,Well,Devonian,42.891988,-92.810361,11/06/2017 07:30:00,GWM,NIT-AMM,Ammonia-nitrogen (AS N),None,,,,0.05,mg/l,False,0.05,,,LAC10-107-06-1J,GWM,Actual,GW,Water,,,"[]"
8666065,31120001,Greene 2,Butler,07080202,Well,Devonian,42.891988,-92.810361,11/06/2017 07:30:00,GWM,NIT-NO3-NO2,Nitrate + Nitrite (AS N),None,,,,0.1,mg/l,False,0.1,,,LAC10-107-06-1J,GWM,Actual,GW,Water,,,"[]"
8666065,31100009,Dumont 2,Butler,07080204,Well,Silurian-Devonian,42.7488319678,-92.9722750227,12/06/2017 08:30:00,GWM,NIT-AMM,Ammonia-nitrogen (AS N),None,,,,0.51,mg/l,True,0.05,,,LAC10-107-06-1J,GWM,Actual,GW,Water,,,"[]"
8666065,31100009,Dumont 2,Butler,07080204,Well,Silurian-Devonian,42.7488319678,-92.9722750227,12/06/2017 08:30:00,GWM,NIT-NO3-NO2,Nitrate + Nitrite (AS N),None,,,,0.1,mg/l,False,0.1,,,LAC10-107-06-1J,GWM,Actual,GW,Water,,,"[]"
8666065,31100008,Bristow 2,Butler,07080204,Well,Devonian,42.7757600007,-92.9038900003,01/09/2018 10:15:00,GWM,NIT-NO3-NO2,Nitrate + Nitrite (AS N),None,,,,6.7,mg/l,True,0.2,,,LAC10-107-06-1J,GWM,Actual,GW,Water,,,"[]"
8666065,31100008,Bristow 2,Butler,07080204,Well,Devonian,42.7757600007,-92.9038900003,01/09/2018 10:15:00,GWM,NIT-AMM,Ammonia-nitrogen (AS N),None,,,,0.05,mg/l,False,0.05,,,LAC10-107-06-1J,GWM,Actual,GW,Water,,,"[]"
8666065,31100008,Bristow 2,Butler,07080204,Well,Devonian,42.7757600007,-92.9038900003,01/09/2018 00:00:00,GWM,NIT-NO3-NO2,Nitrate + Nitrite,None,,,,4.7,mg/l,True,0.01,,0.01,353.2,GWM001,,GW,Water,,,"[]"
8666065,31120001,Greene 2,Butler,07080202,Well,Devonian,42.891988,-92.810361,12/18/2018 07:15:00,GWM,NIT-AMM,Ammonia-nitrogen (AS N),None,,,,0.05,mg/l,False,0.05,,,LAC10-107-06-1J,GWM,Actual,GW,Water,,,"[]"
8666065,31120001,Greene 2,Butler,07080202,Well,Devonian,42.891988,-92.810361,12/18/2018 07:15:00,GWM,NIT-NO3-NO2,Nitrate + Nitrite (AS N),None,,,,0.1,mg/l,False,0.1,,,LAC10-107-06-1J,GWM,Actual,GW,Water,,,"[]"
8666065,31120001,Greene 2,Butler,07080202,Well,Devonian,42.891988,-92.810361,12/18/2018 07:15:00,GWM,14265-44-2,Orthophosphate (AS P),Dissolved,,,,0.02,mg/l,False,0.02,,,LAC10-115-01-1A,GWM,Actual,GW,Water,,Sample was not field filtered per method and was filtered for analysis after receipt by the laboratory.,"[]"
8666065,31100009,Dumont 2,Butler,07080204,Well,Silurian-Devonian,42.7488319678,-92.9722750227,01/08/2019 11:00:00,GWM,NIT-NO3-NO2,Nitrate + Nitrite (AS N),None,,,,0.1,mg/l,False,0.1,,,LAC10-107-06-1J,GWM,Actual,GW,Water,,,"[]"
8666065,31100009,Dumont 2,Butler,07080204,Well,Silurian-Devonian,42.7488319678,-92.9722750227,01/08/2019 11:00:00,GWM,NIT-AMM,Ammonia-nitrogen (AS N),None,,,,0.44,mg/l,True,0.05,,,LAC10-107-06-1J,GWM,Actual,GW,Water,,,"[]"
8666065,31100009,Dumont 2,Butler,07080204,Well,Silurian-Devonian,42.7488319678,-92.9722750227,01/08/2019 11:00:00,GWM,14265-44-2,Orthophosphate (AS P),Dissolved,,,,0.02,mg/l,False,0.02,,,LAC10-115-01-1A,GWM,Actual,GW,Water,,Sample was not field filtered per method and was filtered for analysis after receipt by the laboratory.,"[]"
8666065,31120001,Greene 2,Butler,07080202,Well,Devonian,42.891988,-92.810361,12/04/2019 07:45:00,GWM,NIT-NO3-NO2,Nitrate + Nitrite (AS N),None,,,,0.1,mg/l,False,0.1,,,LAC10-107-06-1J,GWM,Actual,GW,Water,,,"[]"
8666065,31120001,Greene 2,Butler,07080202,Well,Devonian,42.891988,-92.810361,12/04/2019 07:45:00,GWM,NIT-AMM,Ammonia-nitrogen (AS N),None,,,,0.05,mg/l,False,0.05,,,LAC10-107-06-1J,GWM,Actual,GW,Water,,,"[]"
8666065,31120001,Greene 2,Butler,07080202,Well,Devonian,42.891988,-92.810361,02/27/2023 07:00:00,GWM,NIT-NO3-NO2,Nitrate + Nitrite (AS N),Total,,,,0.1,mg/l,False,0.1,,,LAC10-107-04-1J,GWM,Actual,GW,Water,,,"[]"
8666065,31120001,Greene 2,Butler,07080202,Well,Devonian,42.891988,-92.810361,02/27/2023 07:00:00,GWM,NIT-AMM,Ammonia-nitrogen (AS N),Total,,,,0.1,mg/l,False,0.1,,,LAC10-107-06-1J,GWM,Actual,GW,Water,,,"[]"
8666065,31120001,Greene 2,Butler,07080202,Well,Devonian,42.891988,-92.810361,02/03/2021 11:15:00,GWM,NIT-AMM,Ammonia-nitrogen (AS N),None,,,,0.05,mg/l,False,0.05,,,LAC10-107-06-1J,GWM,Actual,GW,Water,,,"[]"
8666065,31120001,Greene 2,Butler,07080202,Well,Devonian,42.891988,-92.810361,02/03/2021 11:15:00,GWM,NIT-NO3-NO2,Nitrate + Nitrite (AS N),None,,,,0.1,mg/l,False,0.1,,,LAC10-107-06-1J,GWM,Actual,GW,Water,,,"[]"
