facilityID,siteID,name,county,huc8,type,aquifer,latitude,longitude,sampleDate,projectCode,cas_rn,analyte,fraction,relDepth,sampDepth,sampDepthUnit,result,unit,detect,detectLimit,quantFlag,quantLimit,method,colMethod,resultType,matrix,medium,qualFlag,remark,xParams
8666065,31130003,Lohrville 4,Calhoun,07100006,Well,Mississippian,42.270038,-94.547732,09/12/2002 10:00:00,GWM,NIT-NO3-NO2,Nitrate + Nitrite (AS N),Total,,,,0.1,mg/l,False,0.1,,,353.2,USGSGWM,Actual,GW,Water,,,"[]"
8666065,31130003,Lohrville 4,Calhoun,07100006,Well,Mississippian,42.270038,-94.547732,09/12/2002 10:00:00,GWM,NIT-AMM,Ammonia-nitrogen (AS N),Total,,,,0.68,mg/l,True,0.05,,,LAC10-107-06-1J,USGSGWM,Actual,GW,Water,,,"[]"
8666065,31130003,Lohrville 4,Calhoun,07100006,Well,Mississippian,42.270038,-94.547732,09/12/2002 10:00:00,GWM,NIT-ORGN,Organic Nitrogen (AS N),Total,,,,0.28,mg/l,True,0.05,,,LAC10-107-06-2E,USGSGWM,Calculated,GW,Water,,,"[]"
8666065,31130003,Lohrville 4,Calhoun,07100006,Well,Mississippian,42.270038,-94.547732,09/12/2002 10:00:00,GWM,14265-44-2,Orthophosphate (AS P),Dissolved,,,,0.05,mg/l,False,0.05,,,LAC10-115-01-1A,USGSGWM,Actual,GW,Water,,,"[]"
8666065,31130003,Lohrville 4,Calhoun,07100006,Well,Mississippian,42.270038,-94.547732,09/12/2002 10:00:00,GWM,PHOSP-PHOSP,"Total Phosphorus, mixed forms (AS P)",Total,,,,0.07,mg/l,True,0.05,,,LAC10-115-01-1C,USGSGWM,Actual,GW,Water,,,"[]"
8666065,31130003,Lohrville 4,Calhoun,07100006,Well,Mississippian,42.270038,-94.547732,09/12/2002 10:00:00,GWM,NIT-KJELD,Kjeldahl nitrogen (AS N),Total,,,,0.96,mg/l,True,0.05,,,PAI DK03,USGSGWM,Actual,GW,Water,,,"[]"
8666065,31130004,Farnhamville 3,Calhoun,07100006,Well,Devonian,42.276372,-94.404345,09/19/2002 12:30:00,GWM,NIT-NO3-NO2,Nitrate + Nitrite (AS N),Total,,,,0.1,mg/l,False,0.1,,,353.2,USGSGWM,Actual,GW,Water,,,"[]"
8666065,31130004,Farnhamville 3,Calhoun,07100006,Well,Devonian,42.276372,-94.404345,09/19/2002 12:30:00,GWM,NIT-AMM,Ammonia-nitrogen (AS N),Total,,,,1.6,mg/l,True,0.05,,,LAC10-107-06-1J,USGSGWM,Actual,GW,Water,,,"[]"
8666065,31130004,Farnhamville 3,Calhoun,07100006,Well,Devonian,42.276372,-94.404345,09/19/2002 12:30:00,GWM,NIT-ORGN,Organic Nitrogen (AS N),Total,,,,0.2,mg/l,True,0.05,,,LAC10-107-06-2E,USGSGWM,Calculated,GW,Water,,,"[]"
8666065,31130004,Farnhamville 3,Calhoun,07100006,Well,Devonian,42.276372,-94.404345,09/19/2002 12:30:00,GWM,14265-44-2,Orthophosphate (AS P),Dissolved,,,,0.05,mg/l,False,0.05,,,LAC10-115-01-1A,USGSGWM,Actual,GW,Water,,,"[]"
8666065,31130004,Farnhamville 3,Calhoun,07100006,Well,Devonian,42.276372,-94.404345,09/19/2002 12:30:00,GWM,PHOSP-PHOSP,"Total Phosphorus, mixed forms (AS P)",Total,,,,0.1,mg/l,True,0.05,,,LAC10-115-01-1C,USGSGWM,Actual,GW,Water,,,"[]"
8666065,31130004,Farnhamville 3,Calhoun,07100006,Well,Devonian,42.276372,-94.404345,09/19/2002 12:30:00,GWM,NIT-KJELD,Kjeldahl nitrogen (AS N),Total,,,,1.8,mg/l,True,0.05,,,PAI DK03,USGSGWM,Actual,GW,Water,,,"[]"
8666065,31130006,Knierim 1,Calhoun,07100006,Well,Buried Sand Gravel,42.4488014795,-94.4556912813,10/31/2016 14:35:00,GWM,NIT-NO3-NO2,Nitrate + Nitrite (AS N),Total,,,,0.1,mg/l,False,0.1,,,LAC10-107-04-1J,GWM,Actual,GW,Water,,,"[]"
8666065,31130006,Knierim 1,Calhoun,07100006,Well,Buried Sand Gravel,42.4488014795,-94.4556912813,10/31/2016 14:35:00,GWM,NIT-AMM,Ammonia-nitrogen (AS N),Total,,,,3.8,mg/l,True,0.05,,,LAC10-107-06-1J,GWM,Actual,GW,Water,,,"[]"
8666065,31130006,Knierim 1,Calhoun,07100006,Well,Buried Sand Gravel,42.4488014795,-94.4556912813,03/25/2013 13:40:00,GWM,NIT-NO3-NO2,Nitrate + Nitrite (AS N),Total,,,,0.1,mg/l,False,0.1,,,LAC10-107-04-1J,GWM,Actual,GW,Water,,,"[]"
8666065,31130006,Knierim 1,Calhoun,07100006,Well,Buried Sand Gravel,42.4488014795,-94.4556912813,03/25/2013 13:40:00,GWM,NIT-AMM,Ammonia-nitrogen (AS N),Total,,,,4.2,mg/l,True,0.05,,,LAC10-107-06-1J,GWM,Actual,GW,Water,,,"[]"
8666065,31130006,Knierim 1,Calhoun,07100006,Well,Buried Sand Gravel,42.4488014795,-94.4556912813,03/25/2013 13:40:00,GWM,NIT-KJELD,Kjeldahl nitrogen (AS N),Total,,,,4,mg/l,True,0.1,,,LAC10-107-06-2E,GWM,Actual,GW,Water,,,"[]"
8666065,31130006,Knierim 1,Calhoun,07100006,Well,Buried Sand Gravel,42.4488014795,-94.4556912813,03/25/2013 13:40:00,GWM,14265-44-2,Orthophosphate (AS P),Dissolved,,,,0.25,mg/l,True,0.02,,,LAC10-115-01-1A,GWM,Actual,GW,Water,,,"[]"
8666065,31130006,Knierim 1,Calhoun,07100006,Well,Buried Sand Gravel,42.4488014795,-94.4556912813,03/25/2013 13:40:00,GWM,PHOSP-PHOSP,"Total Phosphorus, mixed forms (AS P)",Total,,,,0.3,mg/l,True,0.02,,,LAC10-115-01-1D,GWM,Actual,GW,Water,,,"[]"
8666065,31130005,Jolley 1,Calhoun,07100006,Well,Mississippian,42.4790200004,-94.7200599997,03/25/2013 14:40:00,GWM,NIT-NO3-NO2,Nitrate + Nitrite (AS N),Total,,,,0.1,mg/l,False,0.1,,,LAC10-107-04-1J,GWM,Actual,GW,Water,,,"[]"
8666065,31130005,Jolley 1,Calhoun,07100006,Well,Mississippian,42.4790200004,-94.7200599997,03/25/2013 14:40:00,GWM,NIT-AMM,Ammonia-nitrogen (AS N),Total,,,,0.41,mg/l,True,0.05,,,LAC10-107-06-1J,GWM,Actual,GW,Water,,,"[]"
8666065,31130005,Jolley 1,Calhoun,07100006,Well,Mississippian,42.4790200004,-94.7200599997,03/25/2013 14:40:00,GWM,NIT-KJELD,Kjeldahl nitrogen (AS N),Total,,,,0.5,mg/l,True,0.1,,,LAC10-107-06-2E,GWM,Actual,GW,Water,,,"[]"
8666065,31130005,Jolley 1,Calhoun,07100006,Well,Mississippian,42.4790200004,-94.7200599997,03/25/2013 14:40:00,GWM,14265-44-2,Orthophosphate (AS P),Dissolved,,,,0.03,mg/l,True,0.02,,,LAC10-115-01-1A,GWM,Actual,GW,Water,,,"[]"
8666065,31130005,Jolley 1,Calhoun,07100006,Well,Mississippian,42.4790200004,-94.7200599997,03/25/2013 14:40:00,GWM,PHOSP-PHOSP,"Total Phosphorus, mixed forms (AS P)",Total,,,,0.06,mg/l,True,0.02,,,LAC10-115-01-1D,GWM,Actual,GW,Water,,,"[]"
8666065,31130006,Knierim 1,Calhoun,07100006,Well,Buried Sand Gravel,42.4488014795,-94.4556912813,12/05/2017 13:00:00,GWM,NIT-AMM,Ammonia-nitrogen (AS N),None,,,,4.4,mg/l,True,0.25,,,LAC10-107-06-1J,GWM,Actual,GW,Water,,,"[]"
8666065,31130006,Knierim 1,Calhoun,07100006,Well,Buried Sand Gravel,42.4488014795,-94.4556912813,12/05/2017 13:00:00,GWM,NIT-NO3-NO2,Nitrate + Nitrite (AS N),None,,,,0.1,mg/l,False,0.1,,,LAC10-107-06-1J,GWM,Actual,GW,Water,,,"[]"
8666065,31130006,Knierim 1,Calhoun,07100006,Well,Buried Sand Gravel,42.4488014795,-94.4556912813,01/07/2019 07:00:00,GWM,NIT-NO3-NO2,Nitrate + Nitrite (AS N),None,,,,0.1,mg/l,False,0.1,,,LAC10-107-06-1J,GWM,Actual,GW,Water,,,"[]"
8666065,31130006,Knierim 1,Calhoun,07100006,Well,Buried Sand Gravel,42.4488014795,-94.4556912813,01/07/2019 07:00:00,GWM,NIT-AMM,Ammonia-nitrogen (AS N),None,,,,4.3,mg/l,True,0.25,,,LAC10-107-06-1J,GWM,Actual,GW,Water,,,"[]"
8666065,31130006,Knierim 1,Calhoun,07100006,Well,Buried Sand Gravel,42.4488014795,-94.4556912813,01/07/2019 07:00:00,GWM,14265-44-2,Orthophosphate (AS P),Dissolved,,,,0.02,mg/l,False,0.02,,,LAC10-115-01-1A,GWM,Actual,GW,Water,,Sample was not field filtered per method and was filtered for analysis after receipt by the laboratory.,"[]"
