facilityID,siteID,name,county,huc8,type,aquifer,latitude,longitude,sampleDate,projectCode,cas_rn,analyte,fraction,relDepth,sampDepth,sampDepthUnit,result,unit,detect,detectLimit,quantFlag,quantLimit,method,colMethod,resultType,matrix,medium,qualFlag,remark,xParams
8666065,31140001,"Coon Rapids 1, N",Carroll,07100007,Well,Dakota,41.87597,-94.67577,08/19/2002 09:30:00,GWM,NIT-NO3-NO2,Nitrate + Nitrite (AS N),Total,,,,1.8,mg/l,True,0.1,,,353.2,USGSGWM,Actual,GW,Water,,,"[]"
8666065,31140001,"Coon Rapids 1, N",Carroll,07100007,Well,Dakota,41.87597,-94.67577,08/19/2002 09:30:00,GWM,NIT-AMM,Ammonia-nitrogen (AS N),Total,,,,0.05,mg/l,False,0.05,,,LAC10-107-06-1J,USGSGWM,Actual,GW,Water,,,"[]"
8666065,31140001,"Coon Rapids 1, N",Carroll,07100007,Well,Dakota,41.87597,-94.67577,08/19/2002 09:30:00,GWM,NIT-ORGN,Organic Nitrogen (AS N),Total,,,,0.38,mg/l,True,0.05,,,LAC10-107-06-2E,USGSGWM,Calculated,GW,Water,,,"[]"
8666065,31140001,"Coon Rapids 1, N",Carroll,07100007,Well,Dakota,41.87597,-94.67577,08/19/2002 09:30:00,GWM,14265-44-2,Orthophosphate (AS P),Dissolved,,,,0.05,mg/l,False,0.05,,,LAC10-115-01-1A,USGSGWM,Actual,GW,Water,,,"[]"
8666065,31140001,"Coon Rapids 1, N",Carroll,07100007,Well,Dakota,41.87597,-94.67577,08/19/2002 09:30:00,GWM,PHOSP-PHOSP,"Total Phosphorus, mixed forms (AS P)",Total,,,,0.06,mg/l,True,0.05,,,LAC10-115-01-1C,USGSGWM,Actual,GW,Water,,,"[]"
8666065,31140001,"Coon Rapids 1, N",Carroll,07100007,Well,Dakota,41.87597,-94.67577,08/19/2002 09:30:00,GWM,NIT-KJELD,Kjeldahl nitrogen (AS N),Total,,,,0.38,mg/l,True,0.05,,,PAI DK03,USGSGWM,Actual,GW,Water,,,"[]"
8666065,31140007,Carroll 11,Carroll,07100007,Well,Dakota,42.054517,-94.868781,09/11/2002 11:45:00,GWM,NIT-NO3-NO2,Nitrate + Nitrite (AS N),Total,,,,0.1,mg/l,False,0.1,,,353.2,USGSGWM,Actual,GW,Water,,,"[]"
8666065,31140007,Carroll 11,Carroll,07100007,Well,Dakota,42.054517,-94.868781,09/11/2002 11:45:00,GWM,NIT-AMM,Ammonia-nitrogen (AS N),Total,,,,0.65,mg/l,True,0.05,,,LAC10-107-06-1J,USGSGWM,Actual,GW,Water,,,"[]"
8666065,31140007,Carroll 11,Carroll,07100007,Well,Dakota,42.054517,-94.868781,09/11/2002 11:45:00,GWM,NIT-ORGN,Organic Nitrogen (AS N),Total,,,,0.35,mg/l,True,0.05,,,LAC10-107-06-2E,USGSGWM,Calculated,GW,Water,,,"[]"
8666065,31140007,Carroll 11,Carroll,07100007,Well,Dakota,42.054517,-94.868781,09/11/2002 11:45:00,GWM,14265-44-2,Orthophosphate (AS P),Dissolved,,,,0.05,mg/l,False,0.05,,,LAC10-115-01-1A,USGSGWM,Actual,GW,Water,,,"[]"
8666065,31140007,Carroll 11,Carroll,07100007,Well,Dakota,42.054517,-94.868781,09/11/2002 11:45:00,GWM,PHOSP-PHOSP,"Total Phosphorus, mixed forms (AS P)",Total,,,,0.06,mg/l,True,0.05,,,LAC10-115-01-1C,USGSGWM,Actual,GW,Water,,,"[]"
8666065,31140007,Carroll 11,Carroll,07100007,Well,Dakota,42.054517,-94.868781,09/11/2002 11:45:00,GWM,NIT-KJELD,Kjeldahl nitrogen (AS N),Total,,,,1,mg/l,True,0.05,,,PAI DK03,USGSGWM,Actual,GW,Water,,,"[]"
8666065,31140009,Breda 4,Carroll,07100006,Well,Dakota,42.182285,-94.974738,09/11/2002 13:45:00,GWM,NIT-NO3-NO2,Nitrate + Nitrite (AS N),Total,,,,0.1,mg/l,False,0.1,,,353.2,USGSGWM,Actual,GW,Water,,,"[]"
8666065,31140009,Breda 4,Carroll,07100006,Well,Dakota,42.182285,-94.974738,09/11/2002 13:45:00,GWM,NIT-AMM,Ammonia-nitrogen (AS N),Total,,,,2.1,mg/l,True,0.05,,,LAC10-107-06-1J,USGSGWM,Actual,GW,Water,,,"[]"
8666065,31140009,Breda 4,Carroll,07100006,Well,Dakota,42.182285,-94.974738,09/11/2002 13:45:00,GWM,NIT-ORGN,Organic Nitrogen (AS N),Total,,,,0.7,mg/l,True,0.05,,,LAC10-107-06-2E,USGSGWM,Calculated,GW,Water,,,"[]"
8666065,31140009,Breda 4,Carroll,07100006,Well,Dakota,42.182285,-94.974738,09/11/2002 13:45:00,GWM,14265-44-2,Orthophosphate (AS P),Dissolved,,,,0.06,mg/l,True,0.05,,,LAC10-115-01-1A,USGSGWM,Actual,GW,Water,,,"[]"
8666065,31140009,Breda 4,Carroll,07100006,Well,Dakota,42.182285,-94.974738,09/11/2002 13:45:00,GWM,PHOSP-PHOSP,"Total Phosphorus, mixed forms (AS P)",Total,,,,0.05,mg/l,False,0.05,,,LAC10-115-01-1C,USGSGWM,Actual,GW,Water,,,"[]"
8666065,31140009,Breda 4,Carroll,07100006,Well,Dakota,42.182285,-94.974738,09/11/2002 13:45:00,GWM,NIT-KJELD,Kjeldahl nitrogen (AS N),Total,,,,2.8,mg/l,True,0.05,,,PAI DK03,USGSGWM,Actual,GW,Water,,,"[]"
8666065,31140008,Glidden 6,Carroll,07100007,Well,Dakota,42.05966,-94.73461,09/12/2002 08:00:00,GWM,NIT-NO3-NO2,Nitrate + Nitrite (AS N),Total,,,,0.6,mg/l,True,0.1,,,353.2,USGSGWM,Actual,GW,Water,,,"[]"
8666065,31140008,Glidden 6,Carroll,07100007,Well,Dakota,42.05966,-94.73461,09/12/2002 08:00:00,GWM,NIT-AMM,Ammonia-nitrogen (AS N),Total,,,,0.81,mg/l,True,0.05,,,LAC10-107-06-1J,USGSGWM,Actual,GW,Water,,,"[]"
8666065,31140008,Glidden 6,Carroll,07100007,Well,Dakota,42.05966,-94.73461,09/12/2002 08:00:00,GWM,NIT-ORGN,Organic Nitrogen (AS N),Total,,,,0.12,mg/l,True,0.05,,,LAC10-107-06-2E,USGSGWM,Calculated,GW,Water,,,"[]"
8666065,31140008,Glidden 6,Carroll,07100007,Well,Dakota,42.05966,-94.73461,09/12/2002 08:00:00,GWM,14265-44-2,Orthophosphate (AS P),Dissolved,,,,0.05,mg/l,False,0.05,,,LAC10-115-01-1A,USGSGWM,Actual,GW,Water,,,"[]"
8666065,31140008,Glidden 6,Carroll,07100007,Well,Dakota,42.05966,-94.73461,09/12/2002 08:00:00,GWM,PHOSP-PHOSP,"Total Phosphorus, mixed forms (AS P)",Total,,,,0.05,mg/l,False,0.05,,,LAC10-115-01-1C,USGSGWM,Actual,GW,Water,,,"[]"
8666065,31140008,Glidden 6,Carroll,07100007,Well,Dakota,42.05966,-94.73461,09/12/2002 08:00:00,GWM,NIT-KJELD,Kjeldahl nitrogen (AS N),Total,,,,0.93,mg/l,True,0.05,,,PAI DK03,USGSGWM,Actual,GW,Water,,,"[]"
8666065,31140006,Arcadia 1,Carroll,10230007,Well,Alluvium,42.084257,-95.043099,07/30/2003 08:45:00,GWM,NIT-AMM,Ammonia-nitrogen (AS N),Total,,,,1.9,mg/l,True,0.05,,,350.1,USGSGWM,Actual,GW,Water,,,"[]"
8666065,31140006,Arcadia 1,Carroll,10230007,Well,Alluvium,42.084257,-95.043099,07/30/2003 08:45:00,GWM,NIT-NO3-NO2,Nitrate + Nitrite (AS N),Total,,,,0.1,mg/l,False,0.1,,,353.2,USGSGWM,Actual,GW,Water,,,"[]"
8666065,31140006,Arcadia 1,Carroll,10230007,Well,Alluvium,42.084257,-95.043099,07/30/2003 08:45:00,GWM,14265-44-2,Orthophosphate (AS P),Dissolved,,,,0.02,mg/l,False,0.02,,,365.1,USGSGWM,Actual,GW,Water,,,"[]"
8666065,31140006,Arcadia 1,Carroll,10230007,Well,Alluvium,42.084257,-95.043099,07/30/2003 08:45:00,GWM,PHOSP-PHOSP,"Total Phosphorus, mixed forms (AS P)",Total,,,,0.03,mg/l,True,0.02,,,365.4,USGSGWM,Actual,GW,Water,,,"[]"
8666065,31140006,Arcadia 1,Carroll,10230007,Well,Alluvium,42.084257,-95.043099,07/30/2003 08:45:00,GWM,NIT-ORGN,Organic Nitrogen (AS N),Total,,,,0.53,mg/l,True,0.05,,,LAC10-107-06-2E,USGSGWM,Calculated,GW,Water,,,"[]"
8666065,31140006,Arcadia 1,Carroll,10230007,Well,Alluvium,42.084257,-95.043099,07/30/2003 08:45:00,GWM,NIT-KJELD,Kjeldahl nitrogen (AS N),Total,,,,2.4,mg/l,True,0.05,,,PAI DK03,USGSGWM,Actual,GW,Water,,,"[]"
8666065,31140001,"Coon Rapids 1, N",Carroll,07100007,Well,Dakota,41.87597,-94.67577,07/30/2003 11:00:00,GWM,NIT-AMM,Ammonia-nitrogen (AS N),Total,,,,0.05,mg/l,False,0.05,,,350.1,USGSGWM,Actual,GW,Water,,,"[]"
8666065,31140001,"Coon Rapids 1, N",Carroll,07100007,Well,Dakota,41.87597,-94.67577,07/30/2003 11:00:00,GWM,NIT-NO3-NO2,Nitrate + Nitrite (AS N),Total,,,,1.8,mg/l,True,0.1,,,353.2,USGSGWM,Actual,GW,Water,,,"[]"
8666065,31140001,"Coon Rapids 1, N",Carroll,07100007,Well,Dakota,41.87597,-94.67577,07/30/2003 11:00:00,GWM,14265-44-2,Orthophosphate (AS P),Dissolved,,,,0.02,mg/l,False,0.02,,,365.1,USGSGWM,Actual,GW,Water,,,"[]"
8666065,31140001,"Coon Rapids 1, N",Carroll,07100007,Well,Dakota,41.87597,-94.67577,07/30/2003 11:00:00,GWM,PHOSP-PHOSP,"Total Phosphorus, mixed forms (AS P)",Total,,,,0.02,mg/l,False,0.02,,,365.4,USGSGWM,Actual,GW,Water,,,"[]"
8666065,31140001,"Coon Rapids 1, N",Carroll,07100007,Well,Dakota,41.87597,-94.67577,07/30/2003 11:00:00,GWM,NIT-ORGN,Organic Nitrogen (AS N),Total,,,,0.05,mg/l,False,0.05,,,LAC10-107-06-2E,USGSGWM,Calculated,GW,Water,,,"[]"
8666065,31140001,"Coon Rapids 1, N",Carroll,07100007,Well,Dakota,41.87597,-94.67577,07/30/2003 11:00:00,GWM,NIT-KJELD,Kjeldahl nitrogen (AS N),Total,,,,0.05,mg/l,False,0.05,,,PAI DK03,USGSGWM,Actual,GW,Water,,,"[]"
8666065,31140001,"Coon Rapids 1, N",Carroll,07100007,Well,Dakota,41.87597,-94.67577,09/01/2004 10:55:00,GWM,NIT-AMM,Ammonia-nitrogen (AS N),Total,,,,0.05,mg/l,False,0.05,,,350.1,USGSGWM,Actual,GW,Water,,,"[]"
8666065,31140001,"Coon Rapids 1, N",Carroll,07100007,Well,Dakota,41.87597,-94.67577,09/01/2004 10:55:00,GWM,NIT-KJELD,Kjeldahl nitrogen (AS N),Total,,,,0.05,mg/l,False,0.05,,,351.1,USGSGWM,Actual,GW,Water,,,"[]"
8666065,31140001,"Coon Rapids 1, N",Carroll,07100007,Well,Dakota,41.87597,-94.67577,09/01/2004 10:55:00,GWM,NIT-NO3-NO2,Nitrate + Nitrite (AS N),Total,,,,1.8,mg/l,True,0.05,,,353.2,USGSGWM,Actual,GW,Water,,,"[]"
8666065,31140001,"Coon Rapids 1, N",Carroll,07100007,Well,Dakota,41.87597,-94.67577,09/01/2004 10:55:00,GWM,14265-44-2,Orthophosphate (AS P),Dissolved,,,,0.02,mg/l,False,0.02,,,365.1,USGSGWM,Actual,GW,Water,,,"[]"
8666065,31140001,"Coon Rapids 1, N",Carroll,07100007,Well,Dakota,41.87597,-94.67577,09/01/2004 10:55:00,GWM,PHOSP-PHOSP,"Total Phosphorus, mixed forms (AS P)",Total,,,,0.02,mg/l,True,0.02,,,365.4,USGSGWM,Actual,GW,Water,,,"[]"
8666065,31140001,"Coon Rapids 1, N",Carroll,07100007,Well,Dakota,41.87597,-94.67577,09/01/2004 10:55:00,GWM,NIT-ORGN,Organic Nitrogen,Total,,,,0.05,mg/l,False,0.05,,,LAC10-107-06-2E,USGSGWM,Calculated,GW,Water,,,"[]"
8666065,31140002,Dedham 4,Carroll,07100007,Well,Alluvium,41.909348,-94.82455,07/13/2004 08:20:00,GWM,NIT-AMM,Ammonia-nitrogen (AS N),Total,,,,0.05,mg/l,False,0.05,,,350.1,USGSGWM,Actual,GW,Water,,,"[]"
8666065,31140002,Dedham 4,Carroll,07100007,Well,Alluvium,41.909348,-94.82455,07/13/2004 08:20:00,GWM,NIT-NO3-NO2,Nitrate + Nitrite (AS N),Total,,,,5.1,mg/l,True,0.05,,,353.2,USGSGWM,Actual,GW,Water,,,"[]"
8666065,31140002,Dedham 4,Carroll,07100007,Well,Alluvium,41.909348,-94.82455,07/13/2004 08:20:00,GWM,14265-44-2,Orthophosphate (AS P),Dissolved,,,,0.08,mg/l,True,0.02,,,365.1,USGSGWM,Actual,GW,Water,,,"[]"
8666065,31140002,Dedham 4,Carroll,07100007,Well,Alluvium,41.909348,-94.82455,07/13/2004 08:20:00,GWM,PHOSP-PHOSP,"Total Phosphorus, mixed forms (AS P)",Total,,,,0.08,mg/l,True,0.02,,,365.4,USGSGWM,Actual,GW,Water,,,"[]"
8666065,31140002,Dedham 4,Carroll,07100007,Well,Alluvium,41.909348,-94.82455,07/13/2004 08:20:00,GWM,NIT-ORGN,Organic Nitrogen,Total,,,,0.08,mg/l,True,0.05,,,LAC10-107-06-2E,USGSGWM,Calculated,GW,Water,,,"[]"
8666065,31140001,"Coon Rapids 1, N",Carroll,07100007,Well,Dakota,41.87597,-94.67577,07/11/2005 13:25:00,GWM,NIT-AMM,Ammonia-nitrogen (AS N),Total,,,,0.05,mg/l,False,0.05,,,350.1,USGSGWM,Actual,GW,Water,,,"[]"
8666065,31140001,"Coon Rapids 1, N",Carroll,07100007,Well,Dakota,41.87597,-94.67577,07/11/2005 13:25:00,GWM,NIT-KJELD,Kjeldahl nitrogen (AS N),Total,,,,0.1,mg/l,False,0.1,,,351.2,USGSGWM,Actual,GW,Water,,,"[]"
8666065,31140001,"Coon Rapids 1, N",Carroll,07100007,Well,Dakota,41.87597,-94.67577,07/11/2005 13:25:00,GWM,NIT-NO3-NO2,Nitrate + Nitrite (AS N),Total,,,,1.7,mg/l,True,0.05,,,353.2,USGSGWM,Actual,GW,Water,,,"[]"
8666065,31140001,"Coon Rapids 1, N",Carroll,07100007,Well,Dakota,41.87597,-94.67577,07/11/2005 13:25:00,GWM,PHOSP-PHOSP,"Total Phosphorus, mixed forms (AS P)",Total,,,,8.9,mg/l,True,0.05,,,365.4,USGSGWM,Actual,GW,Water,,,"[]"
8666065,31140001,"Coon Rapids 1, N",Carroll,07100007,Well,Dakota,41.87597,-94.67577,07/11/2005 13:25:00,GWM,14265-44-2,Orthophosphate (AS P),Dissolved,,,,0.02,mg/l,False,0.02,,,4500-P-E,USGSGWM,Actual,GW,Water,,,"[]"
8666065,31140001,"Coon Rapids 1, N",Carroll,07100007,Well,Dakota,41.87597,-94.67577,07/11/2005 13:25:00,GWM,NIT-ORGN,Organic Nitrogen,Total,,,,0.1,mg/l,False,0.1,,,LAC10-107-06-2E,USGSGWM,Calculated,GW,Water,,,"[]"
8666065,31140005,Carroll 16,Carroll,07100007,Well,Dakota,42.056641,-94.869791,07/25/2006 15:30:00,GWM,NIT-AMM,Ammonia-nitrogen (AS N),Total,,,,0.88,mg/l,True,0.05,,,350.1,USGSGWM,Actual,GW,Water,,,"[]"
8666065,31140005,Carroll 16,Carroll,07100007,Well,Dakota,42.056641,-94.869791,07/25/2006 15:30:00,GWM,NIT-KJELD,Kjeldahl nitrogen (AS N),Total,,,,0.9,mg/l,True,0.1,,,351.2,USGSGWM,Actual,GW,Water,,,"[]"
8666065,31140005,Carroll 16,Carroll,07100007,Well,Dakota,42.056641,-94.869791,07/25/2006 15:30:00,GWM,NIT-NO3-NO2,Nitrate + Nitrite (AS N),Total,,,,0.05,mg/l,False,0.05,,,353.2,USGSGWM,Actual,GW,Water,,,"[]"
8666065,31140005,Carroll 16,Carroll,07100007,Well,Dakota,42.056641,-94.869791,07/25/2006 15:30:00,GWM,14265-44-2,Orthophosphate (AS P),Dissolved,,,,0.02,mg/l,False,0.02,,,365.1,USGSGWM,Actual,GW,Water,,,"[]"
8666065,31140005,Carroll 16,Carroll,07100007,Well,Dakota,42.056641,-94.869791,07/25/2006 15:30:00,GWM,PHOSP-PHOSP,"Total Phosphorus, mixed forms (AS P)",Total,,,,0.05,mg/l,True,0.02,,,365.4,USGSGWM,Actual,GW,Water,,,"[]"
8666065,31140005,Carroll 16,Carroll,07100007,Well,Dakota,42.056641,-94.869791,07/25/2006 15:30:00,GWM,NIT-ORGN,Organic Nitrogen,Total,,,,0.1,mg/l,False,0.1,,,LAC10-107-06-2E,USGSGWM,Calculated,GW,Water,,,"[]"
8666065,31140003,Coon Rapids 7,Carroll,07100007,Well,Buried Sand Gravel,41.899056,-94.668844,07/26/2006 10:20:00,GWM,NIT-AMM,Ammonia-nitrogen (AS N),Total,,,,1.4,mg/l,True,0.05,,,350.1,USGSGWM,Actual,GW,Water,,,"[]"
8666065,31140003,Coon Rapids 7,Carroll,07100007,Well,Buried Sand Gravel,41.899056,-94.668844,07/26/2006 10:20:00,GWM,NIT-KJELD,Kjeldahl nitrogen (AS N),Total,,,,1.5,mg/l,True,0.1,,,351.2,USGSGWM,Actual,GW,Water,,,"[]"
8666065,31140003,Coon Rapids 7,Carroll,07100007,Well,Buried Sand Gravel,41.899056,-94.668844,07/26/2006 10:20:00,GWM,NIT-NO3-NO2,Nitrate + Nitrite (AS N),Total,,,,0.05,mg/l,False,0.05,,,353.2,USGSGWM,Actual,GW,Water,,,"[]"
8666065,31140003,Coon Rapids 7,Carroll,07100007,Well,Buried Sand Gravel,41.899056,-94.668844,07/26/2006 10:20:00,GWM,14265-44-2,Orthophosphate (AS P),Dissolved,,,,0.02,mg/l,False,0.02,,,365.1,USGSGWM,Actual,GW,Water,,,"[]"
8666065,31140003,Coon Rapids 7,Carroll,07100007,Well,Buried Sand Gravel,41.899056,-94.668844,07/26/2006 10:20:00,GWM,PHOSP-PHOSP,"Total Phosphorus, mixed forms (AS P)",Total,,,,0.44,mg/l,True,0.02,,,365.4,USGSGWM,Actual,GW,Water,,,"[]"
8666065,31140003,Coon Rapids 7,Carroll,07100007,Well,Buried Sand Gravel,41.899056,-94.668844,07/26/2006 10:20:00,GWM,NIT-ORGN,Organic Nitrogen,Total,,,,0.1,mg/l,True,0.1,,,LAC10-107-06-2E,USGSGWM,Calculated,GW,Water,,,"[]"
8666065,31140004,Willey 1,Carroll,07100007,Well,Alluvium,41.968738,-94.822062,07/26/2006 07:40:00,GWM,NIT-AMM,Ammonia-nitrogen (AS N),Total,,,,0.94,mg/l,True,0.05,,,350.1,USGSGWM,Actual,GW,Water,,,"[]"
8666065,31140004,Willey 1,Carroll,07100007,Well,Alluvium,41.968738,-94.822062,07/26/2006 07:40:00,GWM,NIT-KJELD,Kjeldahl nitrogen (AS N),Total,,,,0.9,mg/l,True,0.1,,,351.2,USGSGWM,Actual,GW,Water,,,"[]"
8666065,31140004,Willey 1,Carroll,07100007,Well,Alluvium,41.968738,-94.822062,07/26/2006 07:40:00,GWM,NIT-NO3-NO2,Nitrate + Nitrite (AS N),Total,,,,0.05,mg/l,False,0.05,,,353.2,USGSGWM,Actual,GW,Water,,,"[]"
8666065,31140004,Willey 1,Carroll,07100007,Well,Alluvium,41.968738,-94.822062,07/26/2006 07:40:00,GWM,14265-44-2,Orthophosphate (AS P),Dissolved,,,,0.02,mg/l,False,0.02,,,365.1,USGSGWM,Actual,GW,Water,,,"[]"
8666065,31140004,Willey 1,Carroll,07100007,Well,Alluvium,41.968738,-94.822062,07/26/2006 07:40:00,GWM,PHOSP-PHOSP,"Total Phosphorus, mixed forms (AS P)",Total,,,,0.13,mg/l,True,0.02,,,365.4,USGSGWM,Actual,GW,Water,,,"[]"
8666065,31140004,Willey 1,Carroll,07100007,Well,Alluvium,41.968738,-94.822062,07/26/2006 07:40:00,GWM,NIT-ORGN,Organic Nitrogen,Total,,,,0.1,mg/l,False,0.1,,,LAC10-107-06-2E,USGSGWM,Calculated,GW,Water,,,"[]"
8666065,31140001,"Coon Rapids 1, N",Carroll,07100007,Well,Dakota,41.87597,-94.67577,07/26/2006 11:50:00,GWM,NIT-AMM,Ammonia-nitrogen (AS N),Total,,,,0.05,mg/l,False,0.05,,,350.1,USGSGWM,Actual,GW,Water,,,"[]"
8666065,31140001,"Coon Rapids 1, N",Carroll,07100007,Well,Dakota,41.87597,-94.67577,07/26/2006 11:50:00,GWM,NIT-KJELD,Kjeldahl nitrogen (AS N),Total,,,,0.1,mg/l,False,0.1,,,351.2,USGSGWM,Actual,GW,Water,,,"[]"
8666065,31140001,"Coon Rapids 1, N",Carroll,07100007,Well,Dakota,41.87597,-94.67577,07/26/2006 11:50:00,GWM,NIT-NO3-NO2,Nitrate + Nitrite (AS N),Total,,,,1.8,mg/l,True,0.05,,,353.2,USGSGWM,Actual,GW,Water,,,"[]"
8666065,31140001,"Coon Rapids 1, N",Carroll,07100007,Well,Dakota,41.87597,-94.67577,07/26/2006 11:50:00,GWM,14265-44-2,Orthophosphate (AS P),Dissolved,,,,0.02,mg/l,False,0.02,,,365.1,USGSGWM,Actual,GW,Water,,,"[]"
8666065,31140001,"Coon Rapids 1, N",Carroll,07100007,Well,Dakota,41.87597,-94.67577,07/26/2006 11:50:00,GWM,PHOSP-PHOSP,"Total Phosphorus, mixed forms (AS P)",Total,,,,0.19,mg/l,True,0.02,,,365.4,USGSGWM,Actual,GW,Water,,,"[]"
8666065,31140001,"Coon Rapids 1, N",Carroll,07100007,Well,Dakota,41.87597,-94.67577,07/26/2006 11:50:00,GWM,NIT-ORGN,Organic Nitrogen,Total,,,,0.1,mg/l,False,0.1,,,LAC10-107-06-2E,USGSGWM,Calculated,GW,Water,,,"[]"
8666065,31140001,"Coon Rapids 1, N",Carroll,07100007,Well,Dakota,41.87597,-94.67577,08/14/2012 08:50:00,GWM,NIT-NO3-NO2,Nitrate + Nitrite (AS N),Total,,,,1.6,mg/l,True,0.1,,,LAC10-107-04-1J,GWMPWS,Actual,GW,Water,,,"[]"
8666065,31140001,"Coon Rapids 1, N",Carroll,07100007,Well,Dakota,41.87597,-94.67577,08/14/2012 08:50:00,GWM,NIT-AMM,Ammonia-nitrogen (AS N),Total,,,,0.06,mg/l,True,0.05,,,LAC10-107-06-1J,GWMPWS,Actual,GW,Water,,,"[]"
8666065,31140001,"Coon Rapids 1, N",Carroll,07100007,Well,Dakota,41.87597,-94.67577,08/14/2012 08:50:00,GWM,NIT-KJELD,Kjeldahl nitrogen (AS N),Total,,,,0.1,mg/l,False,0.1,,,LAC10-107-06-2E,GWMPWS,Actual,GW,Water,,,"[]"
8666065,31140001,"Coon Rapids 1, N",Carroll,07100007,Well,Dakota,41.87597,-94.67577,08/14/2012 08:50:00,GWM,14265-44-2,Orthophosphate (AS P),Dissolved,,,,0.02,mg/l,False,0.02,,,LAC10-115-01-1A,GWMPWS,Actual,GW,Water,,,"[]"
8666065,31140001,"Coon Rapids 1, N",Carroll,07100007,Well,Dakota,41.87597,-94.67577,08/14/2012 08:50:00,GWM,PHOSP-PHOSP,"Total Phosphorus, mixed forms (AS P)",Total,,,,0.29,mg/l,True,0.02,,,LAC10-115-01-1D,GWMPWS,Actual,GW,Water,,,"[]"
8666065,31140011,Manning 11,Carroll,10240002,Well,Alluvium,41.909939,-95.069059,10/14/2013 10:00:00,SWP,NIT-NO3-NO2,Nitrate + Nitrite (AS N),Total,,,,7.1,mg/l,True,0.1,,,LAC10-107-04-1J,SWP,Actual,GW,Water,,,"[]"
8666065,31140012,Manning 12,Carroll,10240002,Well,Alluvium,41.900838,-95.072681,10/14/2013 10:00:00,SWP,NIT-NO3-NO2,Nitrate + Nitrite (AS N),Total,,,,0.1,mg/l,False,0.1,,,LAC10-107-04-1J,SWP,Actual,GW,Water,,,"[]"
8666065,31140010,Manning 9,Carroll,10240002,Well,Alluvium,41.913466,-95.066218,10/14/2013 10:00:00,SWP,NIT-NO3-NO2,Nitrate + Nitrite (AS N),Total,,,,1.2,mg/l,True,0.1,,,LAC10-107-04-1J,SWP,Actual,GW,Water,,,"[]"
8666065,31140010,Manning 9,Carroll,10240002,Well,Alluvium,41.913466,-95.066218,12/10/2013 11:00:00,SWP,NIT-NO3-NO2,Nitrate + Nitrite (AS N),Total,,,,1.4,mg/l,True,0.1,,,LAC10-107-04-1J,SWP,Actual,GW,Water,,,"[]"
8666065,31140011,Manning 11,Carroll,10240002,Well,Alluvium,41.909939,-95.069059,12/10/2013 11:00:00,SWP,NIT-NO3-NO2,Nitrate + Nitrite (AS N),Total,,,,7.1,mg/l,True,0.1,,,LAC10-107-04-1J,SWP,Actual,GW,Water,,,"[]"
8666065,31140012,Manning 12,Carroll,10240002,Well,Alluvium,41.900838,-95.072681,12/10/2013 11:00:00,SWP,NIT-NO3-NO2,Nitrate + Nitrite (AS N),Total,,,,0.1,mg/l,False,0.1,,,LAC10-107-04-1J,SWP,Actual,GW,Water,,,"[]"
8666065,31050005,Audubon 13,Carroll,10240003,Well,Alluvium,41.7219106401,-94.8790329533,10/31/2016 13:10:00,GWM,NIT-NO3-NO2,Nitrate + Nitrite (AS N),Total,,,,8.4,mg/l,True,0.1,,,LAC10-107-04-1J,GWM,Actual,GW,Water,,,"[]"
8666065,31050005,Audubon 13,Carroll,10240003,Well,Alluvium,41.7219106401,-94.8790329533,10/31/2016 13:10:00,GWM,NIT-AMM,Ammonia-nitrogen (AS N),Total,,,,0.05,mg/l,False,0.05,,,LAC10-107-06-1J,GWM,Actual,GW,Water,,,"[]"
8666065,31140001,"Coon Rapids 1, N",Carroll,07100007,Well,Dakota,41.87597,-94.67577,10/31/2016 13:50:00,GWM,NIT-NO3-NO2,Nitrate + Nitrite (AS N),Total,,,,1.9,mg/l,True,0.1,,,LAC10-107-04-1J,GWM,Actual,GW,Water,,,"[]"
8666065,31140001,"Coon Rapids 1, N",Carroll,07100007,Well,Dakota,41.87597,-94.67577,10/31/2016 13:50:00,GWM,NIT-AMM,Ammonia-nitrogen (AS N),Total,,,,0.05,mg/l,False,0.05,,,LAC10-107-06-1J,GWM,Actual,GW,Water,,,"[]"
8666065,31140001,"Coon Rapids 1, N",Carroll,07100007,Well,Dakota,41.87597,-94.67577,11/11/2015 10:40:00,GWM,NIT-NO3-NO2,Nitrate + Nitrite (AS N),Total,,,,2,mg/l,True,0.1,,,LAC10-107-04-1J,GWM,Actual,GW,Water,,,"[]"
8666065,31140001,"Coon Rapids 1, N",Carroll,07100007,Well,Dakota,41.87597,-94.67577,11/11/2015 10:40:00,GWM,NIT-AMM,Ammonia-nitrogen (AS N),Total,,,,0.05,mg/l,False,0.05,,,LAC10-107-06-1J,GWM,Actual,GW,Water,,,"[]"
8666065,31140001,"Coon Rapids 1, N",Carroll,07100007,Well,Dakota,41.87597,-94.67577,11/11/2015 10:40:00,GWM,NIT-KJELD,Kjeldahl nitrogen (AS N),Total,,,,0.1,mg/l,False,0.1,,,LAC10-107-06-2E,GWM,Actual,GW,Water,,,"[]"
8666065,31140001,"Coon Rapids 1, N",Carroll,07100007,Well,Dakota,41.87597,-94.67577,11/11/2015 10:40:00,GWM,14265-44-2,Orthophosphate (AS P),Dissolved,,,,0.02,mg/l,False,0.02,,,LAC10-115-01-1A,GWM,Actual,GW,Water,,,"[]"
8666065,31140001,"Coon Rapids 1, N",Carroll,07100007,Well,Dakota,41.87597,-94.67577,11/11/2015 10:40:00,GWM,PHOSP-PHOSP,"Total Phosphorus, mixed forms (AS P)",Total,,,,0.08,mg/l,True,0.02,,,LAC10-115-01-1D,GWM,Actual,GW,Water,,,"[]"
8666065,31050005,Audubon 13,Carroll,10240003,Well,Alluvium,41.7219106401,-94.8790329533,11/17/2015 10:00:00,GWM,NIT-NO3-NO2,Nitrate + Nitrite (AS N),Total,,,,7.6,mg/l,True,0.1,,,LAC10-107-04-1J,GWM,Actual,GW,Water,,Sample exceeded required temperature upon receipt.,"[]"
8666065,31050005,Audubon 13,Carroll,10240003,Well,Alluvium,41.7219106401,-94.8790329533,11/17/2015 10:00:00,GWM,NIT-AMM,Ammonia-nitrogen (AS N),Total,,,,0.05,mg/l,False,0.05,,,LAC10-107-06-1J,GWM,Actual,GW,Water,,Sample exceeded required temperature upon receipt.,"[]"
8666065,31050005,Audubon 13,Carroll,10240003,Well,Alluvium,41.7219106401,-94.8790329533,11/17/2015 10:00:00,GWM,NIT-KJELD,Kjeldahl nitrogen (AS N),Total,,,,0.1,mg/l,False,0.1,,,LAC10-107-06-2E,GWM,Actual,GW,Water,,Sample exceeded required temperature upon receipt.,"[]"
8666065,31050005,Audubon 13,Carroll,10240003,Well,Alluvium,41.7219106401,-94.8790329533,11/17/2015 10:00:00,GWM,14265-44-2,Orthophosphate (AS P),Dissolved,,,,0.1,mg/l,True,0.02,,,LAC10-115-01-1A,GWM,Actual,GW,Water,,Sample exceeded required temperature upon receipt.,"[]"
8666065,31050005,Audubon 13,Carroll,10240003,Well,Alluvium,41.7219106401,-94.8790329533,11/17/2015 10:00:00,GWM,PHOSP-PHOSP,"Total Phosphorus, mixed forms (AS P)",Total,,,,0.1,mg/l,True,0.02,,,LAC10-115-01-1D,GWM,Actual,GW,Water,,Sample exceeded required temperature upon receipt.,"[]"
8666065,31140001,"Coon Rapids 1, N",Carroll,07100007,Well,Dakota,41.87597,-94.67577,12/10/2014 13:30:00,GWM,NIT-NO3-NO2,Nitrate + Nitrite (AS N),Total,,,,2,mg/l,True,0.1,,,LAC10-107-04-1J,GWM,Actual,GW,Water,,,"[]"
8666065,31140001,"Coon Rapids 1, N",Carroll,07100007,Well,Dakota,41.87597,-94.67577,12/10/2014 13:30:00,GWM,NIT-AMM,Ammonia-nitrogen (AS N),Total,,,,0.05,mg/l,False,0.05,,,LAC10-107-06-1J,GWM,Actual,GW,Water,,,"[]"
8666065,31140001,"Coon Rapids 1, N",Carroll,07100007,Well,Dakota,41.87597,-94.67577,12/10/2014 13:30:00,GWM,NIT-KJELD,Kjeldahl nitrogen (AS N),Total,,,,0.1,mg/l,False,0.1,,,LAC10-107-06-2E,GWM,Actual,GW,Water,,,"[]"
8666065,31140001,"Coon Rapids 1, N",Carroll,07100007,Well,Dakota,41.87597,-94.67577,12/10/2014 13:30:00,GWM,14265-44-2,Orthophosphate (AS P),Dissolved,,,,0.02,mg/l,False,0.02,,,LAC10-115-01-1A,GWM,Actual,GW,Water,,,"[]"
8666065,31140001,"Coon Rapids 1, N",Carroll,07100007,Well,Dakota,41.87597,-94.67577,12/10/2014 13:30:00,GWM,PHOSP-PHOSP,"Total Phosphorus, mixed forms (AS P)",Total,,,,0.14,mg/l,True,0.02,,,LAC10-115-01-1D,GWM,Actual,GW,Water,,,"[]"
8666065,31050005,Audubon 13,Carroll,10240003,Well,Alluvium,41.7219106401,-94.8790329533,03/10/2015 11:30:00,GWM,NIT-NO3-NO2,Nitrate + Nitrite (AS N),Total,,,,7.8,mg/l,True,0.1,,,LAC10-107-04-1J,GWM,Actual,GW,Water,,,"[]"
8666065,31050005,Audubon 13,Carroll,10240003,Well,Alluvium,41.7219106401,-94.8790329533,03/10/2015 11:30:00,GWM,NIT-AMM,Ammonia-nitrogen (AS N),Total,,,,0.05,mg/l,False,0.05,,,LAC10-107-06-1J,GWM,Actual,GW,Water,,,"[]"
8666065,31050005,Audubon 13,Carroll,10240003,Well,Alluvium,41.7219106401,-94.8790329533,03/10/2015 11:30:00,GWM,NIT-KJELD,Kjeldahl nitrogen (AS N),Total,,,,0.1,mg/l,False,0.1,,,LAC10-107-06-2E,GWM,Actual,GW,Water,,,"[]"
8666065,31050005,Audubon 13,Carroll,10240003,Well,Alluvium,41.7219106401,-94.8790329533,03/10/2015 11:30:00,GWM,14265-44-2,Orthophosphate (AS P),Dissolved,,,,0.098,mg/l,True,0.02,,,LAC10-115-01-1A,GWM,Actual,GW,Water,,,"[]"
8666065,31050005,Audubon 13,Carroll,10240003,Well,Alluvium,41.7219106401,-94.8790329533,03/10/2015 11:30:00,GWM,PHOSP-PHOSP,"Total Phosphorus, mixed forms (AS P)",Total,,,,0.15,mg/l,True,0.02,,,LAC10-115-01-1D,GWM,Actual,GW,Water,,,"[]"
8666065,31050005,Audubon 13,Carroll,10240003,Well,Alluvium,41.7219106401,-94.8790329533,03/12/2013 14:15:00,GWM,NIT-NO3-NO2,Nitrate + Nitrite (AS N),Total,,,,6.9,mg/l,True,0.1,,,LAC10-107-04-1J,GWM,Actual,GW,Water,,,"[]"
8666065,31050005,Audubon 13,Carroll,10240003,Well,Alluvium,41.7219106401,-94.8790329533,03/12/2013 14:15:00,GWM,NIT-AMM,Ammonia-nitrogen (AS N),Total,,,,0.05,mg/l,False,0.05,,,LAC10-107-06-1J,GWM,Actual,GW,Water,,,"[]"
8666065,31050005,Audubon 13,Carroll,10240003,Well,Alluvium,41.7219106401,-94.8790329533,03/12/2013 14:15:00,GWM,NIT-KJELD,Kjeldahl nitrogen (AS N),Total,,,,0.1,mg/l,False,0.1,,,LAC10-107-06-2E,GWM,Actual,GW,Water,,,"[]"
8666065,31050005,Audubon 13,Carroll,10240003,Well,Alluvium,41.7219106401,-94.8790329533,03/12/2013 14:15:00,GWM,14265-44-2,Orthophosphate (AS P),Dissolved,,,,0.1,mg/l,True,0.02,,,LAC10-115-01-1A,GWM,Actual,GW,Water,,,"[]"
8666065,31050005,Audubon 13,Carroll,10240003,Well,Alluvium,41.7219106401,-94.8790329533,03/12/2013 14:15:00,GWM,PHOSP-PHOSP,"Total Phosphorus, mixed forms (AS P)",Total,,,,0.13,mg/l,True,0.1,,,LAC10-115-01-1C,GWM,Actual,GW,Water,,,"[]"
8666065,31050005,Audubon 13,Carroll,10240003,Well,Alluvium,41.7219106401,-94.8790329533,10/31/2017 11:00:00,GWM,NIT-AMM,Ammonia-nitrogen (AS N),None,,,,0.05,mg/l,False,0.05,,,LAC10-107-06-1J,GWM,Actual,GW,Water,,,"[]"
8666065,31050005,Audubon 13,Carroll,10240003,Well,Alluvium,41.7219106401,-94.8790329533,10/31/2017 11:00:00,GWM,NIT-NO3-NO2,Nitrate + Nitrite (AS N),None,,,,8.9,mg/l,True,0.1,,,LAC10-107-06-1J,GWM,Actual,GW,Water,,,"[]"
8666065,31050005,Audubon 13,Carroll,10240003,Well,Alluvium,41.7219106401,-94.8790329533,12/12/2017 00:00:00,GWM,NIT-NO3-NO2,Nitrate + Nitrite,None,,,,3.16,mg/l,True,0.01,,0.01,353.2,GWM001,,GW,Water,,,"[]"
8666065,35140001,Manning monitoring well,Carroll,10240002,Well,Quaternary,41.90210525,-95.07249279,10/14/2013 10:00:00,SWP,NIT-NO3-NO2,Nitrate + Nitrite (AS N),Total,,,,0.1,mg/l,False,0.1,,,LAC10-107-04-1J,SWP,Actual,GW,Water,,,"[]"
8666065,35140001,Manning monitoring well,Carroll,10240002,Well,Quaternary,41.90210525,-95.07249279,12/10/2013 11:00:00,SWP,NIT-NO3-NO2,Nitrate + Nitrite (AS N),Total,,,,0.1,mg/l,False,0.1,,,LAC10-107-04-1J,SWP,Actual,GW,Water,,,"[]"
8666065,31140001,"Coon Rapids 1, N",Carroll,07100007,Well,Dakota,41.87597,-94.67577,12/13/2018 08:20:00,GWM,NIT-NO3-NO2,Nitrate + Nitrite (AS N),None,,,,2.2,mg/l,True,0.1,,,LAC10-107-06-1J,GWM,Actual,GW,Water,,,"[]"
8666065,31140001,"Coon Rapids 1, N",Carroll,07100007,Well,Dakota,41.87597,-94.67577,12/13/2018 08:20:00,GWM,NIT-AMM,Ammonia-nitrogen (AS N),None,,,,0.05,mg/l,False,0.05,,,LAC10-107-06-1J,GWM,Actual,GW,Water,,,"[]"
8666065,31140001,"Coon Rapids 1, N",Carroll,07100007,Well,Dakota,41.87597,-94.67577,12/13/2018 08:20:00,GWM,14265-44-2,Orthophosphate (AS P),Dissolved,,,,0.02,mg/l,False,0.02,,,LAC10-115-01-1A,GWM,Actual,GW,Water,,Sample was not field filtered per method and was filtered for analysis after receipt by the laboratory.,"[]"
8666065,31050005,Audubon 13,Carroll,10240003,Well,Alluvium,41.7219106401,-94.8790329533,12/17/2018 12:30:00,GWM,NIT-AMM,Ammonia-nitrogen (AS N),None,,,,0.05,mg/l,False,0.05,,,LAC10-107-06-1J,GWM,Actual,GW,Water,,,"[]"
8666065,31050005,Audubon 13,Carroll,10240003,Well,Alluvium,41.7219106401,-94.8790329533,12/17/2018 12:30:00,GWM,NIT-NO3-NO2,Nitrate + Nitrite (AS N),None,,,,7.9,mg/l,True,0.1,,,LAC10-107-06-1J,GWM,Actual,GW,Water,,,"[]"
8666065,31050005,Audubon 13,Carroll,10240003,Well,Alluvium,41.7219106401,-94.8790329533,12/17/2018 12:30:00,GWM,14265-44-2,Orthophosphate (AS P),Dissolved,,,,0.09,mg/l,True,0.02,,,LAC10-115-01-1A,GWM,Actual,GW,Water,,,"[]"
8666065,31140001,"Coon Rapids 1, N",Carroll,07100007,Well,Dakota,41.87597,-94.67577,11/13/2019 09:30:00,GWM,NIT-NO3-NO2,Nitrate + Nitrite (AS N),None,,,,2.3,mg/l,True,0.1,,,LAC10-107-06-1J,GWM,Actual,GW,Water,,,"[]"
8666065,31140001,"Coon Rapids 1, N",Carroll,07100007,Well,Dakota,41.87597,-94.67577,11/13/2019 09:30:00,GWM,NIT-AMM,Ammonia-nitrogen (AS N),None,,,,0.05,mg/l,False,0.05,,,LAC10-107-06-1J,GWM,Actual,GW,Water,,,"[]"
8666065,31050005,Audubon 13,Carroll,10240003,Well,Alluvium,41.7219106401,-94.8790329533,12/03/2019 09:00:00,GWM,NIT-AMM,Ammonia-nitrogen (AS N),None,,,,0.05,mg/l,False,0.05,,,LAC10-107-06-1J,GWM,Actual,GW,Water,,,"[]"
8666065,31050005,Audubon 13,Carroll,10240003,Well,Alluvium,41.7219106401,-94.8790329533,12/03/2019 09:00:00,GWM,NIT-NO3-NO2,Nitrate + Nitrite (AS N),None,,,,6.9,mg/l,True,0.1,,,LAC10-107-06-1J,GWM,Actual,GW,Water,,,"[]"
8666065,31140013,Carroll 9,Carroll,07100007,Well,Dakota,42.059096,-94.871631,04/24/2023 11:50:00,GWM,NIT-NO3-NO2,Nitrate + Nitrite (AS N),Total,,,,0.1,mg/l,False,0.1,,,LAC10-107-04-1J,GWM,Actual,GW,Water,,,"[]"
8666065,31140013,Carroll 9,Carroll,07100007,Well,Dakota,42.059096,-94.871631,04/24/2023 11:50:00,GWM,NIT-AMM,Ammonia-nitrogen (AS N),Total,,,,1.8,mg/l,True,0.1,,,LAC10-107-06-1J,GWM,Actual,GW,Water,,,"[]"
8666065,31140014,Carroll 18,Carroll,07100007,Well,Dakota,42.066081,-94.887616,04/24/2023 12:10:00,GWM,NIT-NO3-NO2,Nitrate + Nitrite (AS N),Total,,,,0.4,mg/l,True,0.1,,,LAC10-107-04-1J,GWM,Actual,GW,Water,,,"[]"
8666065,31140014,Carroll 18,Carroll,07100007,Well,Dakota,42.066081,-94.887616,04/24/2023 12:10:00,GWM,NIT-AMM,Ammonia-nitrogen (AS N),Total,,,,0.86,mg/l,True,0.1,,,LAC10-107-06-1J,GWM,Actual,GW,Water,,,"[]"
8666065,31140016,Carroll 20,Carroll,07100007,Well,Dakota,42.052778,-94.868694,02/03/2021 14:05:00,GWM,NIT-AMM,Ammonia-nitrogen (AS N),None,,,,0.51,mg/l,True,0.05,,,LAC10-107-06-1J,GWM,Actual,GW,Water,,,"[]"
8666065,31140016,Carroll 20,Carroll,07100007,Well,Dakota,42.052778,-94.868694,02/03/2021 14:05:00,GWM,NIT-NO3-NO2,Nitrate + Nitrite (AS N),None,,,,0.1,mg/l,False,0.1,,,LAC10-107-06-1J,GWM,Actual,GW,Water,,,"[]"
8666065,31140016,Carroll 20,Carroll,07100007,Well,Dakota,42.052778,-94.868694,02/03/2021 14:05:00,GWM,14265-44-2,Orthophosphate (AS P),Dissolved,,,,0.05,mg/l,True,0.02,,,LAC10-115-01-1A,GWM,Actual,GW,Water,,,"[]"
8666065,31140008,Glidden 6,Carroll,07100007,Well,Dakota,42.05966,-94.73461,02/09/2021 12:58:00,GWM,NIT-NO3-NO2,Nitrate + Nitrite (AS N),None,,,,0.15,mg/l,True,0.1,,,LAC10-107-06-1J,GWM,Actual,GW,Water,,,"[]"
8666065,31140008,Glidden 6,Carroll,07100007,Well,Dakota,42.05966,-94.73461,02/09/2021 12:58:00,GWM,NIT-AMM,Ammonia-nitrogen (AS N),None,,,,1.4,mg/l,True,0.05,,,LAC10-107-06-1J,GWM,Actual,GW,Water,,,"[]"
8666065,31140008,Glidden 6,Carroll,07100007,Well,Dakota,42.05966,-94.73461,02/09/2021 12:58:00,GWM,14265-44-2,Orthophosphate (AS P),Dissolved,,,,0.03,mg/l,True,0.02,,,LAC10-115-01-1A,GWM,Actual,GW,Water,,,"[]"
8666065,31140015,Lanesboro 1,Carroll,07100006,Well,Dakota,42.184303,-94.689513,02/16/2021 10:10:00,GWM,NIT-NO3-NO2,Nitrate + Nitrite (AS N),None,,,,0.1,mg/l,False,0.1,,,LAC10-107-06-1J,GWM,Actual,GW,Water,,,"[]"
8666065,31140015,Lanesboro 1,Carroll,07100006,Well,Dakota,42.184303,-94.689513,02/16/2021 10:10:00,GWM,NIT-AMM,Ammonia-nitrogen (AS N),None,,,,0.93,mg/l,True,0.05,,,LAC10-107-06-1J,GWM,Actual,GW,Water,,,"[]"
8666065,31140015,Lanesboro 1,Carroll,07100006,Well,Dakota,42.184303,-94.689513,02/16/2021 10:10:00,GWM,14265-44-2,Orthophosphate (AS P),Dissolved,,,,0.02,mg/l,False,0.02,,,LAC10-115-01-1A,GWM,Actual,GW,Water,,,"[]"
8666065,31050005,Audubon 13,Carroll,10240003,Well,Alluvium,41.7219106401,-94.8790329533,03/16/2021 08:00:00,GWM,NIT-NO3-NO2,Nitrate + Nitrite (AS N),None,,,,5.7,mg/l,True,0.1,,,LAC10-107-06-1J,GWM,Actual,GW,Water,,,"[]"
8666065,31050005,Audubon 13,Carroll,10240003,Well,Alluvium,41.7219106401,-94.8790329533,03/16/2021 08:00:00,GWM,NIT-AMM,Ammonia-nitrogen (AS N),None,,,,0.05,mg/l,False,0.05,,,LAC10-107-06-1J,GWM,Actual,GW,Water,,,"[]"
8666065,31140009,Breda 4,Carroll,07100006,Well,Dakota,42.182285,-94.974738,03/29/2021 09:00:00,GWM,NIT-NO3-NO2,Nitrate + Nitrite (AS N),None,,,,0.1,mg/l,False,0.1,,,LAC10-107-06-1J,GWM,Actual,GW,Water,,,"[]"
8666065,31140009,Breda 4,Carroll,07100006,Well,Dakota,42.182285,-94.974738,03/29/2021 09:00:00,GWM,NIT-AMM,Ammonia-nitrogen (AS N),None,,,,2,mg/l,True,0.05,,,LAC10-107-06-1J,GWM,Actual,GW,Water,,,"[]"
8666065,31140009,Breda 4,Carroll,07100006,Well,Dakota,42.182285,-94.974738,03/29/2021 09:00:00,GWM,14265-44-2,Orthophosphate (AS P),Dissolved,,,,0.04,mg/l,True,0.02,,,LAC10-115-01-1A,GWM,Actual,GW,Water,,,"[]"
