facilityID,siteID,name,county,huc8,type,aquifer,latitude,longitude,sampleDate,projectCode,cas_rn,analyte,fraction,relDepth,sampDepth,sampDepthUnit,result,unit,detect,detectLimit,quantFlag,quantLimit,method,colMethod,resultType,matrix,medium,qualFlag,remark,xParams
8666065,31150002,"Cumberland (5), 4",Cass,10240009,Well,Dakota,41.277862,-94.870284,08/07/2002 10:15:00,GWM,NIT-NO3-NO2,Nitrate + Nitrite (AS N),Total,,,,0.1,mg/l,False,0.1,,,353.2,USGSGWM,Actual,GW,Water,,,"[]"
8666065,31150002,"Cumberland (5), 4",Cass,10240009,Well,Dakota,41.277862,-94.870284,08/07/2002 10:15:00,GWM,NIT-AMM,Ammonia-nitrogen (AS N),Total,,,,0.05,mg/l,False,0.05,,,LAC10-107-06-1J,USGSGWM,Actual,GW,Water,,,"[]"
8666065,31150002,"Cumberland (5), 4",Cass,10240009,Well,Dakota,41.277862,-94.870284,08/07/2002 10:15:00,GWM,NIT-ORGN,Organic Nitrogen (AS N),Total,,,,0.05,mg/l,True,0.05,,,LAC10-107-06-2E,USGSGWM,Calculated,GW,Water,,,"[]"
8666065,31150002,"Cumberland (5), 4",Cass,10240009,Well,Dakota,41.277862,-94.870284,08/07/2002 10:15:00,GWM,14265-44-2,Orthophosphate (AS P),Dissolved,,,,0.05,mg/l,False,0.05,,,LAC10-115-01-1A,USGSGWM,Actual,GW,Water,,,"[]"
8666065,31150002,"Cumberland (5), 4",Cass,10240009,Well,Dakota,41.277862,-94.870284,08/07/2002 10:15:00,GWM,PHOSP-PHOSP,"Total Phosphorus, mixed forms (AS P)",Total,,,,0.05,mg/l,False,0.05,,,LAC10-115-01-1C,USGSGWM,Actual,GW,Water,,,"[]"
8666065,31150002,"Cumberland (5), 4",Cass,10240009,Well,Dakota,41.277862,-94.870284,08/07/2002 10:15:00,GWM,NIT-KJELD,Kjeldahl nitrogen (AS N),Total,,,,0.05,mg/l,True,0.05,,,PAI DK03,USGSGWM,Actual,GW,Water,,,"[]"
8666065,31150001,Cumberland 1,Cass,10240009,Well,Buried Sand Gravel,41.272917,-94.869725,08/07/2002 09:10:00,GWM,NIT-NO3-NO2,Nitrate + Nitrite (AS N),Total,,,,0.1,mg/l,False,0.1,,,353.2,USGSGWM,Actual,GW,Water,,,"[]"
8666065,31150001,Cumberland 1,Cass,10240009,Well,Buried Sand Gravel,41.272917,-94.869725,08/07/2002 09:10:00,GWM,NIT-AMM,Ammonia-nitrogen (AS N),Total,,,,0.05,mg/l,False,0.05,,,LAC10-107-06-1J,USGSGWM,Actual,GW,Water,,,"[]"
8666065,31150001,Cumberland 1,Cass,10240009,Well,Buried Sand Gravel,41.272917,-94.869725,08/07/2002 09:10:00,GWM,NIT-ORGN,Organic Nitrogen (AS N),Total,,,,0.05,mg/l,False,0.05,,,LAC10-107-06-2E,USGSGWM,Calculated,GW,Water,,,"[]"
8666065,31150001,Cumberland 1,Cass,10240009,Well,Buried Sand Gravel,41.272917,-94.869725,08/07/2002 09:10:00,GWM,14265-44-2,Orthophosphate (AS P),Dissolved,,,,0.05,mg/l,False,0.05,,,LAC10-115-01-1A,USGSGWM,Actual,GW,Water,,,"[]"
8666065,31150001,Cumberland 1,Cass,10240009,Well,Buried Sand Gravel,41.272917,-94.869725,08/07/2002 09:10:00,GWM,PHOSP-PHOSP,"Total Phosphorus, mixed forms (AS P)",Total,,,,0.05,mg/l,False,0.05,,,LAC10-115-01-1C,USGSGWM,Actual,GW,Water,,,"[]"
8666065,31150001,Cumberland 1,Cass,10240009,Well,Buried Sand Gravel,41.272917,-94.869725,08/07/2002 09:10:00,GWM,NIT-KJELD,Kjeldahl nitrogen (AS N),Total,,,,0.05,mg/l,False,0.05,,,PAI DK03,USGSGWM,Actual,GW,Water,,,"[]"
8666065,31150004,Wiota 4,Cass,10240003,Well,Dakota,41.400658,-94.876473,09/06/2002 14:00:00,GWM,NIT-NO3-NO2,Nitrate + Nitrite (AS N),Total,,,,0.1,mg/l,False,0.1,,,353.2,USGSGWM,Actual,GW,Water,,,"[]"
8666065,31150004,Wiota 4,Cass,10240003,Well,Dakota,41.400658,-94.876473,09/06/2002 14:00:00,GWM,NIT-AMM,Ammonia-nitrogen (AS N),Total,,,,0.11,mg/l,True,0.05,,,LAC10-107-06-1J,USGSGWM,Actual,GW,Water,,,"[]"
8666065,31150004,Wiota 4,Cass,10240003,Well,Dakota,41.400658,-94.876473,09/06/2002 14:00:00,GWM,NIT-ORGN,Organic Nitrogen (AS N),Total,,,,0.56,mg/l,True,0.05,,,LAC10-107-06-2E,USGSGWM,Calculated,GW,Water,,,"[]"
8666065,31150004,Wiota 4,Cass,10240003,Well,Dakota,41.400658,-94.876473,09/06/2002 14:00:00,GWM,14265-44-2,Orthophosphate (AS P),Dissolved,,,,0.05,mg/l,False,0.05,,,LAC10-115-01-1A,USGSGWM,Actual,GW,Water,,,"[]"
8666065,31150004,Wiota 4,Cass,10240003,Well,Dakota,41.400658,-94.876473,09/06/2002 14:00:00,GWM,PHOSP-PHOSP,"Total Phosphorus, mixed forms (AS P)",Total,,,,0.05,mg/l,False,0.05,,,LAC10-115-01-1C,USGSGWM,Actual,GW,Water,,,"[]"
8666065,31150004,Wiota 4,Cass,10240003,Well,Dakota,41.400658,-94.876473,09/06/2002 14:00:00,GWM,NIT-KJELD,Kjeldahl nitrogen (AS N),Total,,,,0.67,mg/l,True,0.05,,,PAI DK03,USGSGWM,Actual,GW,Water,,,"[]"
8666065,31150001,Cumberland 1,Cass,10240009,Well,Buried Sand Gravel,41.272917,-94.869725,08/18/2003 11:15:00,GWM,NIT-AMM,Ammonia-nitrogen (AS N),Total,,,,0.05,mg/l,False,0.05,,,350.1,USGSGWM,Actual,GW,Water,,,"[]"
8666065,31150001,Cumberland 1,Cass,10240009,Well,Buried Sand Gravel,41.272917,-94.869725,08/18/2003 11:15:00,GWM,NIT-NO3-NO2,Nitrate + Nitrite (AS N),Total,,,,0.1,mg/l,True,0.1,,,353.2,USGSGWM,Actual,GW,Water,,,"[]"
8666065,31150001,Cumberland 1,Cass,10240009,Well,Buried Sand Gravel,41.272917,-94.869725,08/18/2003 11:15:00,GWM,14265-44-2,Orthophosphate (AS P),Dissolved,,,,0.02,mg/l,False,0.02,,,365.1,USGSGWM,Actual,GW,Water,,,"[]"
8666065,31150001,Cumberland 1,Cass,10240009,Well,Buried Sand Gravel,41.272917,-94.869725,08/18/2003 11:15:00,GWM,PHOSP-PHOSP,"Total Phosphorus, mixed forms (AS P)",Total,,,,0.05,mg/l,True,0.02,,,365.4,USGSGWM,Actual,GW,Water,,,"[]"
8666065,31150001,Cumberland 1,Cass,10240009,Well,Buried Sand Gravel,41.272917,-94.869725,08/18/2003 11:15:00,GWM,NIT-ORGN,Organic Nitrogen (AS N),Total,,,,0.05,mg/l,False,0.05,,,LAC10-107-06-2E,USGSGWM,Calculated,GW,Water,,,"[]"
8666065,31150001,Cumberland 1,Cass,10240009,Well,Buried Sand Gravel,41.272917,-94.869725,08/18/2003 11:15:00,GWM,NIT-KJELD,Kjeldahl nitrogen (AS N),Total,,,,0.05,mg/l,False,0.05,,,PAI DK03,USGSGWM,Actual,GW,Water,,,"[]"
8666065,31150002,"Cumberland (5), 4",Cass,10240009,Well,Dakota,41.277862,-94.870284,08/18/2003 12:15:00,GWM,NIT-AMM,Ammonia-nitrogen (AS N),Total,,,,0.05,mg/l,False,0.05,,,350.1,USGSGWM,Actual,GW,Water,,,"[]"
8666065,31150002,"Cumberland (5), 4",Cass,10240009,Well,Dakota,41.277862,-94.870284,08/18/2003 12:15:00,GWM,NIT-NO3-NO2,Nitrate + Nitrite (AS N),Total,,,,0.1,mg/l,False,0.1,,,353.2,USGSGWM,Actual,GW,Water,,,"[]"
8666065,31150002,"Cumberland (5), 4",Cass,10240009,Well,Dakota,41.277862,-94.870284,08/18/2003 12:15:00,GWM,14265-44-2,Orthophosphate (AS P),Dissolved,,,,0.02,mg/l,False,0.02,,,365.1,USGSGWM,Actual,GW,Water,,,"[]"
8666065,31150002,"Cumberland (5), 4",Cass,10240009,Well,Dakota,41.277862,-94.870284,08/18/2003 12:15:00,GWM,PHOSP-PHOSP,"Total Phosphorus, mixed forms (AS P)",Total,,,,0.09,mg/l,True,0.02,,,365.4,USGSGWM,Actual,GW,Water,,,"[]"
8666065,31150002,"Cumberland (5), 4",Cass,10240009,Well,Dakota,41.277862,-94.870284,08/18/2003 12:15:00,GWM,NIT-ORGN,Organic Nitrogen (AS N),Total,,,,0.05,mg/l,False,0.05,,,LAC10-107-06-2E,USGSGWM,Calculated,GW,Water,,,"[]"
8666065,31150002,"Cumberland (5), 4",Cass,10240009,Well,Dakota,41.277862,-94.870284,08/18/2003 12:15:00,GWM,NIT-KJELD,Kjeldahl nitrogen (AS N),Total,,,,0.05,mg/l,False,0.05,,,PAI DK03,USGSGWM,Actual,GW,Water,,,"[]"
8666065,31150002,"Cumberland (5), 4",Cass,10240009,Well,Dakota,41.277862,-94.870284,07/15/2004 12:00:00,GWM,NIT-AMM,Ammonia-nitrogen (AS N),Total,,,,0.05,mg/l,False,0.05,,,350.1,USGSGWM,Actual,GW,Water,,,"[]"
8666065,31150002,"Cumberland (5), 4",Cass,10240009,Well,Dakota,41.277862,-94.870284,07/15/2004 12:00:00,GWM,NIT-NO3-NO2,Nitrate + Nitrite (AS N),Total,,,,0.05,mg/l,False,0.05,,,353.2,USGSGWM,Actual,GW,Water,,,"[]"
8666065,31150002,"Cumberland (5), 4",Cass,10240009,Well,Dakota,41.277862,-94.870284,07/15/2004 12:00:00,GWM,14265-44-2,Orthophosphate (AS P),Dissolved,,,,0.02,mg/l,False,0.02,,,365.1,USGSGWM,Actual,GW,Water,,,"[]"
8666065,31150002,"Cumberland (5), 4",Cass,10240009,Well,Dakota,41.277862,-94.870284,07/15/2004 12:00:00,GWM,PHOSP-PHOSP,"Total Phosphorus, mixed forms (AS P)",Total,,,,0.02,mg/l,True,0.02,,,365.4,USGSGWM,Actual,GW,Water,,,"[]"
8666065,31150002,"Cumberland (5), 4",Cass,10240009,Well,Dakota,41.277862,-94.870284,07/15/2004 12:00:00,GWM,NIT-ORGN,Organic Nitrogen,Total,,,,0.05,mg/l,True,0.05,,,LAC10-107-06-2E,USGSGWM,Calculated,GW,Water,,,"[]"
8666065,31150001,Cumberland 1,Cass,10240009,Well,Buried Sand Gravel,41.272917,-94.869725,07/15/2004 10:30:00,GWM,NIT-AMM,Ammonia-nitrogen (AS N),Total,,,,0.05,mg/l,False,0.05,,,350.1,USGSGWM,Actual,GW,Water,,,"[]"
8666065,31150001,Cumberland 1,Cass,10240009,Well,Buried Sand Gravel,41.272917,-94.869725,07/15/2004 10:30:00,GWM,NIT-NO3-NO2,Nitrate + Nitrite (AS N),Total,,,,0.09,mg/l,True,0.05,,,353.2,USGSGWM,Actual,GW,Water,,,"[]"
8666065,31150001,Cumberland 1,Cass,10240009,Well,Buried Sand Gravel,41.272917,-94.869725,07/15/2004 10:30:00,GWM,14265-44-2,Orthophosphate (AS P),Dissolved,,,,0.02,mg/l,False,0.02,,,365.1,USGSGWM,Actual,GW,Water,,,"[]"
8666065,31150001,Cumberland 1,Cass,10240009,Well,Buried Sand Gravel,41.272917,-94.869725,07/15/2004 10:30:00,GWM,PHOSP-PHOSP,"Total Phosphorus, mixed forms (AS P)",Total,,,,0.02,mg/l,False,0.02,,,365.4,USGSGWM,Actual,GW,Water,,,"[]"
8666065,31150001,Cumberland 1,Cass,10240009,Well,Buried Sand Gravel,41.272917,-94.869725,07/15/2004 10:30:00,GWM,NIT-ORGN,Organic Nitrogen,Total,,,,0.05,mg/l,False,0.05,,,LAC10-107-06-2E,USGSGWM,Calculated,GW,Water,,,"[]"
8666065,31150001,Cumberland 1,Cass,10240009,Well,Buried Sand Gravel,41.272917,-94.869725,07/13/2005 09:50:00,GWM,NIT-AMM,Ammonia-nitrogen (AS N),Total,,,,0.05,mg/l,False,0.05,,,350.1,USGSGWM,Actual,GW,Water,,,"[]"
8666065,31150001,Cumberland 1,Cass,10240009,Well,Buried Sand Gravel,41.272917,-94.869725,07/13/2005 09:50:00,GWM,NIT-KJELD,Kjeldahl nitrogen (AS N),Total,,,,0.1,mg/l,False,0.1,,,351.2,USGSGWM,Actual,GW,Water,,,"[]"
8666065,31150001,Cumberland 1,Cass,10240009,Well,Buried Sand Gravel,41.272917,-94.869725,07/13/2005 09:50:00,GWM,NIT-NO3-NO2,Nitrate + Nitrite (AS N),Total,,,,0.05,mg/l,True,0.05,,,353.2,USGSGWM,Actual,GW,Water,,,"[]"
8666065,31150001,Cumberland 1,Cass,10240009,Well,Buried Sand Gravel,41.272917,-94.869725,07/13/2005 09:50:00,GWM,14265-44-2,Orthophosphate (AS P),Dissolved,,,,0.02,mg/l,False,0.02,,,365.1,USGSGWM,Actual,GW,Water,,,"[]"
8666065,31150001,Cumberland 1,Cass,10240009,Well,Buried Sand Gravel,41.272917,-94.869725,07/13/2005 09:50:00,GWM,PHOSP-PHOSP,"Total Phosphorus, mixed forms (AS P)",Total,,,,0.04,mg/l,True,0.02,,,365.4,USGSGWM,Actual,GW,Water,,,"[]"
8666065,31150001,Cumberland 1,Cass,10240009,Well,Buried Sand Gravel,41.272917,-94.869725,07/13/2005 09:50:00,GWM,NIT-ORGN,Organic Nitrogen,Total,,,,0.1,mg/l,False,0.1,,,LAC10-107-06-2E,USGSGWM,Calculated,GW,Water,,,"[]"
8666065,31150002,"Cumberland (5), 4",Cass,10240009,Well,Dakota,41.277862,-94.870284,07/13/2005 10:40:00,GWM,NIT-AMM,Ammonia-nitrogen (AS N),Total,,,,0.05,mg/l,True,0.05,,,350.1,USGSGWM,Actual,GW,Water,,,"[]"
8666065,31150002,"Cumberland (5), 4",Cass,10240009,Well,Dakota,41.277862,-94.870284,07/13/2005 10:40:00,GWM,NIT-KJELD,Kjeldahl nitrogen (AS N),Total,,,,0.1,mg/l,False,0.1,,,351.2,USGSGWM,Actual,GW,Water,,,"[]"
8666065,31150002,"Cumberland (5), 4",Cass,10240009,Well,Dakota,41.277862,-94.870284,07/13/2005 10:40:00,GWM,NIT-NO3-NO2,Nitrate + Nitrite (AS N),Total,,,,0.05,mg/l,False,0.05,,,353.2,USGSGWM,Actual,GW,Water,,,"[]"
8666065,31150002,"Cumberland (5), 4",Cass,10240009,Well,Dakota,41.277862,-94.870284,07/13/2005 10:40:00,GWM,14265-44-2,Orthophosphate (AS P),Dissolved,,,,0.02,mg/l,False,0.02,,,365.1,USGSGWM,Actual,GW,Water,,,"[]"
8666065,31150002,"Cumberland (5), 4",Cass,10240009,Well,Dakota,41.277862,-94.870284,07/13/2005 10:40:00,GWM,PHOSP-PHOSP,"Total Phosphorus, mixed forms (AS P)",Total,,,,0.05,mg/l,True,0.02,,,365.4,USGSGWM,Actual,GW,Water,,,"[]"
8666065,31150002,"Cumberland (5), 4",Cass,10240009,Well,Dakota,41.277862,-94.870284,07/13/2005 10:40:00,GWM,NIT-ORGN,Organic Nitrogen,Total,,,,0.1,mg/l,False,0.1,,,LAC10-107-06-2E,USGSGWM,Calculated,GW,Water,,,"[]"
8666065,31150002,"Cumberland (5), 4",Cass,10240009,Well,Dakota,41.277862,-94.870284,07/26/2006 11:30:00,GWM,NIT-AMM,Ammonia-nitrogen (AS N),Total,,,,0.05,mg/l,False,0.05,,,350.1,USGSGWM,Actual,GW,Water,,,"[]"
8666065,31150002,"Cumberland (5), 4",Cass,10240009,Well,Dakota,41.277862,-94.870284,07/26/2006 11:30:00,GWM,NIT-NO3-NO2,Nitrate + Nitrite (AS N),Total,,,,0.05,mg/l,False,0.05,,,353.2,USGSGWM,Actual,GW,Water,,,"[]"
8666065,31150002,"Cumberland (5), 4",Cass,10240009,Well,Dakota,41.277862,-94.870284,07/26/2006 11:30:00,GWM,14265-44-2,Orthophosphate (AS P),Dissolved,,,,0.02,mg/l,False,0.02,,,365.1,USGSGWM,Actual,GW,Water,,,"[]"
8666065,31150002,"Cumberland (5), 4",Cass,10240009,Well,Dakota,41.277862,-94.870284,07/26/2006 11:30:00,GWM,PHOSP-PHOSP,"Total Phosphorus, mixed forms (AS P)",Total,,,,0.03,mg/l,True,0.02,,,365.4,USGSGWM,Actual,GW,Water,,,"[]"
8666065,31150002,"Cumberland (5), 4",Cass,10240009,Well,Dakota,41.277862,-94.870284,07/26/2006 11:30:00,GWM,NIT-ORGN,Organic Nitrogen,Total,,,,0.1,mg/l,False,0.1,,,LAC10-107-06-2E,USGSGWM,Calculated,GW,Water,,,"[]"
8666065,31150001,Cumberland 1,Cass,10240009,Well,Buried Sand Gravel,41.272917,-94.869725,07/26/2006 12:00:00,GWM,NIT-AMM,Ammonia-nitrogen (AS N),Total,,,,0.05,mg/l,False,0.05,,,350.1,USGSGWM,Actual,GW,Water,,,"[]"
8666065,31150001,Cumberland 1,Cass,10240009,Well,Buried Sand Gravel,41.272917,-94.869725,07/26/2006 12:00:00,GWM,NIT-KJELD,Kjeldahl nitrogen (AS N),Total,,,,0.1,mg/l,False,0.1,,,351.2,USGSGWM,Actual,GW,Water,,,"[]"
8666065,31150001,Cumberland 1,Cass,10240009,Well,Buried Sand Gravel,41.272917,-94.869725,07/26/2006 12:00:00,GWM,NIT-NO3-NO2,Nitrate + Nitrite (AS N),Total,,,,0.05,mg/l,False,0.05,,,353.2,USGSGWM,Actual,GW,Water,,,"[]"
8666065,31150001,Cumberland 1,Cass,10240009,Well,Buried Sand Gravel,41.272917,-94.869725,07/26/2006 12:00:00,GWM,14265-44-2,Orthophosphate (AS P),Dissolved,,,,0.02,mg/l,False,0.02,,,365.1,USGSGWM,Actual,GW,Water,,,"[]"
8666065,31150001,Cumberland 1,Cass,10240009,Well,Buried Sand Gravel,41.272917,-94.869725,07/26/2006 12:00:00,GWM,PHOSP-PHOSP,"Total Phosphorus, mixed forms (AS P)",Total,,,,0.05,mg/l,True,0.02,,,365.4,USGSGWM,Actual,GW,Water,,,"[]"
8666065,31150001,Cumberland 1,Cass,10240009,Well,Buried Sand Gravel,41.272917,-94.869725,07/26/2006 12:00:00,GWM,NIT-ORGN,Organic Nitrogen,Total,,,,0.1,mg/l,False,0.1,,,LAC10-107-06-2E,USGSGWM,Calculated,GW,Water,,,"[]"
8666065,31150003,Massena 2,Cass,10240009,Well,Alluvium,41.252325,-94.780027,08/02/2006 15:45:00,GWM,NIT-AMM,Ammonia-nitrogen (AS N),Total,,,,0.61,mg/l,True,0.05,,,350.1,USGSGWM,Actual,GW,Water,,,"[]"
8666065,31150003,Massena 2,Cass,10240009,Well,Alluvium,41.252325,-94.780027,08/02/2006 15:45:00,GWM,NIT-KJELD,Kjeldahl nitrogen (AS N),Total,,,,0.6,mg/l,True,0.1,,,351.2,USGSGWM,Actual,GW,Water,,,"[]"
8666065,31150003,Massena 2,Cass,10240009,Well,Alluvium,41.252325,-94.780027,08/02/2006 15:45:00,GWM,NIT-NO3-NO2,Nitrate + Nitrite (AS N),Total,,,,0.05,mg/l,False,0.05,,,353.2,USGSGWM,Actual,GW,Water,,,"[]"
8666065,31150003,Massena 2,Cass,10240009,Well,Alluvium,41.252325,-94.780027,08/02/2006 15:45:00,GWM,14265-44-2,Orthophosphate (AS P),Dissolved,,,,0.02,mg/l,False,0.02,,,365.1,USGSGWM,Actual,GW,Water,,,"[]"
8666065,31150003,Massena 2,Cass,10240009,Well,Alluvium,41.252325,-94.780027,08/02/2006 15:45:00,GWM,PHOSP-PHOSP,"Total Phosphorus, mixed forms (AS P)",Total,,,,0.38,mg/l,True,0.02,,,365.4,USGSGWM,Actual,GW,Water,,,"[]"
8666065,31150003,Massena 2,Cass,10240009,Well,Alluvium,41.252325,-94.780027,08/02/2006 15:45:00,GWM,NIT-ORGN,Organic Nitrogen,Total,,,,0.1,mg/l,False,0.1,,,LAC10-107-06-2E,USGSGWM,Calculated,GW,Water,,,"[]"
8666065,31150001,Cumberland 1,Cass,10240009,Well,Buried Sand Gravel,41.272917,-94.869725,08/21/2012 09:00:00,GWM,NIT-NO3-NO2,Nitrate + Nitrite (AS N),Total,,,,0.1,mg/l,False,0.1,,,LAC10-107-04-1J,GWMPWS,Actual,GW,Water,,,"[]"
8666065,31150001,Cumberland 1,Cass,10240009,Well,Buried Sand Gravel,41.272917,-94.869725,08/21/2012 09:00:00,GWM,NIT-AMM,Ammonia-nitrogen (AS N),Total,,,,0.05,mg/l,False,0.05,,,LAC10-107-06-1J,GWMPWS,Actual,GW,Water,,,"[]"
8666065,31150001,Cumberland 1,Cass,10240009,Well,Buried Sand Gravel,41.272917,-94.869725,08/21/2012 09:00:00,GWM,NIT-KJELD,Kjeldahl nitrogen (AS N),Total,,,,0.1,mg/l,False,0.1,,,LAC10-107-06-2E,GWMPWS,Actual,GW,Water,,,"[]"
8666065,31150001,Cumberland 1,Cass,10240009,Well,Buried Sand Gravel,41.272917,-94.869725,08/21/2012 09:00:00,GWM,14265-44-2,Orthophosphate (AS P),Dissolved,,,,0.02,mg/l,False,0.02,,,LAC10-115-01-1A,GWMPWS,Actual,GW,Water,,,"[]"
8666065,31150001,Cumberland 1,Cass,10240009,Well,Buried Sand Gravel,41.272917,-94.869725,08/21/2012 09:00:00,GWM,PHOSP-PHOSP,"Total Phosphorus, mixed forms (AS P)",Total,,,,0.03,mg/l,True,0.02,,,LAC10-115-01-1D,GWMPWS,Actual,GW,Water,,,"[]"
8666065,31150002,"Cumberland (5), 4",Cass,10240009,Well,Dakota,41.277862,-94.870284,08/21/2012 08:28:00,GWM,NIT-NO3-NO2,Nitrate + Nitrite (AS N),Total,,,,0.1,mg/l,False,0.1,,,LAC10-107-04-1J,GWMPWS,Actual,GW,Water,,,"[]"
8666065,31150002,"Cumberland (5), 4",Cass,10240009,Well,Dakota,41.277862,-94.870284,08/21/2012 08:28:00,GWM,NIT-AMM,Ammonia-nitrogen (AS N),Total,,,,0.05,mg/l,False,0.05,,,LAC10-107-06-1J,GWMPWS,Actual,GW,Water,,,"[]"
8666065,31150002,"Cumberland (5), 4",Cass,10240009,Well,Dakota,41.277862,-94.870284,08/21/2012 08:28:00,GWM,NIT-KJELD,Kjeldahl nitrogen (AS N),Total,,,,0.1,mg/l,False,0.1,,,LAC10-107-06-2E,GWMPWS,Actual,GW,Water,,,"[]"
8666065,31150002,"Cumberland (5), 4",Cass,10240009,Well,Dakota,41.277862,-94.870284,08/21/2012 08:28:00,GWM,14265-44-2,Orthophosphate (AS P),Dissolved,,,,0.02,mg/l,True,0.02,,,LAC10-115-01-1A,GWMPWS,Actual,GW,Water,,,"[]"
8666065,31150002,"Cumberland (5), 4",Cass,10240009,Well,Dakota,41.277862,-94.870284,08/21/2012 08:28:00,GWM,PHOSP-PHOSP,"Total Phosphorus, mixed forms (AS P)",Total,,,,0.03,mg/l,True,0.02,,,LAC10-115-01-1D,GWMPWS,Actual,GW,Water,,,"[]"
8666065,31150006,Massena 6,Cass,10240009,Well,Alluvium,41.250505108,-94.7831408835,11/08/2016 13:15:00,GWM,NIT-NO3-NO2,Nitrate + Nitrite (AS N),Total,,,,0.5,mg/l,False,0.5,,,LAC10-107-04-1J,GWM,Actual,GW,Water,,,"[]"
8666065,31150006,Massena 6,Cass,10240009,Well,Alluvium,41.250505108,-94.7831408835,11/08/2016 13:15:00,GWM,NIT-AMM,Ammonia-nitrogen (AS N),Total,,,,0.46,mg/l,True,0.05,,,LAC10-107-06-1J,GWM,Actual,GW,Water,,,"[]"
8666065,31150005,Anita 4,Cass,10240003,Well,Dakota,41.4523525268,-94.7699000075,11/30/2016 09:45:00,GWM,NIT-NO3-NO2,Nitrate + Nitrite (AS N),Total,,,,0.1,mg/l,False,0.1,,,LAC10-107-04-1J,GWM,Actual,GW,Water,,,"[]"
8666065,31150005,Anita 4,Cass,10240003,Well,Dakota,41.4523525268,-94.7699000075,11/30/2016 09:45:00,GWM,NIT-AMM,Ammonia-nitrogen (AS N),Total,,,,0.68,mg/l,True,0.05,,,LAC10-107-06-1J,GWM,Actual,GW,Water,,,"[]"
8666065,31150006,Massena 6,Cass,10240009,Well,Alluvium,41.250505108,-94.7831408835,03/13/2013 13:45:00,GWM,NIT-NO3-NO2,Nitrate + Nitrite (AS N),Total,,,,0.1,mg/l,False,0.1,,,LAC10-107-04-1J,GWM,Actual,GW,Water,,,"[]"
8666065,31150006,Massena 6,Cass,10240009,Well,Alluvium,41.250505108,-94.7831408835,03/13/2013 13:45:00,GWM,NIT-AMM,Ammonia-nitrogen (AS N),Total,,,,0.49,mg/l,True,0.05,,,LAC10-107-06-1J,GWM,Actual,GW,Water,,,"[]"
8666065,31150006,Massena 6,Cass,10240009,Well,Alluvium,41.250505108,-94.7831408835,03/13/2013 13:45:00,GWM,NIT-KJELD,Kjeldahl nitrogen (AS N),Total,,,,0.7,mg/l,True,0.1,,,LAC10-107-06-2E,GWM,Actual,GW,Water,,,"[]"
8666065,31150006,Massena 6,Cass,10240009,Well,Alluvium,41.250505108,-94.7831408835,03/13/2013 13:45:00,GWM,14265-44-2,Orthophosphate (AS P),Dissolved,,,,0.09,mg/l,True,0.02,,,LAC10-115-01-1A,GWM,Actual,GW,Water,,,"[]"
8666065,31150006,Massena 6,Cass,10240009,Well,Alluvium,41.250505108,-94.7831408835,03/13/2013 13:45:00,GWM,PHOSP-PHOSP,"Total Phosphorus, mixed forms (AS P)",Total,,,,0.91,mg/l,True,0.05,,,LAC10-115-01-1C,GWM,Actual,GW,Water,,,"[]"
8666065,31150005,Anita 4,Cass,10240003,Well,Dakota,41.4523525268,-94.7699000075,03/13/2013 14:40:00,GWM,NIT-NO3-NO2,Nitrate + Nitrite (AS N),Total,,,,0.1,mg/l,False,0.1,,,LAC10-107-04-1J,GWM,Actual,GW,Water,,,"[]"
8666065,31150005,Anita 4,Cass,10240003,Well,Dakota,41.4523525268,-94.7699000075,03/13/2013 14:40:00,GWM,NIT-AMM,Ammonia-nitrogen (AS N),Total,,,,0.86,mg/l,True,0.05,,,LAC10-107-06-1J,GWM,Actual,GW,Water,,,"[]"
8666065,31150005,Anita 4,Cass,10240003,Well,Dakota,41.4523525268,-94.7699000075,03/13/2013 14:40:00,GWM,NIT-KJELD,Kjeldahl nitrogen (AS N),Total,,,,0.1,mg/l,False,0.1,,,LAC10-107-06-2E,GWM,Actual,GW,Water,,,"[]"
8666065,31150005,Anita 4,Cass,10240003,Well,Dakota,41.4523525268,-94.7699000075,03/13/2013 14:40:00,GWM,14265-44-2,Orthophosphate (AS P),Dissolved,,,,0.02,mg/l,False,0.02,,,LAC10-115-01-1A,GWM,Actual,GW,Water,,,"[]"
8666065,31150005,Anita 4,Cass,10240003,Well,Dakota,41.4523525268,-94.7699000075,03/13/2013 14:40:00,GWM,PHOSP-PHOSP,"Total Phosphorus, mixed forms (AS P)",Total,,,,0.05,mg/l,True,0.02,,,LAC10-115-01-1D,GWM,Actual,GW,Water,,,"[]"
8666065,31150006,Massena 6,Cass,10240009,Well,Alluvium,41.250505108,-94.7831408835,11/27/2017 08:05:00,GWM,NIT-NO3-NO2,Nitrate + Nitrite (AS N),None,,,,0.1,mg/l,False,0.1,,,LAC10-107-06-1J,GWM,Actual,GW,Water,,,"[]"
8666065,31150006,Massena 6,Cass,10240009,Well,Alluvium,41.250505108,-94.7831408835,11/27/2017 08:05:00,GWM,NIT-AMM,Ammonia-nitrogen (AS N),None,,,,0.53,mg/l,True,0.05,,,LAC10-107-06-1J,GWM,Actual,GW,Water,,,"[]"
8666065,31150005,Anita 4,Cass,10240003,Well,Dakota,41.4523525268,-94.7699000075,11/28/2017 09:32:00,GWM,NIT-NO3-NO2,Nitrate + Nitrite (AS N),None,,,,0.1,mg/l,False,0.1,,,LAC10-107-06-1J,GWM,Actual,GW,Water,,,"[]"
8666065,31150005,Anita 4,Cass,10240003,Well,Dakota,41.4523525268,-94.7699000075,11/28/2017 09:32:00,GWM,NIT-AMM,Ammonia-nitrogen (AS N),None,,,,0.77,mg/l,True,0.05,,,LAC10-107-06-1J,GWM,Actual,GW,Water,,,"[]"
8666065,31150002,"Cumberland (5), 4",Cass,10240009,Well,Dakota,41.277862,-94.870284,11/28/2017 09:32:00,GWM,NIT-NO3-NO2,Nitrate + Nitrite (AS N),None,,,,0.1,mg/l,False,0.1,,,LAC10-107-06-1J,GWM,Actual,GW,Water,,,"[]"
8666065,31150002,"Cumberland (5), 4",Cass,10240009,Well,Dakota,41.277862,-94.870284,11/28/2017 09:32:00,GWM,NIT-AMM,Ammonia-nitrogen (AS N),None,,,,0.05,mg/l,False,0.05,,,LAC10-107-06-1J,GWM,Actual,GW,Water,,,"[]"
8666065,31150006,Massena 6,Cass,10240009,Well,Alluvium,41.250505108,-94.7831408835,11/27/2017 00:00:00,GWM,NIT-NO3-NO2,Nitrate + Nitrite,None,,,,0.01,mg/l,False,0.01,,0.01,353.2,GWM001,,GW,Water,,,"[]"
8666065,31150005,Anita 4,Cass,10240003,Well,Dakota,41.4523525268,-94.7699000075,01/03/2019 08:45:00,GWM,NIT-AMM,Ammonia-nitrogen (AS N),None,,,,0.62,mg/l,True,0.05,,,LAC10-107-06-1J,GWM,Actual,GW,Water,,,"[]"
8666065,31150005,Anita 4,Cass,10240003,Well,Dakota,41.4523525268,-94.7699000075,01/03/2019 08:45:00,GWM,NIT-NO3-NO2,Nitrate + Nitrite (AS N),None,,,,0.1,mg/l,False,0.1,,,LAC10-107-06-1J,GWM,Actual,GW,Water,,,"[]"
8666065,31150005,Anita 4,Cass,10240003,Well,Dakota,41.4523525268,-94.7699000075,01/03/2019 08:45:00,GWM,14265-44-2,Orthophosphate (AS P),Dissolved,,,,0.02,mg/l,False,0.02,,,LAC10-115-01-1A,GWM,Actual,GW,Water,,Sample was not field filtered per method and was filtered for analysis after receipt by the laboratory.,"[]"
8666065,31150006,Massena 6,Cass,10240009,Well,Alluvium,41.250505108,-94.7831408835,04/03/2019 11:00:00,GWM,NIT-AMM,Ammonia-nitrogen (AS N),None,,,,0.55,mg/l,True,0.05,,,LAC10-107-06-1J,GWM,Actual,GW,Water,,,"[]"
8666065,31150006,Massena 6,Cass,10240009,Well,Alluvium,41.250505108,-94.7831408835,04/03/2019 11:00:00,GWM,NIT-NO3-NO2,Nitrate + Nitrite (AS N),None,,,,0.1,mg/l,False,0.1,,,LAC10-107-06-1J,GWM,Actual,GW,Water,,,"[]"
8666065,31150006,Massena 6,Cass,10240009,Well,Alluvium,41.250505108,-94.7831408835,04/03/2019 11:00:00,GWM,14265-44-2,Orthophosphate (AS P),Dissolved,,,,0.02,mg/l,False,0.02,,,LAC10-115-01-1A,GWM,Actual,GW,Water,,,"[]"
8666065,31150007,Griswold 3,Cass,10240003,Well,Dakota,41.2312097521,-95.1130902521,01/07/2019 00:00:00,GWM,NIT-NO3-NO2,Nitrate + Nitrite,None,,,,8.7,mg/l,True,0.01,,0.01,353.2,GWM001,,GW,,,,"[]"
8666065,31150008,Griswold 4,Cass,10240003,Well,Dakota,41.2312273315,-95.1147887307,01/07/2019 00:00:00,GWM,NIT-NO3-NO2,Nitrate + Nitrite,None,,,,4.21,mg/l,True,0.01,,0.01,353.2,GWM001,,GW,,,,"[]"
8666065,31150009,Griswold 5,Cass,10240003,Well,Dakota,41.2310905457,-95.1038636811,01/07/2019 00:00:00,GWM,NIT-NO3-NO2,Nitrate + Nitrite,None,,,,4.22,mg/l,True,0.01,,0.01,353.2,GWM001,,GW,,,,"[]"
8666065,31150011,Atlantic 18,Cass,10240003,Well,Dakota,41.407776,-94.998207,04/10/2023 10:30:00,GWM,NIT-NO3-NO2,Nitrate + Nitrite (AS N),Total,,,,3.1,mg/l,True,0.1,,,LAC10-107-04-1J,GWM,Actual,GW,Water,,,"[]"
8666065,31150011,Atlantic 18,Cass,10240003,Well,Dakota,41.407776,-94.998207,04/10/2023 10:30:00,GWM,NIT-AMM,Ammonia-nitrogen (AS N),Total,,,,0.1,mg/l,False,0.1,,,LAC10-107-06-1J,GWM,Actual,GW,Water,,,"[]"
8666065,31150006,Massena 6,Cass,10240009,Well,Alluvium,41.250505108,-94.7831408835,04/25/2023 13:55:00,GWM,NIT-NO3-NO2,Nitrate + Nitrite (AS N),Total,,,,0.1,mg/l,False,0.1,,,LAC10-107-04-1J,GWM,Actual,GW,Water,,,"[]"
8666065,31150006,Massena 6,Cass,10240009,Well,Alluvium,41.250505108,-94.7831408835,04/25/2023 13:55:00,GWM,NIT-AMM,Ammonia-nitrogen (AS N),Total,,,,0.62,mg/l,True,0.1,,,LAC10-107-06-1J,GWM,Actual,GW,Water,,,"[]"
8666065,31150007,Griswold 3,Cass,10240003,Well,Dakota,41.2312097521,-95.1130902521,02/23/2021 14:00:00,GWM,NIT-NO3-NO2,Nitrate + Nitrite (AS N),None,,,,9.5,mg/l,True,0.1,,,LAC10-107-06-1J,GWM,Actual,GW,Water,,,"[]"
8666065,31150007,Griswold 3,Cass,10240003,Well,Dakota,41.2312097521,-95.1130902521,02/23/2021 14:00:00,GWM,NIT-AMM,Ammonia-nitrogen (AS N),None,,,,0.05,mg/l,False,0.05,,,LAC10-107-06-1J,GWM,Actual,GW,Water,,,"[]"
8666065,31150007,Griswold 3,Cass,10240003,Well,Dakota,41.2312097521,-95.1130902521,02/23/2021 14:00:00,GWM,14265-44-2,Orthophosphate (AS P),Dissolved,,,,0.08,mg/l,True,0.02,,,LAC10-115-01-1A,GWM,Actual,GW,Water,,,"[]"
8666065,31150005,Anita 4,Cass,10240003,Well,Dakota,41.4523525268,-94.7699000075,03/01/2021 14:00:00,GWM,NIT-AMM,Ammonia-nitrogen (AS N),None,,,,0.56,mg/l,True,0.05,,,LAC10-107-06-1J,GWM,Actual,GW,Water,,,"[]"
8666065,31150005,Anita 4,Cass,10240003,Well,Dakota,41.4523525268,-94.7699000075,03/01/2021 14:00:00,GWM,NIT-NO3-NO2,Nitrate + Nitrite (AS N),None,,,,0.1,mg/l,False,0.1,,,LAC10-107-06-1J,GWM,Actual,GW,Water,,,"[]"
8666065,31150005,Anita 4,Cass,10240003,Well,Dakota,41.4523525268,-94.7699000075,03/01/2021 14:00:00,GWM,14265-44-2,Orthophosphate (AS P),Dissolved,,,,0.03,mg/l,True,0.02,,,LAC10-115-01-1A,GWM,Actual,GW,Water,,,"[]"
8666065,31150002,"Cumberland (5), 4",Cass,10240009,Well,Dakota,41.277862,-94.870284,03/23/2021 09:15:00,GWM,NIT-AMM,Ammonia-nitrogen (AS N),None,,,,0.05,mg/l,False,0.05,,,LAC10-107-06-1J,GWM,Actual,GW,Water,,,"[]"
8666065,31150002,"Cumberland (5), 4",Cass,10240009,Well,Dakota,41.277862,-94.870284,03/23/2021 09:15:00,GWM,NIT-NO3-NO2,Nitrate + Nitrite (AS N),None,,,,0.1,mg/l,False,0.1,,,LAC10-107-06-1J,GWM,Actual,GW,Water,,,"[]"
8666065,31150002,"Cumberland (5), 4",Cass,10240009,Well,Dakota,41.277862,-94.870284,03/23/2021 09:15:00,GWM,14265-44-2,Orthophosphate (AS P),Dissolved,,,,0.02,mg/l,False,0.02,,,LAC10-115-01-1A,GWM,Actual,GW,Water,,,"[]"
8666065,31150010,Atlantic 19,Cass,10240003,Well,Dakota,41.40788,-94.999002,03/29/2021 12:00:00,GWM,NIT-NO3-NO2,Nitrate + Nitrite (AS N),None,,,,3,mg/l,True,0.1,,,LAC10-107-06-1J,GWM,Actual,GW,Water,,,"[]"
8666065,31150010,Atlantic 19,Cass,10240003,Well,Dakota,41.40788,-94.999002,03/29/2021 12:00:00,GWM,NIT-AMM,Ammonia-nitrogen (AS N),None,,,,0.05,mg/l,False,0.05,,,LAC10-107-06-1J,GWM,Actual,GW,Water,,,"[]"
8666065,31150010,Atlantic 19,Cass,10240003,Well,Dakota,41.40788,-94.999002,03/29/2021 12:00:00,GWM,14265-44-2,Orthophosphate (AS P),Dissolved,,,,0.07,mg/l,True,0.02,,,LAC10-115-01-1A,GWM,Actual,GW,Water,,,"[]"
8666065,31150006,Massena 6,Cass,10240009,Well,Alluvium,41.250505108,-94.7831408835,05/03/2021 10:00:00,GWM,NIT-AMM,Ammonia-nitrogen (AS N),None,,,,0.53,mg/l,True,0.05,,,LAC10-107-06-1J,GWM,Actual,GW,Water,,,"[]"
8666065,31150006,Massena 6,Cass,10240009,Well,Alluvium,41.250505108,-94.7831408835,05/03/2021 10:00:00,GWM,NIT-NO3-NO2,Nitrate + Nitrite (AS N),None,,,,0.1,mg/l,False,0.1,,,LAC10-107-06-1J,GWM,Actual,GW,Water,,,"[]"
8666065,31150004,Wiota 4,Cass,10240003,Well,Dakota,41.400658,-94.876473,05/03/2021 17:30:00,GWM,NIT-AMM,Ammonia-nitrogen (AS N),None,,,,0.07,mg/l,True,0.05,,,LAC10-107-06-1J,GWM,Actual,GW,Water,,,"[]"
8666065,31150004,Wiota 4,Cass,10240003,Well,Dakota,41.400658,-94.876473,05/03/2021 17:30:00,GWM,NIT-NO3-NO2,Nitrate + Nitrite (AS N),None,,,,0.1,mg/l,False,0.1,,,LAC10-107-06-1J,GWM,Actual,GW,Water,,,"[]"
8666065,31150004,Wiota 4,Cass,10240003,Well,Dakota,41.400658,-94.876473,05/03/2021 17:30:00,GWM,14265-44-2,Orthophosphate (AS P),Dissolved,,,,0.02,mg/l,False,0.02,,,LAC10-115-01-1A,GWM,Actual,GW,Water,,,"[]"
