facilityID,siteID,name,county,huc8,type,aquifer,latitude,longitude,sampleDate,projectCode,cas_rn,analyte,fraction,relDepth,sampDepth,sampDepthUnit,result,unit,detect,detectLimit,quantFlag,quantLimit,method,colMethod,resultType,matrix,medium,qualFlag,remark,xParams
8666065,31160001,West Branch 4,Cedar,07080206,Well,Silurian,41.675504,-91.350415,07/23/2002 14:15:00,GWM,NIT-NO3-NO2,Nitrate + Nitrite (AS N),Total,,,,0.1,mg/l,False,0.1,,,353.2,USGSGWM,Actual,GW,Water,,,"[]"
8666065,31160001,West Branch 4,Cedar,07080206,Well,Silurian,41.675504,-91.350415,07/23/2002 14:15:00,GWM,NIT-AMM,Ammonia-nitrogen (AS N),Total,,,,0.66,mg/l,True,0.05,,,LAC10-107-06-1J,USGSGWM,Actual,GW,Water,,,"[]"
8666065,31160001,West Branch 4,Cedar,07080206,Well,Silurian,41.675504,-91.350415,07/23/2002 14:15:00,GWM,NIT-ORGN,Organic Nitrogen (AS N),Total,,,,0.16,mg/l,True,0.05,,,LAC10-107-06-2E,USGSGWM,Calculated,GW,Water,,,"[]"
8666065,31160001,West Branch 4,Cedar,07080206,Well,Silurian,41.675504,-91.350415,07/23/2002 14:15:00,GWM,14265-44-2,Orthophosphate (AS P),Dissolved,,,,0.05,mg/l,False,0.05,,,LAC10-115-01-1A,USGSGWM,Actual,GW,Water,,,"[]"
8666065,31160001,West Branch 4,Cedar,07080206,Well,Silurian,41.675504,-91.350415,07/23/2002 14:15:00,GWM,PHOSP-PHOSP,"Total Phosphorus, mixed forms (AS P)",Total,,,,0.17,mg/l,True,0.05,,,LAC10-115-01-1C,USGSGWM,Actual,GW,Water,,,"[]"
8666065,31160001,West Branch 4,Cedar,07080206,Well,Silurian,41.675504,-91.350415,07/23/2002 14:15:00,GWM,NIT-KJELD,Kjeldahl nitrogen (AS N),Total,,,,0.82,mg/l,True,0.05,,,PAI DK03,USGSGWM,Actual,GW,Water,,,"[]"
8666065,31160002,Mechanicsville 2,Cedar,07080103,Well,Silurian,41.905121,-91.255247,07/14/2003 14:00:00,GWM,14265-44-2,Orthophosphate (AS P),Dissolved,,,,0.02,mg/l,False,0.02,,,365.1,USGSGWM,Actual,GW,Water,,,"[]"
8666065,31160003,Stanwood 2,Cedar,07080206,Well,Silurian,41.893169,-91.146964,07/14/2003 15:30:00,GWM,14265-44-2,Orthophosphate (AS P),Dissolved,,,,0.02,mg/l,False,0.02,,,365.1,USGSGWM,Actual,GW,Water,,,"[]"
8666065,31160001,West Branch 4,Cedar,07080206,Well,Silurian,41.675504,-91.350415,07/24/2003 07:50:00,GWM,NIT-AMM,Ammonia-nitrogen (AS N),Total,,,,0.59,mg/l,True,0.05,,,350.1,USGSGWM,Actual,GW,Water,,,"[]"
8666065,31160001,West Branch 4,Cedar,07080206,Well,Silurian,41.675504,-91.350415,07/24/2003 07:50:00,GWM,NIT-NO3-NO2,Nitrate + Nitrite (AS N),Total,,,,0.1,mg/l,False,0.1,,,353.2,USGSGWM,Actual,GW,Water,,,"[]"
8666065,31160001,West Branch 4,Cedar,07080206,Well,Silurian,41.675504,-91.350415,07/24/2003 07:50:00,GWM,14265-44-2,Orthophosphate (AS P),Dissolved,,,,0.02,mg/l,False,0.02,,,365.1,USGSGWM,Actual,GW,Water,,,"[]"
8666065,31160001,West Branch 4,Cedar,07080206,Well,Silurian,41.675504,-91.350415,07/24/2003 07:50:00,GWM,PHOSP-PHOSP,"Total Phosphorus, mixed forms (AS P)",Total,,,,0.17,mg/l,True,0.02,,,365.4,USGSGWM,Actual,GW,Water,,,"[]"
8666065,31160001,West Branch 4,Cedar,07080206,Well,Silurian,41.675504,-91.350415,07/24/2003 07:50:00,GWM,NIT-ORGN,Organic Nitrogen (AS N),Total,,,,0.44,mg/l,True,0.05,,,LAC10-107-06-2E,USGSGWM,Calculated,GW,Water,,,"[]"
8666065,31160001,West Branch 4,Cedar,07080206,Well,Silurian,41.675504,-91.350415,07/24/2003 07:50:00,GWM,NIT-KJELD,Kjeldahl nitrogen (AS N),Total,,,,1,mg/l,True,0.05,,,PAI DK03,USGSGWM,Actual,GW,Water,,,"[]"
8666065,31160003,Stanwood 2,Cedar,07080206,Well,Silurian,41.893169,-91.146964,07/29/2003 15:00:00,GWM,NIT-AMM,Ammonia-nitrogen (AS N),Total,,,,0.64,mg/l,True,0.05,,,350.1,USGSGWM,Actual,GW,Water,,,"[]"
8666065,31160003,Stanwood 2,Cedar,07080206,Well,Silurian,41.893169,-91.146964,07/29/2003 15:00:00,GWM,NIT-NO3-NO2,Nitrate + Nitrite (AS N),Total,,,,0.1,mg/l,False,0.1,,,353.2,USGSGWM,Actual,GW,Water,,,"[]"
8666065,31160003,Stanwood 2,Cedar,07080206,Well,Silurian,41.893169,-91.146964,07/29/2003 15:00:00,GWM,PHOSP-PHOSP,"Total Phosphorus, mixed forms (AS P)",Total,,,,0.13,mg/l,True,0.02,,,365.4,USGSGWM,Actual,GW,Water,,,"[]"
8666065,31160003,Stanwood 2,Cedar,07080206,Well,Silurian,41.893169,-91.146964,07/29/2003 15:00:00,GWM,NIT-ORGN,Organic Nitrogen (AS N),Total,,,,0.28,mg/l,True,0.05,,,LAC10-107-06-2E,USGSGWM,Calculated,GW,Water,,,"[]"
8666065,31160002,Mechanicsville 2,Cedar,07080103,Well,Silurian,41.905121,-91.255247,07/29/2003 14:10:00,GWM,NIT-AMM,Ammonia-nitrogen (AS N),Total,,,,0.05,mg/l,False,0.05,,,350.1,USGSGWM,Actual,GW,Water,,,"[]"
8666065,31160002,Mechanicsville 2,Cedar,07080103,Well,Silurian,41.905121,-91.255247,07/29/2003 14:10:00,GWM,NIT-NO3-NO2,Nitrate + Nitrite (AS N),Total,,,,2.2,mg/l,True,0.1,,,353.2,USGSGWM,Actual,GW,Water,,,"[]"
8666065,31160002,Mechanicsville 2,Cedar,07080103,Well,Silurian,41.905121,-91.255247,07/29/2003 14:10:00,GWM,PHOSP-PHOSP,"Total Phosphorus, mixed forms (AS P)",Total,,,,0.02,mg/l,True,0.02,,,365.4,USGSGWM,Actual,GW,Water,,,"[]"
8666065,31160002,Mechanicsville 2,Cedar,07080103,Well,Silurian,41.905121,-91.255247,07/29/2003 14:10:00,GWM,NIT-ORGN,Organic Nitrogen (AS N),Total,,,,0.05,mg/l,False,0.05,,,LAC10-107-06-2E,USGSGWM,Calculated,GW,Water,,,"[]"
8666065,31160001,West Branch 4,Cedar,07080206,Well,Silurian,41.675504,-91.350415,07/01/2004 07:45:00,GWM,NIT-AMM,Ammonia-nitrogen (AS N),Total,,,,0.44,mg/l,True,0.05,,,350.1,USGSGWM,Actual,GW,Water,,,"[]"
8666065,31160001,West Branch 4,Cedar,07080206,Well,Silurian,41.675504,-91.350415,07/01/2004 07:45:00,GWM,NIT-NO3-NO2,Nitrate + Nitrite (AS N),Total,,,,0.05,mg/l,False,0.05,,,353.2,USGSGWM,Actual,GW,Water,,,"[]"
8666065,31160001,West Branch 4,Cedar,07080206,Well,Silurian,41.675504,-91.350415,07/01/2004 07:45:00,GWM,14265-44-2,Orthophosphate (AS P),Dissolved,,,,0.02,mg/l,False,0.02,,,365.1,USGSGWM,Actual,GW,Water,,,"[]"
8666065,31160001,West Branch 4,Cedar,07080206,Well,Silurian,41.675504,-91.350415,07/01/2004 07:45:00,GWM,PHOSP-PHOSP,"Total Phosphorus, mixed forms (AS P)",Total,,,,0.23,mg/l,True,0.02,,,365.4,USGSGWM,Actual,GW,Water,,,"[]"
8666065,31160001,West Branch 4,Cedar,07080206,Well,Silurian,41.675504,-91.350415,07/01/2004 07:45:00,GWM,NIT-ORGN,Organic Nitrogen,Total,,,,0.31,mg/l,True,0.05,,,LAC10-107-06-2E,USGSGWM,Calculated,GW,Water,,,"[]"
8666065,31160001,West Branch 4,Cedar,07080206,Well,Silurian,41.675504,-91.350415,08/31/2005 08:25:00,GWM,NIT-AMM,Ammonia-nitrogen (AS N),Total,,,,0.79,mg/l,True,0.05,,,350.1,USGSGWM,Actual,GW,Water,,,"[]"
8666065,31160001,West Branch 4,Cedar,07080206,Well,Silurian,41.675504,-91.350415,08/31/2005 08:25:00,GWM,NIT-KJELD,Kjeldahl nitrogen (AS N),Total,,,,1.1,mg/l,True,0.1,,,351.2,USGSGWM,Actual,GW,Water,,,"[]"
8666065,31160001,West Branch 4,Cedar,07080206,Well,Silurian,41.675504,-91.350415,08/31/2005 08:25:00,GWM,NIT-NO3-NO2,Nitrate + Nitrite (AS N),Total,,,,0.05,mg/l,False,0.05,,,353.2,USGSGWM,Actual,GW,Water,,,"[]"
8666065,31160001,West Branch 4,Cedar,07080206,Well,Silurian,41.675504,-91.350415,08/31/2005 08:25:00,GWM,14265-44-2,Orthophosphate (AS P),Dissolved,,,,0.02,mg/l,False,0.02,,,365.1,USGSGWM,Actual,GW,Water,,,"[]"
8666065,31160001,West Branch 4,Cedar,07080206,Well,Silurian,41.675504,-91.350415,08/31/2005 08:25:00,GWM,PHOSP-PHOSP,"Total Phosphorus, mixed forms (AS P)",Total,,,,0.11,mg/l,True,0.02,,,365.4,USGSGWM,Actual,GW,Water,,,"[]"
8666065,31160001,West Branch 4,Cedar,07080206,Well,Silurian,41.675504,-91.350415,08/31/2005 08:25:00,GWM,NIT-ORGN,Organic Nitrogen,Total,,,,0.6,mg/l,True,0.1,,,LAC10-107-06-2E,USGSGWM,Calculated,GW,Water,,,"[]"
8666065,31160001,West Branch 4,Cedar,07080206,Well,Silurian,41.675504,-91.350415,07/10/2006 10:45:00,GWM,NIT-AMM,Ammonia-nitrogen (AS N),Total,,,,0.48,mg/l,True,0.05,,,350.1,USGSGWM,Actual,GW,Water,,,"[]"
8666065,31160001,West Branch 4,Cedar,07080206,Well,Silurian,41.675504,-91.350415,07/10/2006 10:45:00,GWM,NIT-KJELD,Kjeldahl nitrogen (AS N),Total,,,,0.7,mg/l,True,0.1,,,351.2,USGSGWM,Actual,GW,Water,,,"[]"
8666065,31160001,West Branch 4,Cedar,07080206,Well,Silurian,41.675504,-91.350415,07/10/2006 10:45:00,GWM,NIT-NO3-NO2,Nitrate + Nitrite (AS N),Total,,,,0.05,mg/l,False,0.05,,,353.2,USGSGWM,Actual,GW,Water,,,"[]"
8666065,31160001,West Branch 4,Cedar,07080206,Well,Silurian,41.675504,-91.350415,07/10/2006 10:45:00,GWM,14265-44-2,Orthophosphate (AS P),Dissolved,,,,0.02,mg/l,False,0.02,,,365.1,USGSGWM,Actual,GW,Water,,,"[]"
8666065,31160001,West Branch 4,Cedar,07080206,Well,Silurian,41.675504,-91.350415,07/10/2006 10:45:00,GWM,PHOSP-PHOSP,"Total Phosphorus, mixed forms (AS P)",Total,,,,0.18,mg/l,True,0.02,,,365.4,USGSGWM,Actual,GW,Water,,,"[]"
8666065,31160001,West Branch 4,Cedar,07080206,Well,Silurian,41.675504,-91.350415,07/10/2006 10:45:00,GWM,NIT-ORGN,Organic Nitrogen,Total,,,,0.2,mg/l,True,0.1,,,LAC10-107-06-2E,USGSGWM,Calculated,GW,Water,,,"[]"
8666065,31160001,West Branch 4,Cedar,07080206,Well,Silurian,41.675504,-91.350415,09/19/2012 09:18:00,GWM,NIT-NO3-NO2,Nitrate + Nitrite (AS N),Total,,,,0.1,mg/l,False,0.1,,,LAC10-107-04-1J,GWMPWS,Actual,GW,Water,,,"[]"
8666065,31160001,West Branch 4,Cedar,07080206,Well,Silurian,41.675504,-91.350415,09/19/2012 09:18:00,GWM,NIT-AMM,Ammonia-nitrogen (AS N),Total,,,,1.5,mg/l,True,0.05,,,LAC10-107-06-1J,GWMPWS,Actual,GW,Water,,,"[]"
8666065,31160001,West Branch 4,Cedar,07080206,Well,Silurian,41.675504,-91.350415,09/19/2012 09:18:00,GWM,NIT-KJELD,Kjeldahl nitrogen (AS N),Total,,,,0.9,mg/l,True,0.1,,,LAC10-107-06-2E,GWMPWS,Actual,GW,Water,,,"[]"
8666065,31160001,West Branch 4,Cedar,07080206,Well,Silurian,41.675504,-91.350415,09/19/2012 09:18:00,GWM,14265-44-2,Orthophosphate (AS P),Dissolved,,,,0.02,mg/l,True,0.02,,,LAC10-115-01-1A,GWMPWS,Actual,GW,Water,,,"[]"
8666065,31160001,West Branch 4,Cedar,07080206,Well,Silurian,41.675504,-91.350415,09/19/2012 09:18:00,GWM,PHOSP-PHOSP,"Total Phosphorus, mixed forms (AS P)",Total,,,,0.1,mg/l,True,0.02,,,LAC10-115-01-1D,GWMPWS,Actual,GW,Water,,,"[]"
8666065,31160001,West Branch 4,Cedar,07080206,Well,Silurian,41.675504,-91.350415,10/04/2016 08:00:00,GWM,NIT-NO3-NO2,Nitrate + Nitrite (AS N),Total,,,,0.1,mg/l,False,0.1,,,LAC10-107-04-1J,GWM,Actual,GW,Water,,,"[]"
8666065,31160001,West Branch 4,Cedar,07080206,Well,Silurian,41.675504,-91.350415,10/04/2016 08:00:00,GWM,NIT-AMM,Ammonia-nitrogen (AS N),Total,,,,0.94,mg/l,True,0.1,,,LAC10-107-06-1J,GWM,Actual,GW,Water,,,"[]"
8666065,31160001,West Branch 4,Cedar,07080206,Well,Silurian,41.675504,-91.350415,11/10/2015 13:30:00,GWM,NIT-NO3-NO2,Nitrate + Nitrite (AS N),Total,,,,0.1,mg/l,False,0.1,,,LAC10-107-04-1J,GWM,Actual,GW,Water,,,"[]"
8666065,31160001,West Branch 4,Cedar,07080206,Well,Silurian,41.675504,-91.350415,11/10/2015 13:30:00,GWM,NIT-AMM,Ammonia-nitrogen (AS N),Total,,,,0.69,mg/l,True,0.05,,,LAC10-107-06-1J,GWM,Actual,GW,Water,,,"[]"
8666065,31160001,West Branch 4,Cedar,07080206,Well,Silurian,41.675504,-91.350415,11/10/2015 13:30:00,GWM,NIT-KJELD,Kjeldahl nitrogen (AS N),Total,,,,0.2,mg/l,True,0.1,,,LAC10-107-06-2E,GWM,Actual,GW,Water,,,"[]"
8666065,31160001,West Branch 4,Cedar,07080206,Well,Silurian,41.675504,-91.350415,11/10/2015 13:30:00,GWM,14265-44-2,Orthophosphate (AS P),Dissolved,,,,0.02,mg/l,False,0.02,,,LAC10-115-01-1A,GWM,Actual,GW,Water,,,"[]"
8666065,31160001,West Branch 4,Cedar,07080206,Well,Silurian,41.675504,-91.350415,11/10/2015 13:30:00,GWM,PHOSP-PHOSP,"Total Phosphorus, mixed forms (AS P)",Total,,,,0.3,mg/l,True,0.02,,,LAC10-115-01-1D,GWM,Actual,GW,Water,,,"[]"
8666065,31160001,West Branch 4,Cedar,07080206,Well,Silurian,41.675504,-91.350415,12/29/2014 11:00:00,GWM,NIT-NO3-NO2,Nitrate + Nitrite (AS N),Total,,,,0.1,mg/l,False,0.1,,,LAC10-107-04-1J,GWM,Actual,GW,Water,,,"[]"
8666065,31160001,West Branch 4,Cedar,07080206,Well,Silurian,41.675504,-91.350415,12/29/2014 11:00:00,GWM,NIT-AMM,Ammonia-nitrogen (AS N),Total,,,,0.86,mg/l,True,0.05,,,LAC10-107-06-1J,GWM,Actual,GW,Water,,,"[]"
8666065,31160001,West Branch 4,Cedar,07080206,Well,Silurian,41.675504,-91.350415,12/29/2014 11:00:00,GWM,NIT-KJELD,Kjeldahl nitrogen (AS N),Total,,,,0.7,mg/l,True,0.1,,,LAC10-107-06-2E,GWM,Actual,GW,Water,,,"[]"
8666065,31160001,West Branch 4,Cedar,07080206,Well,Silurian,41.675504,-91.350415,12/29/2014 11:00:00,GWM,14265-44-2,Orthophosphate (AS P),Dissolved,,,,0.02,mg/l,False,0.02,,,LAC10-115-01-1A,GWM,Actual,GW,Water,,,"[]"
8666065,31160001,West Branch 4,Cedar,07080206,Well,Silurian,41.675504,-91.350415,12/29/2014 11:00:00,GWM,PHOSP-PHOSP,"Total Phosphorus, mixed forms (AS P)",Total,,,,0.23,mg/l,True,0.02,,,LAC10-115-01-1D,GWM,Actual,GW,Water,,,"[]"
8666065,31160001,West Branch 4,Cedar,07080206,Well,Silurian,41.675504,-91.350415,10/30/2017 09:45:00,GWM,NIT-NO3-NO2,Nitrate + Nitrite (AS N),None,,,,0.1,mg/l,False,0.1,,,LAC10-107-06-1J,GWM,Actual,GW,Water,,,"[]"
8666065,31160001,West Branch 4,Cedar,07080206,Well,Silurian,41.675504,-91.350415,10/30/2017 09:45:00,GWM,NIT-AMM,Ammonia-nitrogen (AS N),None,,,,0.84,mg/l,True,0.05,,,LAC10-107-06-1J,GWM,Actual,GW,Water,,,"[]"
8666065,31160001,West Branch 4,Cedar,07080206,Well,Silurian,41.675504,-91.350415,12/17/2018 09:30:00,GWM,NIT-NO3-NO2,Nitrate + Nitrite (AS N),None,,,,0.1,mg/l,False,0.1,,,LAC10-107-06-1J,GWM,Actual,GW,Water,,,"[]"
8666065,31160001,West Branch 4,Cedar,07080206,Well,Silurian,41.675504,-91.350415,12/17/2018 09:30:00,GWM,NIT-AMM,Ammonia-nitrogen (AS N),None,,,,0.88,mg/l,True,0.05,,,LAC10-107-06-1J,GWM,Actual,GW,Water,,,"[]"
8666065,31160001,West Branch 4,Cedar,07080206,Well,Silurian,41.675504,-91.350415,12/17/2018 09:30:00,GWM,14265-44-2,Orthophosphate (AS P),Dissolved,,,,0.02,mg/l,False,0.02,,,LAC10-115-01-1A,GWM,Actual,GW,Water,,,"[]"
8666065,31160001,West Branch 4,Cedar,07080206,Well,Silurian,41.675504,-91.350415,01/28/2020 10:45:00,GWM,NIT-AMM,Ammonia-nitrogen (AS N),None,,,,0.93,mg/l,True,0.05,,,LAC10-107-06-1J,GWM,Actual,GW,Water,,,"[]"
8666065,31160001,West Branch 4,Cedar,07080206,Well,Silurian,41.675504,-91.350415,01/28/2020 10:45:00,GWM,NIT-NO3-NO2,Nitrate + Nitrite (AS N),None,,,,0.1,mg/l,False,0.1,,,LAC10-107-06-1J,GWM,Actual,GW,Water,,,"[]"
8666065,31160001,West Branch 4,Cedar,07080206,Well,Silurian,41.675504,-91.350415,05/02/2023 13:15:00,GWM,NIT-NO3-NO2,Nitrate + Nitrite (AS N),Total,,,,0.1,mg/l,False,0.1,,,LAC10-107-04-1J,GWM,Actual,GW,Water,,,"[]"
8666065,31160001,West Branch 4,Cedar,07080206,Well,Silurian,41.675504,-91.350415,05/02/2023 13:15:00,GWM,NIT-AMM,Ammonia-nitrogen (AS N),Total,,,,0.75,mg/l,True,0.1,,,LAC10-107-06-1J,GWM,Actual,GW,Water,,,"[]"
8666065,31160001,West Branch 4,Cedar,07080206,Well,Silurian,41.675504,-91.350415,02/23/2021 09:30:00,GWM,NIT-NO3-NO2,Nitrate + Nitrite (AS N),None,,,,0.1,mg/l,False,0.1,,,LAC10-107-06-1J,GWM,Actual,GW,Water,,,"[]"
8666065,31160001,West Branch 4,Cedar,07080206,Well,Silurian,41.675504,-91.350415,02/23/2021 09:30:00,GWM,NIT-AMM,Ammonia-nitrogen (AS N),None,,,,0.9,mg/l,True,0.05,,,LAC10-107-06-1J,GWM,Actual,GW,Water,,,"[]"
