facilityID,siteID,name,county,huc8,type,aquifer,latitude,longitude,sampleDate,projectCode,cas_rn,analyte,fraction,relDepth,sampDepth,sampDepthUnit,result,unit,detect,detectLimit,quantFlag,quantLimit,method,colMethod,resultType,matrix,medium,qualFlag,remark,xParams
8666065,31170002,Ventura 1,Cerro Gordo,07080203,Well,"Devonian, Ordovician",43.13212,-93.44257,07/23/2003 11:30:00,GWM,NIT-AMM,Ammonia-nitrogen (AS N),Total,,,,0.44,mg/l,True,0.05,,,350.1,USGSGWM,Actual,GW,Water,,,"[]"
8666065,31170002,Ventura 1,Cerro Gordo,07080203,Well,"Devonian, Ordovician",43.13212,-93.44257,07/23/2003 11:30:00,GWM,NIT-NO3-NO2,Nitrate + Nitrite (AS N),Total,,,,0.1,mg/l,False,0.1,,,353.2,USGSGWM,Actual,GW,Water,,,"[]"
8666065,31170002,Ventura 1,Cerro Gordo,07080203,Well,"Devonian, Ordovician",43.13212,-93.44257,07/23/2003 11:30:00,GWM,14265-44-2,Orthophosphate (AS P),Dissolved,,,,0.02,mg/l,True,0.02,,,365.1,USGSGWM,Actual,GW,Water,,,"[]"
8666065,31170002,Ventura 1,Cerro Gordo,07080203,Well,"Devonian, Ordovician",43.13212,-93.44257,07/23/2003 11:30:00,GWM,PHOSP-PHOSP,"Total Phosphorus, mixed forms (AS P)",Total,,,,0.1,mg/l,True,0.02,,,365.4,USGSGWM,Actual,GW,Water,,,"[]"
8666065,31170002,Ventura 1,Cerro Gordo,07080203,Well,"Devonian, Ordovician",43.13212,-93.44257,07/23/2003 11:30:00,GWM,NIT-ORGN,Organic Nitrogen (AS N),Total,,,,0.2,mg/l,True,0.05,,,LAC10-107-06-2E,USGSGWM,Calculated,GW,Water,,,"[]"
8666065,31170002,Ventura 1,Cerro Gordo,07080203,Well,"Devonian, Ordovician",43.13212,-93.44257,07/23/2003 11:30:00,GWM,NIT-KJELD,Kjeldahl nitrogen (AS N),Total,,,,0.64,mg/l,True,0.05,,,PAI DK03,USGSGWM,Actual,GW,Water,,,"[]"
8666065,31170001,Rockwell 2,Cerro Gordo,07080204,Well,Devonian,42.98981,-93.19016,08/06/2003 10:00:00,GWM,NIT-AMM,Ammonia-nitrogen (AS N),Total,,,,0.34,mg/l,True,0.05,,,350.1,USGSGWM,Actual,GW,Water,,,"[]"
8666065,31170001,Rockwell 2,Cerro Gordo,07080204,Well,Devonian,42.98981,-93.19016,08/06/2003 10:00:00,GWM,NIT-NO3-NO2,Nitrate + Nitrite (AS N),Total,,,,0.1,mg/l,False,0.1,,,353.2,USGSGWM,Actual,GW,Water,,,"[]"
8666065,31170001,Rockwell 2,Cerro Gordo,07080204,Well,Devonian,42.98981,-93.19016,08/06/2003 10:00:00,GWM,14265-44-2,Orthophosphate (AS P),Dissolved,,,,0.02,mg/l,False,0.02,,,365.1,USGSGWM,Actual,GW,Water,,,"[]"
8666065,31170001,Rockwell 2,Cerro Gordo,07080204,Well,Devonian,42.98981,-93.19016,08/06/2003 10:00:00,GWM,PHOSP-PHOSP,"Total Phosphorus, mixed forms (AS P)",Total,,,,0.02,mg/l,False,0.02,,,365.4,USGSGWM,Actual,GW,Water,,,"[]"
8666065,31170001,Rockwell 2,Cerro Gordo,07080204,Well,Devonian,42.98981,-93.19016,08/06/2003 10:00:00,GWM,NIT-ORGN,Organic Nitrogen (AS N),Total,,,,0.06,mg/l,True,0.05,,,LAC10-107-06-2E,USGSGWM,Calculated,GW,Water,,,"[]"
8666065,31170001,Rockwell 2,Cerro Gordo,07080204,Well,Devonian,42.98981,-93.19016,08/06/2003 10:00:00,GWM,NIT-KJELD,Kjeldahl nitrogen (AS N),Total,,,,0.4,mg/l,True,0.05,,,PAI DK03,USGSGWM,Actual,GW,Water,,,"[]"
8666065,31170002,Ventura 1,Cerro Gordo,07080203,Well,"Devonian, Ordovician",43.13212,-93.44257,10/26/2016 13:20:00,GWM,NIT-NO3-NO2,Nitrate + Nitrite (AS N),Total,,,,0.1,mg/l,False,0.1,,,LAC10-107-04-1J,GWM,Actual,GW,Water,,,"[]"
8666065,31170002,Ventura 1,Cerro Gordo,07080203,Well,"Devonian, Ordovician",43.13212,-93.44257,10/26/2016 13:20:00,GWM,NIT-AMM,Ammonia-nitrogen (AS N),Total,,,,0.43,mg/l,True,0.05,,,LAC10-107-06-1J,GWM,Actual,GW,Water,,,"[]"
8666065,31170002,Ventura 1,Cerro Gordo,07080203,Well,"Devonian, Ordovician",43.13212,-93.44257,03/26/2013 13:15:00,GWM,NIT-NO3-NO2,Nitrate + Nitrite (AS N),Total,,,,0.1,mg/l,False,0.1,,,LAC10-107-04-1J,GWM,Actual,GW,Water,,,"[]"
8666065,31170002,Ventura 1,Cerro Gordo,07080203,Well,"Devonian, Ordovician",43.13212,-93.44257,03/26/2013 13:15:00,GWM,NIT-AMM,Ammonia-nitrogen (AS N),Total,,,,0.46,mg/l,True,0.05,,,LAC10-107-06-1J,GWM,Actual,GW,Water,,,"[]"
8666065,31170002,Ventura 1,Cerro Gordo,07080203,Well,"Devonian, Ordovician",43.13212,-93.44257,03/26/2013 13:15:00,GWM,NIT-KJELD,Kjeldahl nitrogen (AS N),Total,,,,0.4,mg/l,True,0.1,,,LAC10-107-06-2E,GWM,Actual,GW,Water,,,"[]"
8666065,31170002,Ventura 1,Cerro Gordo,07080203,Well,"Devonian, Ordovician",43.13212,-93.44257,03/26/2013 13:15:00,GWM,14265-44-2,Orthophosphate (AS P),Dissolved,,,,0.08,mg/l,True,0.02,,,LAC10-115-01-1A,GWM,Actual,GW,Water,,,"[]"
8666065,31170002,Ventura 1,Cerro Gordo,07080203,Well,"Devonian, Ordovician",43.13212,-93.44257,03/26/2013 13:15:00,GWM,PHOSP-PHOSP,"Total Phosphorus, mixed forms (AS P)",Total,,,,0.19,mg/l,True,0.02,,,LAC10-115-01-1D,GWM,Actual,GW,Water,,,"[]"
8666065,31170002,Ventura 1,Cerro Gordo,07080203,Well,"Devonian, Ordovician",43.13212,-93.44257,11/28/2017 10:30:00,GWM,NIT-NO3-NO2,Nitrate + Nitrite (AS N),None,,,,0.1,mg/l,False,0.1,,,LAC10-107-06-1J,GWM,Actual,GW,Water,,,"[]"
8666065,31170002,Ventura 1,Cerro Gordo,07080203,Well,"Devonian, Ordovician",43.13212,-93.44257,11/28/2017 10:30:00,GWM,NIT-AMM,Ammonia-nitrogen (AS N),None,,,,0.51,mg/l,True,0.05,,,LAC10-107-06-1J,GWM,Actual,GW,Water,,,"[]"
8666065,31170002,Ventura 1,Cerro Gordo,07080203,Well,"Devonian, Ordovician",43.13212,-93.44257,01/03/2019 09:30:00,GWM,NIT-AMM,Ammonia-nitrogen (AS N),None,,,,0.47,mg/l,True,0.05,,,LAC10-107-06-1J,GWM,Actual,GW,Water,,,"[]"
8666065,31170002,Ventura 1,Cerro Gordo,07080203,Well,"Devonian, Ordovician",43.13212,-93.44257,01/03/2019 09:30:00,GWM,NIT-NO3-NO2,Nitrate + Nitrite (AS N),None,,,,0.1,mg/l,False,0.1,,,LAC10-107-06-1J,GWM,Actual,GW,Water,,,"[]"
8666065,31170002,Ventura 1,Cerro Gordo,07080203,Well,"Devonian, Ordovician",43.13212,-93.44257,01/03/2019 09:30:00,GWM,14265-44-2,Orthophosphate (AS P),Dissolved,,,,0.02,mg/l,False,0.02,,,LAC10-115-01-1A,GWM,Actual,GW,Water,,Sample was not field filtered per method and was filtered for analysis after receipt by the laboratory.,"[]"
