facilityID,siteID,name,county,huc8,type,aquifer,latitude,longitude,sampleDate,projectCode,cas_rn,analyte,fraction,relDepth,sampDepth,sampDepthUnit,result,unit,detect,detectLimit,quantFlag,quantLimit,method,colMethod,resultType,matrix,medium,qualFlag,remark,xParams
8666065,31180002,Cherokee 10,Cherokee,10230003,Well,Dakota,42.728039,-95.553949,07/30/2002 08:00:00,GWM,NIT-NO3-NO2,Nitrate + Nitrite (AS N),Total,,,,0.1,mg/l,False,0.1,,,353.2,USGSGWM,Actual,GW,Water,,,"[]"
8666065,31180002,Cherokee 10,Cherokee,10230003,Well,Dakota,42.728039,-95.553949,07/30/2002 08:00:00,GWM,NIT-AMM,Ammonia-nitrogen (AS N),Total,,,,0.5,mg/l,True,0.05,,,LAC10-107-06-1J,USGSGWM,Actual,GW,Water,,,"[]"
8666065,31180002,Cherokee 10,Cherokee,10230003,Well,Dakota,42.728039,-95.553949,07/30/2002 08:00:00,GWM,NIT-ORGN,Organic Nitrogen (AS N),Total,,,,0.1,mg/l,True,0.05,,,LAC10-107-06-2E,USGSGWM,Calculated,GW,Water,,,"[]"
8666065,31180002,Cherokee 10,Cherokee,10230003,Well,Dakota,42.728039,-95.553949,07/30/2002 08:00:00,GWM,14265-44-2,Orthophosphate (AS P),Dissolved,,,,0.05,mg/l,False,0.05,,,LAC10-115-01-1A,USGSGWM,Actual,GW,Water,,,"[]"
8666065,31180002,Cherokee 10,Cherokee,10230003,Well,Dakota,42.728039,-95.553949,07/30/2002 08:00:00,GWM,PHOSP-PHOSP,"Total Phosphorus, mixed forms (AS P)",Total,,,,0.07,mg/l,True,0.05,,,LAC10-115-01-1C,USGSGWM,Actual,GW,Water,,,"[]"
8666065,31180002,Cherokee 10,Cherokee,10230003,Well,Dakota,42.728039,-95.553949,07/30/2002 08:00:00,GWM,NIT-KJELD,Kjeldahl nitrogen (AS N),Total,,,,0.62,mg/l,True,0.05,,,PAI DK03,USGSGWM,Actual,GW,Water,,,"[]"
8666065,31180001,Quimby 1,Cherokee,10230003,Well,Dakota,42.62888,-95.64291,07/29/2002 17:00:00,GWM,NIT-NO3-NO2,Nitrate + Nitrite (AS N),Total,,,,0.1,mg/l,False,0.1,,,353.2,USGSGWM,Actual,GW,Water,,,"[]"
8666065,31180001,Quimby 1,Cherokee,10230003,Well,Dakota,42.62888,-95.64291,07/29/2002 17:00:00,GWM,NIT-AMM,Ammonia-nitrogen (AS N),Total,,,,0.52,mg/l,True,0.05,,,LAC10-107-06-1J,USGSGWM,Actual,GW,Water,,,"[]"
8666065,31180001,Quimby 1,Cherokee,10230003,Well,Dakota,42.62888,-95.64291,07/29/2002 17:00:00,GWM,NIT-ORGN,Organic Nitrogen (AS N),Total,,,,0.05,mg/l,False,0.05,,,LAC10-107-06-2E,USGSGWM,Calculated,GW,Water,,,"[]"
8666065,31180001,Quimby 1,Cherokee,10230003,Well,Dakota,42.62888,-95.64291,07/29/2002 17:00:00,GWM,14265-44-2,Orthophosphate (AS P),Dissolved,,,,0.05,mg/l,False,0.05,,,LAC10-115-01-1A,USGSGWM,Actual,GW,Water,,,"[]"
8666065,31180001,Quimby 1,Cherokee,10230003,Well,Dakota,42.62888,-95.64291,07/29/2002 17:00:00,GWM,PHOSP-PHOSP,"Total Phosphorus, mixed forms (AS P)",Total,,,,0.06,mg/l,True,0.05,,,LAC10-115-01-1C,USGSGWM,Actual,GW,Water,,,"[]"
8666065,31180001,Quimby 1,Cherokee,10230003,Well,Dakota,42.62888,-95.64291,07/29/2002 17:00:00,GWM,NIT-KJELD,Kjeldahl nitrogen (AS N),Total,,,,0.52,mg/l,True,0.05,,,PAI DK03,USGSGWM,Actual,GW,Water,,,"[]"
8666065,31180005,Aurelia 2,Cherokee,10230005,Well,Dakota,42.71323,-95.43626,09/03/2002 15:15:00,GWM,NIT-NO3-NO2,Nitrate + Nitrite (AS N),Total,,,,0.1,mg/l,True,0.1,,,353.2,USGSGWM,Actual,GW,Water,,,"[]"
8666065,31180005,Aurelia 2,Cherokee,10230005,Well,Dakota,42.71323,-95.43626,09/03/2002 15:15:00,GWM,NIT-AMM,Ammonia-nitrogen (AS N),Total,,,,0.05,mg/l,False,0.05,,,LAC10-107-06-1J,USGSGWM,Actual,GW,Water,,,"[]"
8666065,31180005,Aurelia 2,Cherokee,10230005,Well,Dakota,42.71323,-95.43626,09/03/2002 15:15:00,GWM,NIT-ORGN,Organic Nitrogen (AS N),Total,,,,0.05,mg/l,False,0.05,,,LAC10-107-06-2E,USGSGWM,Calculated,GW,Water,,,"[]"
8666065,31180005,Aurelia 2,Cherokee,10230005,Well,Dakota,42.71323,-95.43626,09/03/2002 15:15:00,GWM,14265-44-2,Orthophosphate (AS P),Dissolved,,,,0.05,mg/l,False,0.05,,,LAC10-115-01-1A,USGSGWM,Actual,GW,Water,,,"[]"
8666065,31180005,Aurelia 2,Cherokee,10230005,Well,Dakota,42.71323,-95.43626,09/03/2002 15:15:00,GWM,PHOSP-PHOSP,"Total Phosphorus, mixed forms (AS P)",Total,,,,0.05,mg/l,False,0.05,,,LAC10-115-01-1C,USGSGWM,Actual,GW,Water,,,"[]"
8666065,31180005,Aurelia 2,Cherokee,10230005,Well,Dakota,42.71323,-95.43626,09/03/2002 15:15:00,GWM,NIT-KJELD,Kjeldahl nitrogen (AS N),Total,,,,0.05,mg/l,False,0.05,,,PAI DK03,USGSGWM,Actual,GW,Water,,,"[]"
8666065,31180009,Cleghorn 2,Cherokee,10230003,Well,Multiple Aquifers,42.81313,-95.71675,09/04/2002 12:00:00,GWM,NIT-NO3-NO2,Nitrate + Nitrite (AS N),Total,,,,0.1,mg/l,False,0.1,,,353.2,USGSGWM,Actual,GW,Water,,,"[]"
8666065,31180009,Cleghorn 2,Cherokee,10230003,Well,Multiple Aquifers,42.81313,-95.71675,09/04/2002 12:00:00,GWM,NIT-AMM,Ammonia-nitrogen (AS N),Total,,,,1.7,mg/l,True,0.05,,,LAC10-107-06-1J,USGSGWM,Actual,GW,Water,,,"[]"
8666065,31180009,Cleghorn 2,Cherokee,10230003,Well,Multiple Aquifers,42.81313,-95.71675,09/04/2002 12:00:00,GWM,NIT-ORGN,Organic Nitrogen (AS N),Total,,,,0.1,mg/l,True,0.05,,,LAC10-107-06-2E,USGSGWM,Calculated,GW,Water,,,"[]"
8666065,31180009,Cleghorn 2,Cherokee,10230003,Well,Multiple Aquifers,42.81313,-95.71675,09/04/2002 12:00:00,GWM,14265-44-2,Orthophosphate (AS P),Dissolved,,,,0.05,mg/l,False,0.05,,,LAC10-115-01-1A,USGSGWM,Actual,GW,Water,,,"[]"
8666065,31180009,Cleghorn 2,Cherokee,10230003,Well,Multiple Aquifers,42.81313,-95.71675,09/04/2002 12:00:00,GWM,PHOSP-PHOSP,"Total Phosphorus, mixed forms (AS P)",Total,,,,0.11,mg/l,True,0.05,,,LAC10-115-01-1C,USGSGWM,Actual,GW,Water,,,"[]"
8666065,31180009,Cleghorn 2,Cherokee,10230003,Well,Multiple Aquifers,42.81313,-95.71675,09/04/2002 12:00:00,GWM,NIT-KJELD,Kjeldahl nitrogen (AS N),Total,,,,1.8,mg/l,True,0.05,,,PAI DK03,USGSGWM,Actual,GW,Water,,,"[]"
8666065,31180007,Cherokee 6,Cherokee,10230003,Well,Dakota,42.72945,-95.55798,09/04/2002 09:20:00,GWM,NIT-NO3-NO2,Nitrate + Nitrite (AS N),Total,,,,0.1,mg/l,False,0.1,,,353.2,USGSGWM,Actual,GW,Water,,,"[]"
8666065,31180007,Cherokee 6,Cherokee,10230003,Well,Dakota,42.72945,-95.55798,09/04/2002 09:20:00,GWM,NIT-AMM,Ammonia-nitrogen (AS N),Total,,,,0.66,mg/l,True,0.05,,,LAC10-107-06-1J,USGSGWM,Actual,GW,Water,,,"[]"
8666065,31180007,Cherokee 6,Cherokee,10230003,Well,Dakota,42.72945,-95.55798,09/04/2002 09:20:00,GWM,NIT-ORGN,Organic Nitrogen (AS N),Total,,,,0.06,mg/l,True,0.05,,,LAC10-107-06-2E,USGSGWM,Calculated,GW,Water,,,"[]"
8666065,31180007,Cherokee 6,Cherokee,10230003,Well,Dakota,42.72945,-95.55798,09/04/2002 09:20:00,GWM,14265-44-2,Orthophosphate (AS P),Dissolved,,,,0.05,mg/l,False,0.05,,,LAC10-115-01-1A,USGSGWM,Actual,GW,Water,,,"[]"
8666065,31180007,Cherokee 6,Cherokee,10230003,Well,Dakota,42.72945,-95.55798,09/04/2002 09:20:00,GWM,PHOSP-PHOSP,"Total Phosphorus, mixed forms (AS P)",Total,,,,0.05,mg/l,False,0.05,,,LAC10-115-01-1C,USGSGWM,Actual,GW,Water,,,"[]"
8666065,31180007,Cherokee 6,Cherokee,10230003,Well,Dakota,42.72945,-95.55798,09/04/2002 09:20:00,GWM,NIT-KJELD,Kjeldahl nitrogen (AS N),Total,,,,0.72,mg/l,True,0.05,,,PAI DK03,USGSGWM,Actual,GW,Water,,,"[]"
8666065,31180008,Cherokee 11,Cherokee,10230003,Well,Dakota,42.750103,-95.540211,09/04/2002 08:15:00,GWM,NIT-NO3-NO2,Nitrate + Nitrite (AS N),Total,,,,0.1,mg/l,False,0.1,,,353.2,USGSGWM,Actual,GW,Water,,,"[]"
8666065,31180008,Cherokee 11,Cherokee,10230003,Well,Dakota,42.750103,-95.540211,09/04/2002 08:15:00,GWM,NIT-AMM,Ammonia-nitrogen (AS N),Total,,,,0.4,mg/l,True,0.05,,,LAC10-107-06-1J,USGSGWM,Actual,GW,Water,,,"[]"
8666065,31180008,Cherokee 11,Cherokee,10230003,Well,Dakota,42.750103,-95.540211,09/04/2002 08:15:00,GWM,NIT-ORGN,Organic Nitrogen (AS N),Total,,,,0.05,mg/l,False,0.05,,,LAC10-107-06-2E,USGSGWM,Calculated,GW,Water,,,"[]"
8666065,31180008,Cherokee 11,Cherokee,10230003,Well,Dakota,42.750103,-95.540211,09/04/2002 08:15:00,GWM,14265-44-2,Orthophosphate (AS P),Dissolved,,,,0.05,mg/l,False,0.05,,,LAC10-115-01-1A,USGSGWM,Actual,GW,Water,,,"[]"
8666065,31180008,Cherokee 11,Cherokee,10230003,Well,Dakota,42.750103,-95.540211,09/04/2002 08:15:00,GWM,PHOSP-PHOSP,"Total Phosphorus, mixed forms (AS P)",Total,,,,0.05,mg/l,False,0.05,,,LAC10-115-01-1C,USGSGWM,Actual,GW,Water,,,"[]"
8666065,31180008,Cherokee 11,Cherokee,10230003,Well,Dakota,42.750103,-95.540211,09/04/2002 08:15:00,GWM,NIT-KJELD,Kjeldahl nitrogen (AS N),Total,,,,0.42,mg/l,True,0.05,,,PAI DK03,USGSGWM,Actual,GW,Water,,,"[]"
8666065,31180006,Aurelia 3,Cherokee,10230005,Well,Dakota,42.71454,-95.42748,09/03/2002 16:30:00,GWM,NIT-NO3-NO2,Nitrate + Nitrite (AS N),Total,,,,0.1,mg/l,True,0.1,,,353.2,USGSGWM,Actual,GW,Water,,,"[]"
8666065,31180006,Aurelia 3,Cherokee,10230005,Well,Dakota,42.71454,-95.42748,09/03/2002 16:30:00,GWM,NIT-AMM,Ammonia-nitrogen (AS N),Total,,,,0.05,mg/l,False,0.05,,,LAC10-107-06-1J,USGSGWM,Actual,GW,Water,,,"[]"
8666065,31180006,Aurelia 3,Cherokee,10230005,Well,Dakota,42.71454,-95.42748,09/03/2002 16:30:00,GWM,NIT-ORGN,Organic Nitrogen (AS N),Total,,,,0.05,mg/l,False,0.05,,,LAC10-107-06-2E,USGSGWM,Calculated,GW,Water,,,"[]"
8666065,31180006,Aurelia 3,Cherokee,10230005,Well,Dakota,42.71454,-95.42748,09/03/2002 16:30:00,GWM,14265-44-2,Orthophosphate (AS P),Dissolved,,,,0.05,mg/l,False,0.05,,,LAC10-115-01-1A,USGSGWM,Actual,GW,Water,,,"[]"
8666065,31180006,Aurelia 3,Cherokee,10230005,Well,Dakota,42.71454,-95.42748,09/03/2002 16:30:00,GWM,PHOSP-PHOSP,"Total Phosphorus, mixed forms (AS P)",Total,,,,0.05,mg/l,False,0.05,,,LAC10-115-01-1C,USGSGWM,Actual,GW,Water,,,"[]"
8666065,31180006,Aurelia 3,Cherokee,10230005,Well,Dakota,42.71454,-95.42748,09/03/2002 16:30:00,GWM,NIT-KJELD,Kjeldahl nitrogen (AS N),Total,,,,0.05,mg/l,False,0.05,,,PAI DK03,USGSGWM,Actual,GW,Water,,,"[]"
8666065,31180001,Quimby 1,Cherokee,10230003,Well,Dakota,42.62888,-95.64291,07/29/2003 14:30:00,GWM,NIT-AMM,Ammonia-nitrogen (AS N),Total,,,,0.48,mg/l,True,0.05,,,350.1,USGSGWM,Actual,GW,Water,,,"[]"
8666065,31180001,Quimby 1,Cherokee,10230003,Well,Dakota,42.62888,-95.64291,07/29/2003 14:30:00,GWM,NIT-NO3-NO2,Nitrate + Nitrite (AS N),Total,,,,0.1,mg/l,False,0.1,,,353.2,USGSGWM,Actual,GW,Water,,,"[]"
8666065,31180001,Quimby 1,Cherokee,10230003,Well,Dakota,42.62888,-95.64291,07/29/2003 14:30:00,GWM,14265-44-2,Orthophosphate (AS P),Dissolved,,,,0.03,mg/l,True,0.02,,,365.1,USGSGWM,Actual,GW,Water,,,"[]"
8666065,31180001,Quimby 1,Cherokee,10230003,Well,Dakota,42.62888,-95.64291,07/29/2003 14:30:00,GWM,PHOSP-PHOSP,"Total Phosphorus, mixed forms (AS P)",Total,,,,0.07,mg/l,True,0.02,,,365.4,USGSGWM,Actual,GW,Water,,,"[]"
8666065,31180001,Quimby 1,Cherokee,10230003,Well,Dakota,42.62888,-95.64291,07/29/2003 14:30:00,GWM,NIT-ORGN,Organic Nitrogen (AS N),Total,,,,0.2,mg/l,True,0.05,,,LAC10-107-06-2E,USGSGWM,Calculated,GW,Water,,,"[]"
8666065,31180001,Quimby 1,Cherokee,10230003,Well,Dakota,42.62888,-95.64291,07/29/2003 14:30:00,GWM,NIT-KJELD,Kjeldahl nitrogen (AS N),Total,,,,0.68,mg/l,True,0.05,,,PAI DK03,USGSGWM,Actual,GW,Water,,,"[]"
8666065,31180002,Cherokee 10,Cherokee,10230003,Well,Dakota,42.728039,-95.553949,07/29/2003 12:45:00,GWM,NIT-AMM,Ammonia-nitrogen (AS N),Total,,,,0.48,mg/l,True,0.05,,,350.1,USGSGWM,Actual,GW,Water,,,"[]"
8666065,31180002,Cherokee 10,Cherokee,10230003,Well,Dakota,42.728039,-95.553949,07/29/2003 12:45:00,GWM,NIT-NO3-NO2,Nitrate + Nitrite (AS N),Total,,,,0.1,mg/l,False,0.1,,,353.2,USGSGWM,Actual,GW,Water,,,"[]"
8666065,31180002,Cherokee 10,Cherokee,10230003,Well,Dakota,42.728039,-95.553949,07/29/2003 12:45:00,GWM,14265-44-2,Orthophosphate (AS P),Dissolved,,,,0.02,mg/l,False,0.02,,,365.1,USGSGWM,Actual,GW,Water,,,"[]"
8666065,31180002,Cherokee 10,Cherokee,10230003,Well,Dakota,42.728039,-95.553949,07/29/2003 12:45:00,GWM,PHOSP-PHOSP,"Total Phosphorus, mixed forms (AS P)",Total,,,,0.05,mg/l,True,0.02,,,365.4,USGSGWM,Actual,GW,Water,,,"[]"
8666065,31180002,Cherokee 10,Cherokee,10230003,Well,Dakota,42.728039,-95.553949,07/29/2003 12:45:00,GWM,NIT-ORGN,Organic Nitrogen (AS N),Total,,,,0.19,mg/l,True,0.05,,,LAC10-107-06-2E,USGSGWM,Calculated,GW,Water,,,"[]"
8666065,31180002,Cherokee 10,Cherokee,10230003,Well,Dakota,42.728039,-95.553949,07/29/2003 12:45:00,GWM,NIT-KJELD,Kjeldahl nitrogen (AS N),Total,,,,0.67,mg/l,True,0.05,,,PAI DK03,USGSGWM,Actual,GW,Water,,,"[]"
8666065,31180002,Cherokee 10,Cherokee,10230003,Well,Dakota,42.728039,-95.553949,08/04/2004 12:00:00,GWM,NIT-AMM,Ammonia-nitrogen (AS N),Total,,,,0.37,mg/l,True,0.05,,,350.1,USGSGWM,Actual,GW,Water,,,"[]"
8666065,31180002,Cherokee 10,Cherokee,10230003,Well,Dakota,42.728039,-95.553949,08/04/2004 12:00:00,GWM,NIT-NO3-NO2,Nitrate + Nitrite (AS N),Total,,,,0.05,mg/l,False,0.05,,,353.2,USGSGWM,Actual,GW,Water,,,"[]"
8666065,31180002,Cherokee 10,Cherokee,10230003,Well,Dakota,42.728039,-95.553949,08/04/2004 12:00:00,GWM,14265-44-2,Orthophosphate (AS P),Dissolved,,,,0.02,mg/l,False,0.02,,,365.1,USGSGWM,Actual,GW,Water,,,"[]"
8666065,31180002,Cherokee 10,Cherokee,10230003,Well,Dakota,42.728039,-95.553949,08/04/2004 12:00:00,GWM,PHOSP-PHOSP,"Total Phosphorus, mixed forms (AS P)",Total,,,,0.04,mg/l,True,0.02,,,365.4,USGSGWM,Actual,GW,Water,,,"[]"
8666065,31180002,Cherokee 10,Cherokee,10230003,Well,Dakota,42.728039,-95.553949,08/04/2004 12:00:00,GWM,NIT-ORGN,Organic Nitrogen,Total,,,,0.09,mg/l,True,0.05,,,LAC10-107-06-2E,USGSGWM,Calculated,GW,Water,,,"[]"
8666065,31180001,Quimby 1,Cherokee,10230003,Well,Dakota,42.62888,-95.64291,08/05/2004 08:30:00,GWM,NIT-AMM,Ammonia-nitrogen (AS N),Total,,,,0.39,mg/l,True,0.05,,,350.1,USGSGWM,Actual,GW,Water,,,"[]"
8666065,31180001,Quimby 1,Cherokee,10230003,Well,Dakota,42.62888,-95.64291,08/05/2004 08:30:00,GWM,NIT-NO3-NO2,Nitrate + Nitrite (AS N),Total,,,,0.05,mg/l,False,0.05,,,353.2,USGSGWM,Actual,GW,Water,,,"[]"
8666065,31180001,Quimby 1,Cherokee,10230003,Well,Dakota,42.62888,-95.64291,08/05/2004 08:30:00,GWM,14265-44-2,Orthophosphate (AS P),Dissolved,,,,0.02,mg/l,False,0.02,,,365.1,USGSGWM,Actual,GW,Water,,,"[]"
8666065,31180001,Quimby 1,Cherokee,10230003,Well,Dakota,42.62888,-95.64291,08/05/2004 08:30:00,GWM,PHOSP-PHOSP,"Total Phosphorus, mixed forms (AS P)",Total,,,,0.04,mg/l,True,0.02,,,365.4,USGSGWM,Actual,GW,Water,,,"[]"
8666065,31180001,Quimby 1,Cherokee,10230003,Well,Dakota,42.62888,-95.64291,08/05/2004 08:30:00,GWM,NIT-ORGN,Organic Nitrogen,Total,,,,0.11,mg/l,True,0.05,,,LAC10-107-06-2E,USGSGWM,Calculated,GW,Water,,,"[]"
8666065,31180001,Quimby 1,Cherokee,10230003,Well,Dakota,42.62888,-95.64291,07/06/2005 13:55:00,GWM,NIT-AMM,Ammonia-nitrogen (AS N),Total,,,,0.45,mg/l,True,0.05,,,350.1,USGSGWM,Actual,GW,Water,,,"[]"
8666065,31180001,Quimby 1,Cherokee,10230003,Well,Dakota,42.62888,-95.64291,07/06/2005 13:55:00,GWM,NIT-KJELD,Kjeldahl nitrogen (AS N),Total,,,,0.55,mg/l,True,0.1,,,351.2,USGSGWM,Actual,GW,Water,,,"[]"
8666065,31180001,Quimby 1,Cherokee,10230003,Well,Dakota,42.62888,-95.64291,07/06/2005 13:55:00,GWM,NIT-NO3-NO2,Nitrate + Nitrite (AS N),Total,,,,0.05,mg/l,False,0.05,,,353.2,USGSGWM,Actual,GW,Water,,,"[]"
8666065,31180001,Quimby 1,Cherokee,10230003,Well,Dakota,42.62888,-95.64291,07/06/2005 13:55:00,GWM,14265-44-2,Orthophosphate (AS P),Dissolved,,,,0.02,mg/l,True,0.02,,,365.1,USGSGWM,Actual,GW,Water,,,"[]"
8666065,31180001,Quimby 1,Cherokee,10230003,Well,Dakota,42.62888,-95.64291,07/06/2005 13:55:00,GWM,PHOSP-PHOSP,"Total Phosphorus, mixed forms (AS P)",Total,,,,0.05,mg/l,True,0.02,,,365.4,USGSGWM,Actual,GW,Water,,,"[]"
8666065,31180001,Quimby 1,Cherokee,10230003,Well,Dakota,42.62888,-95.64291,07/06/2005 13:55:00,GWM,NIT-ORGN,Organic Nitrogen,Total,,,,0.1,mg/l,True,0.1,,,LAC10-107-06-2E,USGSGWM,Calculated,GW,Water,,,"[]"
8666065,31180002,Cherokee 10,Cherokee,10230003,Well,Dakota,42.728039,-95.553949,07/05/2005 15:30:00,GWM,NIT-AMM,Ammonia-nitrogen (AS N),Total,,,,0.42,mg/l,True,0.05,,,350.1,USGSGWM,Actual,GW,Water,,,"[]"
8666065,31180002,Cherokee 10,Cherokee,10230003,Well,Dakota,42.728039,-95.553949,07/05/2005 15:30:00,GWM,NIT-KJELD,Kjeldahl nitrogen (AS N),Total,,,,0.51,mg/l,True,0.1,,,351.2,USGSGWM,Actual,GW,Water,,,"[]"
8666065,31180002,Cherokee 10,Cherokee,10230003,Well,Dakota,42.728039,-95.553949,07/05/2005 15:30:00,GWM,NIT-NO3-NO2,Nitrate + Nitrite (AS N),Total,,,,0.05,mg/l,False,0.05,,,353.2,USGSGWM,Actual,GW,Water,,,"[]"
8666065,31180002,Cherokee 10,Cherokee,10230003,Well,Dakota,42.728039,-95.553949,07/05/2005 15:30:00,GWM,14265-44-2,Orthophosphate (AS P),Dissolved,,,,0.02,mg/l,False,0.02,,,365.1,USGSGWM,Actual,GW,Water,,,"[]"
8666065,31180002,Cherokee 10,Cherokee,10230003,Well,Dakota,42.728039,-95.553949,07/05/2005 15:30:00,GWM,PHOSP-PHOSP,"Total Phosphorus, mixed forms (AS P)",Total,,,,0.04,mg/l,True,0.02,,,365.4,USGSGWM,Actual,GW,Water,,,"[]"
8666065,31180002,Cherokee 10,Cherokee,10230003,Well,Dakota,42.728039,-95.553949,07/05/2005 15:30:00,GWM,NIT-ORGN,Organic Nitrogen,Total,,,,0.1,mg/l,False,0.1,,,LAC10-107-06-2E,USGSGWM,Calculated,GW,Water,,,"[]"
8666065,31180004,Cherokee 8,Cherokee,10230003,Well,Multiple Aquifers,42.73716,-95.55665,06/19/2006 15:00:00,GWM,NIT-AMM,Ammonia-nitrogen (AS N),Total,,,,1,mg/l,True,0.05,,,350.1,USGSGWM,Actual,GW,Water,,,"[]"
8666065,31180004,Cherokee 8,Cherokee,10230003,Well,Multiple Aquifers,42.73716,-95.55665,06/19/2006 15:00:00,GWM,NIT-KJELD,Kjeldahl nitrogen (AS N),Total,,,,1.1,mg/l,True,0.1,,,351.2,USGSGWM,Actual,GW,Water,,,"[]"
8666065,31180004,Cherokee 8,Cherokee,10230003,Well,Multiple Aquifers,42.73716,-95.55665,06/19/2006 15:00:00,GWM,NIT-NO3-NO2,Nitrate + Nitrite (AS N),Total,,,,0.05,mg/l,False,0.05,,,353.2,USGSGWM,Actual,GW,Water,,,"[]"
8666065,31180004,Cherokee 8,Cherokee,10230003,Well,Multiple Aquifers,42.73716,-95.55665,06/19/2006 15:00:00,GWM,14265-44-2,Orthophosphate (AS P),Dissolved,,,,0.02,mg/l,False,0.02,,,365.1,USGSGWM,Actual,GW,Water,,,"[]"
8666065,31180004,Cherokee 8,Cherokee,10230003,Well,Multiple Aquifers,42.73716,-95.55665,06/19/2006 15:00:00,GWM,PHOSP-PHOSP,"Total Phosphorus, mixed forms (AS P)",Total,,,,0.05,mg/l,True,0.02,,,365.4,USGSGWM,Actual,GW,Water,,,"[]"
8666065,31180004,Cherokee 8,Cherokee,10230003,Well,Multiple Aquifers,42.73716,-95.55665,06/19/2006 15:00:00,GWM,NIT-ORGN,Organic Nitrogen,Total,,,,0.1,mg/l,True,0.1,,,LAC10-107-06-2E,USGSGWM,Calculated,GW,Water,,,"[]"
8666065,31180002,Cherokee 10,Cherokee,10230003,Well,Dakota,42.728039,-95.553949,06/20/2006 08:00:00,GWM,NIT-AMM,Ammonia-nitrogen (AS N),Total,,,,0.41,mg/l,True,0.05,,,350.1,USGSGWM,Actual,GW,Water,,,"[]"
8666065,31180002,Cherokee 10,Cherokee,10230003,Well,Dakota,42.728039,-95.553949,06/20/2006 08:00:00,GWM,NIT-KJELD,Kjeldahl nitrogen (AS N),Total,,,,0.5,mg/l,True,0.1,,,351.2,USGSGWM,Actual,GW,Water,,,"[]"
8666065,31180002,Cherokee 10,Cherokee,10230003,Well,Dakota,42.728039,-95.553949,06/20/2006 08:00:00,GWM,NIT-NO3-NO2,Nitrate + Nitrite (AS N),Total,,,,0.05,mg/l,False,0.05,,,353.2,USGSGWM,Actual,GW,Water,,,"[]"
8666065,31180002,Cherokee 10,Cherokee,10230003,Well,Dakota,42.728039,-95.553949,06/20/2006 08:00:00,GWM,14265-44-2,Orthophosphate (AS P),Dissolved,,,,0.02,mg/l,False,0.02,,,365.1,USGSGWM,Actual,GW,Water,,,"[]"
8666065,31180002,Cherokee 10,Cherokee,10230003,Well,Dakota,42.728039,-95.553949,06/20/2006 08:00:00,GWM,PHOSP-PHOSP,"Total Phosphorus, mixed forms (AS P)",Total,,,,0.05,mg/l,True,0.02,,,365.4,USGSGWM,Actual,GW,Water,,,"[]"
8666065,31180002,Cherokee 10,Cherokee,10230003,Well,Dakota,42.728039,-95.553949,06/20/2006 08:00:00,GWM,NIT-ORGN,Organic Nitrogen,Total,,,,0.1,mg/l,False,0.1,,,LAC10-107-06-2E,USGSGWM,Calculated,GW,Water,,,"[]"
8666065,31180002,Cherokee 10,Cherokee,10230003,Well,Dakota,42.728039,-95.553949,08/07/2012 10:00:00,GWM,NIT-NO3-NO2,Nitrate + Nitrite (AS N),Total,,,,0.1,mg/l,False,0.1,,,LAC10-107-04-1J,GWMPWS,Actual,GW,Water,,,"[]"
8666065,31180002,Cherokee 10,Cherokee,10230003,Well,Dakota,42.728039,-95.553949,08/07/2012 10:00:00,GWM,NIT-AMM,Ammonia-nitrogen (AS N),Total,,,,0.49,mg/l,True,0.05,,,LAC10-107-06-1J,GWMPWS,Actual,GW,Water,,,"[]"
8666065,31180002,Cherokee 10,Cherokee,10230003,Well,Dakota,42.728039,-95.553949,08/07/2012 10:00:00,GWM,NIT-KJELD,Kjeldahl nitrogen (AS N),Total,,,,0.6,mg/l,True,0.1,,,LAC10-107-06-2E,GWMPWS,Actual,GW,Water,,,"[]"
8666065,31180002,Cherokee 10,Cherokee,10230003,Well,Dakota,42.728039,-95.553949,08/07/2012 10:00:00,GWM,14265-44-2,Orthophosphate (AS P),Dissolved,,,,0.02,mg/l,False,0.02,,,LAC10-115-01-1A,GWMPWS,Actual,GW,Water,,,"[]"
8666065,31180002,Cherokee 10,Cherokee,10230003,Well,Dakota,42.728039,-95.553949,08/07/2012 10:00:00,GWM,PHOSP-PHOSP,"Total Phosphorus, mixed forms (AS P)",Total,,,,0.02,mg/l,True,0.02,,,LAC10-115-01-1D,GWMPWS,Actual,GW,Water,,,"[]"
8666065,31180001,Quimby 1,Cherokee,10230003,Well,Dakota,42.62888,-95.64291,09/11/2012 08:00:00,GWM,NIT-NO3-NO2,Nitrate + Nitrite (AS N),Total,,,,0.1,mg/l,False,0.1,,,LAC10-107-04-1J,GWMPWS,Actual,GW,Water,,,"[]"
8666065,31180001,Quimby 1,Cherokee,10230003,Well,Dakota,42.62888,-95.64291,09/11/2012 08:00:00,GWM,NIT-AMM,Ammonia-nitrogen (AS N),Total,,,,0.45,mg/l,True,0.05,,,LAC10-107-06-1J,GWMPWS,Actual,GW,Water,,,"[]"
8666065,31180001,Quimby 1,Cherokee,10230003,Well,Dakota,42.62888,-95.64291,09/11/2012 08:00:00,GWM,NIT-KJELD,Kjeldahl nitrogen (AS N),Total,,,,0.5,mg/l,True,0.1,,,LAC10-107-06-2E,GWMPWS,Actual,GW,Water,,,"[]"
8666065,31180001,Quimby 1,Cherokee,10230003,Well,Dakota,42.62888,-95.64291,09/11/2012 08:00:00,GWM,14265-44-2,Orthophosphate (AS P),Dissolved,,,,0.02,mg/l,False,0.02,,,LAC10-115-01-1A,GWMPWS,Actual,GW,Water,,,"[]"
8666065,31180001,Quimby 1,Cherokee,10230003,Well,Dakota,42.62888,-95.64291,09/11/2012 08:00:00,GWM,PHOSP-PHOSP,"Total Phosphorus, mixed forms (AS P)",Total,,,,0.05,mg/l,True,0.02,,,LAC10-115-01-1D,GWMPWS,Actual,GW,Water,,,"[]"
8666065,31180010,Quimby 3,Cherokee,10230003,Well,Dakota,42.6288799703,-95.64268994,11/10/2016 13:05:00,GWM,NIT-NO3-NO2,Nitrate + Nitrite (AS N),Total,,,,0.1,mg/l,False,0.1,,,LAC10-107-04-1J,GWM,Actual,GW,Water,,,"[]"
8666065,31180010,Quimby 3,Cherokee,10230003,Well,Dakota,42.6288799703,-95.64268994,11/10/2016 13:05:00,GWM,NIT-AMM,Ammonia-nitrogen (AS N),Total,,,,0.49,mg/l,True,0.05,,,LAC10-107-06-1J,GWM,Actual,GW,Water,,,"[]"
8666065,31180002,Cherokee 10,Cherokee,10230003,Well,Dakota,42.728039,-95.553949,11/10/2016 12:15:00,GWM,NIT-NO3-NO2,Nitrate + Nitrite (AS N),Total,,,,0.1,mg/l,False,0.1,,,LAC10-107-04-1J,GWM,Actual,GW,Water,,,"[]"
8666065,31180002,Cherokee 10,Cherokee,10230003,Well,Dakota,42.728039,-95.553949,11/10/2016 12:15:00,GWM,NIT-AMM,Ammonia-nitrogen (AS N),Total,,,,0.58,mg/l,True,0.05,,,LAC10-107-06-1J,GWM,Actual,GW,Water,,,"[]"
8666065,31180002,Cherokee 10,Cherokee,10230003,Well,Dakota,42.728039,-95.553949,04/08/2013 12:30:00,GWM,NIT-NO3-NO2,Nitrate + Nitrite (AS N),Total,,,,0.1,mg/l,False,0.1,,,LAC10-107-04-1J,GWM,Actual,GW,Water,,,"[]"
8666065,31180002,Cherokee 10,Cherokee,10230003,Well,Dakota,42.728039,-95.553949,04/08/2013 12:30:00,GWM,NIT-AMM,Ammonia-nitrogen (AS N),Total,,,,0.53,mg/l,True,0.05,,,LAC10-107-06-1J,GWM,Actual,GW,Water,,,"[]"
8666065,31180002,Cherokee 10,Cherokee,10230003,Well,Dakota,42.728039,-95.553949,04/08/2013 12:30:00,GWM,NIT-KJELD,Kjeldahl nitrogen (AS N),Total,,,,0.5,mg/l,True,0.1,,,LAC10-107-06-2E,GWM,Actual,GW,Water,,,"[]"
8666065,31180002,Cherokee 10,Cherokee,10230003,Well,Dakota,42.728039,-95.553949,04/08/2013 12:30:00,GWM,14265-44-2,Orthophosphate (AS P),Dissolved,,,,0.02,mg/l,False,0.02,,,LAC10-115-01-1A,GWM,Actual,GW,Water,,,"[]"
8666065,31180002,Cherokee 10,Cherokee,10230003,Well,Dakota,42.728039,-95.553949,04/08/2013 12:30:00,GWM,PHOSP-PHOSP,"Total Phosphorus, mixed forms (AS P)",Total,,,,0.04,mg/l,True,0.02,,,LAC10-115-01-1D,GWM,Actual,GW,Water,,,"[]"
8666065,31180010,Quimby 3,Cherokee,10230003,Well,Dakota,42.6288799703,-95.64268994,04/09/2013 12:55:00,GWM,NIT-NO3-NO2,Nitrate + Nitrite (AS N),Total,,,,0.1,mg/l,False,0.1,,,LAC10-107-04-1J,GWM,Actual,GW,Water,,,"[]"
8666065,31180010,Quimby 3,Cherokee,10230003,Well,Dakota,42.6288799703,-95.64268994,04/09/2013 12:55:00,GWM,NIT-AMM,Ammonia-nitrogen (AS N),Total,,,,0.62,mg/l,True,0.05,,,LAC10-107-06-1J,GWM,Actual,GW,Water,,,"[]"
8666065,31180010,Quimby 3,Cherokee,10230003,Well,Dakota,42.6288799703,-95.64268994,04/09/2013 12:55:00,GWM,NIT-KJELD,Kjeldahl nitrogen (AS N),Total,,,,0.4,mg/l,True,0.1,,,LAC10-107-06-2E,GWM,Actual,GW,Water,,,"[]"
8666065,31180010,Quimby 3,Cherokee,10230003,Well,Dakota,42.6288799703,-95.64268994,04/09/2013 12:55:00,GWM,14265-44-2,Orthophosphate (AS P),Dissolved,,,,0.02,mg/l,False,0.02,,,LAC10-115-01-1A,GWM,Actual,GW,Water,,,"[]"
8666065,31180010,Quimby 3,Cherokee,10230003,Well,Dakota,42.6288799703,-95.64268994,04/09/2013 12:55:00,GWM,PHOSP-PHOSP,"Total Phosphorus, mixed forms (AS P)",Total,,,,0.03,mg/l,True,0.02,,,LAC10-115-01-1D,GWM,Actual,GW,Water,,,"[]"
8666065,31180010,Quimby 3,Cherokee,10230003,Well,Dakota,42.6288799703,-95.64268994,11/27/2017 10:45:00,GWM,NIT-NO3-NO2,Nitrate + Nitrite (AS N),None,,,,0.1,mg/l,False,0.1,,,LAC10-107-06-1J,GWM,Actual,GW,Water,,,"[]"
8666065,31180010,Quimby 3,Cherokee,10230003,Well,Dakota,42.6288799703,-95.64268994,11/27/2017 10:45:00,GWM,NIT-AMM,Ammonia-nitrogen (AS N),None,,,,0.55,mg/l,True,0.05,,,LAC10-107-06-1J,GWM,Actual,GW,Water,,,"[]"
8666065,31180002,Cherokee 10,Cherokee,10230003,Well,Dakota,42.728039,-95.553949,11/27/2017 11:25:00,GWM,NIT-NO3-NO2,Nitrate + Nitrite (AS N),None,,,,0.1,mg/l,False,0.1,,,LAC10-107-06-1J,GWM,Actual,GW,Water,,,"[]"
8666065,31180002,Cherokee 10,Cherokee,10230003,Well,Dakota,42.728039,-95.553949,11/27/2017 11:25:00,GWM,NIT-AMM,Ammonia-nitrogen (AS N),None,,,,0.67,mg/l,True,0.05,,,LAC10-107-06-1J,GWM,Actual,GW,Water,,,"[]"
8666065,31180010,Quimby 3,Cherokee,10230003,Well,Dakota,42.6288799703,-95.64268994,01/08/2019 09:00:00,GWM,NIT-NO3-NO2,Nitrate + Nitrite (AS N),None,,,,0.1,mg/l,False,0.1,,,LAC10-107-06-1J,GWM,Actual,GW,Water,,,"[]"
8666065,31180010,Quimby 3,Cherokee,10230003,Well,Dakota,42.6288799703,-95.64268994,01/08/2019 09:00:00,GWM,NIT-AMM,Ammonia-nitrogen (AS N),None,,,,0.53,mg/l,True,0.05,,,LAC10-107-06-1J,GWM,Actual,GW,Water,,,"[]"
8666065,31180010,Quimby 3,Cherokee,10230003,Well,Dakota,42.6288799703,-95.64268994,01/08/2019 09:00:00,GWM,14265-44-2,Orthophosphate (AS P),Dissolved,,,,0.02,mg/l,False,0.02,,,LAC10-115-01-1A,GWM,Actual,GW,Water,,Sample was not field filtered per method and was filtered for analysis after receipt by the laboratory.,"[]"
8666065,31180008,Cherokee 11,Cherokee,10230003,Well,Dakota,42.750103,-95.540211,03/01/2021 10:15:00,GWM,NIT-AMM,Ammonia-nitrogen (AS N),None,,,,0.26,mg/l,True,0.05,,,LAC10-107-06-1J,GWM,Actual,GW,Water,,,"[]"
8666065,31180008,Cherokee 11,Cherokee,10230003,Well,Dakota,42.750103,-95.540211,03/01/2021 10:15:00,GWM,NIT-NO3-NO2,Nitrate + Nitrite (AS N),None,,,,0.1,mg/l,False,0.1,,,LAC10-107-06-1J,GWM,Actual,GW,Water,,,"[]"
8666065,31180008,Cherokee 11,Cherokee,10230003,Well,Dakota,42.750103,-95.540211,03/01/2021 10:15:00,GWM,14265-44-2,Orthophosphate (AS P),Dissolved,,,,0.02,mg/l,False,0.02,,,LAC10-115-01-1A,GWM,Actual,GW,Water,,,"[]"
8666065,31180002,Cherokee 10,Cherokee,10230003,Well,Dakota,42.728039,-95.553949,03/01/2021 13:10:00,GWM,NIT-AMM,Ammonia-nitrogen (AS N),None,,,,0.54,mg/l,True,0.05,,,LAC10-107-06-1J,GWM,Actual,GW,Water,,,"[]"
8666065,31180002,Cherokee 10,Cherokee,10230003,Well,Dakota,42.728039,-95.553949,03/01/2021 13:10:00,GWM,NIT-NO3-NO2,Nitrate + Nitrite (AS N),None,,,,0.1,mg/l,False,0.1,,,LAC10-107-06-1J,GWM,Actual,GW,Water,,,"[]"
8666065,31180002,Cherokee 10,Cherokee,10230003,Well,Dakota,42.728039,-95.553949,03/01/2021 13:10:00,GWM,14265-44-2,Orthophosphate (AS P),Dissolved,,,,0.02,mg/l,False,0.02,,,LAC10-115-01-1A,GWM,Actual,GW,Water,,,"[]"
8666065,31180010,Quimby 3,Cherokee,10230003,Well,Dakota,42.6288799703,-95.64268994,03/30/2021 14:00:00,GWM,NIT-AMM,Ammonia-nitrogen (AS N),None,,,,0.45,mg/l,True,0.05,,,LAC10-107-06-1J,GWM,Actual,GW,Water,,,"[]"
8666065,31180010,Quimby 3,Cherokee,10230003,Well,Dakota,42.6288799703,-95.64268994,03/30/2021 14:00:00,GWM,NIT-NO3-NO2,Nitrate + Nitrite (AS N),None,,,,0.1,mg/l,False,0.1,,,LAC10-107-06-1J,GWM,Actual,GW,Water,,,"[]"
8666065,31180010,Quimby 3,Cherokee,10230003,Well,Dakota,42.6288799703,-95.64268994,03/30/2021 14:00:00,GWM,14265-44-2,Orthophosphate (AS P),Dissolved,,,,0.02,mg/l,False,0.02,,,LAC10-115-01-1A,GWM,Actual,GW,Water,,,"[]"
