facilityID,siteID,name,county,huc8,type,aquifer,latitude,longitude,sampleDate,projectCode,cas_rn,analyte,fraction,relDepth,sampDepth,sampDepthUnit,result,unit,detect,detectLimit,quantFlag,quantLimit,method,colMethod,resultType,matrix,medium,qualFlag,remark,xParams
8666065,31210001,Spencer 2,Clay,10230003,Well,Alluvium,43.15664,-95.19782,08/31/2004 14:40:00,GWM,NIT-AMM,Ammonia-nitrogen (AS N),Total,,,,0.05,mg/l,False,0.05,,,350.1,USGSGWM,Actual,GW,Water,,,"[]"
8666065,31210001,Spencer 2,Clay,10230003,Well,Alluvium,43.15664,-95.19782,08/31/2004 14:40:00,GWM,NIT-KJELD,Kjeldahl nitrogen (AS N),Total,,,,0.07,mg/l,True,0.05,,,351.1,USGSGWM,Actual,GW,Water,,,"[]"
8666065,31210001,Spencer 2,Clay,10230003,Well,Alluvium,43.15664,-95.19782,08/31/2004 14:40:00,GWM,NIT-NO3-NO2,Nitrate + Nitrite (AS N),Total,,,,0.8,mg/l,True,0.05,,,353.2,USGSGWM,Actual,GW,Water,,,"[]"
8666065,31210001,Spencer 2,Clay,10230003,Well,Alluvium,43.15664,-95.19782,08/31/2004 14:40:00,GWM,14265-44-2,Orthophosphate (AS P),Dissolved,,,,0.02,mg/l,False,0.02,,,365.1,USGSGWM,Actual,GW,Water,,,"[]"
8666065,31210001,Spencer 2,Clay,10230003,Well,Alluvium,43.15664,-95.19782,08/31/2004 14:40:00,GWM,PHOSP-PHOSP,"Total Phosphorus, mixed forms (AS P)",Total,,,,0.02,mg/l,False,0.02,,,365.4,USGSGWM,Actual,GW,Water,,,"[]"
8666065,31210001,Spencer 2,Clay,10230003,Well,Alluvium,43.15664,-95.19782,08/31/2004 14:40:00,GWM,NIT-ORGN,Organic Nitrogen,Total,,,,0.06,mg/l,True,0.05,,,LAC10-107-06-2E,USGSGWM,Calculated,GW,Water,,,"[]"
8666065,31210001,Spencer 2,Clay,10230003,Well,Alluvium,43.15664,-95.19782,06/20/2006 16:00:00,GWM,NIT-AMM,Ammonia-nitrogen (AS N),Total,,,,0.05,mg/l,False,0.05,,,350.1,USGSGWM,Actual,GW,Water,,,"[]"
8666065,31210001,Spencer 2,Clay,10230003,Well,Alluvium,43.15664,-95.19782,06/20/2006 16:00:00,GWM,NIT-KJELD,Kjeldahl nitrogen (AS N),Total,,,,0.1,mg/l,False,0.1,,,351.2,USGSGWM,Actual,GW,Water,,,"[]"
8666065,31210001,Spencer 2,Clay,10230003,Well,Alluvium,43.15664,-95.19782,06/20/2006 16:00:00,GWM,NIT-NO3-NO2,Nitrate + Nitrite (AS N),Total,,,,1.3,mg/l,True,0.05,,,353.2,USGSGWM,Actual,GW,Water,,,"[]"
8666065,31210001,Spencer 2,Clay,10230003,Well,Alluvium,43.15664,-95.19782,06/20/2006 16:00:00,GWM,14265-44-2,Orthophosphate (AS P),Dissolved,,,,0.02,mg/l,False,0.02,,,365.1,USGSGWM,Actual,GW,Water,,,"[]"
8666065,31210001,Spencer 2,Clay,10230003,Well,Alluvium,43.15664,-95.19782,06/20/2006 16:00:00,GWM,PHOSP-PHOSP,"Total Phosphorus, mixed forms (AS P)",Total,,,,0.03,mg/l,True,0.02,,,365.4,USGSGWM,Actual,GW,Water,,,"[]"
8666065,31210001,Spencer 2,Clay,10230003,Well,Alluvium,43.15664,-95.19782,06/20/2006 16:00:00,GWM,NIT-ORGN,Organic Nitrogen,Total,,,,0.1,mg/l,False,0.1,,,LAC10-107-06-2E,USGSGWM,Calculated,GW,Water,,,"[]"
8666065,31210002,Peterson 2,Clay,10230003,Well,Buried Sand Gravel,42.918991,-95.344607,08/08/2006 09:30:00,GWM,NIT-AMM,Ammonia-nitrogen (AS N),Total,,,,1.5,mg/l,True,0.05,,,350.1,USGSGWM,Actual,GW,Water,,,"[]"
8666065,31210002,Peterson 2,Clay,10230003,Well,Buried Sand Gravel,42.918991,-95.344607,08/08/2006 09:30:00,GWM,NIT-KJELD,Kjeldahl nitrogen (AS N),Total,,,,2.1,mg/l,True,0.1,,,351.2,USGSGWM,Actual,GW,Water,,,"[]"
8666065,31210002,Peterson 2,Clay,10230003,Well,Buried Sand Gravel,42.918991,-95.344607,08/08/2006 09:30:00,GWM,NIT-NO3-NO2,Nitrate + Nitrite (AS N),Total,,,,0.05,mg/l,False,0.05,,,353.2,USGSGWM,Actual,GW,Water,,,"[]"
8666065,31210002,Peterson 2,Clay,10230003,Well,Buried Sand Gravel,42.918991,-95.344607,08/08/2006 09:30:00,GWM,14265-44-2,Orthophosphate (AS P),Dissolved,,,,0.02,mg/l,False,0.02,,,365.1,USGSGWM,Actual,GW,Water,,,"[]"
8666065,31210002,Peterson 2,Clay,10230003,Well,Buried Sand Gravel,42.918991,-95.344607,08/08/2006 09:30:00,GWM,PHOSP-PHOSP,"Total Phosphorus, mixed forms (AS P)",Total,,,,0.04,mg/l,True,0.02,,,365.4,USGSGWM,Actual,GW,Water,,,"[]"
8666065,31210002,Peterson 2,Clay,10230003,Well,Buried Sand Gravel,42.918991,-95.344607,08/08/2006 09:30:00,GWM,NIT-ORGN,Organic Nitrogen,Total,,,,0.55,mg/l,True,0.05,,,LAC10-107-06-2E,USGSGWM,Calculated,GW,Water,,,"[]"
