facilityID,siteID,name,county,huc8,type,aquifer,latitude,longitude,sampleDate,projectCode,cas_rn,analyte,fraction,relDepth,sampDepth,sampDepthUnit,result,unit,detect,detectLimit,quantFlag,quantLimit,method,colMethod,resultType,matrix,medium,qualFlag,remark,xParams
8666065,31230002,Camanche 2,Clinton,07080101,Well,Alluvium,41.780772,-90.258958,08/19/2002 12:00:00,GWM,NIT-NO3-NO2,Nitrate + Nitrite (AS N),Total,,,,6.2,mg/l,True,0.1,,,353.2,USGSGWM,Actual,GW,Water,,,"[]"
8666065,31230002,Camanche 2,Clinton,07080101,Well,Alluvium,41.780772,-90.258958,08/19/2002 12:00:00,GWM,NIT-AMM,Ammonia-nitrogen (AS N),Total,,,,0.05,mg/l,False,0.05,,,LAC10-107-06-1J,USGSGWM,Actual,GW,Water,,,"[]"
8666065,31230002,Camanche 2,Clinton,07080101,Well,Alluvium,41.780772,-90.258958,08/19/2002 12:00:00,GWM,NIT-ORGN,Organic Nitrogen (AS N),Total,,,,0.08,mg/l,True,0.05,,,LAC10-107-06-2E,USGSGWM,Calculated,GW,Water,,,"[]"
8666065,31230002,Camanche 2,Clinton,07080101,Well,Alluvium,41.780772,-90.258958,08/19/2002 12:00:00,GWM,14265-44-2,Orthophosphate (AS P),Dissolved,,,,0.09,mg/l,True,0.05,,,LAC10-115-01-1A,USGSGWM,Actual,GW,Water,,,"[]"
8666065,31230002,Camanche 2,Clinton,07080101,Well,Alluvium,41.780772,-90.258958,08/19/2002 12:00:00,GWM,PHOSP-PHOSP,"Total Phosphorus, mixed forms (AS P)",Total,,,,0.08,mg/l,True,0.05,,,LAC10-115-01-1C,USGSGWM,Actual,GW,Water,,,"[]"
8666065,31230002,Camanche 2,Clinton,07080101,Well,Alluvium,41.780772,-90.258958,08/19/2002 12:00:00,GWM,NIT-KJELD,Kjeldahl nitrogen (AS N),Total,,,,0.08,mg/l,True,0.05,,,PAI DK03,USGSGWM,Actual,GW,Water,,,"[]"
8666065,31230004,De Witt 3,Clinton,07080103,Well,Cambrian-Ordovician,41.825519,-90.538791,08/19/2002 10:35:00,GWM,NIT-NO3-NO2,Nitrate + Nitrite (AS N),Total,,,,0.1,mg/l,False,0.1,,,353.2,USGSGWM,Actual,GW,Water,,,"[]"
8666065,31230004,De Witt 3,Clinton,07080103,Well,Cambrian-Ordovician,41.825519,-90.538791,08/19/2002 10:35:00,GWM,NIT-AMM,Ammonia-nitrogen (AS N),Total,,,,0.05,mg/l,False,0.05,,,LAC10-107-06-1J,USGSGWM,Actual,GW,Water,,,"[]"
8666065,31230004,De Witt 3,Clinton,07080103,Well,Cambrian-Ordovician,41.825519,-90.538791,08/19/2002 10:35:00,GWM,NIT-ORGN,Organic Nitrogen (AS N),Total,,,,1.1,mg/l,True,0.05,,,LAC10-107-06-2E,USGSGWM,Calculated,GW,Water,,,"[]"
8666065,31230004,De Witt 3,Clinton,07080103,Well,Cambrian-Ordovician,41.825519,-90.538791,08/19/2002 10:35:00,GWM,14265-44-2,Orthophosphate (AS P),Dissolved,,,,0.05,mg/l,False,0.05,,,LAC10-115-01-1A,USGSGWM,Actual,GW,Water,,,"[]"
8666065,31230004,De Witt 3,Clinton,07080103,Well,Cambrian-Ordovician,41.825519,-90.538791,08/19/2002 10:35:00,GWM,PHOSP-PHOSP,"Total Phosphorus, mixed forms (AS P)",Total,,,,0.05,mg/l,False,0.05,,,LAC10-115-01-1C,USGSGWM,Actual,GW,Water,,,"[]"
8666065,31230004,De Witt 3,Clinton,07080103,Well,Cambrian-Ordovician,41.825519,-90.538791,08/19/2002 10:35:00,GWM,NIT-KJELD,Kjeldahl nitrogen (AS N),Total,,,,1.1,mg/l,True,0.05,,,PAI DK03,USGSGWM,Actual,GW,Water,,,"[]"
8666065,31230002,Camanche 2,Clinton,07080101,Well,Alluvium,41.780772,-90.258958,08/26/2003 15:00:00,GWM,NIT-AMM,Ammonia-nitrogen (AS N),Total,,,,0.05,mg/l,False,0.05,,,350.1,USGSGWM,Actual,GW,Water,,,"[]"
8666065,31230002,Camanche 2,Clinton,07080101,Well,Alluvium,41.780772,-90.258958,08/26/2003 15:00:00,GWM,NIT-NO3-NO2,Nitrate + Nitrite (AS N),Total,,,,6.2,mg/l,True,0.1,,,353.2,USGSGWM,Actual,GW,Water,,,"[]"
8666065,31230002,Camanche 2,Clinton,07080101,Well,Alluvium,41.780772,-90.258958,08/26/2003 15:00:00,GWM,14265-44-2,Orthophosphate (AS P),Dissolved,,,,0.05,mg/l,True,0.02,,,365.1,USGSGWM,Actual,GW,Water,,,"[]"
8666065,31230002,Camanche 2,Clinton,07080101,Well,Alluvium,41.780772,-90.258958,08/26/2003 15:00:00,GWM,PHOSP-PHOSP,"Total Phosphorus, mixed forms (AS P)",Total,,,,0.02,mg/l,True,0.02,,,365.4,USGSGWM,Actual,GW,Water,,,"[]"
8666065,31230002,Camanche 2,Clinton,07080101,Well,Alluvium,41.780772,-90.258958,08/26/2003 15:00:00,GWM,NIT-ORGN,Organic Nitrogen (AS N),Total,,,,0.1,mg/l,True,0.05,,,LAC10-107-06-2E,USGSGWM,Calculated,GW,Water,,,"[]"
8666065,31230002,Camanche 2,Clinton,07080101,Well,Alluvium,41.780772,-90.258958,08/26/2003 15:00:00,GWM,NIT-KJELD,Kjeldahl nitrogen (AS N),Total,,,,0.1,mg/l,True,0.05,,,PAI DK03,USGSGWM,Actual,GW,Water,,,"[]"
8666065,31230005,Grand Mound 1,Clinton,07080103,Well,Silurian,41.823832,-90.648579,08/27/2003 14:45:00,GWM,NIT-AMM,Ammonia-nitrogen (AS N),Total,,,,0.05,mg/l,False,0.05,,,350.1,USGSGWM,Actual,GW,Water,,,"[]"
8666065,31230005,Grand Mound 1,Clinton,07080103,Well,Silurian,41.823832,-90.648579,08/27/2003 14:45:00,GWM,NIT-NO3-NO2,Nitrate + Nitrite (AS N),Total,,,,0.1,mg/l,False,0.1,,,353.2,USGSGWM,Actual,GW,Water,,,"[]"
8666065,31230005,Grand Mound 1,Clinton,07080103,Well,Silurian,41.823832,-90.648579,08/27/2003 14:45:00,GWM,14265-44-2,Orthophosphate (AS P),Dissolved,,,,0.02,mg/l,False,0.02,,,365.1,USGSGWM,Actual,GW,Water,,,"[]"
8666065,31230005,Grand Mound 1,Clinton,07080103,Well,Silurian,41.823832,-90.648579,08/27/2003 14:45:00,GWM,PHOSP-PHOSP,"Total Phosphorus, mixed forms (AS P)",Total,,,,0.03,mg/l,True,0.02,,,365.4,USGSGWM,Actual,GW,Water,,,"[]"
8666065,31230005,Grand Mound 1,Clinton,07080103,Well,Silurian,41.823832,-90.648579,08/27/2003 14:45:00,GWM,NIT-ORGN,Organic Nitrogen (AS N),Total,,,,0.14,mg/l,True,0.05,,,LAC10-107-06-2E,USGSGWM,Calculated,GW,Water,,,"[]"
8666065,31230005,Grand Mound 1,Clinton,07080103,Well,Silurian,41.823832,-90.648579,08/27/2003 14:45:00,GWM,NIT-KJELD,Kjeldahl nitrogen (AS N),Total,,,,0.14,mg/l,True,0.05,,,PAI DK03,USGSGWM,Actual,GW,Water,,,"[]"
8666065,31230006,Grand Mound 2,Clinton,07080103,Well,Silurian,41.82387,-90.648547,08/27/2003 15:30:00,GWM,NIT-AMM,Ammonia-nitrogen (AS N),Total,,,,0.05,mg/l,False,0.05,,,350.1,USGSGWM,Actual,GW,Water,,,"[]"
8666065,31230006,Grand Mound 2,Clinton,07080103,Well,Silurian,41.82387,-90.648547,08/27/2003 15:30:00,GWM,NIT-NO3-NO2,Nitrate + Nitrite (AS N),Total,,,,0.1,mg/l,False,0.1,,,353.2,USGSGWM,Actual,GW,Water,,,"[]"
8666065,31230006,Grand Mound 2,Clinton,07080103,Well,Silurian,41.82387,-90.648547,08/27/2003 15:30:00,GWM,14265-44-2,Orthophosphate (AS P),Dissolved,,,,0.02,mg/l,False,0.02,,,365.1,USGSGWM,Actual,GW,Water,,,"[]"
8666065,31230006,Grand Mound 2,Clinton,07080103,Well,Silurian,41.82387,-90.648547,08/27/2003 15:30:00,GWM,PHOSP-PHOSP,"Total Phosphorus, mixed forms (AS P)",Total,,,,0.05,mg/l,True,0.02,,,365.4,USGSGWM,Actual,GW,Water,,,"[]"
8666065,31230006,Grand Mound 2,Clinton,07080103,Well,Silurian,41.82387,-90.648547,08/27/2003 15:30:00,GWM,NIT-ORGN,Organic Nitrogen (AS N),Total,,,,0.13,mg/l,True,0.05,,,LAC10-107-06-2E,USGSGWM,Calculated,GW,Water,,,"[]"
8666065,31230006,Grand Mound 2,Clinton,07080103,Well,Silurian,41.82387,-90.648547,08/27/2003 15:30:00,GWM,NIT-KJELD,Kjeldahl nitrogen (AS N),Total,,,,0.13,mg/l,True,0.05,,,PAI DK03,USGSGWM,Actual,GW,Water,,,"[]"
8666065,31230004,De Witt 3,Clinton,07080103,Well,Cambrian-Ordovician,41.825519,-90.538791,08/29/2003 11:05:00,GWM,NIT-AMM,Ammonia-nitrogen (AS N),Total,,,,0.67,mg/l,True,0.05,,,350.1,USGSGWM,Actual,GW,Water,,,"[]"
8666065,31230004,De Witt 3,Clinton,07080103,Well,Cambrian-Ordovician,41.825519,-90.538791,08/29/2003 11:05:00,GWM,NIT-NO3-NO2,Nitrate + Nitrite (AS N),Total,,,,0.1,mg/l,False,0.1,,,353.2,USGSGWM,Actual,GW,Water,,,"[]"
8666065,31230004,De Witt 3,Clinton,07080103,Well,Cambrian-Ordovician,41.825519,-90.538791,08/29/2003 11:05:00,GWM,14265-44-2,Orthophosphate (AS P),Dissolved,,,,0.02,mg/l,False,0.02,,,365.1,USGSGWM,Actual,GW,Water,,,"[]"
8666065,31230004,De Witt 3,Clinton,07080103,Well,Cambrian-Ordovician,41.825519,-90.538791,08/29/2003 11:05:00,GWM,PHOSP-PHOSP,"Total Phosphorus, mixed forms (AS P)",Total,,,,0.02,mg/l,False,0.02,,,365.4,USGSGWM,Actual,GW,Water,,,"[]"
8666065,31230004,De Witt 3,Clinton,07080103,Well,Cambrian-Ordovician,41.825519,-90.538791,08/29/2003 11:05:00,GWM,NIT-ORGN,Organic Nitrogen (AS N),Total,,,,0.2,mg/l,True,0.05,,,LAC10-107-06-2E,USGSGWM,Calculated,GW,Water,,,"[]"
8666065,31230004,De Witt 3,Clinton,07080103,Well,Cambrian-Ordovician,41.825519,-90.538791,08/29/2003 11:05:00,GWM,NIT-KJELD,Kjeldahl nitrogen (AS N),Total,,,,0.87,mg/l,True,0.05,,,PAI DK03,USGSGWM,Actual,GW,Water,,,"[]"
8666065,31230002,Camanche 2,Clinton,07080101,Well,Alluvium,41.780772,-90.258958,07/28/2004 14:15:00,GWM,NIT-AMM,Ammonia-nitrogen (AS N),Total,,,,0.05,mg/l,False,0.05,,,350.1,USGSGWM,Actual,GW,Water,,,"[]"
8666065,31230002,Camanche 2,Clinton,07080101,Well,Alluvium,41.780772,-90.258958,07/28/2004 14:15:00,GWM,NIT-NO3-NO2,Nitrate + Nitrite (AS N),Total,,,,5.4,mg/l,True,0.05,,,353.2,USGSGWM,Actual,GW,Water,,,"[]"
8666065,31230002,Camanche 2,Clinton,07080101,Well,Alluvium,41.780772,-90.258958,07/28/2004 14:15:00,GWM,14265-44-2,Orthophosphate (AS P),Dissolved,,,,0.02,mg/l,False,0.02,,,365.1,USGSGWM,Actual,GW,Water,,,"[]"
8666065,31230002,Camanche 2,Clinton,07080101,Well,Alluvium,41.780772,-90.258958,07/28/2004 14:15:00,GWM,PHOSP-PHOSP,"Total Phosphorus, mixed forms (AS P)",Total,,,,0.05,mg/l,True,0.02,,,365.4,USGSGWM,Actual,GW,Water,,,"[]"
8666065,31230002,Camanche 2,Clinton,07080101,Well,Alluvium,41.780772,-90.258958,07/28/2004 14:15:00,GWM,NIT-ORGN,Organic Nitrogen,Total,,,,0.05,mg/l,False,0.05,,,LAC10-107-06-2E,USGSGWM,Calculated,GW,Water,,,"[]"
8666065,31230001,DeWitt 5,Clinton,07080103,Well,Cambrian-Ordovician,41.816701,-90.541553,07/28/2004 11:50:00,GWM,NIT-AMM,Ammonia-nitrogen (AS N),Total,,,,0.94,mg/l,True,0.05,,,350.1,USGSGWM,Actual,GW,Water,,,"[]"
8666065,31230001,DeWitt 5,Clinton,07080103,Well,Cambrian-Ordovician,41.816701,-90.541553,07/28/2004 11:50:00,GWM,NIT-NO3-NO2,Nitrate + Nitrite (AS N),Total,,,,0.05,mg/l,False,0.05,,,353.2,USGSGWM,Actual,GW,Water,,,"[]"
8666065,31230001,DeWitt 5,Clinton,07080103,Well,Cambrian-Ordovician,41.816701,-90.541553,07/28/2004 11:50:00,GWM,14265-44-2,Orthophosphate (AS P),Dissolved,,,,0.02,mg/l,False,0.02,,,365.1,USGSGWM,Actual,GW,Water,,,"[]"
8666065,31230001,DeWitt 5,Clinton,07080103,Well,Cambrian-Ordovician,41.816701,-90.541553,07/28/2004 11:50:00,GWM,PHOSP-PHOSP,"Total Phosphorus, mixed forms (AS P)",Total,,,,0.02,mg/l,False,0.02,,,365.4,USGSGWM,Actual,GW,Water,,,"[]"
8666065,31230001,DeWitt 5,Clinton,07080103,Well,Cambrian-Ordovician,41.816701,-90.541553,07/28/2004 11:50:00,GWM,NIT-ORGN,Organic Nitrogen,Total,,,,0.13,mg/l,True,0.05,,,LAC10-107-06-2E,USGSGWM,Calculated,GW,Water,,,"[]"
8666065,31230001,DeWitt 5,Clinton,07080103,Well,Cambrian-Ordovician,41.816701,-90.541553,08/25/2005 11:50:00,GWM,NIT-AMM,Ammonia-nitrogen (AS N),Total,,,,1,mg/l,True,0.05,,,350.1,USGSGWM,Actual,GW,Water,,,"[]"
8666065,31230001,DeWitt 5,Clinton,07080103,Well,Cambrian-Ordovician,41.816701,-90.541553,08/25/2005 11:50:00,GWM,NIT-KJELD,Kjeldahl nitrogen (AS N),Total,,,,1.3,mg/l,True,0.1,,,351.2,USGSGWM,Actual,GW,Water,,,"[]"
8666065,31230001,DeWitt 5,Clinton,07080103,Well,Cambrian-Ordovician,41.816701,-90.541553,08/25/2005 11:50:00,GWM,NIT-NO3-NO2,Nitrate + Nitrite (AS N),Total,,,,0.05,mg/l,False,0.05,,,353.2,USGSGWM,Actual,GW,Water,,,"[]"
8666065,31230001,DeWitt 5,Clinton,07080103,Well,Cambrian-Ordovician,41.816701,-90.541553,08/25/2005 11:50:00,GWM,14265-44-2,Orthophosphate (AS P),Dissolved,,,,0.02,mg/l,False,0.02,,,365.1,USGSGWM,Actual,GW,Water,,,"[]"
8666065,31230001,DeWitt 5,Clinton,07080103,Well,Cambrian-Ordovician,41.816701,-90.541553,08/25/2005 11:50:00,GWM,PHOSP-PHOSP,"Total Phosphorus, mixed forms (AS P)",Total,,,,0.02,mg/l,True,0.02,,,365.4,USGSGWM,Actual,GW,Water,,,"[]"
8666065,31230001,DeWitt 5,Clinton,07080103,Well,Cambrian-Ordovician,41.816701,-90.541553,08/25/2005 11:50:00,GWM,NIT-ORGN,Organic Nitrogen,Total,,,,0.3,mg/l,True,0.1,,,LAC10-107-06-2E,USGSGWM,Calculated,GW,Water,,,"[]"
8666065,31230002,Camanche 2,Clinton,07080101,Well,Alluvium,41.780772,-90.258958,08/31/2005 13:30:00,GWM,NIT-AMM,Ammonia-nitrogen (AS N),Total,,,,0.05,mg/l,False,0.05,,,350.1,USGSGWM,Actual,GW,Water,,,"[]"
8666065,31230002,Camanche 2,Clinton,07080101,Well,Alluvium,41.780772,-90.258958,08/31/2005 13:30:00,GWM,NIT-KJELD,Kjeldahl nitrogen (AS N),Total,,,,0.1,mg/l,False,0.1,,,351.2,USGSGWM,Actual,GW,Water,,,"[]"
8666065,31230002,Camanche 2,Clinton,07080101,Well,Alluvium,41.780772,-90.258958,08/31/2005 13:30:00,GWM,NIT-NO3-NO2,Nitrate + Nitrite (AS N),Total,,,,6.1,mg/l,True,0.05,,,353.2,USGSGWM,Actual,GW,Water,,,"[]"
8666065,31230002,Camanche 2,Clinton,07080101,Well,Alluvium,41.780772,-90.258958,08/31/2005 13:30:00,GWM,14265-44-2,Orthophosphate (AS P),Dissolved,,,,0.05,mg/l,True,0.02,,,365.1,USGSGWM,Actual,GW,Water,,,"[]"
8666065,31230002,Camanche 2,Clinton,07080101,Well,Alluvium,41.780772,-90.258958,08/31/2005 13:30:00,GWM,PHOSP-PHOSP,"Total Phosphorus, mixed forms (AS P)",Total,,,,0.06,mg/l,True,0.02,,,365.4,USGSGWM,Actual,GW,Water,,,"[]"
8666065,31230002,Camanche 2,Clinton,07080101,Well,Alluvium,41.780772,-90.258958,08/31/2005 13:30:00,GWM,NIT-ORGN,Organic Nitrogen,Total,,,,0.1,mg/l,False,0.1,,,LAC10-107-06-2E,USGSGWM,Calculated,GW,Water,,,"[]"
8666065,31230001,DeWitt 5,Clinton,07080103,Well,Cambrian-Ordovician,41.816701,-90.541553,06/19/2006 12:00:00,GWM,NIT-AMM,Ammonia-nitrogen (AS N),Total,,,,1,mg/l,True,0.05,,,350.1,USGSGWM,Actual,GW,Water,,,"[]"
8666065,31230001,DeWitt 5,Clinton,07080103,Well,Cambrian-Ordovician,41.816701,-90.541553,06/19/2006 12:00:00,GWM,NIT-KJELD,Kjeldahl nitrogen (AS N),Total,,,,1.1,mg/l,True,0.1,,,351.2,USGSGWM,Actual,GW,Water,,,"[]"
8666065,31230001,DeWitt 5,Clinton,07080103,Well,Cambrian-Ordovician,41.816701,-90.541553,06/19/2006 12:00:00,GWM,NIT-NO3-NO2,Nitrate + Nitrite (AS N),Total,,,,0.05,mg/l,False,0.05,,,353.2,USGSGWM,Actual,GW,Water,,,"[]"
8666065,31230001,DeWitt 5,Clinton,07080103,Well,Cambrian-Ordovician,41.816701,-90.541553,06/19/2006 12:00:00,GWM,14265-44-2,Orthophosphate (AS P),Dissolved,,,,0.02,mg/l,False,0.02,,,365.1,USGSGWM,Actual,GW,Water,,,"[]"
8666065,31230001,DeWitt 5,Clinton,07080103,Well,Cambrian-Ordovician,41.816701,-90.541553,06/19/2006 12:00:00,GWM,PHOSP-PHOSP,"Total Phosphorus, mixed forms (AS P)",Total,,,,0.03,mg/l,True,0.02,,,365.4,USGSGWM,Actual,GW,Water,,,"[]"
8666065,31230001,DeWitt 5,Clinton,07080103,Well,Cambrian-Ordovician,41.816701,-90.541553,06/19/2006 12:00:00,GWM,NIT-ORGN,Organic Nitrogen,Total,,,,0.1,mg/l,False,0.1,,,LAC10-107-06-2E,USGSGWM,Calculated,GW,Water,,,"[]"
8666065,31230002,Camanche 2,Clinton,07080101,Well,Alluvium,41.780772,-90.258958,07/19/2006 07:45:00,GWM,NIT-AMM,Ammonia-nitrogen (AS N),Total,,,,0.05,mg/l,False,0.05,,,350.1,USGSGWM,Actual,GW,Water,,,"[]"
8666065,31230002,Camanche 2,Clinton,07080101,Well,Alluvium,41.780772,-90.258958,07/19/2006 07:45:00,GWM,NIT-KJELD,Kjeldahl nitrogen (AS N),Total,,,,0.1,mg/l,False,0.1,,,351.2,USGSGWM,Actual,GW,Water,,,"[]"
8666065,31230002,Camanche 2,Clinton,07080101,Well,Alluvium,41.780772,-90.258958,07/19/2006 07:45:00,GWM,NIT-NO3-NO2,Nitrate + Nitrite (AS N),Total,,,,6.1,mg/l,True,0.05,,,353.2,USGSGWM,Actual,GW,Water,,,"[]"
8666065,31230002,Camanche 2,Clinton,07080101,Well,Alluvium,41.780772,-90.258958,07/19/2006 07:45:00,GWM,14265-44-2,Orthophosphate (AS P),Dissolved,,,,0.03,mg/l,True,0.02,,,365.2,USGSGWM,Actual,GW,Water,,,"[]"
8666065,31230002,Camanche 2,Clinton,07080101,Well,Alluvium,41.780772,-90.258958,07/19/2006 07:45:00,GWM,PHOSP-PHOSP,"Total Phosphorus, mixed forms (AS P)",Total,,,,0.08,mg/l,True,0.02,,,365.4,USGSGWM,Actual,GW,Water,,,"[]"
8666065,31230002,Camanche 2,Clinton,07080101,Well,Alluvium,41.780772,-90.258958,07/19/2006 07:45:00,GWM,NIT-ORGN,Organic Nitrogen,Total,,,,0.1,mg/l,False,0.1,,,LAC10-107-06-2E,USGSGWM,Calculated,GW,Water,,,"[]"
8666065,31230002,Camanche 2,Clinton,07080101,Well,Alluvium,41.780772,-90.258958,08/07/2012 12:50:00,GWM,NIT-NO3-NO2,Nitrate + Nitrite (AS N),Total,,,,6.4,mg/l,True,0.1,,,LAC10-107-04-1J,GWMPWS,Actual,GW,Water,,,"[]"
8666065,31230002,Camanche 2,Clinton,07080101,Well,Alluvium,41.780772,-90.258958,08/07/2012 12:50:00,GWM,NIT-AMM,Ammonia-nitrogen (AS N),Total,,,,0.05,mg/l,False,0.05,,,LAC10-107-06-1J,GWMPWS,Actual,GW,Water,,,"[]"
8666065,31230002,Camanche 2,Clinton,07080101,Well,Alluvium,41.780772,-90.258958,08/07/2012 12:50:00,GWM,NIT-KJELD,Kjeldahl nitrogen (AS N),Total,,,,0.1,mg/l,False,0.1,,,LAC10-107-06-2E,GWMPWS,Actual,GW,Water,,,"[]"
8666065,31230002,Camanche 2,Clinton,07080101,Well,Alluvium,41.780772,-90.258958,08/07/2012 12:50:00,GWM,14265-44-2,Orthophosphate (AS P),Dissolved,,,,0.06,mg/l,True,0.02,,,LAC10-115-01-1A,GWMPWS,Actual,GW,Water,,,"[]"
8666065,31230002,Camanche 2,Clinton,07080101,Well,Alluvium,41.780772,-90.258958,08/07/2012 12:50:00,GWM,PHOSP-PHOSP,"Total Phosphorus, mixed forms (AS P)",Total,,,,0.05,mg/l,True,0.02,,,LAC10-115-01-1D,GWMPWS,Actual,GW,Water,,,"[]"
8666065,31230001,DeWitt 5,Clinton,07080103,Well,Cambrian-Ordovician,41.816701,-90.541553,10/02/2012 07:30:00,GWM,NIT-NO3-NO2,Nitrate + Nitrite (AS N),Total,,,,0.1,mg/l,False,0.1,,,LAC10-107-04-1J,GWMPWS,Actual,GW,Water,,,"[]"
8666065,31230001,DeWitt 5,Clinton,07080103,Well,Cambrian-Ordovician,41.816701,-90.541553,10/02/2012 07:30:00,GWM,NIT-AMM,Ammonia-nitrogen (AS N),Total,,,,1.1,mg/l,True,0.05,,,LAC10-107-06-1J,GWMPWS,Actual,GW,Water,,,"[]"
8666065,31230001,DeWitt 5,Clinton,07080103,Well,Cambrian-Ordovician,41.816701,-90.541553,10/02/2012 07:30:00,GWM,NIT-KJELD,Kjeldahl nitrogen (AS N),Total,,,,0.8,mg/l,True,0.1,,,LAC10-107-06-2E,GWMPWS,Actual,GW,Water,,,"[]"
8666065,31230001,DeWitt 5,Clinton,07080103,Well,Cambrian-Ordovician,41.816701,-90.541553,10/02/2012 07:30:00,GWM,14265-44-2,Orthophosphate (AS P),Dissolved,,,,0.02,mg/l,False,0.02,,,LAC10-115-01-1A,GWMPWS,Actual,GW,Water,,,"[]"
8666065,31230001,DeWitt 5,Clinton,07080103,Well,Cambrian-Ordovician,41.816701,-90.541553,10/02/2012 07:30:00,GWM,PHOSP-PHOSP,"Total Phosphorus, mixed forms (AS P)",Total,,,,0.02,mg/l,True,0.02,,,LAC10-115-01-1D,GWMPWS,Actual,GW,Water,,,"[]"
8666065,31230008,Calamus 2,Clinton,07080103,Well,Cambrian-Ordovician,41.8278894902,-90.7625434831,10/17/2016 13:20:00,GWM,NIT-NO3-NO2,Nitrate + Nitrite (AS N),Total,,,,0.1,mg/l,False,0.1,,,LAC10-107-04-1J,GWM,Actual,GW,Water,,,"[]"
8666065,31230008,Calamus 2,Clinton,07080103,Well,Cambrian-Ordovician,41.8278894902,-90.7625434831,10/17/2016 13:20:00,GWM,NIT-AMM,Ammonia-nitrogen (AS N),Total,,,,1.3,mg/l,True,0.05,,,LAC10-107-06-1J,GWM,Actual,GW,Water,,,"[]"
8666065,31230009,De Witt 7,Clinton,07080103,Well,Cambrian-Ordovician,41.8188669255,-90.5591602987,10/17/2016 12:30:00,GWM,NIT-NO3-NO2,Nitrate + Nitrite (AS N),Total,,,,0.1,mg/l,False,0.1,,,LAC10-107-04-1J,GWM,Actual,GW,Water,,,"[]"
8666065,31230009,De Witt 7,Clinton,07080103,Well,Cambrian-Ordovician,41.8188669255,-90.5591602987,10/17/2016 12:30:00,GWM,NIT-AMM,Ammonia-nitrogen (AS N),Total,,,,1.2,mg/l,True,0.05,,,LAC10-107-06-1J,GWM,Actual,GW,Water,,,"[]"
8666065,31230002,Camanche 2,Clinton,07080101,Well,Alluvium,41.780772,-90.258958,10/18/2016 13:00:00,GWM,NIT-NO3-NO2,Nitrate + Nitrite (AS N),Total,,,,6.8,mg/l,True,0.1,,,LAC10-107-04-1J,GWM,Actual,GW,Water,,,"[]"
8666065,31230002,Camanche 2,Clinton,07080101,Well,Alluvium,41.780772,-90.258958,10/18/2016 13:00:00,GWM,NIT-AMM,Ammonia-nitrogen (AS N),Total,,,,0.05,mg/l,False,0.05,,,LAC10-107-06-1J,GWM,Actual,GW,Water,,,"[]"
8666065,31230007,Andover 1,Clinton,07060005,Well,Cambrian-Ordovician,41.9791104637,-90.2524515329,12/12/2016 11:45:00,GWM,NIT-NO3-NO2,Nitrate + Nitrite (AS N),Total,,,,0.1,mg/l,False,0.1,,,LAC10-107-04-1J,GWM,Actual,GW,Water,,Sample exceeded required temperature upon receipt.,"[]"
8666065,31230007,Andover 1,Clinton,07060005,Well,Cambrian-Ordovician,41.9791104637,-90.2524515329,12/12/2016 11:45:00,GWM,NIT-AMM,Ammonia-nitrogen (AS N),Total,,,,0.31,mg/l,True,0.05,,,LAC10-107-06-1J,GWM,Actual,GW,Water,,Sample exceeded required temperature upon receipt.,"[]"
8666065,31230002,Camanche 2,Clinton,07080101,Well,Alluvium,41.780772,-90.258958,11/17/2015 09:35:00,GWM,NIT-NO3-NO2,Nitrate + Nitrite (AS N),Total,,,,6.6,mg/l,True,0.1,,,LAC10-107-04-1J,GWM,Actual,GW,Water,,,"[]"
8666065,31230002,Camanche 2,Clinton,07080101,Well,Alluvium,41.780772,-90.258958,11/17/2015 09:35:00,GWM,NIT-AMM,Ammonia-nitrogen (AS N),Total,,,,0.05,mg/l,False,0.05,,,LAC10-107-06-1J,GWM,Actual,GW,Water,,,"[]"
8666065,31230002,Camanche 2,Clinton,07080101,Well,Alluvium,41.780772,-90.258958,11/17/2015 09:35:00,GWM,NIT-KJELD,Kjeldahl nitrogen (AS N),Total,,,,0.1,mg/l,False,0.1,,,LAC10-107-06-2E,GWM,Actual,GW,Water,,,"[]"
8666065,31230002,Camanche 2,Clinton,07080101,Well,Alluvium,41.780772,-90.258958,11/17/2015 09:35:00,GWM,14265-44-2,Orthophosphate (AS P),Dissolved,,,,0.07,mg/l,True,0.02,,,LAC10-115-01-1A,GWM,Actual,GW,Water,,,"[]"
8666065,31230002,Camanche 2,Clinton,07080101,Well,Alluvium,41.780772,-90.258958,11/17/2015 09:35:00,GWM,PHOSP-PHOSP,"Total Phosphorus, mixed forms (AS P)",Total,,,,0.09,mg/l,True,0.02,,,LAC10-115-01-1D,GWM,Actual,GW,Water,,,"[]"
8666065,31230002,Camanche 2,Clinton,07080101,Well,Alluvium,41.780772,-90.258958,12/03/2014 10:15:00,GWM,NIT-NO3-NO2,Nitrate + Nitrite (AS N),Total,,,,6.4,mg/l,True,0.1,,,LAC10-107-04-1J,GWM,Actual,GW,Water,,,"[]"
8666065,31230002,Camanche 2,Clinton,07080101,Well,Alluvium,41.780772,-90.258958,12/03/2014 10:15:00,GWM,NIT-AMM,Ammonia-nitrogen (AS N),Total,,,,0.05,mg/l,False,0.05,,,LAC10-107-06-1J,GWM,Actual,GW,Water,,,"[]"
8666065,31230002,Camanche 2,Clinton,07080101,Well,Alluvium,41.780772,-90.258958,12/03/2014 10:15:00,GWM,NIT-KJELD,Kjeldahl nitrogen (AS N),Total,,,,0.1,mg/l,False,0.1,,,LAC10-107-06-2E,GWM,Actual,GW,Water,,,"[]"
8666065,31230002,Camanche 2,Clinton,07080101,Well,Alluvium,41.780772,-90.258958,12/03/2014 10:15:00,GWM,14265-44-2,Orthophosphate (AS P),Dissolved,,,,0.07,mg/l,True,0.02,,,LAC10-115-01-1A,GWM,Actual,GW,Water,,,"[]"
8666065,31230002,Camanche 2,Clinton,07080101,Well,Alluvium,41.780772,-90.258958,12/03/2014 10:15:00,GWM,PHOSP-PHOSP,"Total Phosphorus, mixed forms (AS P)",Total,,,,0.11,mg/l,True,0.02,,,LAC10-115-01-1D,GWM,Actual,GW,Water,,,"[]"
8666065,31230008,Calamus 2,Clinton,07080103,Well,Cambrian-Ordovician,41.8278894902,-90.7625434831,03/11/2013 15:40:00,GWM,NIT-NO3-NO2,Nitrate + Nitrite (AS N),Total,,,,0.1,mg/l,False,0.1,,,LAC10-107-04-1J,GWM,Actual,GW,Water,,,"[]"
8666065,31230008,Calamus 2,Clinton,07080103,Well,Cambrian-Ordovician,41.8278894902,-90.7625434831,03/11/2013 15:40:00,GWM,NIT-AMM,Ammonia-nitrogen (AS N),Total,,,,1.3,mg/l,True,0.05,,,LAC10-107-06-1J,GWM,Actual,GW,Water,,,"[]"
8666065,31230008,Calamus 2,Clinton,07080103,Well,Cambrian-Ordovician,41.8278894902,-90.7625434831,03/11/2013 15:40:00,GWM,NIT-KJELD,Kjeldahl nitrogen (AS N),Total,,,,0.8,mg/l,True,0.1,,,LAC10-107-06-2E,GWM,Actual,GW,Water,,,"[]"
8666065,31230008,Calamus 2,Clinton,07080103,Well,Cambrian-Ordovician,41.8278894902,-90.7625434831,03/11/2013 15:40:00,GWM,14265-44-2,Orthophosphate (AS P),Dissolved,,,,0.02,mg/l,False,0.02,,,LAC10-115-01-1A,GWM,Actual,GW,Water,,,"[]"
8666065,31230008,Calamus 2,Clinton,07080103,Well,Cambrian-Ordovician,41.8278894902,-90.7625434831,03/11/2013 15:40:00,GWM,PHOSP-PHOSP,"Total Phosphorus, mixed forms (AS P)",Total,,,,0.03,mg/l,True,0.02,,,LAC10-115-01-1D,GWM,Actual,GW,Water,,,"[]"
8666065,31230009,De Witt 7,Clinton,07080103,Well,Cambrian-Ordovician,41.8188669255,-90.5591602987,03/11/2013 15:00:00,GWM,NIT-NO3-NO2,Nitrate + Nitrite (AS N),Total,,,,0.1,mg/l,False,0.1,,,LAC10-107-04-1J,GWM,Actual,GW,Water,,,"[]"
8666065,31230009,De Witt 7,Clinton,07080103,Well,Cambrian-Ordovician,41.8188669255,-90.5591602987,03/11/2013 15:00:00,GWM,NIT-AMM,Ammonia-nitrogen (AS N),Total,,,,1.1,mg/l,True,0.05,,,LAC10-107-06-1J,GWM,Actual,GW,Water,,,"[]"
8666065,31230009,De Witt 7,Clinton,07080103,Well,Cambrian-Ordovician,41.8188669255,-90.5591602987,03/11/2013 15:00:00,GWM,NIT-KJELD,Kjeldahl nitrogen (AS N),Total,,,,0.5,mg/l,True,0.1,,,LAC10-107-06-2E,GWM,Actual,GW,Water,,,"[]"
8666065,31230009,De Witt 7,Clinton,07080103,Well,Cambrian-Ordovician,41.8188669255,-90.5591602987,03/11/2013 15:00:00,GWM,14265-44-2,Orthophosphate (AS P),Dissolved,,,,0.02,mg/l,False,0.02,,,LAC10-115-01-1A,GWM,Actual,GW,Water,,,"[]"
8666065,31230009,De Witt 7,Clinton,07080103,Well,Cambrian-Ordovician,41.8188669255,-90.5591602987,03/11/2013 15:00:00,GWM,PHOSP-PHOSP,"Total Phosphorus, mixed forms (AS P)",Total,,,,0.03,mg/l,True,0.02,,,LAC10-115-01-1D,GWM,Actual,GW,Water,,,"[]"
8666065,31230007,Andover 1,Clinton,07060005,Well,Cambrian-Ordovician,41.9791104637,-90.2524515329,04/29/2013 12:15:00,GWM,NIT-NO3-NO2,Nitrate + Nitrite (AS N),Total,,,,0.1,mg/l,False,0.1,,,LAC10-107-04-1J,GWM,Actual,GW,Water,,,"[]"
8666065,31230007,Andover 1,Clinton,07060005,Well,Cambrian-Ordovician,41.9791104637,-90.2524515329,04/29/2013 12:15:00,GWM,NIT-AMM,Ammonia-nitrogen (AS N),Total,,,,0.35,mg/l,True,0.05,,,LAC10-107-06-1J,GWM,Actual,GW,Water,,,"[]"
8666065,31230007,Andover 1,Clinton,07060005,Well,Cambrian-Ordovician,41.9791104637,-90.2524515329,04/29/2013 12:15:00,GWM,NIT-KJELD,Kjeldahl nitrogen (AS N),Total,,,,0.4,mg/l,True,0.1,,,LAC10-107-06-2E,GWM,Actual,GW,Water,,,"[]"
8666065,31230007,Andover 1,Clinton,07060005,Well,Cambrian-Ordovician,41.9791104637,-90.2524515329,04/29/2013 12:15:00,GWM,14265-44-2,Orthophosphate (AS P),Dissolved,,,,0.02,mg/l,False,0.02,,,LAC10-115-01-1A,GWM,Actual,GW,Water,,,"[]"
8666065,31230007,Andover 1,Clinton,07060005,Well,Cambrian-Ordovician,41.9791104637,-90.2524515329,04/29/2013 12:15:00,GWM,PHOSP-PHOSP,"Total Phosphorus, mixed forms (AS P)",Total,,,,0.02,mg/l,False,0.02,,,LAC10-115-01-1D,GWM,Actual,GW,Water,,,"[]"
8666065,31230002,Camanche 2,Clinton,07080101,Well,Alluvium,41.780772,-90.258958,11/15/2017 10:05:00,GWM,NIT-AMM,Ammonia-nitrogen (AS N),None,,,,0.05,mg/l,False,0.05,,,LAC10-107-06-1J,GWM,Actual,GW,Water,,,"[]"
8666065,31230002,Camanche 2,Clinton,07080101,Well,Alluvium,41.780772,-90.258958,11/15/2017 10:05:00,GWM,NIT-NO3-NO2,Nitrate + Nitrite (AS N),None,,,,6.4,mg/l,True,0.1,,,LAC10-107-06-1J,GWM,Actual,GW,Water,,,"[]"
8666065,31230001,DeWitt 5,Clinton,07080103,Well,Cambrian-Ordovician,41.816701,-90.541553,11/16/2017 07:00:00,GWM,NIT-AMM,Ammonia-nitrogen (AS N),None,,,,1.1,mg/l,True,0.05,,,LAC10-107-06-1J,GWM,Actual,GW,Water,,,"[]"
8666065,31230001,DeWitt 5,Clinton,07080103,Well,Cambrian-Ordovician,41.816701,-90.541553,11/16/2017 07:00:00,GWM,NIT-NO3-NO2,Nitrate + Nitrite (AS N),None,,,,0.1,mg/l,False,0.1,,,LAC10-107-06-1J,GWM,Actual,GW,Water,,,"[]"
8666065,31230010,De Witt 6,Clinton,07080103,Well,Cambrian-Ordovician,41.817178708,-90.52894256,11/16/2017 08:30:00,GWM,NIT-AMM,Ammonia-nitrogen (AS N),None,,,,1,mg/l,True,0.05,,,LAC10-107-06-1J,GWM,Actual,GW,Water,,,"[]"
8666065,31230010,De Witt 6,Clinton,07080103,Well,Cambrian-Ordovician,41.817178708,-90.52894256,11/16/2017 08:30:00,GWM,NIT-NO3-NO2,Nitrate + Nitrite (AS N),None,,,,0.1,mg/l,False,0.1,,,LAC10-107-06-1J,GWM,Actual,GW,Water,,,"[]"
8666065,31230008,Calamus 2,Clinton,07080103,Well,Cambrian-Ordovician,41.8278894902,-90.7625434831,11/27/2017 10:00:00,GWM,NIT-AMM,Ammonia-nitrogen (AS N),None,,,,1.2,mg/l,True,0.05,,,LAC10-107-06-1J,GWM,Actual,GW,Water,,,"[]"
8666065,31230008,Calamus 2,Clinton,07080103,Well,Cambrian-Ordovician,41.8278894902,-90.7625434831,11/27/2017 10:00:00,GWM,NIT-NO3-NO2,Nitrate + Nitrite (AS N),None,,,,0.1,mg/l,False,0.1,,,LAC10-107-06-1J,GWM,Actual,GW,Water,,,"[]"
8666065,31230007,Andover 1,Clinton,07060005,Well,Cambrian-Ordovician,41.9791104637,-90.2524515329,12/20/2017 09:15:00,GWM,NIT-AMM,Ammonia-nitrogen (AS N),None,,,,0.37,mg/l,True,0.05,,,LAC10-107-06-1J,GWM,Actual,GW,Water,,,"[]"
8666065,31230007,Andover 1,Clinton,07060005,Well,Cambrian-Ordovician,41.9791104637,-90.2524515329,12/20/2017 09:15:00,GWM,NIT-NO3-NO2,Nitrate + Nitrite (AS N),None,,,,0.1,mg/l,False,0.1,,,LAC10-107-06-1J,GWM,Actual,GW,Water,,,"[]"
8666065,31230002,Camanche 2,Clinton,07080101,Well,Alluvium,41.780772,-90.258958,12/12/2017 00:00:00,GWM,NIT-NO3-NO2,Nitrate + Nitrite,None,,,,3.72,mg/l,True,0.01,,0.01,353.2,GWM001,,GW,Water,,,"[]"
8666065,31230002,Camanche 2,Clinton,07080101,Well,Alluvium,41.780772,-90.258958,01/09/2019 09:15:00,GWM,NIT-AMM,Ammonia-nitrogen (AS N),None,,,,0.05,mg/l,False,0.05,,,LAC10-107-06-1J,GWM,Actual,GW,Water,,,"[]"
8666065,31230002,Camanche 2,Clinton,07080101,Well,Alluvium,41.780772,-90.258958,01/09/2019 09:15:00,GWM,NIT-NO3-NO2,Nitrate + Nitrite (AS N),None,,,,6,mg/l,True,0.1,,,LAC10-107-06-1J,GWM,Actual,GW,Water,,,"[]"
8666065,31230002,Camanche 2,Clinton,07080101,Well,Alluvium,41.780772,-90.258958,01/09/2019 09:15:00,GWM,14265-44-2,Orthophosphate (AS P),Dissolved,,,,0.06,mg/l,True,0.02,,,LAC10-115-01-1A,GWM,Actual,GW,Water,,Sample was not field filtered per method and was filtered for analysis after receipt by the laboratory.,"[]"
8666065,31230007,Andover 1,Clinton,07060005,Well,Cambrian-Ordovician,41.9791104637,-90.2524515329,01/16/2019 11:15:00,GWM,NIT-NO3-NO2,Nitrate + Nitrite (AS N),None,,,,0.1,mg/l,False,0.1,,,LAC10-107-06-1J,GWM,Actual,GW,Water,,,"[]"
8666065,31230007,Andover 1,Clinton,07060005,Well,Cambrian-Ordovician,41.9791104637,-90.2524515329,01/16/2019 11:15:00,GWM,NIT-AMM,Ammonia-nitrogen (AS N),None,,,,0.38,mg/l,True,0.05,,,LAC10-107-06-1J,GWM,Actual,GW,Water,,,"[]"
8666065,31230007,Andover 1,Clinton,07060005,Well,Cambrian-Ordovician,41.9791104637,-90.2524515329,01/16/2019 11:15:00,GWM,14265-44-2,Orthophosphate (AS P),Dissolved,,,,0.02,mg/l,False,0.02,,,LAC10-115-01-1A,GWM,Actual,GW,Water,,Sample was not field filtered per method and was filtered for analysis after receipt by the laboratory.,"[]"
8666065,31230008,Calamus 2,Clinton,07080103,Well,Cambrian-Ordovician,41.8278894902,-90.7625434831,02/04/2019 10:30:00,GWM,NIT-AMM,Ammonia-nitrogen (AS N),None,,,,1.1,mg/l,True,0.05,,,LAC10-107-06-1J,GWM,Actual,GW,Water,,,"[]"
8666065,31230008,Calamus 2,Clinton,07080103,Well,Cambrian-Ordovician,41.8278894902,-90.7625434831,02/04/2019 10:30:00,GWM,NIT-NO3-NO2,Nitrate + Nitrite (AS N),None,,,,0.1,mg/l,False,0.1,,,LAC10-107-06-1J,GWM,Actual,GW,Water,,,"[]"
8666065,31230008,Calamus 2,Clinton,07080103,Well,Cambrian-Ordovician,41.8278894902,-90.7625434831,02/04/2019 10:30:00,GWM,14265-44-2,Orthophosphate (AS P),Dissolved,,,,0.02,mg/l,False,0.02,,,LAC10-115-01-1A,GWM,Actual,GW,Water,,Sample was not field filtered per method and was filtered for analysis after receipt by the laboratory.,"[]"
8666065,31230011,Brookhill 1,Clinton,07080103,Well,Silurian-Devonian,41.8423764993,-90.5618316044,12/12/2018 00:00:00,GWM,NIT-NO3-NO2,Nitrate + Nitrite,None,,,,0.04,mg/l,True,0.01,,0.01,353.2,GWM001,,GW,,,,"[]"
8666065,31230002,Camanche 2,Clinton,07080101,Well,Alluvium,41.780772,-90.258958,11/20/2019 11:06:00,GWM,NIT-NO3-NO2,Nitrate + Nitrite (AS N),None,,,,5.9,mg/l,True,0.1,,,LAC10-107-06-1J,GWM,Actual,GW,Water,,,"[]"
8666065,31230002,Camanche 2,Clinton,07080101,Well,Alluvium,41.780772,-90.258958,11/20/2019 11:06:00,GWM,NIT-AMM,Ammonia-nitrogen (AS N),None,,,,0.05,mg/l,False,0.05,,,LAC10-107-06-1J,GWM,Actual,GW,Water,,,"[]"
8666065,31230002,Camanche 2,Clinton,07080101,Well,Alluvium,41.780772,-90.258958,02/22/2021 13:48:00,GWM,NIT-NO3-NO2,Nitrate + Nitrite (AS N),None,,,,5.6,mg/l,True,0.1,,,LAC10-107-06-1J,GWM,Actual,GW,Water,,Missing information on request form. Failure to provide this information may result in delayed results or sample rejection.,"[]"
8666065,31230002,Camanche 2,Clinton,07080101,Well,Alluvium,41.780772,-90.258958,02/22/2021 13:48:00,GWM,NIT-AMM,Ammonia-nitrogen (AS N),None,,,,0.05,mg/l,False,0.05,,,LAC10-107-06-1J,GWM,Actual,GW,Water,,Missing information on request form. Failure to provide this information may result in delayed results or sample rejection.,"[]"
