facilityID,siteID,name,county,huc8,type,aquifer,latitude,longitude,sampleDate,projectCode,cas_rn,analyte,fraction,relDepth,sampDepth,sampDepthUnit,result,unit,detect,detectLimit,quantFlag,quantLimit,method,colMethod,resultType,matrix,medium,qualFlag,remark,xParams
8666065,31240001,"Vail (1), 2",Crawford,10230007,Well,Alluvium,42.0598,-95.19965,07/29/2002 10:00:00,GWM,NIT-NO3-NO2,Nitrate + Nitrite (AS N),Total,,,,5,mg/l,True,0.1,,,353.2,USGSGWM,Actual,GW,Water,,,"[]"
8666065,31240001,"Vail (1), 2",Crawford,10230007,Well,Alluvium,42.0598,-95.19965,07/29/2002 10:00:00,GWM,NIT-AMM,Ammonia-nitrogen (AS N),Total,,,,0.05,mg/l,False,0.05,,,LAC10-107-06-1J,USGSGWM,Actual,GW,Water,,,"[]"
8666065,31240001,"Vail (1), 2",Crawford,10230007,Well,Alluvium,42.0598,-95.19965,07/29/2002 10:00:00,GWM,NIT-ORGN,Organic Nitrogen (AS N),Total,,,,0.05,mg/l,False,0.05,,,LAC10-107-06-2E,USGSGWM,Calculated,GW,Water,,,"[]"
8666065,31240001,"Vail (1), 2",Crawford,10230007,Well,Alluvium,42.0598,-95.19965,07/29/2002 10:00:00,GWM,14265-44-2,Orthophosphate (AS P),Dissolved,,,,0.11,mg/l,True,0.05,,,LAC10-115-01-1A,USGSGWM,Actual,GW,Water,,,"[]"
8666065,31240001,"Vail (1), 2",Crawford,10230007,Well,Alluvium,42.0598,-95.19965,07/29/2002 10:00:00,GWM,PHOSP-PHOSP,"Total Phosphorus, mixed forms (AS P)",Total,,,,0.14,mg/l,True,0.05,,,LAC10-115-01-1C,USGSGWM,Actual,GW,Water,,,"[]"
8666065,31240001,"Vail (1), 2",Crawford,10230007,Well,Alluvium,42.0598,-95.19965,07/29/2002 10:00:00,GWM,NIT-KJELD,Kjeldahl nitrogen (AS N),Total,,,,0.05,mg/l,False,0.05,,,PAI DK03,USGSGWM,Actual,GW,Water,,,"[]"
8666065,31240001,"Vail (1), 2",Crawford,10230007,Well,Alluvium,42.0598,-95.19965,07/31/2003 13:20:00,GWM,NIT-AMM,Ammonia-nitrogen (AS N),Total,,,,0.05,mg/l,False,0.05,,,350.1,USGSGWM,Actual,GW,Water,,,"[]"
8666065,31240001,"Vail (1), 2",Crawford,10230007,Well,Alluvium,42.0598,-95.19965,07/31/2003 13:20:00,GWM,NIT-NO3-NO2,Nitrate + Nitrite (AS N),Total,,,,5,mg/l,True,0.1,,,353.2,USGSGWM,Actual,GW,Water,,,"[]"
8666065,31240001,"Vail (1), 2",Crawford,10230007,Well,Alluvium,42.0598,-95.19965,07/31/2003 13:20:00,GWM,14265-44-2,Orthophosphate (AS P),Dissolved,,,,0.12,mg/l,True,0.02,,,365.1,USGSGWM,Actual,GW,Water,,,"[]"
8666065,31240001,"Vail (1), 2",Crawford,10230007,Well,Alluvium,42.0598,-95.19965,07/31/2003 13:20:00,GWM,PHOSP-PHOSP,"Total Phosphorus, mixed forms (AS P)",Total,,,,0.02,mg/l,True,0.02,,,365.4,USGSGWM,Actual,GW,Water,,,"[]"
8666065,31240001,"Vail (1), 2",Crawford,10230007,Well,Alluvium,42.0598,-95.19965,07/31/2003 13:20:00,GWM,NIT-ORGN,Organic Nitrogen (AS N),Total,,,,0.05,mg/l,False,0.05,,,LAC10-107-06-2E,USGSGWM,Calculated,GW,Water,,,"[]"
8666065,31240001,"Vail (1), 2",Crawford,10230007,Well,Alluvium,42.0598,-95.19965,07/31/2003 13:20:00,GWM,NIT-KJELD,Kjeldahl nitrogen (AS N),Total,,,,0.05,mg/l,False,0.05,,,PAI DK03,USGSGWM,Actual,GW,Water,,,"[]"
8666065,31240002,Denison 1,Crawford,10230007,Well,Alluvium,42.02425,-95.36635,07/20/2004 12:30:00,GWM,NIT-AMM,Ammonia-nitrogen (AS N),Total,,,,0.35,mg/l,True,0.05,,,350.1,USGSGWM,Actual,GW,Water,,,"[]"
8666065,31240002,Denison 1,Crawford,10230007,Well,Alluvium,42.02425,-95.36635,07/20/2004 12:30:00,GWM,NIT-NO3-NO2,Nitrate + Nitrite (AS N),Total,,,,0.05,mg/l,False,0.05,,,353.2,USGSGWM,Actual,GW,Water,,,"[]"
8666065,31240002,Denison 1,Crawford,10230007,Well,Alluvium,42.02425,-95.36635,07/20/2004 12:30:00,GWM,14265-44-2,Orthophosphate (AS P),Dissolved,,,,0.02,mg/l,False,0.02,,,365.1,USGSGWM,Actual,GW,Water,,,"[]"
8666065,31240002,Denison 1,Crawford,10230007,Well,Alluvium,42.02425,-95.36635,07/20/2004 12:30:00,GWM,PHOSP-PHOSP,"Total Phosphorus, mixed forms (AS P)",Total,,,,0.26,mg/l,True,0.02,,,365.4,USGSGWM,Actual,GW,Water,,,"[]"
8666065,31240002,Denison 1,Crawford,10230007,Well,Alluvium,42.02425,-95.36635,07/20/2004 12:30:00,GWM,NIT-ORGN,Organic Nitrogen,Total,,,,0.09,mg/l,True,0.05,,,LAC10-107-06-2E,USGSGWM,Calculated,GW,Water,,,"[]"
8666065,31240001,"Vail (1), 2",Crawford,10230007,Well,Alluvium,42.0598,-95.19965,07/22/2004 08:15:00,GWM,NIT-AMM,Ammonia-nitrogen (AS N),Total,,,,0.05,mg/l,False,0.05,,,350.1,USGSGWM,Actual,GW,Water,,,"[]"
8666065,31240001,"Vail (1), 2",Crawford,10230007,Well,Alluvium,42.0598,-95.19965,07/22/2004 08:15:00,GWM,NIT-NO3-NO2,Nitrate + Nitrite (AS N),Total,,,,5.2,mg/l,True,0.05,,,353.2,USGSGWM,Actual,GW,Water,,,"[]"
8666065,31240001,"Vail (1), 2",Crawford,10230007,Well,Alluvium,42.0598,-95.19965,07/22/2004 08:15:00,GWM,14265-44-2,Orthophosphate (AS P),Dissolved,,,,0.1,mg/l,True,0.02,,,365.1,USGSGWM,Actual,GW,Water,,,"[]"
8666065,31240001,"Vail (1), 2",Crawford,10230007,Well,Alluvium,42.0598,-95.19965,07/22/2004 08:15:00,GWM,PHOSP-PHOSP,"Total Phosphorus, mixed forms (AS P)",Total,,,,0.1,mg/l,True,0.02,,,365.4,USGSGWM,Actual,GW,Water,,,"[]"
8666065,31240001,"Vail (1), 2",Crawford,10230007,Well,Alluvium,42.0598,-95.19965,07/22/2004 08:15:00,GWM,NIT-ORGN,Organic Nitrogen,Total,,,,0.08,mg/l,True,0.05,,,LAC10-107-06-2E,USGSGWM,Calculated,GW,Water,,,"[]"
8666065,31240001,"Vail (1), 2",Crawford,10230007,Well,Alluvium,42.0598,-95.19965,07/05/2005 13:30:00,GWM,NIT-AMM,Ammonia-nitrogen (AS N),Total,,,,0.05,mg/l,False,0.05,,,350.1,USGSGWM,Actual,GW,Water,,,"[]"
8666065,31240001,"Vail (1), 2",Crawford,10230007,Well,Alluvium,42.0598,-95.19965,07/05/2005 13:30:00,GWM,NIT-KJELD,Kjeldahl nitrogen (AS N),Total,,,,0.1,mg/l,False,0.1,,,351.2,USGSGWM,Actual,GW,Water,,,"[]"
8666065,31240001,"Vail (1), 2",Crawford,10230007,Well,Alluvium,42.0598,-95.19965,07/05/2005 13:30:00,GWM,NIT-NO3-NO2,Nitrate + Nitrite (AS N),Total,,,,5.4,mg/l,True,0.05,,,353.2,USGSGWM,Actual,GW,Water,,,"[]"
8666065,31240001,"Vail (1), 2",Crawford,10230007,Well,Alluvium,42.0598,-95.19965,07/05/2005 13:30:00,GWM,14265-44-2,Orthophosphate (AS P),Dissolved,,,,0.11,mg/l,True,0.02,,,365.1,USGSGWM,Actual,GW,Water,,,"[]"
8666065,31240001,"Vail (1), 2",Crawford,10230007,Well,Alluvium,42.0598,-95.19965,07/05/2005 13:30:00,GWM,PHOSP-PHOSP,"Total Phosphorus, mixed forms (AS P)",Total,,,,0.12,mg/l,True,0.02,,,365.4,USGSGWM,Actual,GW,Water,,,"[]"
8666065,31240001,"Vail (1), 2",Crawford,10230007,Well,Alluvium,42.0598,-95.19965,07/05/2005 13:30:00,GWM,NIT-ORGN,Organic Nitrogen,Total,,,,0.1,mg/l,False,0.1,,,LAC10-107-06-2E,USGSGWM,Calculated,GW,Water,,,"[]"
8666065,31240003,Manilla 4,Crawford,10240002,Well,Buried Sand Gravel,41.885921,-95.230119,08/02/2006 12:30:00,GWM,NIT-AMM,Ammonia-nitrogen (AS N),Total,,,,0.46,mg/l,True,0.05,,,350.1,USGSGWM,Actual,GW,Water,,,"[]"
8666065,31240003,Manilla 4,Crawford,10240002,Well,Buried Sand Gravel,41.885921,-95.230119,08/02/2006 12:30:00,GWM,NIT-KJELD,Kjeldahl nitrogen (AS N),Total,,,,0.7,mg/l,True,0.1,,,351.2,USGSGWM,Actual,GW,Water,,,"[]"
8666065,31240003,Manilla 4,Crawford,10240002,Well,Buried Sand Gravel,41.885921,-95.230119,08/02/2006 12:30:00,GWM,NIT-NO3-NO2,Nitrate + Nitrite (AS N),Total,,,,0.05,mg/l,False,0.05,,,353.2,USGSGWM,Actual,GW,Water,,,"[]"
8666065,31240003,Manilla 4,Crawford,10240002,Well,Buried Sand Gravel,41.885921,-95.230119,08/02/2006 12:30:00,GWM,PHOSP-PHOSP,"Total Phosphorus, mixed forms (AS P)",Total,,,,0.05,mg/l,True,0.02,,,365.4,USGSGWM,Actual,GW,Water,,,"[]"
8666065,31240003,Manilla 4,Crawford,10240002,Well,Buried Sand Gravel,41.885921,-95.230119,08/02/2006 12:30:00,GWM,14265-44-2,Orthophosphate (AS P),Dissolved,,,,0.02,mg/l,False,0.02,,,4500-P-E,USGSGWM,Actual,GW,Water,,,"[]"
8666065,31240003,Manilla 4,Crawford,10240002,Well,Buried Sand Gravel,41.885921,-95.230119,08/02/2006 12:30:00,GWM,NIT-ORGN,Organic Nitrogen,Total,,,,0.22,mg/l,True,0.05,,,LAC10-107-06-2E,USGSGWM,Calculated,GW,Water,,,"[]"
8666065,31240004,Dow City 3,Crawford,10230007,Well,Multiple Aquifers,41.926012,-95.497172,08/02/2006 10:15:00,GWM,NIT-AMM,Ammonia-nitrogen (AS N),Total,,,,0.05,mg/l,False,0.05,,,350.1,USGSGWM,Actual,GW,Water,,,"[]"
8666065,31240004,Dow City 3,Crawford,10230007,Well,Multiple Aquifers,41.926012,-95.497172,08/02/2006 10:15:00,GWM,NIT-KJELD,Kjeldahl nitrogen (AS N),Total,,,,0.1,mg/l,False,0.1,,,351.2,USGSGWM,Actual,GW,Water,,,"[]"
8666065,31240004,Dow City 3,Crawford,10230007,Well,Multiple Aquifers,41.926012,-95.497172,08/02/2006 10:15:00,GWM,NIT-NO3-NO2,Nitrate + Nitrite (AS N),Total,,,,4.7,mg/l,True,0.05,,,353.2,USGSGWM,Actual,GW,Water,,,"[]"
8666065,31240004,Dow City 3,Crawford,10230007,Well,Multiple Aquifers,41.926012,-95.497172,08/02/2006 10:15:00,GWM,PHOSP-PHOSP,"Total Phosphorus, mixed forms (AS P)",Total,,,,0.17,mg/l,True,0.02,,,365.4,USGSGWM,Actual,GW,Water,,,"[]"
8666065,31240004,Dow City 3,Crawford,10230007,Well,Multiple Aquifers,41.926012,-95.497172,08/02/2006 10:15:00,GWM,14265-44-2,Orthophosphate (AS P),Dissolved,,,,0.11,mg/l,True,0.02,,,4500-P-E,USGSGWM,Actual,GW,Water,,,"[]"
8666065,31240004,Dow City 3,Crawford,10230007,Well,Multiple Aquifers,41.926012,-95.497172,08/02/2006 10:15:00,GWM,NIT-ORGN,Organic Nitrogen,Total,,,,0.1,mg/l,False,0.1,,,LAC10-107-06-2E,USGSGWM,Calculated,GW,Water,,,"[]"
8666065,31240001,"Vail (1), 2",Crawford,10230007,Well,Alluvium,42.0598,-95.19965,08/02/2006 14:20:00,GWM,NIT-AMM,Ammonia-nitrogen (AS N),Total,,,,0.05,mg/l,False,0.05,,,350.1,USGSGWM,Actual,GW,Water,,,"[]"
8666065,31240001,"Vail (1), 2",Crawford,10230007,Well,Alluvium,42.0598,-95.19965,08/02/2006 14:20:00,GWM,NIT-KJELD,Kjeldahl nitrogen (AS N),Total,,,,0.3,mg/l,True,0.1,,,351.2,USGSGWM,Actual,GW,Water,,,"[]"
8666065,31240001,"Vail (1), 2",Crawford,10230007,Well,Alluvium,42.0598,-95.19965,08/02/2006 14:20:00,GWM,NIT-NO3-NO2,Nitrate + Nitrite (AS N),Total,,,,4.9,mg/l,True,0.05,,,353.2,USGSGWM,Actual,GW,Water,,,"[]"
8666065,31240001,"Vail (1), 2",Crawford,10230007,Well,Alluvium,42.0598,-95.19965,08/02/2006 14:20:00,GWM,14265-44-2,Orthophosphate (AS P),Dissolved,,,,0.06,mg/l,True,0.02,,,365.1,USGSGWM,Actual,GW,Water,,,"[]"
8666065,31240001,"Vail (1), 2",Crawford,10230007,Well,Alluvium,42.0598,-95.19965,08/02/2006 14:20:00,GWM,PHOSP-PHOSP,"Total Phosphorus, mixed forms (AS P)",Total,,,,0.1,mg/l,True,0.02,,,365.4,USGSGWM,Actual,GW,Water,,,"[]"
8666065,31240001,"Vail (1), 2",Crawford,10230007,Well,Alluvium,42.0598,-95.19965,08/02/2006 14:20:00,GWM,NIT-ORGN,Organic Nitrogen,Total,,,,0.26,mg/l,True,0.05,,,LAC10-107-06-2E,USGSGWM,Calculated,GW,Water,,,"[]"
8666065,31240001,"Vail (1), 2",Crawford,10230007,Well,Alluvium,42.0598,-95.19965,09/12/2012 13:00:00,GWM,NIT-NO3-NO2,Nitrate + Nitrite (AS N),Total,,,,5.6,mg/l,True,0.1,,,LAC10-107-04-1J,GWMPWS,Actual,GW,Water,,,"[]"
8666065,31240001,"Vail (1), 2",Crawford,10230007,Well,Alluvium,42.0598,-95.19965,09/12/2012 13:00:00,GWM,NIT-AMM,Ammonia-nitrogen (AS N),Total,,,,0.05,mg/l,False,0.05,,,LAC10-107-06-1J,GWMPWS,Actual,GW,Water,,,"[]"
8666065,31240001,"Vail (1), 2",Crawford,10230007,Well,Alluvium,42.0598,-95.19965,09/12/2012 13:00:00,GWM,NIT-KJELD,Kjeldahl nitrogen (AS N),Total,,,,0.1,mg/l,False,0.1,,,LAC10-107-06-2E,GWMPWS,Actual,GW,Water,,,"[]"
8666065,31240001,"Vail (1), 2",Crawford,10230007,Well,Alluvium,42.0598,-95.19965,09/12/2012 13:00:00,GWM,14265-44-2,Orthophosphate (AS P),Dissolved,,,,0.12,mg/l,True,0.02,,,LAC10-115-01-1A,GWMPWS,Actual,GW,Water,,,"[]"
8666065,31240001,"Vail (1), 2",Crawford,10230007,Well,Alluvium,42.0598,-95.19965,09/12/2012 13:00:00,GWM,PHOSP-PHOSP,"Total Phosphorus, mixed forms (AS P)",Total,,,,0.1,mg/l,True,0.02,,,LAC10-115-01-1D,GWMPWS,Actual,GW,Water,,,"[]"
8666065,31240005,Deloit 5,Crawford,10230007,Well,Alluvium,42.098041,-95.314957,03/05/2012 14:45:00,SWP,NIT-NO3-NO2,Nitrate + Nitrite (AS N),Total,,,,4.4,mg/l,True,0.1,,,353.2,SWP,Actual,GW,Water,,,"[]"
8666065,31240005,Deloit 5,Crawford,10230007,Well,Alluvium,42.098041,-95.314957,04/09/2012 14:42:00,SWP,NIT-NO3-NO2,Nitrate + Nitrite (AS N),Total,,,,4.6,mg/l,True,0.1,,,353.2,SWP,Actual,GW,Water,,,"[]"
8666065,31240005,Deloit 5,Crawford,10230007,Well,Alluvium,42.098041,-95.314957,05/07/2012 14:38:00,SWP,NIT-NO3-NO2,Nitrate + Nitrite (AS N),Total,,,,4,mg/l,True,0.1,,,LAC10-107-04-1J,SWP,Actual,GW,Water,,,"[]"
8666065,31240005,Deloit 5,Crawford,10230007,Well,Alluvium,42.098041,-95.314957,06/04/2012 15:00:00,SWP,NIT-NO3-NO2,Nitrate + Nitrite (AS N),Total,,,,4.4,mg/l,True,0.1,,,353.2,SWP,Actual,GW,Water,,,"[]"
8666065,31240005,Deloit 5,Crawford,10230007,Well,Alluvium,42.098041,-95.314957,07/02/2012 14:39:00,SWP,NIT-NO3-NO2,Nitrate + Nitrite (AS N),Total,,,,4.7,mg/l,True,0.1,,,LAC10-107-04-1J,SWP,Actual,GW,Water,,,"[]"
8666065,31240005,Deloit 5,Crawford,10230007,Well,Alluvium,42.098041,-95.314957,08/06/2012 14:44:00,SWP,NIT-NO3-NO2,Nitrate + Nitrite (AS N),Total,,,,4.6,mg/l,True,0.1,,,353.2,SWP,Actual,GW,Water,,,"[]"
8666065,31240005,Deloit 5,Crawford,10230007,Well,Alluvium,42.098041,-95.314957,06/04/2013 15:15:00,SWP,NIT-NO3-NO2,Nitrate + Nitrite (AS N),Total,,,,3.8,mg/l,True,0.1,,,LAC10-107-04-1J,SWP,Actual,GW,Water,,,"[]"
8666065,31240005,Deloit 5,Crawford,10230007,Well,Alluvium,42.098041,-95.314957,07/01/2013 16:01:00,SWP,NIT-NO3-NO2,Nitrate + Nitrite (AS N),Total,,,,3.9,mg/l,True,0.1,,,LAC10-107-04-1J,SWP,Actual,GW,Water,,,"[]"
8666065,31240005,Deloit 5,Crawford,10230007,Well,Alluvium,42.098041,-95.314957,08/05/2013 14:15:00,SWP,NIT-NO3-NO2,Nitrate + Nitrite (AS N),Total,,,,3.6,mg/l,True,0.1,,,LAC10-107-04-1J,SWP,Actual,GW,Water,,,"[]"
8666065,31240005,Deloit 5,Crawford,10230007,Well,Alluvium,42.098041,-95.314957,09/03/2013 13:50:00,SWP,NIT-NO3-NO2,Nitrate + Nitrite (AS N),Total,,,,3.8,mg/l,True,0.1,,,LAC10-107-04-1J,SWP,Actual,GW,Water,,,"[]"
8666065,31240005,Deloit 5,Crawford,10230007,Well,Alluvium,42.098041,-95.314957,10/01/2013 14:05:00,SWP,NIT-NO3-NO2,Nitrate + Nitrite (AS N),Total,,,,4.2,mg/l,True,0.1,,,LAC10-107-04-1J,SWP,Actual,GW,Water,,,"[]"
8666065,31240005,Deloit 5,Crawford,10230007,Well,Alluvium,42.098041,-95.314957,11/04/2013 13:12:00,SWP,NIT-NO3-NO2,Nitrate + Nitrite (AS N),Total,,,,1.2,mg/l,True,0.1,,,LAC10-107-04-1J,SWP,Actual,GW,Water,,,"[]"
8666065,31240005,Deloit 5,Crawford,10230007,Well,Alluvium,42.098041,-95.314957,12/04/2013 14:30:00,SWP,NIT-NO3-NO2,Nitrate + Nitrite (AS N),Total,,,,4.5,mg/l,True,0.1,,,LAC10-107-04-1J,SWP,Actual,GW,Water,,,"[]"
8666065,31240005,Deloit 5,Crawford,10230007,Well,Alluvium,42.098041,-95.314957,02/19/2013 15:00:00,SWP,NIT-NO3-NO2,Nitrate + Nitrite (AS N),Total,,,,4.4,mg/l,True,0.1,,,LAC10-107-04-1J,SWP,Actual,GW,Water,,,"[]"
8666065,31240005,Deloit 5,Crawford,10230007,Well,Alluvium,42.098041,-95.314957,04/15/2013 15:14:00,SWP,NIT-NO3-NO2,Nitrate + Nitrite (AS N),Total,,,,4.4,mg/l,True,0.1,,,LAC10-107-04-1J,SWP,Actual,GW,Water,,,"[]"
8666065,31240005,Deloit 5,Crawford,10230007,Well,Alluvium,42.098041,-95.314957,05/06/2013 15:15:00,SWP,NIT-NO3-NO2,Nitrate + Nitrite (AS N),Total,,,,4.2,mg/l,True,0.1,,,LAC10-107-04-1J,SWP,Actual,GW,Water,,,"[]"
8666065,31240001,"Vail (1), 2",Crawford,10230007,Well,Alluvium,42.0598,-95.19965,04/19/2016 12:20:00,GWM,NIT-AMM,Ammonia-nitrogen (AS N),Total,,,,0.08,mg/l,True,0.05,,,350.1,GWM,Actual,GW,Water,,Sample exceeded required temperature upon receipt.,"[]"
8666065,31240001,"Vail (1), 2",Crawford,10230007,Well,Alluvium,42.0598,-95.19965,04/19/2016 12:20:00,GWM,NIT-KJELD,Kjeldahl nitrogen (AS N),Total,,,,0.3,mg/l,False,0.3,,,351.2,GWM,Actual,GW,Water,,Sample exceeded required temperature upon receipt.,"[]"
8666065,31240001,"Vail (1), 2",Crawford,10230007,Well,Alluvium,42.0598,-95.19965,04/19/2016 12:20:00,GWM,PHOSP-PHOSP,"Total Phosphorus, mixed forms (AS P)",Total,,,,0.12,mg/l,True,0.02,,,365.1,GWM,Actual,GW,Water,,Sample exceeded required temperature upon receipt.,"[]"
8666065,31240001,"Vail (1), 2",Crawford,10230007,Well,Alluvium,42.0598,-95.19965,04/19/2016 12:20:00,GWM,NIT-NO3-NO2,Nitrate + Nitrite (AS N),Total,,,,7.8,mg/l,True,0.1,,,LAC10-107-04-1J,GWM,Actual,GW,Water,,Sample exceeded required temperature upon receipt.,"[]"
8666065,31240001,"Vail (1), 2",Crawford,10230007,Well,Alluvium,42.0598,-95.19965,04/19/2016 12:20:00,GWM,14265-44-2,Orthophosphate (AS P),Dissolved,,,,0.13,mg/l,True,0.02,,,LAC10-115-01-1A,GWM,Actual,GW,Water,,Sample exceeded required temperature upon receipt.,"[]"
8666065,31240001,"Vail (1), 2",Crawford,10230007,Well,Alluvium,42.0598,-95.19965,01/06/2015 07:30:00,GWM,NIT-NO3-NO2,Nitrate + Nitrite (AS N),Total,,,,6.1,mg/l,True,0.1,,,LAC10-107-04-1J,GWM,Actual,GW,Water,,Analytical holding time was exceeded due to transport time between facilities.,"[]"
8666065,31240001,"Vail (1), 2",Crawford,10230007,Well,Alluvium,42.0598,-95.19965,01/06/2015 07:30:00,GWM,NIT-AMM,Ammonia-nitrogen (AS N),Total,,,,0.05,mg/l,False,0.05,,,LAC10-107-06-1J,GWM,Actual,GW,Water,,Analytical holding time was exceeded due to transport time between facilities.,"[]"
8666065,31240001,"Vail (1), 2",Crawford,10230007,Well,Alluvium,42.0598,-95.19965,01/06/2015 07:30:00,GWM,NIT-KJELD,Kjeldahl nitrogen (AS N),Total,,,,0.1,mg/l,False,0.1,,,LAC10-107-06-2E,GWM,Actual,GW,Water,,Analytical holding time was exceeded due to transport time between facilities.,"[]"
8666065,31240001,"Vail (1), 2",Crawford,10230007,Well,Alluvium,42.0598,-95.19965,01/06/2015 07:30:00,GWM,14265-44-2,Orthophosphate (AS P),Dissolved,,,,0.12,mg/l,True,0.02,,,LAC10-115-01-1A,GWM,Actual,GW,Water,,Analytical holding time was exceeded due to transport time between facilities.,"[]"
8666065,31240001,"Vail (1), 2",Crawford,10230007,Well,Alluvium,42.0598,-95.19965,01/06/2015 07:30:00,GWM,PHOSP-PHOSP,"Total Phosphorus, mixed forms (AS P)",Total,,,,0.12,mg/l,True,0.02,,,LAC10-115-01-1D,GWM,Actual,GW,Water,,Analytical holding time was exceeded due to transport time between facilities.,"[]"
8666065,31240001,"Vail (1), 2",Crawford,10230007,Well,Alluvium,42.0598,-95.19965,10/31/2017 07:00:00,GWM,NIT-AMM,Ammonia-nitrogen (AS N),None,,,,0.05,mg/l,False,0.05,,,LAC10-107-06-1J,GWM,Actual,GW,Water,,,"[]"
8666065,31240001,"Vail (1), 2",Crawford,10230007,Well,Alluvium,42.0598,-95.19965,10/31/2017 07:00:00,GWM,NIT-NO3-NO2,Nitrate + Nitrite (AS N),None,,,,5.6,mg/l,True,0.1,,,LAC10-107-06-1J,GWM,Actual,GW,Water,,,"[]"
8666065,31240001,"Vail (1), 2",Crawford,10230007,Well,Alluvium,42.0598,-95.19965,11/20/2017 00:00:00,GWM,NIT-NO3-NO2,Nitrate + Nitrite,None,,,,3.41,mg/l,True,0.01,,0.01,353.2,GWM001,,GW,Water,,,"[]"
8666065,31240006,Dow City 2,Crawford,10230007,Well,Multiple Aquifers,41.9263228074,-95.4962371609,12/19/2018 00:00:00,GWM,NIT-NO3-NO2,Nitrate + Nitrite,None,,,,0.56,mg/l,True,0.01,,0.01,353.2,GWM001,,GW,,,,"[]"
8666065,31240004,Dow City 3,Crawford,10230007,Well,Multiple Aquifers,41.926012,-95.497172,12/19/2018 00:00:00,GWM,NIT-NO3-NO2,Nitrate + Nitrite,None,,,,0.13,mg/l,True,0.01,,0.01,353.2,GWM001,,GW,,,,"[]"
8666065,31240007,Denison 2a,Crawford,10230007,Well,Alluvium,42.01669,-95.3725,04/24/2023 10:14:00,GWM,NIT-NO3-NO2,Nitrate + Nitrite (AS N),Total,,,,0.1,mg/l,False,0.1,,,LAC10-107-04-1J,GWM,Actual,GW,Water,,,"[]"
8666065,31240007,Denison 2a,Crawford,10230007,Well,Alluvium,42.01669,-95.3725,04/24/2023 10:14:00,GWM,NIT-AMM,Ammonia-nitrogen (AS N),Total,,,,0.46,mg/l,True,0.1,,,LAC10-107-06-1J,GWM,Actual,GW,Water,,,"[]"
