facilityID,siteID,name,county,huc8,type,aquifer,latitude,longitude,sampleDate,projectCode,cas_rn,analyte,fraction,relDepth,sampDepth,sampDepthUnit,result,unit,detect,detectLimit,quantFlag,quantLimit,method,colMethod,resultType,matrix,medium,qualFlag,remark,xParams
8666065,31250001,Perry 9R,Dallas,07100006,Well,Alluvium,41.84909,-94.11548,08/19/2002 11:20:00,GWM,NIT-NO3-NO2,Nitrate + Nitrite (AS N),Total,,,,0.1,mg/l,False,0.1,,,353.2,USGSGWM,Actual,GW,Water,,,"[]"
8666065,31250001,Perry 9R,Dallas,07100006,Well,Alluvium,41.84909,-94.11548,08/19/2002 11:20:00,GWM,NIT-AMM,Ammonia-nitrogen (AS N),Total,,,,0.05,mg/l,True,0.05,,,LAC10-107-06-1J,USGSGWM,Actual,GW,Water,,,"[]"
8666065,31250001,Perry 9R,Dallas,07100006,Well,Alluvium,41.84909,-94.11548,08/19/2002 11:20:00,GWM,NIT-ORGN,Organic Nitrogen (AS N),Total,,,,0.05,mg/l,False,0.05,,,LAC10-107-06-2E,USGSGWM,Calculated,GW,Water,,,"[]"
8666065,31250001,Perry 9R,Dallas,07100006,Well,Alluvium,41.84909,-94.11548,08/19/2002 11:20:00,GWM,14265-44-2,Orthophosphate (AS P),Dissolved,,,,0.05,mg/l,False,0.05,,,LAC10-115-01-1A,USGSGWM,Actual,GW,Water,,,"[]"
8666065,31250001,Perry 9R,Dallas,07100006,Well,Alluvium,41.84909,-94.11548,08/19/2002 11:20:00,GWM,PHOSP-PHOSP,"Total Phosphorus, mixed forms (AS P)",Total,,,,0.05,mg/l,False,0.05,,,LAC10-115-01-1C,USGSGWM,Actual,GW,Water,,,"[]"
8666065,31250001,Perry 9R,Dallas,07100006,Well,Alluvium,41.84909,-94.11548,08/19/2002 11:20:00,GWM,NIT-KJELD,Kjeldahl nitrogen (AS N),Total,,,,0.05,mg/l,False,0.05,,,PAI DK03,USGSGWM,Actual,GW,Water,,,"[]"
8666065,31250002,Adel 3,Dallas,07100006,Well,Alluvium,41.630224,-93.999128,08/28/2002 13:15:00,GWM,NIT-NO3-NO2,Nitrate + Nitrite (AS N),Total,,,,0.2,mg/l,True,0.1,,,353.2,USGSGWM,Actual,GW,Water,,,"[]"
8666065,31250002,Adel 3,Dallas,07100006,Well,Alluvium,41.630224,-93.999128,08/28/2002 13:15:00,GWM,NIT-AMM,Ammonia-nitrogen (AS N),Total,,,,0.07,mg/l,True,0.05,,,LAC10-107-06-1J,USGSGWM,Actual,GW,Water,,,"[]"
8666065,31250002,Adel 3,Dallas,07100006,Well,Alluvium,41.630224,-93.999128,08/28/2002 13:15:00,GWM,NIT-ORGN,Organic Nitrogen (AS N),Total,,,,0.12,mg/l,True,0.05,,,LAC10-107-06-2E,USGSGWM,Calculated,GW,Water,,,"[]"
8666065,31250002,Adel 3,Dallas,07100006,Well,Alluvium,41.630224,-93.999128,08/28/2002 13:15:00,GWM,14265-44-2,Orthophosphate (AS P),Dissolved,,,,0.05,mg/l,False,0.05,,,LAC10-115-01-1A,USGSGWM,Actual,GW,Water,,,"[]"
8666065,31250002,Adel 3,Dallas,07100006,Well,Alluvium,41.630224,-93.999128,08/28/2002 13:15:00,GWM,PHOSP-PHOSP,"Total Phosphorus, mixed forms (AS P)",Total,,,,0.05,mg/l,False,0.05,,,LAC10-115-01-1C,USGSGWM,Actual,GW,Water,,,"[]"
8666065,31250002,Adel 3,Dallas,07100006,Well,Alluvium,41.630224,-93.999128,08/28/2002 13:15:00,GWM,NIT-KJELD,Kjeldahl nitrogen (AS N),Total,,,,0.19,mg/l,True,0.05,,,PAI DK03,USGSGWM,Actual,GW,Water,,,"[]"
8666065,31250011,Linden 3,Dallas,07100007,Well,Mississippian,41.643247,-94.271906,08/28/2002 11:15:00,GWM,NIT-NO3-NO2,Nitrate + Nitrite (AS N),Total,,,,0.1,mg/l,False,0.1,,,353.2,USGSGWM,Actual,GW,Water,,,"[]"
8666065,31250011,Linden 3,Dallas,07100007,Well,Mississippian,41.643247,-94.271906,08/28/2002 11:15:00,GWM,NIT-AMM,Ammonia-nitrogen (AS N),Total,,,,0.89,mg/l,True,0.05,,,LAC10-107-06-1J,USGSGWM,Actual,GW,Water,,,"[]"
8666065,31250011,Linden 3,Dallas,07100007,Well,Mississippian,41.643247,-94.271906,08/28/2002 11:15:00,GWM,NIT-ORGN,Organic Nitrogen (AS N),Total,,,,0.05,mg/l,False,0.05,,,LAC10-107-06-2E,USGSGWM,Calculated,GW,Water,,,"[]"
8666065,31250011,Linden 3,Dallas,07100007,Well,Mississippian,41.643247,-94.271906,08/28/2002 11:15:00,GWM,14265-44-2,Orthophosphate (AS P),Dissolved,,,,0.05,mg/l,False,0.05,,,LAC10-115-01-1A,USGSGWM,Actual,GW,Water,,,"[]"
8666065,31250011,Linden 3,Dallas,07100007,Well,Mississippian,41.643247,-94.271906,08/28/2002 11:15:00,GWM,PHOSP-PHOSP,"Total Phosphorus, mixed forms (AS P)",Total,,,,0.05,mg/l,False,0.05,,,LAC10-115-01-1C,USGSGWM,Actual,GW,Water,,,"[]"
8666065,31250011,Linden 3,Dallas,07100007,Well,Mississippian,41.643247,-94.271906,08/28/2002 11:15:00,GWM,NIT-KJELD,Kjeldahl nitrogen (AS N),Total,,,,0.89,mg/l,True,0.05,,,PAI DK03,USGSGWM,Actual,GW,Water,,,"[]"
8666065,31250012,Dawson 4,Dallas,07100006,Well,Mississippian,41.847738,-94.220462,09/26/2002 12:30:00,GWM,NIT-NO3-NO2,Nitrate + Nitrite (AS N),Total,,,,7.9,mg/l,True,0.1,,,353.2,USGSGWM,Actual,GW,Water,,,"[]"
8666065,31250012,Dawson 4,Dallas,07100006,Well,Mississippian,41.847738,-94.220462,09/26/2002 12:30:00,GWM,14265-44-2,Orthophosphate (AS P),Dissolved,,,,0.07,mg/l,True,0.05,,,4500-P-E,USGSGWM,Actual,GW,Water,,,"[]"
8666065,31250012,Dawson 4,Dallas,07100006,Well,Mississippian,41.847738,-94.220462,09/26/2002 12:30:00,GWM,NIT-AMM,Ammonia-nitrogen (AS N),Total,,,,0.05,mg/l,False,0.05,,,LAC10-107-06-1J,USGSGWM,Actual,GW,Water,,,"[]"
8666065,31250012,Dawson 4,Dallas,07100006,Well,Mississippian,41.847738,-94.220462,09/26/2002 12:30:00,GWM,NIT-ORGN,Organic Nitrogen (AS N),Total,,,,0.05,mg/l,False,0.05,,,LAC10-107-06-2E,USGSGWM,Calculated,GW,Water,,,"[]"
8666065,31250012,Dawson 4,Dallas,07100006,Well,Mississippian,41.847738,-94.220462,09/26/2002 12:30:00,GWM,PHOSP-PHOSP,"Total Phosphorus, mixed forms (AS P)",Total,,,,0.08,mg/l,True,0.05,,,LAC10-115-01-1C,USGSGWM,Actual,GW,Water,,,"[]"
8666065,31250012,Dawson 4,Dallas,07100006,Well,Mississippian,41.847738,-94.220462,09/26/2002 12:30:00,GWM,NIT-KJELD,Kjeldahl nitrogen (AS N),Total,,,,0.05,mg/l,False,0.05,,,PAI DK03,USGSGWM,Actual,GW,Water,,,"[]"
8666065,31250001,Perry 9R,Dallas,07100006,Well,Alluvium,41.84909,-94.11548,07/29/2003 14:45:00,GWM,NIT-AMM,Ammonia-nitrogen (AS N),Total,,,,0.05,mg/l,False,0.05,,,350.1,USGSGWM,Actual,GW,Water,,,"[]"
8666065,31250001,Perry 9R,Dallas,07100006,Well,Alluvium,41.84909,-94.11548,07/29/2003 14:45:00,GWM,NIT-NO3-NO2,Nitrate + Nitrite (AS N),Total,,,,0.1,mg/l,False,0.1,,,353.2,USGSGWM,Actual,GW,Water,,,"[]"
8666065,31250001,Perry 9R,Dallas,07100006,Well,Alluvium,41.84909,-94.11548,07/29/2003 14:45:00,GWM,14265-44-2,Orthophosphate (AS P),Dissolved,,,,0.02,mg/l,False,0.02,,,365.1,USGSGWM,Actual,GW,Water,,,"[]"
8666065,31250001,Perry 9R,Dallas,07100006,Well,Alluvium,41.84909,-94.11548,07/29/2003 14:45:00,GWM,PHOSP-PHOSP,"Total Phosphorus, mixed forms (AS P)",Total,,,,0.05,mg/l,True,0.02,,,365.4,USGSGWM,Actual,GW,Water,,,"[]"
8666065,31250001,Perry 9R,Dallas,07100006,Well,Alluvium,41.84909,-94.11548,07/29/2003 14:45:00,GWM,NIT-ORGN,Organic Nitrogen (AS N),Total,,,,0.05,mg/l,False,0.05,,,LAC10-107-06-2E,USGSGWM,Calculated,GW,Water,,,"[]"
8666065,31250001,Perry 9R,Dallas,07100006,Well,Alluvium,41.84909,-94.11548,07/29/2003 14:45:00,GWM,NIT-KJELD,Kjeldahl nitrogen (AS N),Total,,,,0.05,mg/l,True,0.05,,,PAI DK03,USGSGWM,Actual,GW,Water,,,"[]"
8666065,31250002,Adel 3,Dallas,07100006,Well,Alluvium,41.630224,-93.999128,08/19/2003 08:30:00,GWM,NIT-AMM,Ammonia-nitrogen (AS N),Total,,,,0.09,mg/l,True,0.05,,,350.1,USGSGWM,Actual,GW,Water,,,"[]"
8666065,31250002,Adel 3,Dallas,07100006,Well,Alluvium,41.630224,-93.999128,08/19/2003 08:30:00,GWM,NIT-NO3-NO2,Nitrate + Nitrite (AS N),Total,,,,0.3,mg/l,True,0.1,,,353.2,USGSGWM,Actual,GW,Water,,,"[]"
8666065,31250002,Adel 3,Dallas,07100006,Well,Alluvium,41.630224,-93.999128,08/19/2003 08:30:00,GWM,14265-44-2,Orthophosphate (AS P),Dissolved,,,,0.1,mg/l,True,0.1,,,365.1,USGSGWM,Actual,GW,Water,,,"[]"
8666065,31250002,Adel 3,Dallas,07100006,Well,Alluvium,41.630224,-93.999128,08/19/2003 08:30:00,GWM,PHOSP-PHOSP,"Total Phosphorus, mixed forms (AS P)",Total,,,,0.04,mg/l,True,0.02,,,365.4,USGSGWM,Actual,GW,Water,,,"[]"
8666065,31250002,Adel 3,Dallas,07100006,Well,Alluvium,41.630224,-93.999128,08/19/2003 08:30:00,GWM,NIT-ORGN,Organic Nitrogen (AS N),Total,,,,0.13,mg/l,True,0.05,,,LAC10-107-06-2E,USGSGWM,Calculated,GW,Water,,,"[]"
8666065,31250002,Adel 3,Dallas,07100006,Well,Alluvium,41.630224,-93.999128,08/19/2003 08:30:00,GWM,NIT-KJELD,Kjeldahl nitrogen (AS N),Total,,,,0.22,mg/l,True,0.05,,,PAI DK03,USGSGWM,Actual,GW,Water,,,"[]"
8666065,31250011,Linden 3,Dallas,07100007,Well,Mississippian,41.643247,-94.271906,08/18/2003 16:30:00,GWM,NIT-AMM,Ammonia-nitrogen (AS N),Total,,,,1.1,mg/l,True,0.05,,,350.1,USGSGWM,Actual,GW,Water,,,"[]"
8666065,31250011,Linden 3,Dallas,07100007,Well,Mississippian,41.643247,-94.271906,08/18/2003 16:30:00,GWM,NIT-NO3-NO2,Nitrate + Nitrite (AS N),Total,,,,0.1,mg/l,False,0.1,,,353.2,USGSGWM,Actual,GW,Water,,,"[]"
8666065,31250011,Linden 3,Dallas,07100007,Well,Mississippian,41.643247,-94.271906,08/18/2003 16:30:00,GWM,14265-44-2,Orthophosphate (AS P),Dissolved,,,,0.02,mg/l,False,0.02,,,365.1,USGSGWM,Actual,GW,Water,,,"[]"
8666065,31250011,Linden 3,Dallas,07100007,Well,Mississippian,41.643247,-94.271906,08/18/2003 16:30:00,GWM,PHOSP-PHOSP,"Total Phosphorus, mixed forms (AS P)",Total,,,,0.02,mg/l,False,0.02,,,365.4,USGSGWM,Actual,GW,Water,,,"[]"
8666065,31250011,Linden 3,Dallas,07100007,Well,Mississippian,41.643247,-94.271906,08/18/2003 16:30:00,GWM,NIT-ORGN,Organic Nitrogen (AS N),Total,,,,0.29,mg/l,True,0.05,,,LAC10-107-06-2E,USGSGWM,Calculated,GW,Water,,,"[]"
8666065,31250011,Linden 3,Dallas,07100007,Well,Mississippian,41.643247,-94.271906,08/18/2003 16:30:00,GWM,NIT-KJELD,Kjeldahl nitrogen (AS N),Total,,,,1.4,mg/l,True,0.05,,,PAI DK03,USGSGWM,Actual,GW,Water,,,"[]"
8666065,31250006,Adel 2,Dallas,07100006,Well,Alluvium,41.628872,-93.999482,09/08/2004 12:30:00,GWM,NIT-AMM,Ammonia-nitrogen (AS N),Total,,,,0.15,mg/l,True,0.05,,,350.1,USGSGWM,Actual,GW,Water,,,"[]"
8666065,31250006,Adel 2,Dallas,07100006,Well,Alluvium,41.628872,-93.999482,09/08/2004 12:30:00,GWM,NIT-KJELD,Kjeldahl nitrogen (AS N),Total,,,,0.31,mg/l,True,0.05,,,351.1,USGSGWM,Actual,GW,Water,,,"[]"
8666065,31250006,Adel 2,Dallas,07100006,Well,Alluvium,41.628872,-93.999482,09/08/2004 12:30:00,GWM,NIT-NO3-NO2,Nitrate + Nitrite (AS N),Total,,,,0.05,mg/l,False,0.05,,,353.2,USGSGWM,Actual,GW,Water,,,"[]"
8666065,31250006,Adel 2,Dallas,07100006,Well,Alluvium,41.628872,-93.999482,09/08/2004 12:30:00,GWM,14265-44-2,Orthophosphate (AS P),Dissolved,,,,0.02,mg/l,False,0.02,,,365.1,USGSGWM,Actual,GW,Water,,,"[]"
8666065,31250006,Adel 2,Dallas,07100006,Well,Alluvium,41.628872,-93.999482,09/08/2004 12:30:00,GWM,PHOSP-PHOSP,"Total Phosphorus, mixed forms (AS P)",Total,,,,0.08,mg/l,True,0.02,,,365.4,USGSGWM,Actual,GW,Water,,,"[]"
8666065,31250006,Adel 2,Dallas,07100006,Well,Alluvium,41.628872,-93.999482,09/08/2004 12:30:00,GWM,NIT-ORGN,Organic Nitrogen,Total,,,,0.16,mg/l,True,0.05,,,LAC10-107-06-2E,USGSGWM,Calculated,GW,Water,,,"[]"
8666065,31250002,Adel 3,Dallas,07100006,Well,Alluvium,41.630224,-93.999128,09/08/2004 14:20:00,GWM,NIT-AMM,Ammonia-nitrogen (AS N),Total,,,,0.07,mg/l,True,0.05,,,350.1,USGSGWM,Actual,GW,Water,,,"[]"
8666065,31250002,Adel 3,Dallas,07100006,Well,Alluvium,41.630224,-93.999128,09/08/2004 14:20:00,GWM,NIT-NO3-NO2,Nitrate + Nitrite (AS N),Total,,,,0.2,mg/l,True,0.05,,,353.2,USGSGWM,Actual,GW,Water,,,"[]"
8666065,31250002,Adel 3,Dallas,07100006,Well,Alluvium,41.630224,-93.999128,09/08/2004 14:20:00,GWM,14265-44-2,Orthophosphate (AS P),Dissolved,,,,0.02,mg/l,False,0.02,,,365.1,USGSGWM,Actual,GW,Water,,,"[]"
8666065,31250002,Adel 3,Dallas,07100006,Well,Alluvium,41.630224,-93.999128,09/08/2004 14:20:00,GWM,PHOSP-PHOSP,"Total Phosphorus, mixed forms (AS P)",Total,,,,0.12,mg/l,True,0.02,,,365.4,USGSGWM,Actual,GW,Water,,,"[]"
8666065,31250002,Adel 3,Dallas,07100006,Well,Alluvium,41.630224,-93.999128,09/08/2004 14:20:00,GWM,NIT-ORGN,Organic Nitrogen,Total,,,,0.13,mg/l,True,0.05,,,LAC10-107-06-2E,USGSGWM,Calculated,GW,Water,,,"[]"
8666065,31250005,Dallas Center 8,Dallas,07100006,Well,Alluvium,41.69738,-94.0395,07/14/2004 10:55:00,GWM,NIT-AMM,Ammonia-nitrogen (AS N),Total,,,,0.05,mg/l,False,0.05,,,350.1,USGSGWM,Actual,GW,Water,,,"[]"
8666065,31250005,Dallas Center 8,Dallas,07100006,Well,Alluvium,41.69738,-94.0395,07/14/2004 10:55:00,GWM,NIT-NO3-NO2,Nitrate + Nitrite (AS N),Total,,,,0.47,mg/l,True,0.05,,,353.2,USGSGWM,Actual,GW,Water,,,"[]"
8666065,31250005,Dallas Center 8,Dallas,07100006,Well,Alluvium,41.69738,-94.0395,07/14/2004 10:55:00,GWM,14265-44-2,Orthophosphate (AS P),Dissolved,,,,0.02,mg/l,False,0.02,,,365.1,USGSGWM,Actual,GW,Water,,,"[]"
8666065,31250005,Dallas Center 8,Dallas,07100006,Well,Alluvium,41.69738,-94.0395,07/14/2004 10:55:00,GWM,PHOSP-PHOSP,"Total Phosphorus, mixed forms (AS P)",Total,,,,0.02,mg/l,False,0.02,,,365.4,USGSGWM,Actual,GW,Water,,,"[]"
8666065,31250005,Dallas Center 8,Dallas,07100006,Well,Alluvium,41.69738,-94.0395,07/14/2004 10:55:00,GWM,NIT-ORGN,Organic Nitrogen,Total,,,,0.05,mg/l,True,0.05,,,LAC10-107-06-2E,USGSGWM,Calculated,GW,Water,,,"[]"
8666065,31250004,Dawson 1,Dallas,07100006,Well,Alluvium,41.848057,-94.220426,07/15/2004 11:40:00,GWM,NIT-AMM,Ammonia-nitrogen (AS N),Total,,,,0.05,mg/l,False,0.05,,,350.1,USGSGWM,Actual,GW,Water,,,"[]"
8666065,31250004,Dawson 1,Dallas,07100006,Well,Alluvium,41.848057,-94.220426,07/15/2004 11:40:00,GWM,NIT-NO3-NO2,Nitrate + Nitrite (AS N),Total,,,,3.1,mg/l,True,0.05,,,353.2,USGSGWM,Actual,GW,Water,,,"[]"
8666065,31250004,Dawson 1,Dallas,07100006,Well,Alluvium,41.848057,-94.220426,07/15/2004 11:40:00,GWM,14265-44-2,Orthophosphate (AS P),Dissolved,,,,0.06,mg/l,True,0.02,,,365.1,USGSGWM,Actual,GW,Water,,,"[]"
8666065,31250004,Dawson 1,Dallas,07100006,Well,Alluvium,41.848057,-94.220426,07/15/2004 11:40:00,GWM,PHOSP-PHOSP,"Total Phosphorus, mixed forms (AS P)",Total,,,,0.06,mg/l,True,0.02,,,365.4,USGSGWM,Actual,GW,Water,,,"[]"
8666065,31250004,Dawson 1,Dallas,07100006,Well,Alluvium,41.848057,-94.220426,07/15/2004 11:40:00,GWM,NIT-ORGN,Organic Nitrogen,Total,,,,0.17,mg/l,True,0.05,,,LAC10-107-06-2E,USGSGWM,Calculated,GW,Water,,,"[]"
8666065,31250001,Perry 9R,Dallas,07100006,Well,Alluvium,41.84909,-94.11548,07/08/2004 08:55:00,GWM,NIT-AMM,Ammonia-nitrogen (AS N),Total,,,,0.07,mg/l,True,0.05,,,350.1,USGSGWM,Actual,GW,Water,,,"[]"
8666065,31250001,Perry 9R,Dallas,07100006,Well,Alluvium,41.84909,-94.11548,07/08/2004 08:55:00,GWM,NIT-NO3-NO2,Nitrate + Nitrite (AS N),Total,,,,0.05,mg/l,False,0.05,,,353.2,USGSGWM,Actual,GW,Water,,,"[]"
8666065,31250001,Perry 9R,Dallas,07100006,Well,Alluvium,41.84909,-94.11548,07/08/2004 08:55:00,GWM,14265-44-2,Orthophosphate (AS P),Dissolved,,,,0.02,mg/l,False,0.02,,,365.1,USGSGWM,Actual,GW,Water,,,"[]"
8666065,31250001,Perry 9R,Dallas,07100006,Well,Alluvium,41.84909,-94.11548,07/08/2004 08:55:00,GWM,PHOSP-PHOSP,"Total Phosphorus, mixed forms (AS P)",Total,,,,0.03,mg/l,True,0.02,,,365.4,USGSGWM,Actual,GW,Water,,,"[]"
8666065,31250001,Perry 9R,Dallas,07100006,Well,Alluvium,41.84909,-94.11548,07/08/2004 08:55:00,GWM,NIT-ORGN,Organic Nitrogen,Total,,,,0.08,mg/l,True,0.05,,,LAC10-107-06-2E,USGSGWM,Calculated,GW,Water,,,"[]"
8666065,31250003,Van Meter 3,Dallas,07100006,Well,Alluvium,41.53003,-93.953647,08/05/2004 08:30:00,GWM,NIT-AMM,Ammonia-nitrogen (AS N),Total,,,,0.05,mg/l,False,0.05,,,350.1,USGSGWM,Actual,GW,Water,,,"[]"
8666065,31250003,Van Meter 3,Dallas,07100006,Well,Alluvium,41.53003,-93.953647,08/05/2004 08:30:00,GWM,NIT-KJELD,Kjeldahl nitrogen (AS N),Total,,,,0.05,mg/l,False,0.05,,,351.1,USGSGWM,Actual,GW,Water,,,"[]"
8666065,31250003,Van Meter 3,Dallas,07100006,Well,Alluvium,41.53003,-93.953647,08/05/2004 08:30:00,GWM,NIT-NO3-NO2,Nitrate + Nitrite (AS N),Total,,,,0.4,mg/l,True,0.05,,,353.2,USGSGWM,Actual,GW,Water,,,"[]"
8666065,31250003,Van Meter 3,Dallas,07100006,Well,Alluvium,41.53003,-93.953647,08/05/2004 08:30:00,GWM,14265-44-2,Orthophosphate (AS P),Dissolved,,,,0.02,mg/l,False,0.02,,,365.1,USGSGWM,Actual,GW,Water,,,"[]"
8666065,31250003,Van Meter 3,Dallas,07100006,Well,Alluvium,41.53003,-93.953647,08/05/2004 08:30:00,GWM,PHOSP-PHOSP,"Total Phosphorus, mixed forms (AS P)",Total,,,,0.02,mg/l,False,0.02,,,365.4,USGSGWM,Actual,GW,Water,,,"[]"
8666065,31250003,Van Meter 3,Dallas,07100006,Well,Alluvium,41.53003,-93.953647,08/05/2004 08:30:00,GWM,NIT-ORGN,Organic Nitrogen,Total,,,,0.05,mg/l,False,0.05,,,LAC10-107-06-2E,USGSGWM,Calculated,GW,Water,,,"[]"
8666065,31250002,Adel 3,Dallas,07100006,Well,Alluvium,41.630224,-93.999128,07/06/2005 11:45:00,GWM,NIT-AMM,Ammonia-nitrogen (AS N),Total,,,,0.1,mg/l,True,0.05,,,350.1,USGSGWM,Actual,GW,Water,,,"[]"
8666065,31250002,Adel 3,Dallas,07100006,Well,Alluvium,41.630224,-93.999128,07/06/2005 11:45:00,GWM,NIT-KJELD,Kjeldahl nitrogen (AS N),Total,,,,0.16,mg/l,True,0.1,,,351.2,USGSGWM,Actual,GW,Water,,,"[]"
8666065,31250002,Adel 3,Dallas,07100006,Well,Alluvium,41.630224,-93.999128,07/06/2005 11:45:00,GWM,NIT-NO3-NO2,Nitrate + Nitrite (AS N),Total,,,,1.6,mg/l,True,0.05,,,353.2,USGSGWM,Actual,GW,Water,,,"[]"
8666065,31250002,Adel 3,Dallas,07100006,Well,Alluvium,41.630224,-93.999128,07/06/2005 11:45:00,GWM,14265-44-2,Orthophosphate (AS P),Dissolved,,,,0.02,mg/l,False,0.02,,,365.1,USGSGWM,Actual,GW,Water,,,"[]"
8666065,31250002,Adel 3,Dallas,07100006,Well,Alluvium,41.630224,-93.999128,07/06/2005 11:45:00,GWM,PHOSP-PHOSP,"Total Phosphorus, mixed forms (AS P)",Total,,,,0.08,mg/l,True,0.02,,,365.4,USGSGWM,Actual,GW,Water,,,"[]"
8666065,31250002,Adel 3,Dallas,07100006,Well,Alluvium,41.630224,-93.999128,07/06/2005 11:45:00,GWM,NIT-ORGN,Organic Nitrogen,Total,,,,0.1,mg/l,False,0.1,,,LAC10-107-06-2E,USGSGWM,Calculated,GW,Water,,,"[]"
8666065,31250001,Perry 9R,Dallas,07100006,Well,Alluvium,41.84909,-94.11548,07/06/2005 14:00:00,GWM,NIT-AMM,Ammonia-nitrogen (AS N),Total,,,,0.06,mg/l,True,0.05,,,350.1,USGSGWM,Actual,GW,Water,,,"[]"
8666065,31250001,Perry 9R,Dallas,07100006,Well,Alluvium,41.84909,-94.11548,07/06/2005 14:00:00,GWM,NIT-KJELD,Kjeldahl nitrogen (AS N),Total,,,,0.13,mg/l,True,0.1,,,351.2,USGSGWM,Actual,GW,Water,,,"[]"
8666065,31250001,Perry 9R,Dallas,07100006,Well,Alluvium,41.84909,-94.11548,07/06/2005 14:00:00,GWM,NIT-NO3-NO2,Nitrate + Nitrite (AS N),Total,,,,0.05,mg/l,False,0.05,,,353.2,USGSGWM,Actual,GW,Water,,,"[]"
8666065,31250001,Perry 9R,Dallas,07100006,Well,Alluvium,41.84909,-94.11548,07/06/2005 14:00:00,GWM,14265-44-2,Orthophosphate (AS P),Dissolved,,,,0.02,mg/l,False,0.02,,,365.1,USGSGWM,Actual,GW,Water,,,"[]"
8666065,31250001,Perry 9R,Dallas,07100006,Well,Alluvium,41.84909,-94.11548,07/06/2005 14:00:00,GWM,PHOSP-PHOSP,"Total Phosphorus, mixed forms (AS P)",Total,,,,0.04,mg/l,True,0.02,,,365.4,USGSGWM,Actual,GW,Water,,,"[]"
8666065,31250001,Perry 9R,Dallas,07100006,Well,Alluvium,41.84909,-94.11548,07/06/2005 14:00:00,GWM,NIT-ORGN,Organic Nitrogen,Total,,,,0.1,mg/l,False,0.1,,,LAC10-107-06-2E,USGSGWM,Calculated,GW,Water,,,"[]"
8666065,31250007,Dexter 1,Dallas,07100007,Well,Alluvium,41.58775,-94.19012,07/19/2006 14:20:00,GWM,NIT-AMM,Ammonia-nitrogen (AS N),Total,,,,0.05,mg/l,False,0.05,,,350.1,USGSGWM,Actual,GW,Water,,,"[]"
8666065,31250007,Dexter 1,Dallas,07100007,Well,Alluvium,41.58775,-94.19012,07/19/2006 14:20:00,GWM,NIT-KJELD,Kjeldahl nitrogen (AS N),Total,,,,0.1,mg/l,False,0.1,,,351.2,USGSGWM,Actual,GW,Water,,,"[]"
8666065,31250007,Dexter 1,Dallas,07100007,Well,Alluvium,41.58775,-94.19012,07/19/2006 14:20:00,GWM,NIT-NO3-NO2,Nitrate + Nitrite (AS N),Total,,,,0.81,mg/l,True,0.05,,,353.2,USGSGWM,Actual,GW,Water,,,"[]"
8666065,31250007,Dexter 1,Dallas,07100007,Well,Alluvium,41.58775,-94.19012,07/19/2006 14:20:00,GWM,14265-44-2,Orthophosphate (AS P),Dissolved,,,,0.02,mg/l,False,0.02,,,365.2,USGSGWM,Actual,GW,Water,,,"[]"
8666065,31250007,Dexter 1,Dallas,07100007,Well,Alluvium,41.58775,-94.19012,07/19/2006 14:20:00,GWM,PHOSP-PHOSP,"Total Phosphorus, mixed forms (AS P)",Total,,,,0.05,mg/l,True,0.02,,,365.4,USGSGWM,Actual,GW,Water,,,"[]"
8666065,31250007,Dexter 1,Dallas,07100007,Well,Alluvium,41.58775,-94.19012,07/19/2006 14:20:00,GWM,NIT-ORGN,Organic Nitrogen,Total,,,,0.1,mg/l,False,0.1,,,LAC10-107-06-2E,USGSGWM,Calculated,GW,Water,,,"[]"
8666065,31250008,Redfield 3,Dallas,07100007,Well,Alluvium,41.5876,-94.19452,07/19/2006 12:30:00,GWM,NIT-AMM,Ammonia-nitrogen (AS N),Total,,,,0.05,mg/l,False,0.05,,,350.1,USGSGWM,Actual,GW,Water,,,"[]"
8666065,31250008,Redfield 3,Dallas,07100007,Well,Alluvium,41.5876,-94.19452,07/19/2006 12:30:00,GWM,NIT-KJELD,Kjeldahl nitrogen (AS N),Total,,,,0.1,mg/l,False,0.1,,,351.2,USGSGWM,Actual,GW,Water,,,"[]"
8666065,31250008,Redfield 3,Dallas,07100007,Well,Alluvium,41.5876,-94.19452,07/19/2006 12:30:00,GWM,NIT-NO3-NO2,Nitrate + Nitrite (AS N),Total,,,,0.05,mg/l,False,0.05,,,353.2,USGSGWM,Actual,GW,Water,,,"[]"
8666065,31250008,Redfield 3,Dallas,07100007,Well,Alluvium,41.5876,-94.19452,07/19/2006 12:30:00,GWM,14265-44-2,Orthophosphate (AS P),Dissolved,,,,0.02,mg/l,False,0.02,,,365.2,USGSGWM,Actual,GW,Water,,,"[]"
8666065,31250008,Redfield 3,Dallas,07100007,Well,Alluvium,41.5876,-94.19452,07/19/2006 12:30:00,GWM,PHOSP-PHOSP,"Total Phosphorus, mixed forms (AS P)",Total,,,,0.1,mg/l,True,0.02,,,365.4,USGSGWM,Actual,GW,Water,,,"[]"
8666065,31250008,Redfield 3,Dallas,07100007,Well,Alluvium,41.5876,-94.19452,07/19/2006 12:30:00,GWM,NIT-ORGN,Organic Nitrogen,Total,,,,0.1,mg/l,False,0.1,,,LAC10-107-06-2E,USGSGWM,Calculated,GW,Water,,,"[]"
8666065,31250002,Adel 3,Dallas,07100006,Well,Alluvium,41.630224,-93.999128,07/19/2006 10:40:00,GWM,NIT-AMM,Ammonia-nitrogen (AS N),Total,,,,0.05,mg/l,False,0.05,,,350.1,USGSGWM,Actual,GW,Water,,,"[]"
8666065,31250002,Adel 3,Dallas,07100006,Well,Alluvium,41.630224,-93.999128,07/19/2006 10:40:00,GWM,NIT-KJELD,Kjeldahl nitrogen (AS N),Total,,,,0.2,mg/l,True,0.1,,,351.2,USGSGWM,Actual,GW,Water,,,"[]"
8666065,31250002,Adel 3,Dallas,07100006,Well,Alluvium,41.630224,-93.999128,07/19/2006 10:40:00,GWM,NIT-NO3-NO2,Nitrate + Nitrite (AS N),Total,,,,1.7,mg/l,True,0.05,,,353.2,USGSGWM,Actual,GW,Water,,,"[]"
8666065,31250002,Adel 3,Dallas,07100006,Well,Alluvium,41.630224,-93.999128,07/19/2006 10:40:00,GWM,14265-44-2,Orthophosphate (AS P),Dissolved,,,,0.02,mg/l,False,0.02,,,365.2,USGSGWM,Actual,GW,Water,,,"[]"
8666065,31250002,Adel 3,Dallas,07100006,Well,Alluvium,41.630224,-93.999128,07/19/2006 10:40:00,GWM,PHOSP-PHOSP,"Total Phosphorus, mixed forms (AS P)",Total,,,,0.09,mg/l,True,0.02,,,365.4,USGSGWM,Actual,GW,Water,,,"[]"
8666065,31250002,Adel 3,Dallas,07100006,Well,Alluvium,41.630224,-93.999128,07/19/2006 10:40:00,GWM,NIT-ORGN,Organic Nitrogen,Total,,,,0.2,mg/l,True,0.1,,,LAC10-107-06-2E,USGSGWM,Calculated,GW,Water,,,"[]"
8666065,31250010,Perry 20,Dallas,07100006,Well,Buried Sand Gravel,41.84555,-94.123,07/18/2006 12:30:00,GWM,NIT-AMM,Ammonia-nitrogen (AS N),Total,,,,4.3,mg/l,True,0.05,,,350.1,USGSGWM,Actual,GW,Water,,,"[]"
8666065,31250010,Perry 20,Dallas,07100006,Well,Buried Sand Gravel,41.84555,-94.123,07/18/2006 12:30:00,GWM,NIT-KJELD,Kjeldahl nitrogen (AS N),Total,,,,6,mg/l,True,0.1,,,351.2,USGSGWM,Actual,GW,Water,,,"[]"
8666065,31250010,Perry 20,Dallas,07100006,Well,Buried Sand Gravel,41.84555,-94.123,07/18/2006 12:30:00,GWM,NIT-NO3-NO2,Nitrate + Nitrite (AS N),Total,,,,0.05,mg/l,False,0.05,,,353.2,USGSGWM,Actual,GW,Water,,,"[]"
8666065,31250010,Perry 20,Dallas,07100006,Well,Buried Sand Gravel,41.84555,-94.123,07/18/2006 12:30:00,GWM,14265-44-2,Orthophosphate (AS P),Dissolved,,,,0.02,mg/l,False,0.02,,,365.1,USGSGWM,Actual,GW,Water,,,"[]"
8666065,31250010,Perry 20,Dallas,07100006,Well,Buried Sand Gravel,41.84555,-94.123,07/18/2006 12:30:00,GWM,PHOSP-PHOSP,"Total Phosphorus, mixed forms (AS P)",Total,,,,0.29,mg/l,True,0.02,,,365.4,USGSGWM,Actual,GW,Water,,,"[]"
8666065,31250010,Perry 20,Dallas,07100006,Well,Buried Sand Gravel,41.84555,-94.123,07/18/2006 12:30:00,GWM,NIT-ORGN,Organic Nitrogen,Total,,,,1.7,mg/l,True,0.1,,,LAC10-107-06-2E,USGSGWM,Calculated,GW,Water,,,"[]"
8666065,31250009,Granger 1,Dallas,07100004,Well,Buried Sand Gravel,41.76059,-93.82049,07/18/2006 15:00:00,GWM,NIT-AMM,Ammonia-nitrogen (AS N),Total,,,,3.2,mg/l,True,0.05,,,350.1,USGSGWM,Actual,GW,Water,,,"[]"
8666065,31250009,Granger 1,Dallas,07100004,Well,Buried Sand Gravel,41.76059,-93.82049,07/18/2006 15:00:00,GWM,NIT-KJELD,Kjeldahl nitrogen (AS N),Total,,,,4.3,mg/l,True,0.1,,,351.2,USGSGWM,Actual,GW,Water,,,"[]"
8666065,31250009,Granger 1,Dallas,07100004,Well,Buried Sand Gravel,41.76059,-93.82049,07/18/2006 15:00:00,GWM,NIT-NO3-NO2,Nitrate + Nitrite (AS N),Total,,,,0.05,mg/l,False,0.05,,,353.2,USGSGWM,Actual,GW,Water,,,"[]"
8666065,31250009,Granger 1,Dallas,07100004,Well,Buried Sand Gravel,41.76059,-93.82049,07/18/2006 15:00:00,GWM,14265-44-2,Orthophosphate (AS P),Dissolved,,,,0.02,mg/l,False,0.02,,,365.1,USGSGWM,Actual,GW,Water,,,"[]"
8666065,31250009,Granger 1,Dallas,07100004,Well,Buried Sand Gravel,41.76059,-93.82049,07/18/2006 15:00:00,GWM,PHOSP-PHOSP,"Total Phosphorus, mixed forms (AS P)",Total,,,,0.66,mg/l,True,0.02,,,365.4,USGSGWM,Actual,GW,Water,,,"[]"
8666065,31250009,Granger 1,Dallas,07100004,Well,Buried Sand Gravel,41.76059,-93.82049,07/18/2006 15:00:00,GWM,NIT-ORGN,Organic Nitrogen,Total,,,,1.1,mg/l,True,0.05,,,LAC10-107-06-2E,USGSGWM,Calculated,GW,Water,,,"[]"
8666065,31250001,Perry 9R,Dallas,07100006,Well,Alluvium,41.84909,-94.11548,07/18/2006 11:30:00,GWM,NIT-AMM,Ammonia-nitrogen (AS N),Total,,,,0.05,mg/l,False,0.05,,,350.1,USGSGWM,Actual,GW,Water,,,"[]"
8666065,31250001,Perry 9R,Dallas,07100006,Well,Alluvium,41.84909,-94.11548,07/18/2006 11:30:00,GWM,NIT-KJELD,Kjeldahl nitrogen (AS N),Total,,,,0.2,mg/l,True,0.1,,,351.2,USGSGWM,Actual,GW,Water,,,"[]"
8666065,31250001,Perry 9R,Dallas,07100006,Well,Alluvium,41.84909,-94.11548,07/18/2006 11:30:00,GWM,NIT-NO3-NO2,Nitrate + Nitrite (AS N),Total,,,,0.05,mg/l,False,0.05,,,353.2,USGSGWM,Actual,GW,Water,,,"[]"
8666065,31250001,Perry 9R,Dallas,07100006,Well,Alluvium,41.84909,-94.11548,07/18/2006 11:30:00,GWM,14265-44-2,Orthophosphate (AS P),Dissolved,,,,0.02,mg/l,False,0.02,,,365.1,USGSGWM,Actual,GW,Water,,,"[]"
8666065,31250001,Perry 9R,Dallas,07100006,Well,Alluvium,41.84909,-94.11548,07/18/2006 11:30:00,GWM,PHOSP-PHOSP,"Total Phosphorus, mixed forms (AS P)",Total,,,,0.03,mg/l,True,0.02,,,365.4,USGSGWM,Actual,GW,Water,,,"[]"
8666065,31250001,Perry 9R,Dallas,07100006,Well,Alluvium,41.84909,-94.11548,07/18/2006 11:30:00,GWM,NIT-ORGN,Organic Nitrogen,Total,,,,0.2,mg/l,True,0.05,,,LAC10-107-06-2E,USGSGWM,Calculated,GW,Water,,,"[]"
8666065,31250002,Adel 3,Dallas,07100006,Well,Alluvium,41.630224,-93.999128,08/06/2012 09:30:00,GWM,NIT-NO3-NO2,Nitrate + Nitrite (AS N),Total,,,,0.1,mg/l,False,0.1,,,LAC10-107-04-1J,GWMPWS,Actual,GW,Water,,,"[]"
8666065,31250002,Adel 3,Dallas,07100006,Well,Alluvium,41.630224,-93.999128,08/06/2012 09:30:00,GWM,NIT-AMM,Ammonia-nitrogen (AS N),Total,,,,0.75,mg/l,True,0.05,,,LAC10-107-06-1J,GWMPWS,Actual,GW,Water,,,"[]"
8666065,31250002,Adel 3,Dallas,07100006,Well,Alluvium,41.630224,-93.999128,08/06/2012 09:30:00,GWM,NIT-KJELD,Kjeldahl nitrogen (AS N),Total,,,,0.5,mg/l,True,0.1,,,LAC10-107-06-2E,GWMPWS,Actual,GW,Water,,,"[]"
8666065,31250002,Adel 3,Dallas,07100006,Well,Alluvium,41.630224,-93.999128,08/06/2012 09:30:00,GWM,14265-44-2,Orthophosphate (AS P),Dissolved,,,,0.02,mg/l,False,0.02,,,LAC10-115-01-1A,GWMPWS,Actual,GW,Water,,,"[]"
8666065,31250002,Adel 3,Dallas,07100006,Well,Alluvium,41.630224,-93.999128,08/06/2012 09:30:00,GWM,PHOSP-PHOSP,"Total Phosphorus, mixed forms (AS P)",Total,,,,0.17,mg/l,True,0.02,,,LAC10-115-01-1D,GWMPWS,Actual,GW,Water,,,"[]"
8666065,31250001,Perry 9R,Dallas,07100006,Well,Alluvium,41.84909,-94.11548,09/24/2012 08:30:00,GWM,NIT-NO3-NO2,Nitrate + Nitrite (AS N),Total,,,,0.1,mg/l,False,0.1,,,LAC10-107-04-1J,GWMPWS,Actual,GW,Water,,,"[]"
8666065,31250001,Perry 9R,Dallas,07100006,Well,Alluvium,41.84909,-94.11548,09/24/2012 08:30:00,GWM,NIT-AMM,Ammonia-nitrogen (AS N),Total,,,,0.05,mg/l,False,0.05,,,LAC10-107-06-1J,GWMPWS,Actual,GW,Water,,,"[]"
8666065,31250001,Perry 9R,Dallas,07100006,Well,Alluvium,41.84909,-94.11548,09/24/2012 08:30:00,GWM,NIT-KJELD,Kjeldahl nitrogen (AS N),Total,,,,0.1,mg/l,False,0.1,,,LAC10-107-06-2E,GWMPWS,Actual,GW,Water,,,"[]"
8666065,31250001,Perry 9R,Dallas,07100006,Well,Alluvium,41.84909,-94.11548,09/24/2012 08:30:00,GWM,14265-44-2,Orthophosphate (AS P),Dissolved,,,,0.02,mg/l,False,0.02,,,LAC10-115-01-1A,GWMPWS,Actual,GW,Water,,,"[]"
8666065,31250001,Perry 9R,Dallas,07100006,Well,Alluvium,41.84909,-94.11548,09/24/2012 08:30:00,GWM,PHOSP-PHOSP,"Total Phosphorus, mixed forms (AS P)",Total,,,,0.06,mg/l,True,0.02,,,LAC10-115-01-1D,GWMPWS,Actual,GW,Water,,,"[]"
8666065,31250003,Van Meter 3,Dallas,07100006,Well,Alluvium,41.53003,-93.953647,11/07/2016 13:45:00,GWM,NIT-NO3-NO2,Nitrate + Nitrite (AS N),Total,,,,2.3,mg/l,True,0.1,,,LAC10-107-04-1J,GWM,Actual,GW,Water,,,"[]"
8666065,31250003,Van Meter 3,Dallas,07100006,Well,Alluvium,41.53003,-93.953647,11/07/2016 13:45:00,GWM,NIT-AMM,Ammonia-nitrogen (AS N),Total,,,,0.05,mg/l,False,0.05,,,LAC10-107-06-1J,GWM,Actual,GW,Water,,,"[]"
8666065,31250014,Woodward State Hosp. 2,Dallas,07100004,Well,Buried Sand Gravel,41.820810405,-93.9313056594,11/16/2016 10:00:00,GWM,NIT-NO3-NO2,Nitrate + Nitrite (AS N),Total,,,,0.1,mg/l,False,0.1,,,LAC10-107-04-1J,GWM,Actual,GW,Water,,,"[]"
8666065,31250014,Woodward State Hosp. 2,Dallas,07100004,Well,Buried Sand Gravel,41.820810405,-93.9313056594,11/16/2016 10:00:00,GWM,NIT-AMM,Ammonia-nitrogen (AS N),Total,,,,2.9,mg/l,True,0.05,,,LAC10-107-06-1J,GWM,Actual,GW,Water,,,"[]"
8666065,31250001,Perry 9R,Dallas,07100006,Well,Alluvium,41.84909,-94.11548,11/17/2016 08:30:00,GWM,NIT-NO3-NO2,Nitrate + Nitrite (AS N),Total,,,,0.1,mg/l,False,0.1,,,LAC10-107-04-1J,GWM,Actual,GW,Water,,,"[]"
8666065,31250001,Perry 9R,Dallas,07100006,Well,Alluvium,41.84909,-94.11548,11/17/2016 08:30:00,GWM,NIT-AMM,Ammonia-nitrogen (AS N),Total,,,,0.05,mg/l,False,0.05,,,LAC10-107-06-1J,GWM,Actual,GW,Water,,,"[]"
8666065,31250013,Perry 22,Dallas,07100004,Well,Buried Sand Gravel,41.8422800124,-94.0288900193,11/17/2016 09:30:00,GWM,NIT-NO3-NO2,Nitrate + Nitrite (AS N),Total,,,,0.1,mg/l,False,0.1,,,LAC10-107-04-1J,GWM,Actual,GW,Water,,,"[]"
8666065,31250013,Perry 22,Dallas,07100004,Well,Buried Sand Gravel,41.8422800124,-94.0288900193,11/17/2016 09:30:00,GWM,NIT-AMM,Ammonia-nitrogen (AS N),Total,,,,0.8,mg/l,True,0.05,,,LAC10-107-06-1J,GWM,Actual,GW,Water,,,"[]"
8666065,31250002,Adel 3,Dallas,07100006,Well,Alluvium,41.630224,-93.999128,02/09/2017 10:00:00,GWM,NIT-NO3-NO2,Nitrate + Nitrite (AS N),Total,,,,1.3,mg/l,True,0.1,,,LAC10-107-04-1J,GWM,Actual,GW,Water,,,"[]"
8666065,31250002,Adel 3,Dallas,07100006,Well,Alluvium,41.630224,-93.999128,02/09/2017 10:00:00,GWM,NIT-AMM,Ammonia-nitrogen (AS N),Total,,,,1.2,mg/l,True,0.05,,,LAC10-107-06-1J,GWM,Actual,GW,Water,,,"[]"
8666065,31250002,Adel 3,Dallas,07100006,Well,Alluvium,41.630224,-93.999128,11/16/2015 14:00:00,GWM,NIT-NO3-NO2,Nitrate + Nitrite (AS N),Total,,,,2.8,mg/l,True,0.1,,,LAC10-107-04-1J,GWM,Actual,GW,Water,,,"[]"
8666065,31250002,Adel 3,Dallas,07100006,Well,Alluvium,41.630224,-93.999128,11/16/2015 14:00:00,GWM,NIT-AMM,Ammonia-nitrogen (AS N),Total,,,,0.51,mg/l,True,0.05,,,LAC10-107-06-1J,GWM,Actual,GW,Water,,,"[]"
8666065,31250002,Adel 3,Dallas,07100006,Well,Alluvium,41.630224,-93.999128,11/16/2015 14:00:00,GWM,NIT-KJELD,Kjeldahl nitrogen (AS N),Total,,,,0.4,mg/l,True,0.1,,,LAC10-107-06-2E,GWM,Actual,GW,Water,,,"[]"
8666065,31250002,Adel 3,Dallas,07100006,Well,Alluvium,41.630224,-93.999128,11/16/2015 14:00:00,GWM,14265-44-2,Orthophosphate (AS P),Dissolved,,,,0.02,mg/l,True,0.02,,,LAC10-115-01-1A,GWM,Actual,GW,Water,,,"[]"
8666065,31250002,Adel 3,Dallas,07100006,Well,Alluvium,41.630224,-93.999128,11/16/2015 14:00:00,GWM,PHOSP-PHOSP,"Total Phosphorus, mixed forms (AS P)",Total,,,,0.22,mg/l,True,0.02,,,LAC10-115-01-1D,GWM,Actual,GW,Water,,,"[]"
8666065,31250003,Van Meter 3,Dallas,07100006,Well,Alluvium,41.53003,-93.953647,12/09/2015 00:11:00,GWM,NIT-NO3-NO2,Nitrate + Nitrite (AS N),Total,,,,1.7,mg/l,True,0.1,,,LAC10-107-04-1J,GWM,Actual,GW,Water,,,"[]"
8666065,31250003,Van Meter 3,Dallas,07100006,Well,Alluvium,41.53003,-93.953647,12/09/2015 00:11:00,GWM,NIT-AMM,Ammonia-nitrogen (AS N),Total,,,,0.05,mg/l,False,0.05,,,LAC10-107-06-1J,GWM,Actual,GW,Water,,,"[]"
8666065,31250003,Van Meter 3,Dallas,07100006,Well,Alluvium,41.53003,-93.953647,12/09/2015 00:11:00,GWM,NIT-KJELD,Kjeldahl nitrogen (AS N),Total,,,,0.1,mg/l,False,0.1,,,LAC10-107-06-2E,GWM,Actual,GW,Water,,,"[]"
8666065,31250003,Van Meter 3,Dallas,07100006,Well,Alluvium,41.53003,-93.953647,12/09/2015 00:11:00,GWM,14265-44-2,Orthophosphate (AS P),Dissolved,,,,0.03,mg/l,True,0.02,,,LAC10-115-01-1A,GWM,Actual,GW,Water,,,"[]"
8666065,31250003,Van Meter 3,Dallas,07100006,Well,Alluvium,41.53003,-93.953647,12/09/2015 00:11:00,GWM,PHOSP-PHOSP,"Total Phosphorus, mixed forms (AS P)",Total,,,,0.07,mg/l,True,0.02,,,LAC10-115-01-1D,GWM,Actual,GW,Water,,,"[]"
8666065,31250001,Perry 9R,Dallas,07100006,Well,Alluvium,41.84909,-94.11548,03/15/2016 10:45:00,GWM,NIT-NO3-NO2,Nitrate + Nitrite (AS N),Total,,,,0.1,mg/l,False,0.1,,,LAC10-107-04-1J,GWM,Actual,GW,Water,,,"[]"
8666065,31250001,Perry 9R,Dallas,07100006,Well,Alluvium,41.84909,-94.11548,03/15/2016 10:45:00,GWM,NIT-AMM,Ammonia-nitrogen (AS N),Total,,,,0.1,mg/l,True,0.05,,,LAC10-107-06-1J,GWM,Actual,GW,Water,,,"[]"
8666065,31250001,Perry 9R,Dallas,07100006,Well,Alluvium,41.84909,-94.11548,03/15/2016 10:45:00,GWM,NIT-KJELD,Kjeldahl nitrogen (AS N),Total,,,,0.2,mg/l,True,0.1,,,LAC10-107-06-2E,GWM,Actual,GW,Water,,,"[]"
8666065,31250001,Perry 9R,Dallas,07100006,Well,Alluvium,41.84909,-94.11548,03/15/2016 10:45:00,GWM,14265-44-2,Orthophosphate (AS P),Dissolved,,,,0.02,mg/l,False,0.02,,,LAC10-115-01-1A,GWM,Actual,GW,Water,,,"[]"
8666065,31250001,Perry 9R,Dallas,07100006,Well,Alluvium,41.84909,-94.11548,03/15/2016 10:45:00,GWM,PHOSP-PHOSP,"Total Phosphorus, mixed forms (AS P)",Total,,,,0.03,mg/l,True,0.02,,,LAC10-115-01-1D,GWM,Actual,GW,Water,,,"[]"
8666065,31250013,Perry 22,Dallas,07100004,Well,Buried Sand Gravel,41.8422800124,-94.0288900193,03/15/2016 11:30:00,GWM,NIT-NO3-NO2,Nitrate + Nitrite (AS N),Total,,,,0.1,mg/l,False,0.1,,,LAC10-107-04-1J,GWM,Actual,GW,Water,,,"[]"
8666065,31250013,Perry 22,Dallas,07100004,Well,Buried Sand Gravel,41.8422800124,-94.0288900193,03/15/2016 11:30:00,GWM,NIT-AMM,Ammonia-nitrogen (AS N),Total,,,,0.99,mg/l,True,0.05,,,LAC10-107-06-1J,GWM,Actual,GW,Water,,,"[]"
8666065,31250013,Perry 22,Dallas,07100004,Well,Buried Sand Gravel,41.8422800124,-94.0288900193,03/15/2016 11:30:00,GWM,NIT-KJELD,Kjeldahl nitrogen (AS N),Total,,,,0.5,mg/l,True,0.1,,,LAC10-107-06-2E,GWM,Actual,GW,Water,,,"[]"
8666065,31250013,Perry 22,Dallas,07100004,Well,Buried Sand Gravel,41.8422800124,-94.0288900193,03/15/2016 11:30:00,GWM,14265-44-2,Orthophosphate (AS P),Dissolved,,,,0.02,mg/l,False,0.02,,,LAC10-115-01-1A,GWM,Actual,GW,Water,,,"[]"
8666065,31250013,Perry 22,Dallas,07100004,Well,Buried Sand Gravel,41.8422800124,-94.0288900193,03/15/2016 11:30:00,GWM,PHOSP-PHOSP,"Total Phosphorus, mixed forms (AS P)",Total,,,,0.25,mg/l,True,0.02,,,LAC10-115-01-1D,GWM,Actual,GW,Water,,,"[]"
8666065,31250002,Adel 3,Dallas,07100006,Well,Alluvium,41.630224,-93.999128,12/08/2014 10:45:00,GWM,NIT-NO3-NO2,Nitrate + Nitrite (AS N),Total,,,,2.3,mg/l,True,0.1,,,LAC10-107-04-1J,GWM,Actual,GW,Water,,,"[]"
8666065,31250002,Adel 3,Dallas,07100006,Well,Alluvium,41.630224,-93.999128,12/08/2014 10:45:00,GWM,NIT-AMM,Ammonia-nitrogen (AS N),Total,,,,0.65,mg/l,True,0.05,,,LAC10-107-06-1J,GWM,Actual,GW,Water,,,"[]"
8666065,31250002,Adel 3,Dallas,07100006,Well,Alluvium,41.630224,-93.999128,12/08/2014 10:45:00,GWM,NIT-KJELD,Kjeldahl nitrogen (AS N),Total,,,,0.6,mg/l,True,0.1,,,LAC10-107-06-2E,GWM,Actual,GW,Water,,,"[]"
8666065,31250002,Adel 3,Dallas,07100006,Well,Alluvium,41.630224,-93.999128,12/08/2014 10:45:00,GWM,14265-44-2,Orthophosphate (AS P),Dissolved,,,,0.02,mg/l,False,0.02,,,LAC10-115-01-1A,GWM,Actual,GW,Water,,,"[]"
8666065,31250002,Adel 3,Dallas,07100006,Well,Alluvium,41.630224,-93.999128,12/08/2014 10:45:00,GWM,PHOSP-PHOSP,"Total Phosphorus, mixed forms (AS P)",Total,,,,0.14,mg/l,True,0.02,,,LAC10-115-01-1D,GWM,Actual,GW,Water,,,"[]"
8666065,31250001,Perry 9R,Dallas,07100006,Well,Alluvium,41.84909,-94.11548,12/23/2014 12:40:00,GWM,NIT-NO3-NO2,Nitrate + Nitrite (AS N),Total,,,,0.1,mg/l,False,0.1,,,LAC10-107-04-1J,GWM,Actual,GW,Water,,,"[]"
8666065,31250001,Perry 9R,Dallas,07100006,Well,Alluvium,41.84909,-94.11548,12/23/2014 12:40:00,GWM,NIT-AMM,Ammonia-nitrogen (AS N),Total,,,,0.16,mg/l,True,0.05,,,LAC10-107-06-1J,GWM,Actual,GW,Water,,,"[]"
8666065,31250001,Perry 9R,Dallas,07100006,Well,Alluvium,41.84909,-94.11548,12/23/2014 12:40:00,GWM,NIT-KJELD,Kjeldahl nitrogen (AS N),Total,,,,0.2,mg/l,True,0.1,,,LAC10-107-06-2E,GWM,Actual,GW,Water,,,"[]"
8666065,31250001,Perry 9R,Dallas,07100006,Well,Alluvium,41.84909,-94.11548,12/23/2014 12:40:00,GWM,14265-44-2,Orthophosphate (AS P),Dissolved,,,,0.02,mg/l,False,0.02,,,LAC10-115-01-1A,GWM,Actual,GW,Water,,,"[]"
8666065,31250001,Perry 9R,Dallas,07100006,Well,Alluvium,41.84909,-94.11548,12/23/2014 12:40:00,GWM,PHOSP-PHOSP,"Total Phosphorus, mixed forms (AS P)",Total,,,,0.06,mg/l,True,0.02,,,LAC10-115-01-1D,GWM,Actual,GW,Water,,,"[]"
8666065,31250013,Perry 22,Dallas,07100004,Well,Buried Sand Gravel,41.8422800124,-94.0288900193,03/04/2013 15:25:00,GWM,NIT-NO3-NO2,Nitrate + Nitrite (AS N),Total,,,,0.1,mg/l,False,0.1,,,LAC10-107-04-1J,GWM,Actual,GW,Water,,,"[]"
8666065,31250013,Perry 22,Dallas,07100004,Well,Buried Sand Gravel,41.8422800124,-94.0288900193,03/04/2013 15:25:00,GWM,NIT-AMM,Ammonia-nitrogen (AS N),Total,,,,1.1,mg/l,True,0.05,,,LAC10-107-06-1J,GWM,Actual,GW,Water,,,"[]"
8666065,31250013,Perry 22,Dallas,07100004,Well,Buried Sand Gravel,41.8422800124,-94.0288900193,03/04/2013 15:25:00,GWM,NIT-KJELD,Kjeldahl nitrogen (AS N),Total,,,,0.9,mg/l,True,0.1,,,LAC10-107-06-2E,GWM,Actual,GW,Water,,,"[]"
8666065,31250013,Perry 22,Dallas,07100004,Well,Buried Sand Gravel,41.8422800124,-94.0288900193,03/04/2013 15:25:00,GWM,14265-44-2,Orthophosphate (AS P),Dissolved,,,,0.02,mg/l,False,0.02,,,LAC10-115-01-1A,GWM,Actual,GW,Water,,,"[]"
8666065,31250013,Perry 22,Dallas,07100004,Well,Buried Sand Gravel,41.8422800124,-94.0288900193,03/04/2013 15:25:00,GWM,PHOSP-PHOSP,"Total Phosphorus, mixed forms (AS P)",Total,,,,0.15,mg/l,True,0.1,,,LAC10-115-01-1C,GWM,Actual,GW,Water,,,"[]"
8666065,31250003,Van Meter 3,Dallas,07100006,Well,Alluvium,41.53003,-93.953647,03/05/2013 15:10:00,GWM,NIT-NO3-NO2,Nitrate + Nitrite (AS N),Total,,,,1.9,mg/l,True,0.1,,,LAC10-107-04-1J,GWM,Actual,GW,Water,,,"[]"
8666065,31250003,Van Meter 3,Dallas,07100006,Well,Alluvium,41.53003,-93.953647,03/05/2013 15:10:00,GWM,NIT-AMM,Ammonia-nitrogen (AS N),Total,,,,0.05,mg/l,False,0.05,,,LAC10-107-06-1J,GWM,Actual,GW,Water,,,"[]"
8666065,31250003,Van Meter 3,Dallas,07100006,Well,Alluvium,41.53003,-93.953647,03/05/2013 15:10:00,GWM,NIT-KJELD,Kjeldahl nitrogen (AS N),Total,,,,0.1,mg/l,True,0.1,,,LAC10-107-06-2E,GWM,Actual,GW,Water,,,"[]"
8666065,31250003,Van Meter 3,Dallas,07100006,Well,Alluvium,41.53003,-93.953647,03/05/2013 15:10:00,GWM,14265-44-2,Orthophosphate (AS P),Dissolved,,,,0.03,mg/l,True,0.02,,,LAC10-115-01-1A,GWM,Actual,GW,Water,,,"[]"
8666065,31250003,Van Meter 3,Dallas,07100006,Well,Alluvium,41.53003,-93.953647,03/05/2013 15:10:00,GWM,PHOSP-PHOSP,"Total Phosphorus, mixed forms (AS P)",Total,,,,0.04,mg/l,True,0.02,,,LAC10-115-01-1D,GWM,Actual,GW,Water,,,"[]"
8666065,31250002,Adel 3,Dallas,07100006,Well,Alluvium,41.630224,-93.999128,03/05/2013 00:00:00,GWM,NIT-NO3-NO2,Nitrate + Nitrite (AS N),Total,,,,0.61,mg/l,True,0.1,,,LAC10-107-04-1J,GWM,Actual,GW,Water,,,"[]"
8666065,31250002,Adel 3,Dallas,07100006,Well,Alluvium,41.630224,-93.999128,03/05/2013 00:00:00,GWM,NIT-AMM,Ammonia-nitrogen (AS N),Total,,,,0.81,mg/l,True,0.05,,,LAC10-107-06-1J,GWM,Actual,GW,Water,,,"[]"
8666065,31250002,Adel 3,Dallas,07100006,Well,Alluvium,41.630224,-93.999128,03/05/2013 00:00:00,GWM,NIT-KJELD,Kjeldahl nitrogen (AS N),Total,,,,1.1,mg/l,True,0.1,,,LAC10-107-06-2E,GWM,Actual,GW,Water,,,"[]"
8666065,31250002,Adel 3,Dallas,07100006,Well,Alluvium,41.630224,-93.999128,03/05/2013 00:00:00,GWM,14265-44-2,Orthophosphate (AS P),Dissolved,,,,0.1,mg/l,True,0.02,,,LAC10-115-01-1A,GWM,Actual,GW,Water,,,"[]"
8666065,31250002,Adel 3,Dallas,07100006,Well,Alluvium,41.630224,-93.999128,03/05/2013 00:00:00,GWM,PHOSP-PHOSP,"Total Phosphorus, mixed forms (AS P)",Total,,,,0.16,mg/l,True,0.1,,,LAC10-115-01-1C,GWM,Actual,GW,Water,,,"[]"
8666065,31250014,Woodward State Hosp. 2,Dallas,07100004,Well,Buried Sand Gravel,41.820810405,-93.9313056594,03/06/2013 13:25:00,GWM,NIT-NO3-NO2,Nitrate + Nitrite (AS N),Total,,,,0.1,mg/l,False,0.1,,,LAC10-107-04-1J,GWM,Actual,GW,Water,,,"[]"
8666065,31250014,Woodward State Hosp. 2,Dallas,07100004,Well,Buried Sand Gravel,41.820810405,-93.9313056594,03/06/2013 13:25:00,GWM,NIT-AMM,Ammonia-nitrogen (AS N),Total,,,,3.6,mg/l,True,0.05,,,LAC10-107-06-1J,GWM,Actual,GW,Water,,,"[]"
8666065,31250014,Woodward State Hosp. 2,Dallas,07100004,Well,Buried Sand Gravel,41.820810405,-93.9313056594,03/06/2013 13:25:00,GWM,NIT-KJELD,Kjeldahl nitrogen (AS N),Total,,,,3.9,mg/l,True,0.1,,,LAC10-107-06-2E,GWM,Actual,GW,Water,,,"[]"
8666065,31250014,Woodward State Hosp. 2,Dallas,07100004,Well,Buried Sand Gravel,41.820810405,-93.9313056594,03/06/2013 13:25:00,GWM,14265-44-2,Orthophosphate (AS P),Dissolved,,,,0.28,mg/l,True,0.02,,,LAC10-115-01-1A,GWM,Actual,GW,Water,,,"[]"
8666065,31250014,Woodward State Hosp. 2,Dallas,07100004,Well,Buried Sand Gravel,41.820810405,-93.9313056594,03/06/2013 13:25:00,GWM,PHOSP-PHOSP,"Total Phosphorus, mixed forms (AS P)",Total,,,,0.37,mg/l,True,0.1,,,LAC10-115-01-1C,GWM,Actual,GW,Water,,,"[]"
8666065,31250001,Perry 9R,Dallas,07100006,Well,Alluvium,41.84909,-94.11548,03/06/2013 15:15:00,GWM,NIT-NO3-NO2,Nitrate + Nitrite (AS N),Total,,,,0.1,mg/l,False,0.1,,,LAC10-107-04-1J,GWM,Actual,GW,Water,,,"[]"
8666065,31250001,Perry 9R,Dallas,07100006,Well,Alluvium,41.84909,-94.11548,03/06/2013 15:15:00,GWM,NIT-AMM,Ammonia-nitrogen (AS N),Total,,,,0.05,mg/l,False,0.05,,,LAC10-107-06-1J,GWM,Actual,GW,Water,,,"[]"
8666065,31250001,Perry 9R,Dallas,07100006,Well,Alluvium,41.84909,-94.11548,03/06/2013 15:15:00,GWM,NIT-KJELD,Kjeldahl nitrogen (AS N),Total,,,,0.2,mg/l,True,0.1,,,LAC10-107-06-2E,GWM,Actual,GW,Water,,,"[]"
8666065,31250001,Perry 9R,Dallas,07100006,Well,Alluvium,41.84909,-94.11548,03/06/2013 15:15:00,GWM,14265-44-2,Orthophosphate (AS P),Dissolved,,,,0.02,mg/l,True,0.02,,,LAC10-115-01-1A,GWM,Actual,GW,Water,,,"[]"
8666065,31250001,Perry 9R,Dallas,07100006,Well,Alluvium,41.84909,-94.11548,03/06/2013 15:15:00,GWM,PHOSP-PHOSP,"Total Phosphorus, mixed forms (AS P)",Total,,,,0.04,mg/l,True,0.02,,,LAC10-115-01-1D,GWM,Actual,GW,Water,,,"[]"
8666065,31250003,Van Meter 3,Dallas,07100006,Well,Alluvium,41.53003,-93.953647,10/30/2017 13:03:00,GWM,NIT-NO3-NO2,Nitrate + Nitrite (AS N),None,,,,2,mg/l,True,0.1,,,LAC10-107-06-1J,GWM,Actual,GW,Water,,,"[]"
8666065,31250003,Van Meter 3,Dallas,07100006,Well,Alluvium,41.53003,-93.953647,10/30/2017 13:03:00,GWM,NIT-AMM,Ammonia-nitrogen (AS N),None,,,,0.05,mg/l,False,0.05,,,LAC10-107-06-1J,GWM,Actual,GW,Water,,,"[]"
8666065,31250001,Perry 9R,Dallas,07100006,Well,Alluvium,41.84909,-94.11548,11/08/2017 07:00:00,GWM,NIT-AMM,Ammonia-nitrogen (AS N),None,,,,0.14,mg/l,True,0.05,,,LAC10-107-06-1J,GWM,Actual,GW,Water,,,"[]"
8666065,31250001,Perry 9R,Dallas,07100006,Well,Alluvium,41.84909,-94.11548,11/08/2017 07:00:00,GWM,NIT-NO3-NO2,Nitrate + Nitrite (AS N),None,,,,0.1,mg/l,False,0.1,,,LAC10-107-06-1J,GWM,Actual,GW,Water,,,"[]"
8666065,31250002,Adel 3,Dallas,07100006,Well,Alluvium,41.630224,-93.999128,11/28/2017 08:40:00,GWM,NIT-NO3-NO2,Nitrate + Nitrite (AS N),None,,,,0.1,mg/l,False,0.1,,,LAC10-107-06-1J,GWM,Actual,GW,Water,,,"[]"
8666065,31250002,Adel 3,Dallas,07100006,Well,Alluvium,41.630224,-93.999128,11/28/2017 08:40:00,GWM,NIT-AMM,Ammonia-nitrogen (AS N),None,,,,1,mg/l,True,0.05,,,LAC10-107-06-1J,GWM,Actual,GW,Water,,,"[]"
8666065,31250015,Woodward State Hosp.l 1,Dallas,07100004,Well,Buried Sand Gravel,41.8230836535,-93.931381108,12/20/2017 12:05:00,GWM,NIT-AMM,Ammonia-nitrogen (AS N),None,,,,3.1,mg/l,True,0.1,,,LAC10-107-06-1J,GWM,Actual,GW,Water,,,"[]"
8666065,31250015,Woodward State Hosp.l 1,Dallas,07100004,Well,Buried Sand Gravel,41.8230836535,-93.931381108,12/20/2017 12:05:00,GWM,NIT-NO3-NO2,Nitrate + Nitrite (AS N),None,,,,0.1,mg/l,False,0.1,,,LAC10-107-06-1J,GWM,Actual,GW,Water,,,"[]"
8666065,31250003,Van Meter 3,Dallas,07100006,Well,Alluvium,41.53003,-93.953647,11/27/2017 00:00:00,GWM,NIT-NO3-NO2,Nitrate + Nitrite,None,,,,1.01,mg/l,True,0.01,,0.01,353.2,GWM001,,GW,Water,,,"[]"
8666065,31250002,Adel 3,Dallas,07100006,Well,Alluvium,41.630224,-93.999128,11/28/2017 00:00:00,GWM,NIT-NO3-NO2,Nitrate + Nitrite,None,,,,0.03,mg/l,True,0.01,,0.01,353.2,GWM001,,GW,Water,,,"[]"
8666065,31250003,Van Meter 3,Dallas,07100006,Well,Alluvium,41.53003,-93.953647,12/17/2018 09:09:00,GWM,NIT-NO3-NO2,Nitrate + Nitrite (AS N),None,,,,2.2,mg/l,True,0.1,,,LAC10-107-06-1J,GWM,Actual,GW,Water,,,"[]"
8666065,31250003,Van Meter 3,Dallas,07100006,Well,Alluvium,41.53003,-93.953647,12/17/2018 09:09:00,GWM,NIT-AMM,Ammonia-nitrogen (AS N),None,,,,0.05,mg/l,False,0.05,,,LAC10-107-06-1J,GWM,Actual,GW,Water,,,"[]"
8666065,31250003,Van Meter 3,Dallas,07100006,Well,Alluvium,41.53003,-93.953647,12/17/2018 09:09:00,GWM,14265-44-2,Orthophosphate (AS P),Dissolved,,,,0.03,mg/l,True,0.02,,,LAC10-115-01-1A,GWM,Actual,GW,Water,,,"[]"
8666065,31250002,Adel 3,Dallas,07100006,Well,Alluvium,41.630224,-93.999128,01/07/2019 10:35:00,GWM,NIT-NO3-NO2,Nitrate + Nitrite (AS N),None,,,,0.34,mg/l,True,0.1,,,LAC10-107-06-1J,GWM,Actual,GW,Water,,,"[]"
8666065,31250002,Adel 3,Dallas,07100006,Well,Alluvium,41.630224,-93.999128,01/07/2019 10:35:00,GWM,NIT-AMM,Ammonia-nitrogen (AS N),None,,,,1.4,mg/l,True,0.05,,,LAC10-107-06-1J,GWM,Actual,GW,Water,,,"[]"
8666065,31250002,Adel 3,Dallas,07100006,Well,Alluvium,41.630224,-93.999128,01/07/2019 10:35:00,GWM,14265-44-2,Orthophosphate (AS P),Dissolved,,,,0.02,mg/l,False,0.02,,,LAC10-115-01-1A,GWM,Actual,GW,Water,,Sample was not field filtered per method and was filtered for analysis after receipt by the laboratory.,"[]"
8666065,31250001,Perry 9R,Dallas,07100006,Well,Alluvium,41.84909,-94.11548,01/16/2019 09:00:00,GWM,NIT-NO3-NO2,Nitrate + Nitrite (AS N),None,,,,0.1,mg/l,False,0.1,,,LAC10-107-06-1J,GWM,Actual,GW,Water,,,"[]"
8666065,31250001,Perry 9R,Dallas,07100006,Well,Alluvium,41.84909,-94.11548,01/16/2019 09:00:00,GWM,NIT-AMM,Ammonia-nitrogen (AS N),None,,,,0.05,mg/l,False,0.05,,,LAC10-107-06-1J,GWM,Actual,GW,Water,,,"[]"
8666065,31250001,Perry 9R,Dallas,07100006,Well,Alluvium,41.84909,-94.11548,01/16/2019 09:00:00,GWM,14265-44-2,Orthophosphate (AS P),Dissolved,,,,0.02,mg/l,False,0.02,,,LAC10-115-01-1A,GWM,Actual,GW,Water,,Sample was not field filtered per method and was filtered for analysis after receipt by the laboratory.,"[]"
8666065,31250013,Perry 22,Dallas,07100004,Well,Buried Sand Gravel,41.8422800124,-94.0288900193,01/17/2019 09:00:00,GWM,NIT-NO3-NO2,Nitrate + Nitrite (AS N),None,,,,0.1,mg/l,False,0.1,,,LAC10-107-06-1J,GWM,Actual,GW,Water,,,"[]"
8666065,31250013,Perry 22,Dallas,07100004,Well,Buried Sand Gravel,41.8422800124,-94.0288900193,01/17/2019 09:00:00,GWM,NIT-AMM,Ammonia-nitrogen (AS N),None,,,,1,mg/l,True,0.05,,,LAC10-107-06-1J,GWM,Actual,GW,Water,,,"[]"
8666065,31250013,Perry 22,Dallas,07100004,Well,Buried Sand Gravel,41.8422800124,-94.0288900193,01/17/2019 09:00:00,GWM,14265-44-2,Orthophosphate (AS P),Dissolved,,,,0.02,mg/l,False,0.02,,,LAC10-115-01-1A,GWM,Actual,GW,Water,,Sample was not field filtered per method and was filtered for analysis after receipt by the laboratory.,"[]"
8666065,31250002,Adel 3,Dallas,07100006,Well,Alluvium,41.630224,-93.999128,11/21/2019 09:50:00,GWM,NIT-NO3-NO2,Nitrate + Nitrite (AS N),None,,,,0.25,mg/l,True,0.1,,,LAC10-107-06-1J,GWM,Actual,GW,Water,,,"[]"
8666065,31250002,Adel 3,Dallas,07100006,Well,Alluvium,41.630224,-93.999128,11/21/2019 09:50:00,GWM,NIT-AMM,Ammonia-nitrogen (AS N),None,,,,1.2,mg/l,True,0.05,,,LAC10-107-06-1J,GWM,Actual,GW,Water,,,"[]"
8666065,31250001,Perry 9R,Dallas,07100006,Well,Alluvium,41.84909,-94.11548,12/04/2019 08:30:00,GWM,NIT-NO3-NO2,Nitrate + Nitrite (AS N),None,,,,0.1,mg/l,False,0.1,,,LAC10-107-06-1J,GWM,Actual,GW,Water,,,"[]"
8666065,31250001,Perry 9R,Dallas,07100006,Well,Alluvium,41.84909,-94.11548,12/04/2019 08:30:00,GWM,NIT-AMM,Ammonia-nitrogen (AS N),None,,,,0.05,mg/l,False,0.05,,,LAC10-107-06-1J,GWM,Actual,GW,Water,,,"[]"
8666065,31250003,Van Meter 3,Dallas,07100006,Well,Alluvium,41.53003,-93.953647,12/09/2019 08:46:00,GWM,NIT-AMM,Ammonia-nitrogen (AS N),None,,,,0.05,mg/l,False,0.05,,,LAC10-107-06-1J,GWM,Actual,GW,Water,,,"[]"
8666065,31250003,Van Meter 3,Dallas,07100006,Well,Alluvium,41.53003,-93.953647,12/09/2019 08:46:00,GWM,NIT-NO3-NO2,Nitrate + Nitrite (AS N),None,,,,1.9,mg/l,True,0.1,,,LAC10-107-06-1J,GWM,Actual,GW,Water,,,"[]"
8666065,31250003,Van Meter 3,Dallas,07100006,Well,Alluvium,41.53003,-93.953647,03/27/2023 09:30:00,GWM,NIT-NO3-NO2,Nitrate + Nitrite (AS N),Total,,,,1.8,mg/l,True,0.1,,,LAC10-107-04-1J,GWM,Actual,GW,Water,,,"[]"
8666065,31250003,Van Meter 3,Dallas,07100006,Well,Alluvium,41.53003,-93.953647,03/27/2023 09:30:00,GWM,NIT-AMM,Ammonia-nitrogen (AS N),Total,,,,0.1,mg/l,False,0.1,,,LAC10-107-06-1J,GWM,Actual,GW,Water,,,"[]"
8666065,31250001,Perry 9R,Dallas,07100006,Well,Alluvium,41.84909,-94.11548,03/27/2023 11:15:00,GWM,NIT-NO3-NO2,Nitrate + Nitrite (AS N),Total,,,,0.11,mg/l,True,0.1,,,LAC10-107-04-1J,GWM,Actual,GW,Water,,,"[]"
8666065,31250001,Perry 9R,Dallas,07100006,Well,Alluvium,41.84909,-94.11548,03/27/2023 11:15:00,GWM,NIT-AMM,Ammonia-nitrogen (AS N),Total,,,,0.1,mg/l,False,0.1,,,LAC10-107-06-1J,GWM,Actual,GW,Water,,,"[]"
8666065,31250016,Adel 5,Dallas,07100006,Well,Alluvium,41.629752,-94.000891,03/27/2023 10:18:00,GWM,NIT-NO3-NO2,Nitrate + Nitrite (AS N),Total,,,,0.1,mg/l,False,0.1,,,LAC10-107-04-1J,GWM,Actual,GW,Water,,,"[]"
8666065,31250016,Adel 5,Dallas,07100006,Well,Alluvium,41.629752,-94.000891,03/27/2023 10:18:00,GWM,NIT-AMM,Ammonia-nitrogen (AS N),Total,,,,0.18,mg/l,True,0.1,,,LAC10-107-06-1J,GWM,Actual,GW,Water,,,"[]"
8666065,31250003,Van Meter 3,Dallas,07100006,Well,Alluvium,41.53003,-93.953647,02/01/2021 09:37:00,GWM,NIT-AMM,Ammonia-nitrogen (AS N),None,,,,0.05,mg/l,False,0.05,,,LAC10-107-06-1J,GWM,Actual,GW,Water,,,"[]"
8666065,31250003,Van Meter 3,Dallas,07100006,Well,Alluvium,41.53003,-93.953647,02/01/2021 09:37:00,GWM,NIT-NO3-NO2,Nitrate + Nitrite (AS N),None,,,,2.1,mg/l,True,0.1,,,LAC10-107-06-1J,GWM,Actual,GW,Water,,,"[]"
8666065,31250001,Perry 9R,Dallas,07100006,Well,Alluvium,41.84909,-94.11548,02/23/2021 08:30:00,GWM,NIT-NO3-NO2,Nitrate + Nitrite (AS N),None,,,,0.1,mg/l,False,0.1,,,LAC10-107-06-1J,GWM,Actual,GW,Water,,,"[]"
8666065,31250001,Perry 9R,Dallas,07100006,Well,Alluvium,41.84909,-94.11548,02/23/2021 08:30:00,GWM,NIT-AMM,Ammonia-nitrogen (AS N),None,,,,0.08,mg/l,True,0.05,,,LAC10-107-06-1J,GWM,Actual,GW,Water,,,"[]"
8666065,31250002,Adel 3,Dallas,07100006,Well,Alluvium,41.630224,-93.999128,03/29/2021 11:00:00,GWM,NIT-NO3-NO2,Nitrate + Nitrite (AS N),None,,,,0.81,mg/l,True,0.1,,,LAC10-107-06-1J,GWM,Actual,GW,Water,,,"[]"
8666065,31250002,Adel 3,Dallas,07100006,Well,Alluvium,41.630224,-93.999128,03/29/2021 11:00:00,GWM,NIT-AMM,Ammonia-nitrogen (AS N),None,,,,1.7,mg/l,True,0.05,,,LAC10-107-06-1J,GWM,Actual,GW,Water,,,"[]"
