facilityID,siteID,name,county,huc8,type,aquifer,latitude,longitude,sampleDate,projectCode,cas_rn,analyte,fraction,relDepth,sampDepth,sampDepthUnit,result,unit,detect,detectLimit,quantFlag,quantLimit,method,colMethod,resultType,matrix,medium,qualFlag,remark,xParams
8666065,31280001,Manchester 7,Delaware,07060006,Well,Silurian,42.505964,-91.459807,08/09/2002 07:30:00,GWM,NIT-NO3-NO2,Nitrate + Nitrite (AS N),Total,,,,9,mg/l,True,0.1,,,353.2,USGSGWM,Actual,GW,Water,,,"[]"
8666065,31280001,Manchester 7,Delaware,07060006,Well,Silurian,42.505964,-91.459807,08/09/2002 07:30:00,GWM,NIT-AMM,Ammonia-nitrogen (AS N),Total,,,,0.05,mg/l,False,0.05,,,LAC10-107-06-1J,USGSGWM,Actual,GW,Water,,,"[]"
8666065,31280001,Manchester 7,Delaware,07060006,Well,Silurian,42.505964,-91.459807,08/09/2002 07:30:00,GWM,NIT-ORGN,Organic Nitrogen (AS N),Total,,,,0.05,mg/l,False,0.05,,,LAC10-107-06-2E,USGSGWM,Calculated,GW,Water,,,"[]"
8666065,31280001,Manchester 7,Delaware,07060006,Well,Silurian,42.505964,-91.459807,08/09/2002 07:30:00,GWM,14265-44-2,Orthophosphate (AS P),Dissolved,,,,0.05,mg/l,False,0.05,,,LAC10-115-01-1A,USGSGWM,Actual,GW,Water,,,"[]"
8666065,31280001,Manchester 7,Delaware,07060006,Well,Silurian,42.505964,-91.459807,08/09/2002 07:30:00,GWM,PHOSP-PHOSP,"Total Phosphorus, mixed forms (AS P)",Total,,,,0.05,mg/l,False,0.05,,,LAC10-115-01-1C,USGSGWM,Actual,GW,Water,,,"[]"
8666065,31280001,Manchester 7,Delaware,07060006,Well,Silurian,42.505964,-91.459807,08/09/2002 07:30:00,GWM,NIT-KJELD,Kjeldahl nitrogen (AS N),Total,,,,0.05,mg/l,False,0.05,,,PAI DK03,USGSGWM,Actual,GW,Water,,,"[]"
8666065,31280003,Delhi 1,Delaware,07060006,Well,Silurian,42.42939,-91.32987,08/28/2003 15:45:00,GWM,NIT-AMM,Ammonia-nitrogen (AS N),Total,,,,0.05,mg/l,True,0.05,,,350.1,USGSGWM,Actual,GW,Water,,,"[]"
8666065,31280003,Delhi 1,Delaware,07060006,Well,Silurian,42.42939,-91.32987,08/28/2003 15:45:00,GWM,NIT-NO3-NO2,Nitrate + Nitrite (AS N),Total,,,,6,mg/l,True,0.1,,,353.2,USGSGWM,Actual,GW,Water,,,"[]"
8666065,31280003,Delhi 1,Delaware,07060006,Well,Silurian,42.42939,-91.32987,08/28/2003 15:45:00,GWM,14265-44-2,Orthophosphate (AS P),Dissolved,,,,0.02,mg/l,False,0.02,,,365.1,USGSGWM,Actual,GW,Water,,,"[]"
8666065,31280003,Delhi 1,Delaware,07060006,Well,Silurian,42.42939,-91.32987,08/28/2003 15:45:00,GWM,PHOSP-PHOSP,"Total Phosphorus, mixed forms (AS P)",Total,,,,0.02,mg/l,False,0.02,,,365.4,USGSGWM,Actual,GW,Water,,,"[]"
8666065,31280003,Delhi 1,Delaware,07060006,Well,Silurian,42.42939,-91.32987,08/28/2003 15:45:00,GWM,NIT-ORGN,Organic Nitrogen (AS N),Total,,,,0.1,mg/l,True,0.05,,,LAC10-107-06-2E,USGSGWM,Calculated,GW,Water,,,"[]"
8666065,31280003,Delhi 1,Delaware,07060006,Well,Silurian,42.42939,-91.32987,08/28/2003 15:45:00,GWM,NIT-KJELD,Kjeldahl nitrogen (AS N),Total,,,,0.15,mg/l,True,0.05,,,PAI DK03,USGSGWM,Actual,GW,Water,,,"[]"
8666065,31280001,Manchester 7,Delaware,07060006,Well,Silurian,42.505964,-91.459807,09/03/2003 15:50:00,GWM,NIT-AMM,Ammonia-nitrogen (AS N),Total,,,,0.05,mg/l,False,0.05,,,350.1,USGSGWM,Actual,GW,Water,,,"[]"
8666065,31280001,Manchester 7,Delaware,07060006,Well,Silurian,42.505964,-91.459807,09/03/2003 15:50:00,GWM,NIT-NO3-NO2,Nitrate + Nitrite (AS N),Total,,,,12,mg/l,True,0.1,,,353.2,USGSGWM,Actual,GW,Water,,,"[]"
8666065,31280001,Manchester 7,Delaware,07060006,Well,Silurian,42.505964,-91.459807,09/03/2003 15:50:00,GWM,14265-44-2,Orthophosphate (AS P),Dissolved,,,,0.02,mg/l,False,0.02,,,365.1,USGSGWM,Actual,GW,Water,,,"[]"
8666065,31280001,Manchester 7,Delaware,07060006,Well,Silurian,42.505964,-91.459807,09/03/2003 15:50:00,GWM,PHOSP-PHOSP,"Total Phosphorus, mixed forms (AS P)",Total,,,,0.02,mg/l,False,0.02,,,365.4,USGSGWM,Actual,GW,Water,,,"[]"
8666065,31280001,Manchester 7,Delaware,07060006,Well,Silurian,42.505964,-91.459807,09/03/2003 15:50:00,GWM,NIT-ORGN,Organic Nitrogen (AS N),Total,,,,0.05,mg/l,True,0.05,,,LAC10-107-06-2E,USGSGWM,Calculated,GW,Water,,,"[]"
8666065,31280001,Manchester 7,Delaware,07060006,Well,Silurian,42.505964,-91.459807,09/03/2003 15:50:00,GWM,NIT-KJELD,Kjeldahl nitrogen (AS N),Total,,,,0.05,mg/l,True,0.05,,,PAI DK03,USGSGWM,Actual,GW,Water,,,"[]"
8666065,31280001,Manchester 7,Delaware,07060006,Well,Silurian,42.505964,-91.459807,07/12/2004 13:00:00,GWM,NIT-AMM,Ammonia-nitrogen (AS N),Total,,,,0.05,mg/l,False,0.05,,,350.1,USGSGWM,Actual,GW,Water,,,"[]"
8666065,31280001,Manchester 7,Delaware,07060006,Well,Silurian,42.505964,-91.459807,07/12/2004 13:00:00,GWM,NIT-NO3-NO2,Nitrate + Nitrite (AS N),Total,,,,10,mg/l,True,0.05,,,353.2,USGSGWM,Actual,GW,Water,,,"[]"
8666065,31280001,Manchester 7,Delaware,07060006,Well,Silurian,42.505964,-91.459807,07/12/2004 13:00:00,GWM,14265-44-2,Orthophosphate (AS P),Dissolved,,,,0.02,mg/l,True,0.02,,,365.1,USGSGWM,Actual,GW,Water,,,"[]"
8666065,31280001,Manchester 7,Delaware,07060006,Well,Silurian,42.505964,-91.459807,07/12/2004 13:00:00,GWM,PHOSP-PHOSP,"Total Phosphorus, mixed forms (AS P)",Total,,,,0.03,mg/l,True,0.02,,,365.4,USGSGWM,Actual,GW,Water,,,"[]"
8666065,31280001,Manchester 7,Delaware,07060006,Well,Silurian,42.505964,-91.459807,07/12/2004 13:00:00,GWM,NIT-ORGN,Organic Nitrogen,Total,,,,0.05,mg/l,False,0.05,,,LAC10-107-06-2E,USGSGWM,Calculated,GW,Water,,,"[]"
8666065,31280001,Manchester 7,Delaware,07060006,Well,Silurian,42.505964,-91.459807,08/01/2005 12:40:00,GWM,NIT-AMM,Ammonia-nitrogen (AS N),Total,,,,0.05,mg/l,False,0.05,,,350.1,USGSGWM,Actual,GW,Water,,,"[]"
8666065,31280001,Manchester 7,Delaware,07060006,Well,Silurian,42.505964,-91.459807,08/01/2005 12:40:00,GWM,NIT-KJELD,Kjeldahl nitrogen (AS N),Total,,,,0.1,mg/l,False,0.1,,,351.2,USGSGWM,Actual,GW,Water,,,"[]"
8666065,31280001,Manchester 7,Delaware,07060006,Well,Silurian,42.505964,-91.459807,08/01/2005 12:40:00,GWM,NIT-NO3-NO2,Nitrate + Nitrite (AS N),Total,,,,11,mg/l,True,0.05,,,353.2,USGSGWM,Actual,GW,Water,,,"[]"
8666065,31280001,Manchester 7,Delaware,07060006,Well,Silurian,42.505964,-91.459807,08/01/2005 12:40:00,GWM,14265-44-2,Orthophosphate (AS P),Dissolved,,,,0.02,mg/l,False,0.02,,,365.1,USGSGWM,Actual,GW,Water,,,"[]"
8666065,31280001,Manchester 7,Delaware,07060006,Well,Silurian,42.505964,-91.459807,08/01/2005 12:40:00,GWM,PHOSP-PHOSP,"Total Phosphorus, mixed forms (AS P)",Total,,,,0.04,mg/l,True,0.02,,,365.4,USGSGWM,Actual,GW,Water,,,"[]"
8666065,31280001,Manchester 7,Delaware,07060006,Well,Silurian,42.505964,-91.459807,08/01/2005 12:40:00,GWM,NIT-ORGN,Organic Nitrogen,Total,,,,0.1,mg/l,False,0.1,,,LAC10-107-06-2E,USGSGWM,Calculated,GW,Water,,,"[]"
8666065,31280002,Hopkinton 4,Delaware,07060006,Well,Cambrian-Ordovician,42.34414,-91.24604,09/12/2005 10:30:00,GWM,NIT-AMM,Ammonia-nitrogen (AS N),Total,,,,0.7,mg/l,True,0.05,,,350.1,USGSGWM,Actual,GW,Water,,,"[]"
8666065,31280002,Hopkinton 4,Delaware,07060006,Well,Cambrian-Ordovician,42.34414,-91.24604,09/12/2005 10:30:00,GWM,NIT-KJELD,Kjeldahl nitrogen (AS N),Total,,,,0.8,mg/l,True,0.1,,,351.2,USGSGWM,Actual,GW,Water,,,"[]"
8666065,31280002,Hopkinton 4,Delaware,07060006,Well,Cambrian-Ordovician,42.34414,-91.24604,09/12/2005 10:30:00,GWM,NIT-NO3-NO2,Nitrate + Nitrite (AS N),Total,,,,0.05,mg/l,False,0.05,,,353.2,USGSGWM,Actual,GW,Water,,,"[]"
8666065,31280002,Hopkinton 4,Delaware,07060006,Well,Cambrian-Ordovician,42.34414,-91.24604,09/12/2005 10:30:00,GWM,14265-44-2,Orthophosphate (AS P),Dissolved,,,,0.02,mg/l,False,0.02,,,365.1,USGSGWM,Actual,GW,Water,,,"[]"
8666065,31280002,Hopkinton 4,Delaware,07060006,Well,Cambrian-Ordovician,42.34414,-91.24604,09/12/2005 10:30:00,GWM,PHOSP-PHOSP,"Total Phosphorus, mixed forms (AS P)",Total,,,,0.02,mg/l,True,0.02,,,365.4,USGSGWM,Actual,GW,Water,,,"[]"
8666065,31280002,Hopkinton 4,Delaware,07060006,Well,Cambrian-Ordovician,42.34414,-91.24604,09/12/2005 10:30:00,GWM,NIT-ORGN,Organic Nitrogen,Total,,,,0.1,mg/l,True,0.1,,,LAC10-107-06-2E,USGSGWM,Calculated,GW,Water,,,"[]"
8666065,31280001,Manchester 7,Delaware,07060006,Well,Silurian,42.505964,-91.459807,06/15/2006 11:30:00,GWM,NIT-AMM,Ammonia-nitrogen (AS N),Total,,,,0.05,mg/l,False,0.05,,,350.1,USGSGWM,Actual,GW,Water,,,"[]"
8666065,31280001,Manchester 7,Delaware,07060006,Well,Silurian,42.505964,-91.459807,06/15/2006 11:30:00,GWM,NIT-KJELD,Kjeldahl nitrogen (AS N),Total,,,,0.1,mg/l,False,0.1,,,351.2,USGSGWM,Actual,GW,Water,,,"[]"
8666065,31280001,Manchester 7,Delaware,07060006,Well,Silurian,42.505964,-91.459807,06/15/2006 11:30:00,GWM,NIT-NO3-NO2,Nitrate + Nitrite (AS N),Total,,,,9.4,mg/l,True,0.05,,,353.2,USGSGWM,Actual,GW,Water,,,"[]"
8666065,31280001,Manchester 7,Delaware,07060006,Well,Silurian,42.505964,-91.459807,06/15/2006 11:30:00,GWM,14265-44-2,Orthophosphate (AS P),Dissolved,,,,0.02,mg/l,True,0.02,,,365.1,USGSGWM,Actual,GW,Water,,,"[]"
8666065,31280001,Manchester 7,Delaware,07060006,Well,Silurian,42.505964,-91.459807,06/15/2006 11:30:00,GWM,PHOSP-PHOSP,"Total Phosphorus, mixed forms (AS P)",Total,,,,0.04,mg/l,True,0.02,,,365.4,USGSGWM,Actual,GW,Water,,,"[]"
8666065,31280001,Manchester 7,Delaware,07060006,Well,Silurian,42.505964,-91.459807,06/15/2006 11:30:00,GWM,NIT-ORGN,Organic Nitrogen,Total,,,,0.1,mg/l,False,0.1,,,LAC10-107-06-2E,USGSGWM,Calculated,GW,Water,,,"[]"
8666065,31280001,Manchester 7,Delaware,07060006,Well,Silurian,42.505964,-91.459807,08/29/2012 08:35:00,GWM,NIT-NO3-NO2,Nitrate + Nitrite (AS N),Total,,,,8.1,mg/l,True,0.1,,,LAC10-107-04-1J,GWMPWS,Actual,GW,Water,,,"[]"
8666065,31280001,Manchester 7,Delaware,07060006,Well,Silurian,42.505964,-91.459807,08/29/2012 08:35:00,GWM,NIT-AMM,Ammonia-nitrogen (AS N),Total,,,,0.05,mg/l,False,0.05,,,LAC10-107-06-1J,GWMPWS,Actual,GW,Water,,,"[]"
8666065,31280001,Manchester 7,Delaware,07060006,Well,Silurian,42.505964,-91.459807,08/29/2012 08:35:00,GWM,NIT-KJELD,Kjeldahl nitrogen (AS N),Total,,,,0.1,mg/l,False,0.1,,,LAC10-107-06-2E,GWMPWS,Actual,GW,Water,,,"[]"
8666065,31280001,Manchester 7,Delaware,07060006,Well,Silurian,42.505964,-91.459807,08/29/2012 08:35:00,GWM,14265-44-2,Orthophosphate (AS P),Dissolved,,,,0.03,mg/l,True,0.02,,,LAC10-115-01-1A,GWMPWS,Actual,GW,Water,,,"[]"
8666065,31280001,Manchester 7,Delaware,07060006,Well,Silurian,42.505964,-91.459807,08/29/2012 08:35:00,GWM,PHOSP-PHOSP,"Total Phosphorus, mixed forms (AS P)",Total,,,,0.06,mg/l,True,0.02,,,LAC10-115-01-1D,GWMPWS,Actual,GW,Water,,,"[]"
8666065,31280001,Manchester 7,Delaware,07060006,Well,Silurian,42.505964,-91.459807,11/07/2016 13:20:00,GWM,NIT-NO3-NO2,Nitrate + Nitrite (AS N),Total,,,,9.1,mg/l,True,0.1,,,LAC10-107-04-1J,GWM,Actual,GW,Water,,,"[]"
8666065,31280001,Manchester 7,Delaware,07060006,Well,Silurian,42.505964,-91.459807,11/07/2016 13:20:00,GWM,NIT-AMM,Ammonia-nitrogen (AS N),Total,,,,0.05,mg/l,False,0.05,,,LAC10-107-06-1J,GWM,Actual,GW,Water,,,"[]"
8666065,31280001,Manchester 7,Delaware,07060006,Well,Silurian,42.505964,-91.459807,12/14/2015 11:00:00,GWM,NIT-NO3-NO2,Nitrate + Nitrite (AS N),Total,,,,9.1,mg/l,True,0.1,,,LAC10-107-04-1J,GWM,Actual,GW,Water,,,"[]"
8666065,31280001,Manchester 7,Delaware,07060006,Well,Silurian,42.505964,-91.459807,12/14/2015 11:00:00,GWM,NIT-AMM,Ammonia-nitrogen (AS N),Total,,,,0.05,mg/l,False,0.05,,,LAC10-107-06-1J,GWM,Actual,GW,Water,,,"[]"
8666065,31280001,Manchester 7,Delaware,07060006,Well,Silurian,42.505964,-91.459807,12/14/2015 11:00:00,GWM,NIT-KJELD,Kjeldahl nitrogen (AS N),Total,,,,0.1,mg/l,False,0.1,,,LAC10-107-06-2E,GWM,Actual,GW,Water,,,"[]"
8666065,31280001,Manchester 7,Delaware,07060006,Well,Silurian,42.505964,-91.459807,12/14/2015 11:00:00,GWM,14265-44-2,Orthophosphate (AS P),Dissolved,,,,0.02,mg/l,True,0.02,,,LAC10-115-01-1A,GWM,Actual,GW,Water,,,"[]"
8666065,31280001,Manchester 7,Delaware,07060006,Well,Silurian,42.505964,-91.459807,12/14/2015 11:00:00,GWM,PHOSP-PHOSP,"Total Phosphorus, mixed forms (AS P)",Total,,,,0.04,mg/l,True,0.02,,,LAC10-115-01-1D,GWM,Actual,GW,Water,,,"[]"
8666065,31280001,Manchester 7,Delaware,07060006,Well,Silurian,42.505964,-91.459807,02/03/2015 10:10:00,GWM,NIT-NO3-NO2,Nitrate + Nitrite (AS N),Total,,,,8.6,mg/l,True,0.1,,,LAC10-107-04-1J,GWM,Actual,GW,Water,,,"[]"
8666065,31280001,Manchester 7,Delaware,07060006,Well,Silurian,42.505964,-91.459807,02/03/2015 10:10:00,GWM,NIT-AMM,Ammonia-nitrogen (AS N),Total,,,,0.05,mg/l,False,0.05,,,LAC10-107-06-1J,GWM,Actual,GW,Water,,,"[]"
8666065,31280001,Manchester 7,Delaware,07060006,Well,Silurian,42.505964,-91.459807,02/03/2015 10:10:00,GWM,NIT-KJELD,Kjeldahl nitrogen (AS N),Total,,,,0.1,mg/l,True,0.1,,,LAC10-107-06-2E,GWM,Actual,GW,Water,,,"[]"
8666065,31280001,Manchester 7,Delaware,07060006,Well,Silurian,42.505964,-91.459807,02/03/2015 10:10:00,GWM,14265-44-2,Orthophosphate (AS P),Dissolved,,,,0.025,mg/l,True,0.02,,,LAC10-115-01-1A,GWM,Actual,GW,Water,,,"[]"
8666065,31280001,Manchester 7,Delaware,07060006,Well,Silurian,42.505964,-91.459807,02/03/2015 10:10:00,GWM,PHOSP-PHOSP,"Total Phosphorus, mixed forms (AS P)",Total,,,,0.04,mg/l,True,0.02,,,LAC10-115-01-1D,GWM,Actual,GW,Water,,,"[]"
8666065,31280001,Manchester 7,Delaware,07060006,Well,Silurian,42.505964,-91.459807,11/14/2017 10:47:00,GWM,NIT-AMM,Ammonia-nitrogen (AS N),None,,,,0.05,mg/l,False,0.05,,,LAC10-107-06-1J,GWM,Actual,GW,Water,,,"[]"
8666065,31280001,Manchester 7,Delaware,07060006,Well,Silurian,42.505964,-91.459807,11/14/2017 10:47:00,GWM,NIT-NO3-NO2,Nitrate + Nitrite (AS N),None,,,,9,mg/l,True,0.1,,,LAC10-107-06-1J,GWM,Actual,GW,Water,,,"[]"
8666065,30280001,Hatchery Upper Spring,Delaware,07060006,Spring,,42.4717699016,-91.3995959405,11/06/2017 00:00:00,GWM,NIT-NO3-NO2,Nitrate + Nitrite,None,,,,15.82,mg/l,True,0.01,,0.01,353.2,GWM001,,GW,Water,,,"[]"
8666065,31280001,Manchester 7,Delaware,07060006,Well,Silurian,42.505964,-91.459807,01/10/2018 00:00:00,GWM,NIT-NO3-NO2,Nitrate + Nitrite,None,,,,10.4,mg/l,True,0.01,,0.01,353.2,GWM001,,GW,Water,,,"[]"
8666065,31280007,Manchester 8,Delaware,07060006,Well,Silurian-Devonian,42.4781905157,-91.4537873595,01/10/2018 00:00:00,GWM,NIT-NO3-NO2,Nitrate + Nitrite,None,,,,8.74,mg/l,True,0.01,,0.01,353.2,GWM001,,GW,Water,,,"[]"
8666065,31280006,Manchester 6,Delaware,07060006,Well,Silurian-Devonian,42.4763606878,-91.470805104,01/10/2018 00:00:00,GWM,NIT-NO3-NO2,Nitrate + Nitrite,None,,,,15.5,mg/l,True,0.01,,0.01,353.2,GWM001,,GW,Water,,,"[]"
8666065,31280005,Manchester 5,Delaware,07060006,Well,Silurian-Devonian,42.4863025731,-91.4446476963,01/10/2018 00:00:00,GWM,NIT-NO3-NO2,Nitrate + Nitrite,None,,,,13.5,mg/l,True,0.01,,0.01,353.2,GWM001,,GW,Water,,,"[]"
8666065,31280004,Manchester 4,Delaware,07060006,Well,Silurian-Devonian,42.4890426975,-91.4491563378,01/10/2018 00:00:00,GWM,NIT-NO3-NO2,Nitrate + Nitrite,None,,,,10.3,mg/l,True,0.01,,0.01,353.2,GWM001,,GW,Water,,,"[]"
8666065,31280001,Manchester 7,Delaware,07060006,Well,Silurian,42.505964,-91.459807,01/23/2019 11:25:00,GWM,NIT-NO3-NO2,Nitrate + Nitrite (AS N),None,,,,9,mg/l,True,0.1,,,LAC10-107-06-1J,GWM,Actual,GW,Water,,,"[]"
8666065,31280001,Manchester 7,Delaware,07060006,Well,Silurian,42.505964,-91.459807,01/23/2019 11:25:00,GWM,NIT-AMM,Ammonia-nitrogen (AS N),None,,,,0.05,mg/l,False,0.05,,,LAC10-107-06-1J,GWM,Actual,GW,Water,,,"[]"
8666065,31280001,Manchester 7,Delaware,07060006,Well,Silurian,42.505964,-91.459807,01/23/2019 11:25:00,GWM,14265-44-2,Orthophosphate (AS P),Dissolved,,,,0.02,mg/l,True,0.02,,,LAC10-115-01-1A,GWM,Actual,GW,Water,,Sample was not field filtered per method and was filtered for analysis after receipt by the laboratory.,"[]"
8666065,31280001,Manchester 7,Delaware,07060006,Well,Silurian,42.505964,-91.459807,11/26/2019 08:25:00,GWM,NIT-AMM,Ammonia-nitrogen (AS N),None,,,,0.05,mg/l,False,0.05,,,LAC10-107-06-1J,GWM,Actual,GW,Water,,,"[]"
8666065,31280001,Manchester 7,Delaware,07060006,Well,Silurian,42.505964,-91.459807,11/26/2019 08:25:00,GWM,NIT-NO3-NO2,Nitrate + Nitrite (AS N),None,,,,9.4,mg/l,True,0.1,,,LAC10-107-06-1J,GWM,Actual,GW,Water,,,"[]"
8666065,31280001,Manchester 7,Delaware,07060006,Well,Silurian,42.505964,-91.459807,02/22/2023 10:43:00,GWM,NIT-NO3-NO2,Nitrate + Nitrite (AS N),Total,,,,9.2,mg/l,True,0.1,,,LAC10-107-04-1J,GWM,Actual,GW,Water,,,"[]"
8666065,31280001,Manchester 7,Delaware,07060006,Well,Silurian,42.505964,-91.459807,02/22/2023 10:43:00,GWM,NIT-AMM,Ammonia-nitrogen (AS N),Total,,,,0.1,mg/l,False,0.1,,,LAC10-107-06-1J,GWM,Actual,GW,Water,,,"[]"
8666065,31280001,Manchester 7,Delaware,07060006,Well,Silurian,42.505964,-91.459807,02/03/2021 09:01:00,GWM,NIT-AMM,Ammonia-nitrogen (AS N),None,,,,0.05,mg/l,False,0.05,,,LAC10-107-06-1J,GWM,Actual,GW,Water,,,"[]"
8666065,31280001,Manchester 7,Delaware,07060006,Well,Silurian,42.505964,-91.459807,02/03/2021 09:01:00,GWM,NIT-NO3-NO2,Nitrate + Nitrite (AS N),None,,,,9.7,mg/l,True,0.1,,,LAC10-107-06-1J,GWM,Actual,GW,Water,,,"[]"
