facilityID,siteID,name,county,huc8,type,aquifer,latitude,longitude,sampleDate,projectCode,cas_rn,analyte,fraction,relDepth,sampDepth,sampDepthUnit,result,unit,detect,detectLimit,quantFlag,quantLimit,method,colMethod,resultType,matrix,medium,qualFlag,remark,xParams
8666065,31290002,Mediapolis 5,Des Moines,07080104,Well,Mississippian,41.006492,-91.15497,09/16/2002 11:00:00,GWM,NIT-NO3-NO2,Nitrate + Nitrite (AS N),Total,,,,0.1,mg/l,False,0.1,,,353.2,USGSGWM,Actual,GW,Water,,,"[]"
8666065,31290002,Mediapolis 5,Des Moines,07080104,Well,Mississippian,41.006492,-91.15497,09/16/2002 11:00:00,GWM,NIT-AMM,Ammonia-nitrogen (AS N),Total,,,,0.68,mg/l,True,0.05,,,LAC10-107-06-1J,USGSGWM,Actual,GW,Water,,,"[]"
8666065,31290002,Mediapolis 5,Des Moines,07080104,Well,Mississippian,41.006492,-91.15497,09/16/2002 11:00:00,GWM,NIT-ORGN,Organic Nitrogen (AS N),Total,,,,0.37,mg/l,True,0.05,,,LAC10-107-06-2E,USGSGWM,Calculated,GW,Water,,,"[]"
8666065,31290002,Mediapolis 5,Des Moines,07080104,Well,Mississippian,41.006492,-91.15497,09/16/2002 11:00:00,GWM,14265-44-2,Orthophosphate (AS P),Dissolved,,,,0.05,mg/l,False,0.05,,,LAC10-115-01-1A,USGSGWM,Actual,GW,Water,,,"[]"
8666065,31290002,Mediapolis 5,Des Moines,07080104,Well,Mississippian,41.006492,-91.15497,09/16/2002 11:00:00,GWM,PHOSP-PHOSP,"Total Phosphorus, mixed forms (AS P)",Total,,,,0.05,mg/l,True,0.05,,,LAC10-115-01-1C,USGSGWM,Actual,GW,Water,,,"[]"
8666065,31290002,Mediapolis 5,Des Moines,07080104,Well,Mississippian,41.006492,-91.15497,09/16/2002 11:00:00,GWM,NIT-KJELD,Kjeldahl nitrogen (AS N),Total,,,,1,mg/l,True,0.05,,,PAI DK03,USGSGWM,Actual,GW,Water,,,"[]"
8666065,31290001,West Burlington 5,Des Moines,07080104,Well,Cambrian-Ordovician,40.826058,-91.183907,09/09/2005 11:00:00,GWM,NIT-AMM,Ammonia-nitrogen (AS N),Total,,,,1.1,mg/l,True,0.05,,,350.1,USGSGWM,Actual,GW,Water,,,"[]"
8666065,31290001,West Burlington 5,Des Moines,07080104,Well,Cambrian-Ordovician,40.826058,-91.183907,09/09/2005 11:00:00,GWM,NIT-KJELD,Kjeldahl nitrogen (AS N),Total,,,,1.4,mg/l,True,0.1,,,351.2,USGSGWM,Actual,GW,Water,,,"[]"
8666065,31290001,West Burlington 5,Des Moines,07080104,Well,Cambrian-Ordovician,40.826058,-91.183907,09/09/2005 11:00:00,GWM,NIT-NO3-NO2,Nitrate + Nitrite (AS N),Total,,,,0.05,mg/l,False,0.05,,,353.2,USGSGWM,Actual,GW,Water,,,"[]"
8666065,31290001,West Burlington 5,Des Moines,07080104,Well,Cambrian-Ordovician,40.826058,-91.183907,09/09/2005 11:00:00,GWM,14265-44-2,Orthophosphate (AS P),Dissolved,,,,0.02,mg/l,False,0.02,,,365.1,USGSGWM,Actual,GW,Water,,,"[]"
8666065,31290001,West Burlington 5,Des Moines,07080104,Well,Cambrian-Ordovician,40.826058,-91.183907,09/09/2005 11:00:00,GWM,PHOSP-PHOSP,"Total Phosphorus, mixed forms (AS P)",Total,,,,0.03,mg/l,True,0.02,,,365.4,USGSGWM,Actual,GW,Water,,,"[]"
8666065,31290001,West Burlington 5,Des Moines,07080104,Well,Cambrian-Ordovician,40.826058,-91.183907,09/09/2005 11:00:00,GWM,NIT-ORGN,Organic Nitrogen,Total,,,,0.3,mg/l,True,0.1,,,LAC10-107-06-2E,USGSGWM,Calculated,GW,Water,,,"[]"
8666065,31290003,Green Acres Mobile Home Park 2,Des Moines,07080104,Well,Alluvium,40.85325,-91.10882,04/11/2023 13:55:00,GWM,NIT-NO3-NO2,Nitrate + Nitrite (AS N),Total,,,,0.32,mg/l,True,0.1,,,LAC10-107-04-1J,GWM,Actual,GW,Water,,,"[]"
8666065,31290003,Green Acres Mobile Home Park 2,Des Moines,07080104,Well,Alluvium,40.85325,-91.10882,04/11/2023 13:55:00,GWM,NIT-AMM,Ammonia-nitrogen (AS N),Total,,,,0.1,mg/l,False,0.1,,,LAC10-107-06-1J,GWM,Actual,GW,Water,,,"[]"
