facilityID,siteID,name,county,huc8,type,aquifer,latitude,longitude,sampleDate,projectCode,cas_rn,analyte,fraction,relDepth,sampDepth,sampDepthUnit,result,unit,detect,detectLimit,quantFlag,quantLimit,method,colMethod,resultType,matrix,medium,qualFlag,remark,xParams
8666065,31310001,Holy Cross 2,Dubuque,07060003,Well,Ordovician (abv SP),42.600449,-90.998002,08/09/2002 09:15:00,GWM,NIT-NO3-NO2,Nitrate + Nitrite (AS N),Total,,,,0.1,mg/l,False,0.1,,,353.2,USGSGWM,Actual,GW,Water,,,"[]"
8666065,31310001,Holy Cross 2,Dubuque,07060003,Well,Ordovician (abv SP),42.600449,-90.998002,08/09/2002 09:15:00,GWM,NIT-AMM,Ammonia-nitrogen (AS N),Total,,,,0.12,mg/l,True,0.05,,,LAC10-107-06-1J,USGSGWM,Actual,GW,Water,,,"[]"
8666065,31310001,Holy Cross 2,Dubuque,07060003,Well,Ordovician (abv SP),42.600449,-90.998002,08/09/2002 09:15:00,GWM,NIT-ORGN,Organic Nitrogen (AS N),Total,,,,0.07,mg/l,True,0.05,,,LAC10-107-06-2E,USGSGWM,Calculated,GW,Water,,,"[]"
8666065,31310001,Holy Cross 2,Dubuque,07060003,Well,Ordovician (abv SP),42.600449,-90.998002,08/09/2002 09:15:00,GWM,14265-44-2,Orthophosphate (AS P),Dissolved,,,,0.05,mg/l,False,0.05,,,LAC10-115-01-1A,USGSGWM,Actual,GW,Water,,,"[]"
8666065,31310001,Holy Cross 2,Dubuque,07060003,Well,Ordovician (abv SP),42.600449,-90.998002,08/09/2002 09:15:00,GWM,PHOSP-PHOSP,"Total Phosphorus, mixed forms (AS P)",Total,,,,0.05,mg/l,False,0.05,,,LAC10-115-01-1C,USGSGWM,Actual,GW,Water,,,"[]"
8666065,31310001,Holy Cross 2,Dubuque,07060003,Well,Ordovician (abv SP),42.600449,-90.998002,08/09/2002 09:15:00,GWM,NIT-KJELD,Kjeldahl nitrogen (AS N),Total,,,,0.05,mg/l,True,0.05,,,PAI DK03,USGSGWM,Actual,GW,Water,,,"[]"
8666065,31310002,Dubuque 9,Dubuque,07060005,Well,Alluvium,42.52585,-90.64189,08/09/2002 11:15:00,GWM,NIT-NO3-NO2,Nitrate + Nitrite (AS N),Total,,,,0.1,mg/l,False,0.1,,,353.2,USGSGWM,Actual,GW,Water,,,"[]"
8666065,31310002,Dubuque 9,Dubuque,07060005,Well,Alluvium,42.52585,-90.64189,08/09/2002 11:15:00,GWM,NIT-AMM,Ammonia-nitrogen (AS N),Total,,,,0.54,mg/l,True,0.05,,,LAC10-107-06-1J,USGSGWM,Actual,GW,Water,,,"[]"
8666065,31310002,Dubuque 9,Dubuque,07060005,Well,Alluvium,42.52585,-90.64189,08/09/2002 11:15:00,GWM,NIT-ORGN,Organic Nitrogen (AS N),Total,,,,0.31,mg/l,True,0.05,,,LAC10-107-06-2E,USGSGWM,Calculated,GW,Water,,,"[]"
8666065,31310002,Dubuque 9,Dubuque,07060005,Well,Alluvium,42.52585,-90.64189,08/09/2002 11:15:00,GWM,14265-44-2,Orthophosphate (AS P),Dissolved,,,,0.23,mg/l,True,0.05,,,LAC10-115-01-1A,USGSGWM,Actual,GW,Water,,,"[]"
8666065,31310002,Dubuque 9,Dubuque,07060005,Well,Alluvium,42.52585,-90.64189,08/09/2002 11:15:00,GWM,PHOSP-PHOSP,"Total Phosphorus, mixed forms (AS P)",Total,,,,0.47,mg/l,True,0.05,,,LAC10-115-01-1C,USGSGWM,Actual,GW,Water,,,"[]"
8666065,31310002,Dubuque 9,Dubuque,07060005,Well,Alluvium,42.52585,-90.64189,08/09/2002 11:15:00,GWM,NIT-KJELD,Kjeldahl nitrogen (AS N),Total,,,,0.85,mg/l,True,0.05,,,PAI DK03,USGSGWM,Actual,GW,Water,,,"[]"
8666065,31310002,Dubuque 9,Dubuque,07060005,Well,Alluvium,42.52585,-90.64189,08/26/2003 09:30:00,GWM,NIT-AMM,Ammonia-nitrogen (AS N),Total,,,,0.53,mg/l,True,0.05,,,350.1,USGSGWM,Actual,GW,Water,,,"[]"
8666065,31310002,Dubuque 9,Dubuque,07060005,Well,Alluvium,42.52585,-90.64189,08/26/2003 09:30:00,GWM,NIT-NO3-NO2,Nitrate + Nitrite (AS N),Total,,,,0.1,mg/l,False,0.1,,,353.2,USGSGWM,Actual,GW,Water,,,"[]"
8666065,31310002,Dubuque 9,Dubuque,07060005,Well,Alluvium,42.52585,-90.64189,08/26/2003 09:30:00,GWM,14265-44-2,Orthophosphate (AS P),Dissolved,,,,0.06,mg/l,True,0.02,,,365.1,USGSGWM,Actual,GW,Water,,,"[]"
8666065,31310002,Dubuque 9,Dubuque,07060005,Well,Alluvium,42.52585,-90.64189,08/26/2003 09:30:00,GWM,PHOSP-PHOSP,"Total Phosphorus, mixed forms (AS P)",Total,,,,0.46,mg/l,True,0.02,,,365.4,USGSGWM,Actual,GW,Water,,,"[]"
8666065,31310002,Dubuque 9,Dubuque,07060005,Well,Alluvium,42.52585,-90.64189,08/26/2003 09:30:00,GWM,NIT-ORGN,Organic Nitrogen (AS N),Total,,,,0.21,mg/l,True,0.05,,,LAC10-107-06-2E,USGSGWM,Calculated,GW,Water,,,"[]"
8666065,31310002,Dubuque 9,Dubuque,07060005,Well,Alluvium,42.52585,-90.64189,08/26/2003 09:30:00,GWM,NIT-KJELD,Kjeldahl nitrogen (AS N),Total,,,,0.73,mg/l,True,0.05,,,PAI DK03,USGSGWM,Actual,GW,Water,,,"[]"
8666065,31310001,Holy Cross 2,Dubuque,07060003,Well,Ordovician (abv SP),42.600449,-90.998002,08/26/2003 11:05:00,GWM,NIT-AMM,Ammonia-nitrogen (AS N),Total,,,,0.05,mg/l,False,0.05,,,350.1,USGSGWM,Actual,GW,Water,,,"[]"
8666065,31310001,Holy Cross 2,Dubuque,07060003,Well,Ordovician (abv SP),42.600449,-90.998002,08/26/2003 11:05:00,GWM,NIT-NO3-NO2,Nitrate + Nitrite (AS N),Total,,,,0.1,mg/l,False,0.1,,,353.2,USGSGWM,Actual,GW,Water,,,"[]"
8666065,31310001,Holy Cross 2,Dubuque,07060003,Well,Ordovician (abv SP),42.600449,-90.998002,08/26/2003 11:05:00,GWM,14265-44-2,Orthophosphate (AS P),Dissolved,,,,0.02,mg/l,False,0.02,,,365.1,USGSGWM,Actual,GW,Water,,,"[]"
8666065,31310001,Holy Cross 2,Dubuque,07060003,Well,Ordovician (abv SP),42.600449,-90.998002,08/26/2003 11:05:00,GWM,PHOSP-PHOSP,"Total Phosphorus, mixed forms (AS P)",Total,,,,0.02,mg/l,False,0.02,,,365.4,USGSGWM,Actual,GW,Water,,,"[]"
8666065,31310001,Holy Cross 2,Dubuque,07060003,Well,Ordovician (abv SP),42.600449,-90.998002,08/26/2003 11:05:00,GWM,NIT-ORGN,Organic Nitrogen (AS N),Total,,,,0.05,mg/l,True,0.05,,,LAC10-107-06-2E,USGSGWM,Calculated,GW,Water,,,"[]"
8666065,31310001,Holy Cross 2,Dubuque,07060003,Well,Ordovician (abv SP),42.600449,-90.998002,08/26/2003 11:05:00,GWM,NIT-KJELD,Kjeldahl nitrogen (AS N),Total,,,,0.08,mg/l,True,0.05,,,PAI DK03,USGSGWM,Actual,GW,Water,,,"[]"
8666065,31310005,Farley 1,Dubuque,07060003,Well,Silurian,42.443489,-91.00548,09/03/2003 14:00:00,GWM,NIT-AMM,Ammonia-nitrogen (AS N),Total,,,,0.05,mg/l,False,0.05,,,350.1,USGSGWM,Actual,GW,Water,,,"[]"
8666065,31310005,Farley 1,Dubuque,07060003,Well,Silurian,42.443489,-91.00548,09/03/2003 14:00:00,GWM,NIT-NO3-NO2,Nitrate + Nitrite (AS N),Total,,,,5.2,mg/l,True,0.1,,,353.2,USGSGWM,Actual,GW,Water,,,"[]"
8666065,31310005,Farley 1,Dubuque,07060003,Well,Silurian,42.443489,-91.00548,09/03/2003 14:00:00,GWM,14265-44-2,Orthophosphate (AS P),Dissolved,,,,0.02,mg/l,False,0.02,,,365.1,USGSGWM,Actual,GW,Water,,,"[]"
8666065,31310005,Farley 1,Dubuque,07060003,Well,Silurian,42.443489,-91.00548,09/03/2003 14:00:00,GWM,PHOSP-PHOSP,"Total Phosphorus, mixed forms (AS P)",Total,,,,0.02,mg/l,False,0.02,,,365.4,USGSGWM,Actual,GW,Water,,,"[]"
8666065,31310005,Farley 1,Dubuque,07060003,Well,Silurian,42.443489,-91.00548,09/03/2003 14:00:00,GWM,NIT-ORGN,Organic Nitrogen (AS N),Total,,,,0.05,mg/l,True,0.05,,,LAC10-107-06-2E,USGSGWM,Calculated,GW,Water,,,"[]"
8666065,31310005,Farley 1,Dubuque,07060003,Well,Silurian,42.443489,-91.00548,09/03/2003 14:00:00,GWM,NIT-KJELD,Kjeldahl nitrogen (AS N),Total,,,,0.05,mg/l,True,0.05,,,PAI DK03,USGSGWM,Actual,GW,Water,,,"[]"
8666065,31310004,Epworth 2,Dubuque,07060003,Well,Silurian,42.445823,-90.934816,09/03/2003 11:40:00,GWM,NIT-AMM,Ammonia-nitrogen (AS N),Total,,,,0.05,mg/l,False,0.05,,,350.1,USGSGWM,Actual,GW,Water,,,"[]"
8666065,31310004,Epworth 2,Dubuque,07060003,Well,Silurian,42.445823,-90.934816,09/03/2003 11:40:00,GWM,NIT-NO3-NO2,Nitrate + Nitrite (AS N),Total,,,,4,mg/l,True,0.1,,,353.2,USGSGWM,Actual,GW,Water,,,"[]"
8666065,31310004,Epworth 2,Dubuque,07060003,Well,Silurian,42.445823,-90.934816,09/03/2003 11:40:00,GWM,14265-44-2,Orthophosphate (AS P),Dissolved,,,,0.02,mg/l,False,0.02,,,365.1,USGSGWM,Actual,GW,Water,,,"[]"
8666065,31310004,Epworth 2,Dubuque,07060003,Well,Silurian,42.445823,-90.934816,09/03/2003 11:40:00,GWM,PHOSP-PHOSP,"Total Phosphorus, mixed forms (AS P)",Total,,,,0.02,mg/l,False,0.02,,,365.4,USGSGWM,Actual,GW,Water,,,"[]"
8666065,31310004,Epworth 2,Dubuque,07060003,Well,Silurian,42.445823,-90.934816,09/03/2003 11:40:00,GWM,NIT-ORGN,Organic Nitrogen (AS N),Total,,,,0.05,mg/l,False,0.05,,,LAC10-107-06-2E,USGSGWM,Calculated,GW,Water,,,"[]"
8666065,31310004,Epworth 2,Dubuque,07060003,Well,Silurian,42.445823,-90.934816,09/03/2003 11:40:00,GWM,NIT-KJELD,Kjeldahl nitrogen (AS N),Total,,,,0.05,mg/l,False,0.05,,,PAI DK03,USGSGWM,Actual,GW,Water,,,"[]"
8666065,31310003,Dubuque 2,Dubuque,07060005,Well,Alluvium,42.52702,-90.64333,07/12/2004 11:45:00,GWM,NIT-AMM,Ammonia-nitrogen (AS N),Total,,,,0.46,mg/l,True,0.05,,,350.1,USGSGWM,Actual,GW,Water,,,"[]"
8666065,31310003,Dubuque 2,Dubuque,07060005,Well,Alluvium,42.52702,-90.64333,07/12/2004 11:45:00,GWM,NIT-NO3-NO2,Nitrate + Nitrite (AS N),Total,,,,0.44,mg/l,True,0.05,,,353.2,USGSGWM,Actual,GW,Water,,,"[]"
8666065,31310003,Dubuque 2,Dubuque,07060005,Well,Alluvium,42.52702,-90.64333,07/12/2004 11:45:00,GWM,14265-44-2,Orthophosphate (AS P),Dissolved,,,,0.08,mg/l,True,0.02,,,365.1,USGSGWM,Actual,GW,Water,,,"[]"
8666065,31310003,Dubuque 2,Dubuque,07060005,Well,Alluvium,42.52702,-90.64333,07/12/2004 11:45:00,GWM,PHOSP-PHOSP,"Total Phosphorus, mixed forms (AS P)",Total,,,,0.29,mg/l,True,0.02,,,365.4,USGSGWM,Actual,GW,Water,,,"[]"
8666065,31310003,Dubuque 2,Dubuque,07060005,Well,Alluvium,42.52702,-90.64333,07/12/2004 11:45:00,GWM,NIT-ORGN,Organic Nitrogen,Total,,,,0.34,mg/l,True,0.05,,,LAC10-107-06-2E,USGSGWM,Calculated,GW,Water,,,"[]"
8666065,31310002,Dubuque 9,Dubuque,07060005,Well,Alluvium,42.52585,-90.64189,07/12/2004 11:00:00,GWM,NIT-AMM,Ammonia-nitrogen (AS N),Total,,,,0.6,mg/l,True,0.05,,,350.1,USGSGWM,Actual,GW,Water,,,"[]"
8666065,31310002,Dubuque 9,Dubuque,07060005,Well,Alluvium,42.52585,-90.64189,07/12/2004 11:00:00,GWM,NIT-NO3-NO2,Nitrate + Nitrite (AS N),Total,,,,0.05,mg/l,False,0.05,,,353.2,USGSGWM,Actual,GW,Water,,,"[]"
8666065,31310002,Dubuque 9,Dubuque,07060005,Well,Alluvium,42.52585,-90.64189,07/12/2004 11:00:00,GWM,14265-44-2,Orthophosphate (AS P),Dissolved,,,,0.06,mg/l,True,0.02,,,365.1,USGSGWM,Actual,GW,Water,,,"[]"
8666065,31310002,Dubuque 9,Dubuque,07060005,Well,Alluvium,42.52585,-90.64189,07/12/2004 11:00:00,GWM,PHOSP-PHOSP,"Total Phosphorus, mixed forms (AS P)",Total,,,,0.51,mg/l,True,0.05,,,365.4,USGSGWM,Actual,GW,Water,,,"[]"
8666065,31310002,Dubuque 9,Dubuque,07060005,Well,Alluvium,42.52585,-90.64189,07/12/2004 11:00:00,GWM,NIT-ORGN,Organic Nitrogen,Total,,,,0.36,mg/l,True,0.05,,,LAC10-107-06-2E,USGSGWM,Calculated,GW,Water,,,"[]"
8666065,31310001,Holy Cross 2,Dubuque,07060003,Well,Ordovician (abv SP),42.600449,-90.998002,07/12/2004 13:55:00,GWM,NIT-AMM,Ammonia-nitrogen (AS N),Total,,,,0.05,mg/l,False,0.05,,,350.1,USGSGWM,Actual,GW,Water,,,"[]"
8666065,31310001,Holy Cross 2,Dubuque,07060003,Well,Ordovician (abv SP),42.600449,-90.998002,07/12/2004 13:55:00,GWM,NIT-NO3-NO2,Nitrate + Nitrite (AS N),Total,,,,0.05,mg/l,False,0.05,,,353.2,USGSGWM,Actual,GW,Water,,,"[]"
8666065,31310001,Holy Cross 2,Dubuque,07060003,Well,Ordovician (abv SP),42.600449,-90.998002,07/12/2004 13:55:00,GWM,14265-44-2,Orthophosphate (AS P),Dissolved,,,,0.02,mg/l,False,0.02,,,365.1,USGSGWM,Actual,GW,Water,,,"[]"
8666065,31310001,Holy Cross 2,Dubuque,07060003,Well,Ordovician (abv SP),42.600449,-90.998002,07/12/2004 13:55:00,GWM,PHOSP-PHOSP,"Total Phosphorus, mixed forms (AS P)",Total,,,,0.02,mg/l,False,0.02,,,365.4,USGSGWM,Actual,GW,Water,,,"[]"
8666065,31310001,Holy Cross 2,Dubuque,07060003,Well,Ordovician (abv SP),42.600449,-90.998002,07/12/2004 13:55:00,GWM,NIT-ORGN,Organic Nitrogen,Total,,,,0.07,mg/l,True,0.05,,,LAC10-107-06-2E,USGSGWM,Calculated,GW,Water,,,"[]"
8666065,31310001,Holy Cross 2,Dubuque,07060003,Well,Ordovician (abv SP),42.600449,-90.998002,08/02/2005 08:45:00,GWM,NIT-AMM,Ammonia-nitrogen (AS N),Total,,,,0.05,mg/l,False,0.05,,,350.1,USGSGWM,Actual,GW,Water,,,"[]"
8666065,31310001,Holy Cross 2,Dubuque,07060003,Well,Ordovician (abv SP),42.600449,-90.998002,08/02/2005 08:45:00,GWM,NIT-KJELD,Kjeldahl nitrogen (AS N),Total,,,,0.1,mg/l,False,0.1,,,351.2,USGSGWM,Actual,GW,Water,,,"[]"
8666065,31310001,Holy Cross 2,Dubuque,07060003,Well,Ordovician (abv SP),42.600449,-90.998002,08/02/2005 08:45:00,GWM,NIT-NO3-NO2,Nitrate + Nitrite (AS N),Total,,,,0.05,mg/l,False,0.05,,,353.2,USGSGWM,Actual,GW,Water,,,"[]"
8666065,31310001,Holy Cross 2,Dubuque,07060003,Well,Ordovician (abv SP),42.600449,-90.998002,08/02/2005 08:45:00,GWM,14265-44-2,Orthophosphate (AS P),Dissolved,,,,0.02,mg/l,False,0.02,,,365.1,USGSGWM,Actual,GW,Water,,,"[]"
8666065,31310001,Holy Cross 2,Dubuque,07060003,Well,Ordovician (abv SP),42.600449,-90.998002,08/02/2005 08:45:00,GWM,PHOSP-PHOSP,"Total Phosphorus, mixed forms (AS P)",Total,,,,0.02,mg/l,False,0.02,,,365.4,USGSGWM,Actual,GW,Water,,,"[]"
8666065,31310001,Holy Cross 2,Dubuque,07060003,Well,Ordovician (abv SP),42.600449,-90.998002,08/02/2005 08:45:00,GWM,NIT-ORGN,Organic Nitrogen,Total,,,,0.1,mg/l,False,0.1,,,LAC10-107-06-2E,USGSGWM,Calculated,GW,Water,,,"[]"
8666065,31310002,Dubuque 9,Dubuque,07060005,Well,Alluvium,42.52585,-90.64189,08/09/2005 11:30:00,GWM,NIT-AMM,Ammonia-nitrogen (AS N),Total,,,,0.74,mg/l,True,0.05,,,350.1,USGSGWM,Actual,GW,Water,,,"[]"
8666065,31310002,Dubuque 9,Dubuque,07060005,Well,Alluvium,42.52585,-90.64189,08/09/2005 11:30:00,GWM,NIT-KJELD,Kjeldahl nitrogen (AS N),Total,,,,1,mg/l,True,0.1,,,351.2,USGSGWM,Actual,GW,Water,,,"[]"
8666065,31310002,Dubuque 9,Dubuque,07060005,Well,Alluvium,42.52585,-90.64189,08/09/2005 11:30:00,GWM,NIT-NO3-NO2,Nitrate + Nitrite (AS N),Total,,,,0.05,mg/l,False,0.05,,,353.2,USGSGWM,Actual,GW,Water,,,"[]"
8666065,31310002,Dubuque 9,Dubuque,07060005,Well,Alluvium,42.52585,-90.64189,08/09/2005 11:30:00,GWM,14265-44-2,Orthophosphate (AS P),Dissolved,,,,0.07,mg/l,True,0.02,,,365.1,USGSGWM,Actual,GW,Water,,,"[]"
8666065,31310002,Dubuque 9,Dubuque,07060005,Well,Alluvium,42.52585,-90.64189,08/09/2005 11:30:00,GWM,PHOSP-PHOSP,"Total Phosphorus, mixed forms (AS P)",Total,,,,0.48,mg/l,True,0.02,,,365.4,USGSGWM,Actual,GW,Water,,,"[]"
8666065,31310002,Dubuque 9,Dubuque,07060005,Well,Alluvium,42.52585,-90.64189,08/09/2005 11:30:00,GWM,NIT-ORGN,Organic Nitrogen,Total,,,,0.27,mg/l,True,0.1,,,LAC10-107-06-2E,USGSGWM,Calculated,GW,Water,,,"[]"
8666065,31310002,Dubuque 9,Dubuque,07060005,Well,Alluvium,42.52585,-90.64189,06/13/2006 11:45:00,GWM,NIT-AMM,Ammonia-nitrogen (AS N),Total,,,,0.85,mg/l,True,0.05,,,350.1,USGSGWM,Actual,GW,Water,,,"[]"
8666065,31310002,Dubuque 9,Dubuque,07060005,Well,Alluvium,42.52585,-90.64189,06/13/2006 11:45:00,GWM,NIT-KJELD,Kjeldahl nitrogen (AS N),Total,,,,1,mg/l,True,0.1,,,351.2,USGSGWM,Actual,GW,Water,,,"[]"
8666065,31310002,Dubuque 9,Dubuque,07060005,Well,Alluvium,42.52585,-90.64189,06/13/2006 11:45:00,GWM,NIT-NO3-NO2,Nitrate + Nitrite (AS N),Total,,,,0.05,mg/l,False,0.05,,,353.2,USGSGWM,Actual,GW,Water,,,"[]"
8666065,31310002,Dubuque 9,Dubuque,07060005,Well,Alluvium,42.52585,-90.64189,06/13/2006 11:45:00,GWM,14265-44-2,Orthophosphate (AS P),Dissolved,,,,0.03,mg/l,True,0.02,,,365.1,USGSGWM,Actual,GW,Water,,,"[]"
8666065,31310002,Dubuque 9,Dubuque,07060005,Well,Alluvium,42.52585,-90.64189,06/13/2006 11:45:00,GWM,PHOSP-PHOSP,"Total Phosphorus, mixed forms (AS P)",Total,,,,0.47,mg/l,True,0.02,,,365.4,USGSGWM,Actual,GW,Water,,,"[]"
8666065,31310002,Dubuque 9,Dubuque,07060005,Well,Alluvium,42.52585,-90.64189,06/13/2006 11:45:00,GWM,NIT-ORGN,Organic Nitrogen,Total,,,,0.14,mg/l,True,0.1,,,LAC10-107-06-2E,USGSGWM,Calculated,GW,Water,,,"[]"
8666065,31310001,Holy Cross 2,Dubuque,07060003,Well,Ordovician (abv SP),42.600449,-90.998002,06/13/2006 13:30:00,GWM,NIT-AMM,Ammonia-nitrogen (AS N),Total,,,,0.05,mg/l,False,0.05,,,350.1,USGSGWM,Actual,GW,Water,,,"[]"
8666065,31310001,Holy Cross 2,Dubuque,07060003,Well,Ordovician (abv SP),42.600449,-90.998002,06/13/2006 13:30:00,GWM,NIT-KJELD,Kjeldahl nitrogen (AS N),Total,,,,0.1,mg/l,False,0.1,,,351.2,USGSGWM,Actual,GW,Water,,,"[]"
8666065,31310001,Holy Cross 2,Dubuque,07060003,Well,Ordovician (abv SP),42.600449,-90.998002,06/13/2006 13:30:00,GWM,NIT-NO3-NO2,Nitrate + Nitrite (AS N),Total,,,,0.05,mg/l,False,0.05,,,353.2,USGSGWM,Actual,GW,Water,,,"[]"
8666065,31310001,Holy Cross 2,Dubuque,07060003,Well,Ordovician (abv SP),42.600449,-90.998002,06/13/2006 13:30:00,GWM,14265-44-2,Orthophosphate (AS P),Dissolved,,,,0.02,mg/l,False,0.02,,,365.1,USGSGWM,Actual,GW,Water,,,"[]"
8666065,31310001,Holy Cross 2,Dubuque,07060003,Well,Ordovician (abv SP),42.600449,-90.998002,06/13/2006 13:30:00,GWM,PHOSP-PHOSP,"Total Phosphorus, mixed forms (AS P)",Total,,,,0.03,mg/l,True,0.02,,,365.4,USGSGWM,Actual,GW,Water,,,"[]"
8666065,31310001,Holy Cross 2,Dubuque,07060003,Well,Ordovician (abv SP),42.600449,-90.998002,06/13/2006 13:30:00,GWM,NIT-ORGN,Organic Nitrogen,Total,,,,0.1,mg/l,False,0.1,,,LAC10-107-06-2E,USGSGWM,Calculated,GW,Water,,,"[]"
8666065,31310002,Dubuque 9,Dubuque,07060005,Well,Alluvium,42.52585,-90.64189,08/15/2012 07:30:00,GWM,NIT-NO3-NO2,Nitrate + Nitrite (AS N),Total,,,,0.1,mg/l,False,0.1,,,LAC10-107-04-1J,GWMPWS,Actual,GW,Water,,,"[]"
8666065,31310002,Dubuque 9,Dubuque,07060005,Well,Alluvium,42.52585,-90.64189,08/15/2012 07:30:00,GWM,NIT-AMM,Ammonia-nitrogen (AS N),Total,,,,0.87,mg/l,True,0.05,,,LAC10-107-06-1J,GWMPWS,Actual,GW,Water,,,"[]"
8666065,31310002,Dubuque 9,Dubuque,07060005,Well,Alluvium,42.52585,-90.64189,08/15/2012 07:30:00,GWM,NIT-KJELD,Kjeldahl nitrogen (AS N),Total,,,,1.4,mg/l,True,0.1,,,LAC10-107-06-2E,GWMPWS,Actual,GW,Water,,,"[]"
8666065,31310002,Dubuque 9,Dubuque,07060005,Well,Alluvium,42.52585,-90.64189,08/15/2012 07:30:00,GWM,14265-44-2,Orthophosphate (AS P),Dissolved,,,,0.05,mg/l,True,0.02,,,LAC10-115-01-1A,GWMPWS,Actual,GW,Water,,,"[]"
8666065,31310002,Dubuque 9,Dubuque,07060005,Well,Alluvium,42.52585,-90.64189,08/15/2012 07:30:00,GWM,PHOSP-PHOSP,"Total Phosphorus, mixed forms (AS P)",Total,,,,0.5,mg/l,True,0.02,,,LAC10-115-01-1D,GWMPWS,Actual,GW,Water,,,"[]"
8666065,31310001,Holy Cross 2,Dubuque,07060003,Well,Ordovician (abv SP),42.600449,-90.998002,09/17/2012 21:00:00,GWM,NIT-NO3-NO2,Nitrate + Nitrite (AS N),Total,,,,0.1,mg/l,False,0.1,,,LAC10-107-04-1J,GWMPWS,Actual,GW,Water,,,"[]"
8666065,31310001,Holy Cross 2,Dubuque,07060003,Well,Ordovician (abv SP),42.600449,-90.998002,09/17/2012 21:00:00,GWM,NIT-AMM,Ammonia-nitrogen (AS N),Total,,,,0.05,mg/l,False,0.05,,,LAC10-107-06-1J,GWMPWS,Actual,GW,Water,,,"[]"
8666065,31310001,Holy Cross 2,Dubuque,07060003,Well,Ordovician (abv SP),42.600449,-90.998002,09/17/2012 21:00:00,GWM,NIT-KJELD,Kjeldahl nitrogen (AS N),Total,,,,0.1,mg/l,False,0.1,,,LAC10-107-06-2E,GWMPWS,Actual,GW,Water,,,"[]"
8666065,31310001,Holy Cross 2,Dubuque,07060003,Well,Ordovician (abv SP),42.600449,-90.998002,09/17/2012 21:00:00,GWM,14265-44-2,Orthophosphate (AS P),Dissolved,,,,0.52,mg/l,True,0.02,,,LAC10-115-01-1A,GWMPWS,Actual,GW,Water,,,"[]"
8666065,31310001,Holy Cross 2,Dubuque,07060003,Well,Ordovician (abv SP),42.600449,-90.998002,09/17/2012 21:00:00,GWM,PHOSP-PHOSP,"Total Phosphorus, mixed forms (AS P)",Total,,,,1.3,mg/l,True,0.05,,,LAC10-115-01-1C,GWMPWS,Actual,GW,Water,,,"[]"
8666065,31310002,Dubuque 9,Dubuque,07060005,Well,Alluvium,42.52585,-90.64189,11/09/2016 12:50:00,GWM,NIT-NO3-NO2,Nitrate + Nitrite (AS N),Total,,,,0.1,mg/l,False,0.1,,,LAC10-107-04-1J,GWM,Actual,GW,Water,,,"[]"
8666065,31310002,Dubuque 9,Dubuque,07060005,Well,Alluvium,42.52585,-90.64189,11/09/2016 12:50:00,GWM,NIT-AMM,Ammonia-nitrogen (AS N),Total,,,,0.78,mg/l,True,0.05,,,LAC10-107-06-1J,GWM,Actual,GW,Water,,,"[]"
8666065,31310007,New Vienna 4,Dubuque,07060006,Well,Cambrian-Ordovician,42.5411200008,-91.11326,11/10/2016 12:30:00,GWM,NIT-NO3-NO2,Nitrate + Nitrite (AS N),Total,,,,0.1,mg/l,False,0.1,,,LAC10-107-04-1J,GWM,Actual,GW,Water,,,"[]"
8666065,31310007,New Vienna 4,Dubuque,07060006,Well,Cambrian-Ordovician,42.5411200008,-91.11326,11/10/2016 12:30:00,GWM,NIT-AMM,Ammonia-nitrogen (AS N),Total,,,,0.62,mg/l,True,0.05,,,LAC10-107-06-1J,GWM,Actual,GW,Water,,,"[]"
8666065,31310002,Dubuque 9,Dubuque,07060005,Well,Alluvium,42.52585,-90.64189,11/18/2015 09:15:00,GWM,NIT-NO3-NO2,Nitrate + Nitrite (AS N),Total,,,,0.1,mg/l,False,0.1,,,LAC10-107-04-1J,GWM,Actual,GW,Water,,,"[]"
8666065,31310002,Dubuque 9,Dubuque,07060005,Well,Alluvium,42.52585,-90.64189,11/18/2015 09:15:00,GWM,NIT-AMM,Ammonia-nitrogen (AS N),Total,,,,0.7,mg/l,True,0.05,,,LAC10-107-06-1J,GWM,Actual,GW,Water,,,"[]"
8666065,31310002,Dubuque 9,Dubuque,07060005,Well,Alluvium,42.52585,-90.64189,11/18/2015 09:15:00,GWM,NIT-KJELD,Kjeldahl nitrogen (AS N),Total,,,,0.6,mg/l,True,0.1,,,LAC10-107-06-2E,GWM,Actual,GW,Water,,,"[]"
8666065,31310002,Dubuque 9,Dubuque,07060005,Well,Alluvium,42.52585,-90.64189,11/18/2015 09:15:00,GWM,14265-44-2,Orthophosphate (AS P),Dissolved,,,,0.07,mg/l,True,0.02,,,LAC10-115-01-1A,GWM,Actual,GW,Water,,,"[]"
8666065,31310002,Dubuque 9,Dubuque,07060005,Well,Alluvium,42.52585,-90.64189,11/18/2015 09:15:00,GWM,PHOSP-PHOSP,"Total Phosphorus, mixed forms (AS P)",Total,,,,0.51,mg/l,True,0.1,,,LAC10-115-01-1C,GWM,Actual,GW,Water,,,"[]"
8666065,31310002,Dubuque 9,Dubuque,07060005,Well,Alluvium,42.52585,-90.64189,12/09/2014 09:30:00,GWM,NIT-NO3-NO2,Nitrate + Nitrite (AS N),Total,,,,0.1,mg/l,False,0.1,,,LAC10-107-04-1J,GWM,Actual,GW,Water,,,"[]"
8666065,31310002,Dubuque 9,Dubuque,07060005,Well,Alluvium,42.52585,-90.64189,12/09/2014 09:30:00,GWM,NIT-AMM,Ammonia-nitrogen (AS N),Total,,,,0.9,mg/l,True,0.05,,,LAC10-107-06-1J,GWM,Actual,GW,Water,,,"[]"
8666065,31310002,Dubuque 9,Dubuque,07060005,Well,Alluvium,42.52585,-90.64189,12/09/2014 09:30:00,GWM,NIT-KJELD,Kjeldahl nitrogen (AS N),Total,,,,0.1,mg/l,False,0.1,,,LAC10-107-06-2E,GWM,Actual,GW,Water,,,"[]"
8666065,31310002,Dubuque 9,Dubuque,07060005,Well,Alluvium,42.52585,-90.64189,12/09/2014 09:30:00,GWM,14265-44-2,Orthophosphate (AS P),Dissolved,,,,0.036,mg/l,True,0.02,,,LAC10-115-01-1A,GWM,Actual,GW,Water,,,"[]"
8666065,31310002,Dubuque 9,Dubuque,07060005,Well,Alluvium,42.52585,-90.64189,12/09/2014 09:30:00,GWM,PHOSP-PHOSP,"Total Phosphorus, mixed forms (AS P)",Total,,,,0.81,mg/l,True,0.02,,,LAC10-115-01-1D,GWM,Actual,GW,Water,,,"[]"
8666065,31310007,New Vienna 4,Dubuque,07060006,Well,Cambrian-Ordovician,42.5411200008,-91.11326,03/19/2013 16:00:00,GWM,NIT-NO3-NO2,Nitrate + Nitrite (AS N),Total,,,,0.1,mg/l,False,0.1,,,LAC10-107-04-1J,GWM,Actual,GW,Water,,,"[]"
8666065,31310007,New Vienna 4,Dubuque,07060006,Well,Cambrian-Ordovician,42.5411200008,-91.11326,03/19/2013 16:00:00,GWM,NIT-AMM,Ammonia-nitrogen (AS N),Total,,,,0.67,mg/l,True,0.05,,,LAC10-107-06-1J,GWM,Actual,GW,Water,,,"[]"
8666065,31310007,New Vienna 4,Dubuque,07060006,Well,Cambrian-Ordovician,42.5411200008,-91.11326,03/19/2013 16:00:00,GWM,NIT-KJELD,Kjeldahl nitrogen (AS N),Total,,,,0.5,mg/l,True,0.1,,,LAC10-107-06-2E,GWM,Actual,GW,Water,,,"[]"
8666065,31310007,New Vienna 4,Dubuque,07060006,Well,Cambrian-Ordovician,42.5411200008,-91.11326,03/19/2013 16:00:00,GWM,14265-44-2,Orthophosphate (AS P),Dissolved,,,,0.02,mg/l,False,0.02,,,LAC10-115-01-1A,GWM,Actual,GW,Water,,,"[]"
8666065,31310007,New Vienna 4,Dubuque,07060006,Well,Cambrian-Ordovician,42.5411200008,-91.11326,03/19/2013 16:00:00,GWM,PHOSP-PHOSP,"Total Phosphorus, mixed forms (AS P)",Total,,,,0.02,mg/l,False,0.02,,,LAC10-115-01-1D,GWM,Actual,GW,Water,,,"[]"
8666065,31310001,Holy Cross 2,Dubuque,07060003,Well,Ordovician (abv SP),42.600449,-90.998002,12/11/2017 18:30:00,GWM,NIT-AMM,Ammonia-nitrogen (AS N),None,,,,2.9,mg/l,True,0.1,,,LAC10-107-06-1J,GWM,Actual,GW,Water,,,"[]"
8666065,31310001,Holy Cross 2,Dubuque,07060003,Well,Ordovician (abv SP),42.600449,-90.998002,12/11/2017 18:30:00,GWM,NIT-NO3-NO2,Nitrate + Nitrite (AS N),None,,,,0.1,mg/l,False,0.1,,,LAC10-107-06-1J,GWM,Actual,GW,Water,,,"[]"
8666065,31310002,Dubuque 9,Dubuque,07060005,Well,Alluvium,42.52585,-90.64189,12/19/2017 12:40:00,GWM,NIT-AMM,Ammonia-nitrogen (AS N),None,,,,0.8,mg/l,True,0.05,,,LAC10-107-06-1J,GWM,Actual,GW,Water,,,"[]"
8666065,31310002,Dubuque 9,Dubuque,07060005,Well,Alluvium,42.52585,-90.64189,12/19/2017 12:40:00,GWM,NIT-NO3-NO2,Nitrate + Nitrite (AS N),None,,,,0.1,mg/l,False,0.1,,,LAC10-107-06-1J,GWM,Actual,GW,Water,,,"[]"
8666065,31310002,Dubuque 9,Dubuque,07060005,Well,Alluvium,42.52585,-90.64189,02/14/2023 08:00:00,GWM,NIT-NO3-NO2,Nitrate + Nitrite (AS N),Total,,,,0.1,mg/l,False,0.1,,,LAC10-107-04-1J,GWM,Actual,GW,Water,,,"[]"
8666065,31310002,Dubuque 9,Dubuque,07060005,Well,Alluvium,42.52585,-90.64189,02/14/2023 08:00:00,GWM,NIT-AMM,Ammonia-nitrogen (AS N),Total,,,,0.73,mg/l,True,0.1,,,LAC10-107-06-1J,GWM,Actual,GW,Water,,,"[]"
8666065,31310002,Dubuque 9,Dubuque,07060005,Well,Alluvium,42.52585,-90.64189,02/02/2021 11:00:00,GWM,NIT-AMM,Ammonia-nitrogen (AS N),None,,,,0.44,mg/l,True,0.05,,,LAC10-107-06-1J,GWM,Actual,GW,Water,,,"[]"
8666065,31310002,Dubuque 9,Dubuque,07060005,Well,Alluvium,42.52585,-90.64189,02/02/2021 11:00:00,GWM,NIT-NO3-NO2,Nitrate + Nitrite (AS N),None,,,,0.92,mg/l,True,0.1,,,LAC10-107-06-1J,GWM,Actual,GW,Water,,,"[]"
