facilityID,siteID,name,county,huc8,type,aquifer,latitude,longitude,sampleDate,projectCode,cas_rn,analyte,fraction,relDepth,sampDepth,sampDepthUnit,result,unit,detect,detectLimit,quantFlag,quantLimit,method,colMethod,resultType,matrix,medium,qualFlag,remark,xParams
8666065,31320001,Armstrong 7,Emmet,07100003,Well,Buried Sand Gravel,43.39715,-94.48117,08/21/2002 16:00:00,GWM,NIT-NO3-NO2,Nitrate + Nitrite (AS N),Total,,,,0.1,mg/l,False,0.1,,,353.2,USGSGWM,Actual,GW,Water,,,"[]"
8666065,31320001,Armstrong 7,Emmet,07100003,Well,Buried Sand Gravel,43.39715,-94.48117,08/21/2002 16:00:00,GWM,NIT-AMM,Ammonia-nitrogen (AS N),Total,,,,0.93,mg/l,True,0.05,,,LAC10-107-06-1J,USGSGWM,Actual,GW,Water,,,"[]"
8666065,31320001,Armstrong 7,Emmet,07100003,Well,Buried Sand Gravel,43.39715,-94.48117,08/21/2002 16:00:00,GWM,NIT-ORGN,Organic Nitrogen (AS N),Total,,,,0.05,mg/l,False,0.05,,,LAC10-107-06-2E,USGSGWM,Calculated,GW,Water,,,"[]"
8666065,31320001,Armstrong 7,Emmet,07100003,Well,Buried Sand Gravel,43.39715,-94.48117,08/21/2002 16:00:00,GWM,14265-44-2,Orthophosphate (AS P),Dissolved,,,,0.05,mg/l,False,0.05,,,LAC10-115-01-1A,USGSGWM,Actual,GW,Water,,,"[]"
8666065,31320001,Armstrong 7,Emmet,07100003,Well,Buried Sand Gravel,43.39715,-94.48117,08/21/2002 16:00:00,GWM,PHOSP-PHOSP,"Total Phosphorus, mixed forms (AS P)",Total,,,,0.05,mg/l,False,0.05,,,LAC10-115-01-1C,USGSGWM,Actual,GW,Water,,,"[]"
8666065,31320001,Armstrong 7,Emmet,07100003,Well,Buried Sand Gravel,43.39715,-94.48117,08/21/2002 16:00:00,GWM,NIT-KJELD,Kjeldahl nitrogen (AS N),Total,,,,0.89,mg/l,True,0.05,,,PAI DK03,USGSGWM,Actual,GW,Water,,,"[]"
8666065,31320001,Armstrong 7,Emmet,07100003,Well,Buried Sand Gravel,43.39715,-94.48117,07/23/2003 08:20:00,GWM,NIT-AMM,Ammonia-nitrogen (AS N),Total,,,,0.77,mg/l,True,0.05,,,350.1,USGSGWM,Actual,GW,Water,,,"[]"
8666065,31320001,Armstrong 7,Emmet,07100003,Well,Buried Sand Gravel,43.39715,-94.48117,07/23/2003 08:20:00,GWM,NIT-NO3-NO2,Nitrate + Nitrite (AS N),Total,,,,0.1,mg/l,False,0.1,,,353.2,USGSGWM,Actual,GW,Water,,,"[]"
8666065,31320001,Armstrong 7,Emmet,07100003,Well,Buried Sand Gravel,43.39715,-94.48117,07/23/2003 08:20:00,GWM,14265-44-2,Orthophosphate (AS P),Dissolved,,,,0.02,mg/l,False,0.02,,,365.1,USGSGWM,Actual,GW,Water,,,"[]"
8666065,31320001,Armstrong 7,Emmet,07100003,Well,Buried Sand Gravel,43.39715,-94.48117,07/23/2003 08:20:00,GWM,PHOSP-PHOSP,"Total Phosphorus, mixed forms (AS P)",Total,,,,0.04,mg/l,True,0.02,,,365.4,USGSGWM,Actual,GW,Water,,,"[]"
8666065,31320001,Armstrong 7,Emmet,07100003,Well,Buried Sand Gravel,43.39715,-94.48117,07/23/2003 08:20:00,GWM,NIT-ORGN,Organic Nitrogen (AS N),Total,,,,0.53,mg/l,True,0.05,,,LAC10-107-06-2E,USGSGWM,Calculated,GW,Water,,,"[]"
8666065,31320001,Armstrong 7,Emmet,07100003,Well,Buried Sand Gravel,43.39715,-94.48117,07/23/2003 08:20:00,GWM,NIT-KJELD,Kjeldahl nitrogen (AS N),Total,,,,1.3,mg/l,True,0.05,,,PAI DK03,USGSGWM,Actual,GW,Water,,,"[]"
8666065,31320001,Armstrong 7,Emmet,07100003,Well,Buried Sand Gravel,43.39715,-94.48117,06/30/2004 09:10:00,GWM,NIT-AMM,Ammonia-nitrogen (AS N),Total,,,,0.65,mg/l,True,0.05,,,350.1,USGSGWM,Actual,GW,Water,,,"[]"
8666065,31320001,Armstrong 7,Emmet,07100003,Well,Buried Sand Gravel,43.39715,-94.48117,06/30/2004 09:10:00,GWM,NIT-NO3-NO2,Nitrate + Nitrite (AS N),Total,,,,0.05,mg/l,False,0.05,,,353.2,USGSGWM,Actual,GW,Water,,,"[]"
8666065,31320001,Armstrong 7,Emmet,07100003,Well,Buried Sand Gravel,43.39715,-94.48117,06/30/2004 09:10:00,GWM,14265-44-2,Orthophosphate (AS P),Dissolved,,,,0.02,mg/l,False,0.02,,,365.1,USGSGWM,Actual,GW,Water,,,"[]"
8666065,31320001,Armstrong 7,Emmet,07100003,Well,Buried Sand Gravel,43.39715,-94.48117,06/30/2004 09:10:00,GWM,PHOSP-PHOSP,"Total Phosphorus, mixed forms (AS P)",Total,,,,0.04,mg/l,True,0.02,,,365.4,USGSGWM,Actual,GW,Water,,,"[]"
8666065,31320001,Armstrong 7,Emmet,07100003,Well,Buried Sand Gravel,43.39715,-94.48117,06/30/2004 09:10:00,GWM,NIT-ORGN,Organic Nitrogen,Total,,,,0.41,mg/l,True,0.05,,,LAC10-107-06-2E,USGSGWM,Calculated,GW,Water,,,"[]"
8666065,31320001,Armstrong 7,Emmet,07100003,Well,Buried Sand Gravel,43.39715,-94.48117,07/13/2005 13:30:00,GWM,NIT-AMM,Ammonia-nitrogen (AS N),Total,,,,0.71,mg/l,True,0.05,,,350.1,USGSGWM,Actual,GW,Water,,,"[]"
8666065,31320001,Armstrong 7,Emmet,07100003,Well,Buried Sand Gravel,43.39715,-94.48117,07/13/2005 13:30:00,GWM,NIT-KJELD,Kjeldahl nitrogen (AS N),Total,,,,0.96,mg/l,True,0.1,,,351.2,USGSGWM,Actual,GW,Water,,,"[]"
8666065,31320001,Armstrong 7,Emmet,07100003,Well,Buried Sand Gravel,43.39715,-94.48117,07/13/2005 13:30:00,GWM,NIT-NO3-NO2,Nitrate + Nitrite (AS N),Total,,,,0.05,mg/l,False,0.05,,,353.2,USGSGWM,Actual,GW,Water,,,"[]"
8666065,31320001,Armstrong 7,Emmet,07100003,Well,Buried Sand Gravel,43.39715,-94.48117,07/13/2005 13:30:00,GWM,14265-44-2,Orthophosphate (AS P),Dissolved,,,,0.02,mg/l,False,0.02,,,365.1,USGSGWM,Actual,GW,Water,,,"[]"
8666065,31320001,Armstrong 7,Emmet,07100003,Well,Buried Sand Gravel,43.39715,-94.48117,07/13/2005 13:30:00,GWM,PHOSP-PHOSP,"Total Phosphorus, mixed forms (AS P)",Total,,,,0.07,mg/l,True,0.02,,,365.4,USGSGWM,Actual,GW,Water,,,"[]"
8666065,31320001,Armstrong 7,Emmet,07100003,Well,Buried Sand Gravel,43.39715,-94.48117,07/13/2005 13:30:00,GWM,NIT-ORGN,Organic Nitrogen,Total,,,,0.25,mg/l,True,0.05,,,LAC10-107-06-2E,USGSGWM,Calculated,GW,Water,,,"[]"
8666065,31320002,Estherville 10,Emmet,07100002,Well,Cambrian-Ordovician,43.39388,-94.83342,07/12/2005 16:40:00,GWM,NIT-AMM,Ammonia-nitrogen (AS N),Total,,,,0.98,mg/l,True,0.05,,,350.1,USGSGWM,Actual,GW,Water,,,"[]"
8666065,31320002,Estherville 10,Emmet,07100002,Well,Cambrian-Ordovician,43.39388,-94.83342,07/12/2005 16:40:00,GWM,NIT-KJELD,Kjeldahl nitrogen (AS N),Total,,,,1.3,mg/l,True,0.1,,,351.2,USGSGWM,Actual,GW,Water,,,"[]"
8666065,31320002,Estherville 10,Emmet,07100002,Well,Cambrian-Ordovician,43.39388,-94.83342,07/12/2005 16:40:00,GWM,NIT-NO3-NO2,Nitrate + Nitrite (AS N),Total,,,,0.05,mg/l,False,0.05,,,353.2,USGSGWM,Actual,GW,Water,,,"[]"
8666065,31320002,Estherville 10,Emmet,07100002,Well,Cambrian-Ordovician,43.39388,-94.83342,07/12/2005 16:40:00,GWM,14265-44-2,Orthophosphate (AS P),Dissolved,,,,0.02,mg/l,False,0.02,,,365.1,USGSGWM,Actual,GW,Water,,,"[]"
8666065,31320002,Estherville 10,Emmet,07100002,Well,Cambrian-Ordovician,43.39388,-94.83342,07/12/2005 16:40:00,GWM,PHOSP-PHOSP,"Total Phosphorus, mixed forms (AS P)",Total,,,,0.1,mg/l,True,0.02,,,365.4,USGSGWM,Actual,GW,Water,,,"[]"
8666065,31320002,Estherville 10,Emmet,07100002,Well,Cambrian-Ordovician,43.39388,-94.83342,07/12/2005 16:40:00,GWM,NIT-ORGN,Organic Nitrogen,Total,,,,0.32,mg/l,True,0.1,,,LAC10-107-06-2E,USGSGWM,Calculated,GW,Water,,,"[]"
8666065,31320003,Wallingford 4,Emmet,07100002,Well,Buried Sand Gravel,43.31999,-94.79353,06/21/2006 10:20:00,GWM,NIT-AMM,Ammonia-nitrogen (AS N),Total,,,,1.2,mg/l,True,0.05,,,350.1,USGSGWM,Actual,GW,Water,,,"[]"
8666065,31320003,Wallingford 4,Emmet,07100002,Well,Buried Sand Gravel,43.31999,-94.79353,06/21/2006 10:20:00,GWM,NIT-KJELD,Kjeldahl nitrogen (AS N),Total,,,,1.4,mg/l,True,0.1,,,351.2,USGSGWM,Actual,GW,Water,,,"[]"
8666065,31320003,Wallingford 4,Emmet,07100002,Well,Buried Sand Gravel,43.31999,-94.79353,06/21/2006 10:20:00,GWM,NIT-NO3-NO2,Nitrate + Nitrite (AS N),Total,,,,0.05,mg/l,False,0.05,,,353.2,USGSGWM,Actual,GW,Water,,,"[]"
8666065,31320003,Wallingford 4,Emmet,07100002,Well,Buried Sand Gravel,43.31999,-94.79353,06/21/2006 10:20:00,GWM,14265-44-2,Orthophosphate (AS P),Dissolved,,,,0.02,mg/l,False,0.02,,,365.1,USGSGWM,Actual,GW,Water,,,"[]"
8666065,31320003,Wallingford 4,Emmet,07100002,Well,Buried Sand Gravel,43.31999,-94.79353,06/21/2006 10:20:00,GWM,PHOSP-PHOSP,"Total Phosphorus, mixed forms (AS P)",Total,,,,0.03,mg/l,True,0.02,,,365.4,USGSGWM,Actual,GW,Water,,,"[]"
8666065,31320003,Wallingford 4,Emmet,07100002,Well,Buried Sand Gravel,43.31999,-94.79353,06/21/2006 10:20:00,GWM,NIT-ORGN,Organic Nitrogen,Total,,,,0.7,mg/l,True,0.1,,,LAC10-107-06-2E,USGSGWM,Calculated,GW,Water,,,"[]"
8666065,31320001,Armstrong 7,Emmet,07100003,Well,Buried Sand Gravel,43.39715,-94.48117,06/21/2006 12:30:00,GWM,NIT-AMM,Ammonia-nitrogen (AS N),Total,,,,0.79,mg/l,True,0.05,,,350.1,USGSGWM,Actual,GW,Water,,,"[]"
8666065,31320001,Armstrong 7,Emmet,07100003,Well,Buried Sand Gravel,43.39715,-94.48117,06/21/2006 12:30:00,GWM,NIT-KJELD,Kjeldahl nitrogen (AS N),Total,,,,1.1,mg/l,True,0.1,,,351.2,USGSGWM,Actual,GW,Water,,,"[]"
8666065,31320001,Armstrong 7,Emmet,07100003,Well,Buried Sand Gravel,43.39715,-94.48117,06/21/2006 12:30:00,GWM,NIT-NO3-NO2,Nitrate + Nitrite (AS N),Total,,,,0.05,mg/l,False,0.05,,,353.2,USGSGWM,Actual,GW,Water,,,"[]"
8666065,31320001,Armstrong 7,Emmet,07100003,Well,Buried Sand Gravel,43.39715,-94.48117,06/21/2006 12:30:00,GWM,14265-44-2,Orthophosphate (AS P),Dissolved,,,,0.02,mg/l,False,0.02,,,365.1,USGSGWM,Actual,GW,Water,,,"[]"
8666065,31320001,Armstrong 7,Emmet,07100003,Well,Buried Sand Gravel,43.39715,-94.48117,06/21/2006 12:30:00,GWM,PHOSP-PHOSP,"Total Phosphorus, mixed forms (AS P)",Total,,,,0.05,mg/l,True,0.02,,,365.4,USGSGWM,Actual,GW,Water,,,"[]"
8666065,31320001,Armstrong 7,Emmet,07100003,Well,Buried Sand Gravel,43.39715,-94.48117,06/21/2006 12:30:00,GWM,NIT-ORGN,Organic Nitrogen,Total,,,,0.4,mg/l,True,0.1,,,LAC10-107-06-2E,USGSGWM,Calculated,GW,Water,,,"[]"
8666065,31320001,Armstrong 7,Emmet,07100003,Well,Buried Sand Gravel,43.39715,-94.48117,08/21/2012 09:35:00,GWM,NIT-NO3-NO2,Nitrate + Nitrite (AS N),Total,,,,0.1,mg/l,False,0.1,,,LAC10-107-04-1J,GWMPWS,Actual,GW,Water,,,"[]"
8666065,31320001,Armstrong 7,Emmet,07100003,Well,Buried Sand Gravel,43.39715,-94.48117,08/21/2012 09:35:00,GWM,NIT-AMM,Ammonia-nitrogen (AS N),Total,,,,0.92,mg/l,True,0.05,,,LAC10-107-06-1J,GWMPWS,Actual,GW,Water,,,"[]"
8666065,31320001,Armstrong 7,Emmet,07100003,Well,Buried Sand Gravel,43.39715,-94.48117,08/21/2012 09:35:00,GWM,NIT-KJELD,Kjeldahl nitrogen (AS N),Total,,,,1.2,mg/l,True,0.1,,,LAC10-107-06-2E,GWMPWS,Actual,GW,Water,,,"[]"
8666065,31320001,Armstrong 7,Emmet,07100003,Well,Buried Sand Gravel,43.39715,-94.48117,08/21/2012 09:35:00,GWM,14265-44-2,Orthophosphate (AS P),Dissolved,,,,0.02,mg/l,False,0.02,,,LAC10-115-01-1A,GWMPWS,Actual,GW,Water,,,"[]"
8666065,31320001,Armstrong 7,Emmet,07100003,Well,Buried Sand Gravel,43.39715,-94.48117,08/21/2012 09:35:00,GWM,PHOSP-PHOSP,"Total Phosphorus, mixed forms (AS P)",Total,,,,0.04,mg/l,True,0.02,,,LAC10-115-01-1D,GWMPWS,Actual,GW,Water,,,"[]"
8666065,31320001,Armstrong 7,Emmet,07100003,Well,Buried Sand Gravel,43.39715,-94.48117,02/06/2018 08:00:00,GWM,NIT-AMM,Ammonia-nitrogen (AS N),None,,,,1,mg/l,True,0.25,,,LAC10-107-06-1J,GWM,Actual,GW,Water,,,"[]"
8666065,31320001,Armstrong 7,Emmet,07100003,Well,Buried Sand Gravel,43.39715,-94.48117,02/06/2018 08:00:00,GWM,NIT-NO3-NO2,Nitrate + Nitrite (AS N),None,,,,0.2,mg/l,False,0.2,,,LAC10-107-06-1J,GWM,Actual,GW,Water,,,"[]"
8666065,31320004,Ringsted 5,Emmet,07100003,Well,Dakota,43.296232,-94.50982,02/15/2021 07:50:00,GWM,NIT-NO3-NO2,Nitrate + Nitrite (AS N),None,,,,0.1,mg/l,False,0.1,,,LAC10-107-06-1J,GWM,Actual,GW,Water,,,"[]"
8666065,31320004,Ringsted 5,Emmet,07100003,Well,Dakota,43.296232,-94.50982,02/15/2021 07:50:00,GWM,NIT-AMM,Ammonia-nitrogen (AS N),None,,,,0.77,mg/l,True,0.05,,,LAC10-107-06-1J,GWM,Actual,GW,Water,,,"[]"
8666065,31320004,Ringsted 5,Emmet,07100003,Well,Dakota,43.296232,-94.50982,02/15/2021 07:50:00,GWM,14265-44-2,Orthophosphate (AS P),Dissolved,,,,0.02,mg/l,False,0.02,,,LAC10-115-01-1A,GWM,Actual,GW,Water,,,"[]"
