facilityID,siteID,name,county,huc8,type,aquifer,latitude,longitude,sampleDate,projectCode,cas_rn,analyte,fraction,relDepth,sampDepth,sampDepthUnit,result,unit,detect,detectLimit,quantFlag,quantLimit,method,colMethod,resultType,matrix,medium,qualFlag,remark,xParams
8666065,31330001,Elgin 2,Fayette,07060004,Well,Ordovician,42.954403,-91.640911,08/07/2002 08:15:00,GWM,NIT-NO3-NO2,Nitrate + Nitrite (AS N),Total,,,,5,mg/l,True,0.1,,,353.2,USGSGWM,Actual,GW,Water,,,"[]"
8666065,31330001,Elgin 2,Fayette,07060004,Well,Ordovician,42.954403,-91.640911,08/07/2002 08:15:00,GWM,NIT-AMM,Ammonia-nitrogen (AS N),Total,,,,0.05,mg/l,False,0.05,,,LAC10-107-06-1J,USGSGWM,Actual,GW,Water,,,"[]"
8666065,31330001,Elgin 2,Fayette,07060004,Well,Ordovician,42.954403,-91.640911,08/07/2002 08:15:00,GWM,NIT-ORGN,Organic Nitrogen (AS N),Total,,,,0.05,mg/l,False,0.05,,,LAC10-107-06-2E,USGSGWM,Calculated,GW,Water,,,"[]"
8666065,31330001,Elgin 2,Fayette,07060004,Well,Ordovician,42.954403,-91.640911,08/07/2002 08:15:00,GWM,14265-44-2,Orthophosphate (AS P),Dissolved,,,,0.05,mg/l,False,0.05,,,LAC10-115-01-1A,USGSGWM,Actual,GW,Water,,,"[]"
8666065,31330001,Elgin 2,Fayette,07060004,Well,Ordovician,42.954403,-91.640911,08/07/2002 08:15:00,GWM,PHOSP-PHOSP,"Total Phosphorus, mixed forms (AS P)",Total,,,,0.05,mg/l,False,0.05,,,LAC10-115-01-1C,USGSGWM,Actual,GW,Water,,,"[]"
8666065,31330001,Elgin 2,Fayette,07060004,Well,Ordovician,42.954403,-91.640911,08/07/2002 08:15:00,GWM,NIT-KJELD,Kjeldahl nitrogen (AS N),Total,,,,0.05,mg/l,False,0.05,,,PAI DK03,USGSGWM,Actual,GW,Water,,,"[]"
8666065,31330001,Elgin 2,Fayette,07060004,Well,Ordovician,42.954403,-91.640911,08/25/2003 13:30:00,GWM,NIT-AMM,Ammonia-nitrogen (AS N),Total,,,,0.05,mg/l,False,0.05,,,350.1,USGSGWM,Actual,GW,Water,,,"[]"
8666065,31330001,Elgin 2,Fayette,07060004,Well,Ordovician,42.954403,-91.640911,08/25/2003 13:30:00,GWM,NIT-NO3-NO2,Nitrate + Nitrite (AS N),Total,,,,5.9,mg/l,True,0.1,,,353.2,USGSGWM,Actual,GW,Water,,,"[]"
8666065,31330001,Elgin 2,Fayette,07060004,Well,Ordovician,42.954403,-91.640911,08/25/2003 13:30:00,GWM,14265-44-2,Orthophosphate (AS P),Dissolved,,,,0.02,mg/l,False,0.02,,,365.1,USGSGWM,Actual,GW,Water,,,"[]"
8666065,31330001,Elgin 2,Fayette,07060004,Well,Ordovician,42.954403,-91.640911,08/25/2003 13:30:00,GWM,PHOSP-PHOSP,"Total Phosphorus, mixed forms (AS P)",Total,,,,0.02,mg/l,False,0.02,,,365.4,USGSGWM,Actual,GW,Water,,,"[]"
8666065,31330001,Elgin 2,Fayette,07060004,Well,Ordovician,42.954403,-91.640911,08/25/2003 13:30:00,GWM,NIT-ORGN,Organic Nitrogen (AS N),Total,,,,0.11,mg/l,True,0.05,,,LAC10-107-06-2E,USGSGWM,Calculated,GW,Water,,,"[]"
8666065,31330001,Elgin 2,Fayette,07060004,Well,Ordovician,42.954403,-91.640911,08/25/2003 13:30:00,GWM,NIT-KJELD,Kjeldahl nitrogen (AS N),Total,,,,0.11,mg/l,True,0.05,,,PAI DK03,USGSGWM,Actual,GW,Water,,,"[]"
8666065,31330001,Elgin 2,Fayette,07060004,Well,Ordovician,42.954403,-91.640911,07/13/2004 07:50:00,GWM,NIT-AMM,Ammonia-nitrogen (AS N),Total,,,,0.05,mg/l,False,0.05,,,350.1,USGSGWM,Actual,GW,Water,,,"[]"
8666065,31330001,Elgin 2,Fayette,07060004,Well,Ordovician,42.954403,-91.640911,07/13/2004 07:50:00,GWM,NIT-NO3-NO2,Nitrate + Nitrite (AS N),Total,,,,4.7,mg/l,True,0.05,,,353.2,USGSGWM,Actual,GW,Water,,,"[]"
8666065,31330001,Elgin 2,Fayette,07060004,Well,Ordovician,42.954403,-91.640911,07/13/2004 07:50:00,GWM,14265-44-2,Orthophosphate (AS P),Dissolved,,,,0.02,mg/l,True,0.02,,,365.1,USGSGWM,Actual,GW,Water,,,"[]"
8666065,31330001,Elgin 2,Fayette,07060004,Well,Ordovician,42.954403,-91.640911,07/13/2004 07:50:00,GWM,PHOSP-PHOSP,"Total Phosphorus, mixed forms (AS P)",Total,,,,0.02,mg/l,False,0.02,,,365.4,USGSGWM,Actual,GW,Water,,,"[]"
8666065,31330001,Elgin 2,Fayette,07060004,Well,Ordovician,42.954403,-91.640911,07/13/2004 07:50:00,GWM,NIT-ORGN,Organic Nitrogen,Total,,,,0.06,mg/l,True,0.05,,,LAC10-107-06-2E,USGSGWM,Calculated,GW,Water,,,"[]"
8666065,31330001,Elgin 2,Fayette,07060004,Well,Ordovician,42.954403,-91.640911,08/02/2005 14:05:00,GWM,NIT-AMM,Ammonia-nitrogen (AS N),Total,,,,0.05,mg/l,False,0.05,,,350.1,USGSGWM,Actual,GW,Water,,,"[]"
8666065,31330001,Elgin 2,Fayette,07060004,Well,Ordovician,42.954403,-91.640911,08/02/2005 14:05:00,GWM,NIT-KJELD,Kjeldahl nitrogen (AS N),Total,,,,0.1,mg/l,False,0.1,,,351.2,USGSGWM,Actual,GW,Water,,,"[]"
8666065,31330001,Elgin 2,Fayette,07060004,Well,Ordovician,42.954403,-91.640911,08/02/2005 14:05:00,GWM,NIT-NO3-NO2,Nitrate + Nitrite (AS N),Total,,,,6.2,mg/l,True,0.05,,,353.2,USGSGWM,Actual,GW,Water,,,"[]"
8666065,31330001,Elgin 2,Fayette,07060004,Well,Ordovician,42.954403,-91.640911,08/02/2005 14:05:00,GWM,14265-44-2,Orthophosphate (AS P),Dissolved,,,,0.02,mg/l,False,0.02,,,365.1,USGSGWM,Actual,GW,Water,,,"[]"
8666065,31330001,Elgin 2,Fayette,07060004,Well,Ordovician,42.954403,-91.640911,08/02/2005 14:05:00,GWM,PHOSP-PHOSP,"Total Phosphorus, mixed forms (AS P)",Total,,,,0.03,mg/l,True,0.02,,,365.4,USGSGWM,Actual,GW,Water,,,"[]"
8666065,31330001,Elgin 2,Fayette,07060004,Well,Ordovician,42.954403,-91.640911,08/02/2005 14:05:00,GWM,NIT-ORGN,Organic Nitrogen,Total,,,,0.1,mg/l,False,0.1,,,LAC10-107-06-2E,USGSGWM,Calculated,GW,Water,,,"[]"
8666065,31330002,Elgin 1,Fayette,07060004,Well,Ordovician,42.954469,-91.640902,08/16/2005 14:30:00,GWM,NIT-AMM,Ammonia-nitrogen (AS N),Total,,,,0.05,mg/l,False,0.05,,,350.1,USGSGWM,Actual,GW,Water,,,"[]"
8666065,31330002,Elgin 1,Fayette,07060004,Well,Ordovician,42.954469,-91.640902,08/16/2005 14:30:00,GWM,NIT-KJELD,Kjeldahl nitrogen (AS N),Total,,,,0.1,mg/l,False,0.1,,,351.2,USGSGWM,Actual,GW,Water,,,"[]"
8666065,31330002,Elgin 1,Fayette,07060004,Well,Ordovician,42.954469,-91.640902,08/16/2005 14:30:00,GWM,NIT-NO3-NO2,Nitrate + Nitrite (AS N),Total,,,,6.4,mg/l,True,0.05,,,353.2,USGSGWM,Actual,GW,Water,,,"[]"
8666065,31330002,Elgin 1,Fayette,07060004,Well,Ordovician,42.954469,-91.640902,08/16/2005 14:30:00,GWM,14265-44-2,Orthophosphate (AS P),Dissolved,,,,0.02,mg/l,False,0.02,,,365.1,USGSGWM,Actual,GW,Water,,,"[]"
8666065,31330002,Elgin 1,Fayette,07060004,Well,Ordovician,42.954469,-91.640902,08/16/2005 14:30:00,GWM,PHOSP-PHOSP,"Total Phosphorus, mixed forms (AS P)",Total,,,,0.02,mg/l,True,0.02,,,365.4,USGSGWM,Actual,GW,Water,,,"[]"
8666065,31330002,Elgin 1,Fayette,07060004,Well,Ordovician,42.954469,-91.640902,08/16/2005 14:30:00,GWM,NIT-ORGN,Organic Nitrogen,Total,,,,0.1,mg/l,False,0.1,,,LAC10-107-06-2E,USGSGWM,Calculated,GW,Water,,,"[]"
8666065,31330003,Oelwein 42,Fayette,07080102,Well,Cambrian-Ordovician,42.68172,-91.90942,08/29/2005 09:00:00,GWM,NIT-AMM,Ammonia-nitrogen (AS N),Total,,,,0.42,mg/l,True,0.05,,,350.1,USGSGWM,Actual,GW,Water,,,"[]"
8666065,31330003,Oelwein 42,Fayette,07080102,Well,Cambrian-Ordovician,42.68172,-91.90942,08/29/2005 09:00:00,GWM,NIT-KJELD,Kjeldahl nitrogen (AS N),Total,,,,0.53,mg/l,True,0.1,,,351.2,USGSGWM,Actual,GW,Water,,,"[]"
8666065,31330003,Oelwein 42,Fayette,07080102,Well,Cambrian-Ordovician,42.68172,-91.90942,08/29/2005 09:00:00,GWM,NIT-NO3-NO2,Nitrate + Nitrite (AS N),Total,,,,0.05,mg/l,False,0.05,,,353.2,USGSGWM,Actual,GW,Water,,,"[]"
8666065,31330003,Oelwein 42,Fayette,07080102,Well,Cambrian-Ordovician,42.68172,-91.90942,08/29/2005 09:00:00,GWM,14265-44-2,Orthophosphate (AS P),Dissolved,,,,0.02,mg/l,False,0.02,,,365.1,USGSGWM,Actual,GW,Water,,,"[]"
8666065,31330003,Oelwein 42,Fayette,07080102,Well,Cambrian-Ordovician,42.68172,-91.90942,08/29/2005 09:00:00,GWM,PHOSP-PHOSP,"Total Phosphorus, mixed forms (AS P)",Total,,,,0.03,mg/l,True,0.02,,,365.4,USGSGWM,Actual,GW,Water,,,"[]"
8666065,31330003,Oelwein 42,Fayette,07080102,Well,Cambrian-Ordovician,42.68172,-91.90942,08/29/2005 09:00:00,GWM,NIT-ORGN,Organic Nitrogen,Total,,,,0.11,mg/l,True,0.1,,,LAC10-107-06-2E,USGSGWM,Calculated,GW,Water,,,"[]"
8666065,31330001,Elgin 2,Fayette,07060004,Well,Ordovician,42.954403,-91.640911,06/14/2006 09:30:00,GWM,NIT-AMM,Ammonia-nitrogen (AS N),Total,,,,0.05,mg/l,False,0.05,,,350.1,USGSGWM,Actual,GW,Water,,,"[]"
8666065,31330001,Elgin 2,Fayette,07060004,Well,Ordovician,42.954403,-91.640911,06/14/2006 09:30:00,GWM,NIT-KJELD,Kjeldahl nitrogen (AS N),Total,,,,0.1,mg/l,False,0.1,,,351.2,USGSGWM,Actual,GW,Water,,,"[]"
8666065,31330001,Elgin 2,Fayette,07060004,Well,Ordovician,42.954403,-91.640911,06/14/2006 09:30:00,GWM,NIT-NO3-NO2,Nitrate + Nitrite (AS N),Total,,,,4.7,mg/l,True,0.05,,,353.2,USGSGWM,Actual,GW,Water,,,"[]"
8666065,31330001,Elgin 2,Fayette,07060004,Well,Ordovician,42.954403,-91.640911,06/14/2006 09:30:00,GWM,14265-44-2,Orthophosphate (AS P),Dissolved,,,,0.02,mg/l,False,0.02,,,365.1,USGSGWM,Actual,GW,Water,,,"[]"
8666065,31330001,Elgin 2,Fayette,07060004,Well,Ordovician,42.954403,-91.640911,06/14/2006 09:30:00,GWM,PHOSP-PHOSP,"Total Phosphorus, mixed forms (AS P)",Total,,,,0.05,mg/l,True,0.02,,,365.4,USGSGWM,Actual,GW,Water,,,"[]"
8666065,31330001,Elgin 2,Fayette,07060004,Well,Ordovician,42.954403,-91.640911,06/14/2006 09:30:00,GWM,NIT-ORGN,Organic Nitrogen,Total,,,,0.1,mg/l,False,0.1,,,LAC10-107-06-2E,USGSGWM,Calculated,GW,Water,,,"[]"
8666065,31330004,Hawkeye 2,Fayette,07060004,Well,Buried Sand Gravel,42.935226,-91.948748,08/15/2006 11:00:00,GWM,NIT-AMM,Ammonia-nitrogen (AS N),Total,,,,0.05,mg/l,False,0.05,,,350.1,USGSGWM,Actual,GW,Water,,,"[]"
8666065,31330004,Hawkeye 2,Fayette,07060004,Well,Buried Sand Gravel,42.935226,-91.948748,08/15/2006 11:00:00,GWM,NIT-KJELD,Kjeldahl nitrogen (AS N),Total,,,,0.1,mg/l,False,0.1,,,351.2,USGSGWM,Actual,GW,Water,,,"[]"
8666065,31330004,Hawkeye 2,Fayette,07060004,Well,Buried Sand Gravel,42.935226,-91.948748,08/15/2006 11:00:00,GWM,NIT-NO3-NO2,Nitrate + Nitrite (AS N),Total,,,,0.29,mg/l,True,0.05,,,353.2,USGSGWM,Actual,GW,Water,,,"[]"
8666065,31330004,Hawkeye 2,Fayette,07060004,Well,Buried Sand Gravel,42.935226,-91.948748,08/15/2006 11:00:00,GWM,14265-44-2,Orthophosphate (AS P),Dissolved,,,,0.02,mg/l,False,0.02,,,365.1,USGSGWM,Actual,GW,Water,,,"[]"
8666065,31330004,Hawkeye 2,Fayette,07060004,Well,Buried Sand Gravel,42.935226,-91.948748,08/15/2006 11:00:00,GWM,PHOSP-PHOSP,"Total Phosphorus, mixed forms (AS P)",Total,,,,0.02,mg/l,False,0.02,,,365.4,USGSGWM,Actual,GW,Water,,,"[]"
8666065,31330004,Hawkeye 2,Fayette,07060004,Well,Buried Sand Gravel,42.935226,-91.948748,08/15/2006 11:00:00,GWM,NIT-ORGN,Organic Nitrogen,Total,,,,0.1,mg/l,False,0.1,,,LAC10-107-06-2E,USGSGWM,Calculated,GW,Water,,,"[]"
8666065,31330001,Elgin 2,Fayette,07060004,Well,Ordovician,42.954403,-91.640911,09/05/2012 09:53:00,GWM,NIT-NO3-NO2,Nitrate + Nitrite (AS N),Total,,,,5.8,mg/l,True,0.1,,,LAC10-107-04-1J,GWMPWS,Actual,GW,Water,,,"[]"
8666065,31330001,Elgin 2,Fayette,07060004,Well,Ordovician,42.954403,-91.640911,09/05/2012 09:53:00,GWM,NIT-AMM,Ammonia-nitrogen (AS N),Total,,,,0.05,mg/l,False,0.05,,,LAC10-107-06-1J,GWMPWS,Actual,GW,Water,,,"[]"
8666065,31330001,Elgin 2,Fayette,07060004,Well,Ordovician,42.954403,-91.640911,09/05/2012 09:53:00,GWM,NIT-KJELD,Kjeldahl nitrogen (AS N),Total,,,,0.1,mg/l,False,0.1,,,LAC10-107-06-2E,GWMPWS,Actual,GW,Water,,,"[]"
8666065,31330001,Elgin 2,Fayette,07060004,Well,Ordovician,42.954403,-91.640911,09/05/2012 09:53:00,GWM,14265-44-2,Orthophosphate (AS P),Dissolved,,,,0.02,mg/l,True,0.02,,,LAC10-115-01-1A,GWMPWS,Actual,GW,Water,,,"[]"
8666065,31330001,Elgin 2,Fayette,07060004,Well,Ordovician,42.954403,-91.640911,09/05/2012 09:53:00,GWM,PHOSP-PHOSP,"Total Phosphorus, mixed forms (AS P)",Total,,,,0.08,mg/l,True,0.02,,,LAC10-115-01-1D,GWMPWS,Actual,GW,Water,,,"[]"
8666065,31330001,Elgin 2,Fayette,07060004,Well,Ordovician,42.954403,-91.640911,11/16/2016 08:10:00,GWM,NIT-NO3-NO2,Nitrate + Nitrite (AS N),Total,,,,4.6,mg/l,True,0.1,,,LAC10-107-04-1J,GWM,Actual,GW,Water,,,"[]"
8666065,31330001,Elgin 2,Fayette,07060004,Well,Ordovician,42.954403,-91.640911,11/16/2016 08:10:00,GWM,NIT-AMM,Ammonia-nitrogen (AS N),Total,,,,0.05,mg/l,False,0.05,,,LAC10-107-06-1J,GWM,Actual,GW,Water,,,"[]"
8666065,31330001,Elgin 2,Fayette,07060004,Well,Ordovician,42.954403,-91.640911,12/14/2015 11:15:00,GWM,NIT-NO3-NO2,Nitrate + Nitrite (AS N),Total,,,,6.3,mg/l,True,0.1,,,LAC10-107-04-1J,GWM,Actual,GW,Water,,,"[]"
8666065,31330001,Elgin 2,Fayette,07060004,Well,Ordovician,42.954403,-91.640911,12/14/2015 11:15:00,GWM,NIT-AMM,Ammonia-nitrogen (AS N),Total,,,,0.05,mg/l,False,0.05,,,LAC10-107-06-1J,GWM,Actual,GW,Water,,,"[]"
8666065,31330001,Elgin 2,Fayette,07060004,Well,Ordovician,42.954403,-91.640911,12/14/2015 11:15:00,GWM,NIT-KJELD,Kjeldahl nitrogen (AS N),Total,,,,0.1,mg/l,False,0.1,,,LAC10-107-06-2E,GWM,Actual,GW,Water,,,"[]"
8666065,31330001,Elgin 2,Fayette,07060004,Well,Ordovician,42.954403,-91.640911,12/14/2015 11:15:00,GWM,14265-44-2,Orthophosphate (AS P),Dissolved,,,,0.02,mg/l,False,0.02,,,LAC10-115-01-1A,GWM,Actual,GW,Water,,,"[]"
8666065,31330001,Elgin 2,Fayette,07060004,Well,Ordovician,42.954403,-91.640911,12/14/2015 11:15:00,GWM,PHOSP-PHOSP,"Total Phosphorus, mixed forms (AS P)",Total,,,,0.04,mg/l,True,0.02,,,LAC10-115-01-1D,GWM,Actual,GW,Water,,,"[]"
8666065,31330001,Elgin 2,Fayette,07060004,Well,Ordovician,42.954403,-91.640911,03/02/2015 09:25:00,GWM,14265-44-2,Orthophosphate (AS P),Dissolved,,,,0.02,mg/l,False,0.02,,,4500-P-E,GWM,Actual,GW,Water,,,"[]"
8666065,31330001,Elgin 2,Fayette,07060004,Well,Ordovician,42.954403,-91.640911,03/02/2015 09:25:00,GWM,NIT-NO3-NO2,Nitrate + Nitrite (AS N),Total,,,,6.3,mg/l,True,0.1,,,LAC10-107-04-1J,GWM,Actual,GW,Water,,,"[]"
8666065,31330001,Elgin 2,Fayette,07060004,Well,Ordovician,42.954403,-91.640911,03/02/2015 09:25:00,GWM,NIT-AMM,Ammonia-nitrogen (AS N),Total,,,,0.05,mg/l,False,0.05,,,LAC10-107-06-1J,GWM,Actual,GW,Water,,,"[]"
8666065,31330001,Elgin 2,Fayette,07060004,Well,Ordovician,42.954403,-91.640911,03/02/2015 09:25:00,GWM,NIT-KJELD,Kjeldahl nitrogen (AS N),Total,,,,0.2,mg/l,True,0.1,,,LAC10-107-06-2E,GWM,Actual,GW,Water,,,"[]"
8666065,31330001,Elgin 2,Fayette,07060004,Well,Ordovician,42.954403,-91.640911,03/02/2015 09:25:00,GWM,PHOSP-PHOSP,"Total Phosphorus, mixed forms (AS P)",Total,,,,0.03,mg/l,True,0.02,,,LAC10-115-01-1D,GWM,Actual,GW,Water,,,"[]"
8666065,31330001,Elgin 2,Fayette,07060004,Well,Ordovician,42.954403,-91.640911,04/10/2013 13:15:00,GWM,NIT-NO3-NO2,Nitrate + Nitrite (AS N),Total,,,,4.8,mg/l,True,0.1,,,LAC10-107-04-1J,GWM,Actual,GW,Water,,,"[]"
8666065,31330001,Elgin 2,Fayette,07060004,Well,Ordovician,42.954403,-91.640911,04/10/2013 13:15:00,GWM,NIT-AMM,Ammonia-nitrogen (AS N),Total,,,,0.05,mg/l,False,0.05,,,LAC10-107-06-1J,GWM,Actual,GW,Water,,,"[]"
8666065,31330001,Elgin 2,Fayette,07060004,Well,Ordovician,42.954403,-91.640911,04/10/2013 13:15:00,GWM,NIT-KJELD,Kjeldahl nitrogen (AS N),Total,,,,0.1,mg/l,False,0.1,,,LAC10-107-06-2E,GWM,Actual,GW,Water,,,"[]"
8666065,31330001,Elgin 2,Fayette,07060004,Well,Ordovician,42.954403,-91.640911,04/10/2013 13:15:00,GWM,14265-44-2,Orthophosphate (AS P),Dissolved,,,,0.02,mg/l,False,0.02,,,LAC10-115-01-1A,GWM,Actual,GW,Water,,,"[]"
8666065,31330001,Elgin 2,Fayette,07060004,Well,Ordovician,42.954403,-91.640911,04/10/2013 13:15:00,GWM,PHOSP-PHOSP,"Total Phosphorus, mixed forms (AS P)",Total,,,,0.03,mg/l,True,0.02,,,LAC10-115-01-1D,GWM,Actual,GW,Water,,,"[]"
8666065,31330001,Elgin 2,Fayette,07060004,Well,Ordovician,42.954403,-91.640911,01/22/2018 10:45:00,GWM,NIT-NO3-NO2,Nitrate + Nitrite (AS N),None,,,,5.1,mg/l,True,0.1,,,LAC10-107-06-1J,GWM,Actual,GW,Water,,,"[]"
8666065,31330001,Elgin 2,Fayette,07060004,Well,Ordovician,42.954403,-91.640911,01/22/2018 10:45:00,GWM,NIT-AMM,Ammonia-nitrogen (AS N),None,,,,0.05,mg/l,False,0.05,,,LAC10-107-06-1J,GWM,Actual,GW,Water,,,"[]"
8666065,31330001,Elgin 2,Fayette,07060004,Well,Ordovician,42.954403,-91.640911,01/22/2018 00:00:00,GWM,NIT-NO3-NO2,Nitrate + Nitrite,None,,,,6.5,mg/l,True,0.01,,0.01,353.2,GWM001,,GW,Water,,,"[]"
8666065,31330001,Elgin 2,Fayette,07060004,Well,Ordovician,42.954403,-91.640911,01/29/2019 13:00:00,GWM,NIT-NO3-NO2,Nitrate + Nitrite (AS N),None,,,,3.2,mg/l,True,0.1,,,LAC10-107-06-1J,GWM,Actual,GW,Water,,Sample was received partially or completely frozen.,"[]"
8666065,31330001,Elgin 2,Fayette,07060004,Well,Ordovician,42.954403,-91.640911,01/29/2019 13:00:00,GWM,NIT-AMM,Ammonia-nitrogen (AS N),None,,,,0.05,mg/l,False,0.05,,,LAC10-107-06-1J,GWM,Actual,GW,Water,,Sample was received partially or completely frozen.,"[]"
8666065,31330001,Elgin 2,Fayette,07060004,Well,Ordovician,42.954403,-91.640911,01/29/2019 13:00:00,GWM,14265-44-2,Orthophosphate (AS P),Dissolved,,,,0.02,mg/l,False,0.02,,,LAC10-115-01-1A,GWM,Actual,GW,Water,,Sample was received partially or completely frozen. Sample was not field filtered per method and was filtered for analysis after receipt by the laboratory.,"[]"
8666065,31330001,Elgin 2,Fayette,07060004,Well,Ordovician,42.954403,-91.640911,11/25/2019 15:00:00,GWM,NIT-AMM,Ammonia-nitrogen (AS N),None,,,,0.05,mg/l,False,0.05,,,LAC10-107-06-1J,GWM,Actual,GW,Water,,,"[]"
8666065,31330001,Elgin 2,Fayette,07060004,Well,Ordovician,42.954403,-91.640911,11/25/2019 15:00:00,GWM,NIT-NO3-NO2,Nitrate + Nitrite (AS N),None,,,,3.6,mg/l,True,0.1,,,LAC10-107-06-1J,GWM,Actual,GW,Water,,,"[]"
8666065,31330001,Elgin 2,Fayette,07060004,Well,Ordovician,42.954403,-91.640911,04/21/2021 10:00:00,GWM,NIT-NO3-NO2,Nitrate + Nitrite (AS N),None,,,,4.8,mg/l,True,0.1,,,LAC10-107-06-1J,GWM,Actual,GW,Water,,,"[]"
8666065,31330001,Elgin 2,Fayette,07060004,Well,Ordovician,42.954403,-91.640911,04/21/2021 10:00:00,GWM,NIT-AMM,Ammonia-nitrogen (AS N),None,,,,0.05,mg/l,False,0.05,,,LAC10-107-06-1J,GWM,Actual,GW,Water,,,"[]"
