facilityID,siteID,name,county,huc8,type,aquifer,latitude,longitude,sampleDate,projectCode,cas_rn,analyte,fraction,relDepth,sampDepth,sampDepthUnit,result,unit,detect,detectLimit,quantFlag,quantLimit,method,colMethod,resultType,matrix,medium,qualFlag,remark,xParams
8666065,31350001,Sheffield 2,Franklin,07080204,Well,Alluvium,42.89498,-93.22361,08/21/2002 08:00:00,GWM,NIT-NO3-NO2,Nitrate + Nitrite (AS N),Total,,,,19,mg/l,True,0.1,,,353.2,USGSGWM,Actual,GW,Water,,,"[]"
8666065,31350001,Sheffield 2,Franklin,07080204,Well,Alluvium,42.89498,-93.22361,08/21/2002 08:00:00,GWM,NIT-AMM,Ammonia-nitrogen (AS N),Total,,,,0.05,mg/l,False,0.05,,,LAC10-107-06-1J,USGSGWM,Actual,GW,Water,,,"[]"
8666065,31350001,Sheffield 2,Franklin,07080204,Well,Alluvium,42.89498,-93.22361,08/21/2002 08:00:00,GWM,NIT-ORGN,Organic Nitrogen (AS N),Total,,,,0.05,mg/l,False,0.05,,,LAC10-107-06-2E,USGSGWM,Calculated,GW,Water,,,"[]"
8666065,31350001,Sheffield 2,Franklin,07080204,Well,Alluvium,42.89498,-93.22361,08/21/2002 08:00:00,GWM,14265-44-2,Orthophosphate (AS P),Dissolved,,,,1.7,mg/l,True,0.05,,,LAC10-115-01-1A,USGSGWM,Actual,GW,Water,,,"[]"
8666065,31350001,Sheffield 2,Franklin,07080204,Well,Alluvium,42.89498,-93.22361,08/21/2002 08:00:00,GWM,PHOSP-PHOSP,"Total Phosphorus, mixed forms (AS P)",Total,,,,2.7,mg/l,True,0.05,,,LAC10-115-01-1C,USGSGWM,Actual,GW,Water,,,"[]"
8666065,31350001,Sheffield 2,Franklin,07080204,Well,Alluvium,42.89498,-93.22361,08/21/2002 08:00:00,GWM,NIT-KJELD,Kjeldahl nitrogen (AS N),Total,,,,0.05,mg/l,False,0.05,,,PAI DK03,USGSGWM,Actual,GW,Water,,,"[]"
8666065,31350001,Sheffield 2,Franklin,07080204,Well,Alluvium,42.89498,-93.22361,07/21/2003 15:55:00,GWM,NIT-AMM,Ammonia-nitrogen (AS N),Total,,,,0.05,mg/l,False,0.05,,,350.1,USGSGWM,Actual,GW,Water,,,"[]"
8666065,31350001,Sheffield 2,Franklin,07080204,Well,Alluvium,42.89498,-93.22361,07/21/2003 15:55:00,GWM,NIT-NO3-NO2,Nitrate + Nitrite (AS N),Total,,,,17,mg/l,True,0.1,,,353.2,USGSGWM,Actual,GW,Water,,,"[]"
8666065,31350001,Sheffield 2,Franklin,07080204,Well,Alluvium,42.89498,-93.22361,07/21/2003 15:55:00,GWM,14265-44-2,Orthophosphate (AS P),Dissolved,,,,1.9,mg/l,True,0.02,,,365.1,USGSGWM,Actual,GW,Water,,,"[]"
8666065,31350001,Sheffield 2,Franklin,07080204,Well,Alluvium,42.89498,-93.22361,07/21/2003 15:55:00,GWM,PHOSP-PHOSP,"Total Phosphorus, mixed forms (AS P)",Total,,,,6,mg/l,True,0.02,,,365.4,USGSGWM,Actual,GW,Water,,,"[]"
8666065,31350001,Sheffield 2,Franklin,07080204,Well,Alluvium,42.89498,-93.22361,07/21/2003 15:55:00,GWM,NIT-ORGN,Organic Nitrogen (AS N),Total,,,,0.06,mg/l,True,0.05,,,LAC10-107-06-2E,USGSGWM,Calculated,GW,Water,,,"[]"
8666065,31350001,Sheffield 2,Franklin,07080204,Well,Alluvium,42.89498,-93.22361,07/21/2003 15:55:00,GWM,NIT-KJELD,Kjeldahl nitrogen (AS N),Total,,,,0.06,mg/l,True,0.05,,,PAI DK03,USGSGWM,Actual,GW,Water,,,"[]"
8666065,31350002,Hampton 5,Franklin,07080204,Well,Buried Sand Gravel,42.71999,-93.23153,08/30/2004 14:45:00,GWM,NIT-AMM,Ammonia-nitrogen (AS N),Total,,,,0.2,mg/l,True,0.05,,,350.1,USGSGWM,Actual,GW,Water,,,"[]"
8666065,31350002,Hampton 5,Franklin,07080204,Well,Buried Sand Gravel,42.71999,-93.23153,08/30/2004 14:45:00,GWM,NIT-KJELD,Kjeldahl nitrogen (AS N),Total,,,,0.21,mg/l,True,0.05,,,351.1,USGSGWM,Actual,GW,Water,,,"[]"
8666065,31350002,Hampton 5,Franklin,07080204,Well,Buried Sand Gravel,42.71999,-93.23153,08/30/2004 14:45:00,GWM,NIT-NO3-NO2,Nitrate + Nitrite (AS N),Total,,,,0.05,mg/l,False,0.05,,,353.2,USGSGWM,Actual,GW,Water,,,"[]"
8666065,31350002,Hampton 5,Franklin,07080204,Well,Buried Sand Gravel,42.71999,-93.23153,08/30/2004 14:45:00,GWM,14265-44-2,Orthophosphate (AS P),Dissolved,,,,0.02,mg/l,False,0.02,,,365.1,USGSGWM,Actual,GW,Water,,,"[]"
8666065,31350002,Hampton 5,Franklin,07080204,Well,Buried Sand Gravel,42.71999,-93.23153,08/30/2004 14:45:00,GWM,PHOSP-PHOSP,"Total Phosphorus, mixed forms (AS P)",Total,,,,0.04,mg/l,True,0.02,,,365.4,USGSGWM,Actual,GW,Water,,,"[]"
8666065,31350002,Hampton 5,Franklin,07080204,Well,Buried Sand Gravel,42.71999,-93.23153,08/30/2004 14:45:00,GWM,NIT-ORGN,Organic Nitrogen,Total,,,,0.05,mg/l,False,0.05,,,LAC10-107-06-2E,USGSGWM,Calculated,GW,Water,,,"[]"
8666065,31350001,Sheffield 2,Franklin,07080204,Well,Alluvium,42.89498,-93.22361,06/29/2004 10:45:00,GWM,NIT-AMM,Ammonia-nitrogen (AS N),Total,,,,0.05,mg/l,False,0.05,,,350.1,USGSGWM,Actual,GW,Water,,,"[]"
8666065,31350001,Sheffield 2,Franklin,07080204,Well,Alluvium,42.89498,-93.22361,06/29/2004 10:45:00,GWM,NIT-NO3-NO2,Nitrate + Nitrite (AS N),Total,,,,12,mg/l,True,0.05,,,353.2,USGSGWM,Actual,GW,Water,,,"[]"
8666065,31350001,Sheffield 2,Franklin,07080204,Well,Alluvium,42.89498,-93.22361,06/29/2004 10:45:00,GWM,14265-44-2,Orthophosphate (AS P),Dissolved,,,,0.06,mg/l,True,0.02,,,365.1,USGSGWM,Actual,GW,Water,,,"[]"
8666065,31350001,Sheffield 2,Franklin,07080204,Well,Alluvium,42.89498,-93.22361,06/29/2004 10:45:00,GWM,PHOSP-PHOSP,"Total Phosphorus, mixed forms (AS P)",Total,,,,0.07,mg/l,True,0.02,,,365.4,USGSGWM,Actual,GW,Water,,,"[]"
8666065,31350001,Sheffield 2,Franklin,07080204,Well,Alluvium,42.89498,-93.22361,06/29/2004 10:45:00,GWM,NIT-ORGN,Organic Nitrogen,Total,,,,0.13,mg/l,True,0.05,,,LAC10-107-06-2E,USGSGWM,Calculated,GW,Water,,,"[]"
8666065,31350001,Sheffield 2,Franklin,07080204,Well,Alluvium,42.89498,-93.22361,07/14/2005 15:00:00,GWM,NIT-AMM,Ammonia-nitrogen (AS N),Total,,,,0.05,mg/l,False,0.05,,,350.1,USGSGWM,Actual,GW,Water,,,"[]"
8666065,31350001,Sheffield 2,Franklin,07080204,Well,Alluvium,42.89498,-93.22361,07/14/2005 15:00:00,GWM,NIT-KJELD,Kjeldahl nitrogen (AS N),Total,,,,0.1,mg/l,False,0.1,,,351.2,USGSGWM,Actual,GW,Water,,,"[]"
8666065,31350001,Sheffield 2,Franklin,07080204,Well,Alluvium,42.89498,-93.22361,07/14/2005 15:00:00,GWM,NIT-NO3-NO2,Nitrate + Nitrite (AS N),Total,,,,15,mg/l,True,0.05,,,353.2,USGSGWM,Actual,GW,Water,,,"[]"
8666065,31350001,Sheffield 2,Franklin,07080204,Well,Alluvium,42.89498,-93.22361,07/14/2005 15:00:00,GWM,14265-44-2,Orthophosphate (AS P),Dissolved,,,,0.04,mg/l,True,0.02,,,365.1,USGSGWM,Actual,GW,Water,,,"[]"
8666065,31350001,Sheffield 2,Franklin,07080204,Well,Alluvium,42.89498,-93.22361,07/14/2005 15:00:00,GWM,PHOSP-PHOSP,"Total Phosphorus, mixed forms (AS P)",Total,,,,0.1,mg/l,True,0.02,,,365.4,USGSGWM,Actual,GW,Water,,,"[]"
8666065,31350001,Sheffield 2,Franklin,07080204,Well,Alluvium,42.89498,-93.22361,07/14/2005 15:00:00,GWM,NIT-ORGN,Organic Nitrogen,Total,,,,0.1,mg/l,False,0.1,,,LAC10-107-06-2E,USGSGWM,Calculated,GW,Water,,,"[]"
8666065,31350001,Sheffield 2,Franklin,07080204,Well,Alluvium,42.89498,-93.22361,08/15/2006 13:30:00,GWM,NIT-AMM,Ammonia-nitrogen (AS N),Total,,,,0.05,mg/l,False,0.05,,,350.1,USGSGWM,Actual,GW,Water,,,"[]"
8666065,31350001,Sheffield 2,Franklin,07080204,Well,Alluvium,42.89498,-93.22361,08/15/2006 13:30:00,GWM,NIT-KJELD,Kjeldahl nitrogen (AS N),Total,,,,0.1,mg/l,False,0.1,,,351.2,USGSGWM,Actual,GW,Water,,,"[]"
8666065,31350001,Sheffield 2,Franklin,07080204,Well,Alluvium,42.89498,-93.22361,08/15/2006 13:30:00,GWM,NIT-NO3-NO2,Nitrate + Nitrite (AS N),Total,,,,16,mg/l,True,0.05,,,353.2,USGSGWM,Actual,GW,Water,,,"[]"
8666065,31350001,Sheffield 2,Franklin,07080204,Well,Alluvium,42.89498,-93.22361,08/15/2006 13:30:00,GWM,14265-44-2,Orthophosphate (AS P),Dissolved,,,,0.03,mg/l,True,0.02,,,365.1,USGSGWM,Actual,GW,Water,,,"[]"
8666065,31350001,Sheffield 2,Franklin,07080204,Well,Alluvium,42.89498,-93.22361,08/15/2006 13:30:00,GWM,PHOSP-PHOSP,"Total Phosphorus, mixed forms (AS P)",Total,,,,0.1,mg/l,True,0.05,,,365.4,USGSGWM,Actual,GW,Water,,,"[]"
8666065,31350001,Sheffield 2,Franklin,07080204,Well,Alluvium,42.89498,-93.22361,08/15/2006 13:30:00,GWM,NIT-ORGN,Organic Nitrogen,Total,,,,0.1,mg/l,False,0.1,,,LAC10-107-06-2E,USGSGWM,Calculated,GW,Water,,,"[]"
8666065,31350001,Sheffield 2,Franklin,07080204,Well,Alluvium,42.89498,-93.22361,09/11/2012 13:20:00,GWM,NIT-NO3-NO2,Nitrate + Nitrite (AS N),Total,,,,14,mg/l,True,0.1,,,LAC10-107-04-1J,GWMPWS,Actual,GW,Water,,,"[]"
8666065,31350001,Sheffield 2,Franklin,07080204,Well,Alluvium,42.89498,-93.22361,09/11/2012 13:20:00,GWM,NIT-AMM,Ammonia-nitrogen (AS N),Total,,,,0.05,mg/l,False,0.05,,,LAC10-107-06-1J,GWMPWS,Actual,GW,Water,,,"[]"
8666065,31350001,Sheffield 2,Franklin,07080204,Well,Alluvium,42.89498,-93.22361,09/11/2012 13:20:00,GWM,NIT-KJELD,Kjeldahl nitrogen (AS N),Total,,,,0.1,mg/l,False,0.1,,,LAC10-107-06-2E,GWMPWS,Actual,GW,Water,,,"[]"
8666065,31350001,Sheffield 2,Franklin,07080204,Well,Alluvium,42.89498,-93.22361,09/11/2012 13:20:00,GWM,14265-44-2,Orthophosphate (AS P),Dissolved,,,,0.14,mg/l,True,0.02,,,LAC10-115-01-1A,GWMPWS,Actual,GW,Water,,,"[]"
8666065,31350001,Sheffield 2,Franklin,07080204,Well,Alluvium,42.89498,-93.22361,09/11/2012 13:20:00,GWM,PHOSP-PHOSP,"Total Phosphorus, mixed forms (AS P)",Total,,,,0.16,mg/l,True,0.02,,,LAC10-115-01-1D,GWMPWS,Actual,GW,Water,,,"[]"
8666065,31350004,Sheffield 5,Franklin,07080204,Well,Devonian,42.8948700006,-93.2263399999,02/18/2015 09:00:00,GWM,14265-44-2,Orthophosphate (AS P),Dissolved,,,,0.04,mg/l,True,0.02,,,4500-P-E,GWM,Actual,GW,Water,,,"[]"
8666065,31350004,Sheffield 5,Franklin,07080204,Well,Devonian,42.8948700006,-93.2263399999,02/18/2015 09:00:00,GWM,NIT-NO3-NO2,Nitrate + Nitrite (AS N),Total,,,,0.1,mg/l,False,0.1,,,LAC10-107-04-1J,GWM,Actual,GW,Water,,,"[]"
8666065,31350004,Sheffield 5,Franklin,07080204,Well,Devonian,42.8948700006,-93.2263399999,02/18/2015 09:00:00,GWM,NIT-AMM,Ammonia-nitrogen (AS N),Total,,,,0.55,mg/l,True,0.05,,,LAC10-107-06-1J,GWM,Actual,GW,Water,,,"[]"
8666065,31350004,Sheffield 5,Franklin,07080204,Well,Devonian,42.8948700006,-93.2263399999,02/18/2015 09:00:00,GWM,NIT-KJELD,Kjeldahl nitrogen (AS N),Total,,,,0.7,mg/l,True,0.1,,,LAC10-107-06-2E,GWM,Actual,GW,Water,,,"[]"
8666065,31350004,Sheffield 5,Franklin,07080204,Well,Devonian,42.8948700006,-93.2263399999,02/18/2015 09:00:00,GWM,PHOSP-PHOSP,"Total Phosphorus, mixed forms (AS P)",Total,,,,0.03,mg/l,True,0.02,,,LAC10-115-01-1D,GWM,Actual,GW,Water,,,"[]"
