facilityID,siteID,name,county,huc8,type,aquifer,latitude,longitude,sampleDate,projectCode,cas_rn,analyte,fraction,relDepth,sampDepth,sampDepthUnit,result,unit,detect,detectLimit,quantFlag,quantLimit,method,colMethod,resultType,matrix,medium,qualFlag,remark,xParams
8666065,31360001,Farragut 79-2 N,Fremont,10240003,Well,Alluvium,40.72481,-95.4803,08/08/2002 09:15:00,GWM,NIT-NO3-NO2,Nitrate + Nitrite (AS N),Total,,,,0.9,mg/l,True,0.1,,,353.2,USGSGWM,Actual,GW,Water,,,"[]"
8666065,31360001,Farragut 79-2 N,Fremont,10240003,Well,Alluvium,40.72481,-95.4803,08/08/2002 09:15:00,GWM,NIT-AMM,Ammonia-nitrogen (AS N),Total,,,,0.12,mg/l,True,0.05,,,LAC10-107-06-1J,USGSGWM,Actual,GW,Water,,,"[]"
8666065,31360001,Farragut 79-2 N,Fremont,10240003,Well,Alluvium,40.72481,-95.4803,08/08/2002 09:15:00,GWM,NIT-ORGN,Organic Nitrogen (AS N),Total,,,,0.09,mg/l,True,0.05,,,LAC10-107-06-2E,USGSGWM,Calculated,GW,Water,,,"[]"
8666065,31360001,Farragut 79-2 N,Fremont,10240003,Well,Alluvium,40.72481,-95.4803,08/08/2002 09:15:00,GWM,14265-44-2,Orthophosphate (AS P),Dissolved,,,,0.05,mg/l,False,0.05,,,LAC10-115-01-1A,USGSGWM,Actual,GW,Water,,,"[]"
8666065,31360001,Farragut 79-2 N,Fremont,10240003,Well,Alluvium,40.72481,-95.4803,08/08/2002 09:15:00,GWM,PHOSP-PHOSP,"Total Phosphorus, mixed forms (AS P)",Total,,,,0.24,mg/l,True,0.05,,,LAC10-115-01-1C,USGSGWM,Actual,GW,Water,,,"[]"
8666065,31360001,Farragut 79-2 N,Fremont,10240003,Well,Alluvium,40.72481,-95.4803,08/08/2002 09:15:00,GWM,NIT-KJELD,Kjeldahl nitrogen (AS N),Total,,,,0.21,mg/l,True,0.05,,,PAI DK03,USGSGWM,Actual,GW,Water,,,"[]"
8666065,31360001,Farragut 79-2 N,Fremont,10240003,Well,Alluvium,40.72481,-95.4803,07/17/2003 13:30:00,GWM,NIT-AMM,Ammonia-nitrogen (AS N),Total,,,,0.05,mg/l,False,0.05,,,350.1,USGSGWM,Actual,GW,Water,,,"[]"
8666065,31360001,Farragut 79-2 N,Fremont,10240003,Well,Alluvium,40.72481,-95.4803,07/17/2003 13:30:00,GWM,NIT-NO3-NO2,Nitrate + Nitrite (AS N),Total,,,,1.5,mg/l,True,0.1,,,353.2,USGSGWM,Actual,GW,Water,,,"[]"
8666065,31360001,Farragut 79-2 N,Fremont,10240003,Well,Alluvium,40.72481,-95.4803,07/17/2003 13:30:00,GWM,14265-44-2,Orthophosphate (AS P),Dissolved,,,,0.07,mg/l,True,0.02,,,365.1,USGSGWM,Actual,GW,Water,,,"[]"
8666065,31360001,Farragut 79-2 N,Fremont,10240003,Well,Alluvium,40.72481,-95.4803,07/17/2003 13:30:00,GWM,PHOSP-PHOSP,"Total Phosphorus, mixed forms (AS P)",Total,,,,0.18,mg/l,True,0.02,,,365.4,USGSGWM,Actual,GW,Water,,,"[]"
8666065,31360001,Farragut 79-2 N,Fremont,10240003,Well,Alluvium,40.72481,-95.4803,07/17/2003 13:30:00,GWM,NIT-ORGN,Organic Nitrogen (AS N),Total,,,,0.09,mg/l,True,0.05,,,LAC10-107-06-2E,USGSGWM,Calculated,GW,Water,,,"[]"
8666065,31360001,Farragut 79-2 N,Fremont,10240003,Well,Alluvium,40.72481,-95.4803,07/17/2003 13:30:00,GWM,NIT-KJELD,Kjeldahl nitrogen (AS N),Total,,,,0.12,mg/l,True,0.05,,,PAI DK03,USGSGWM,Actual,GW,Water,,,"[]"
8666065,31360001,Farragut 79-2 N,Fremont,10240003,Well,Alluvium,40.72481,-95.4803,07/06/2004 10:00:00,GWM,NIT-AMM,Ammonia-nitrogen (AS N),Total,,,,0.08,mg/l,True,0.05,,,350.1,USGSGWM,Actual,GW,Water,,,"[]"
8666065,31360001,Farragut 79-2 N,Fremont,10240003,Well,Alluvium,40.72481,-95.4803,07/06/2004 10:00:00,GWM,NIT-NO3-NO2,Nitrate + Nitrite (AS N),Total,,,,1.4,mg/l,True,0.05,,,353.2,USGSGWM,Actual,GW,Water,,,"[]"
8666065,31360001,Farragut 79-2 N,Fremont,10240003,Well,Alluvium,40.72481,-95.4803,07/06/2004 10:00:00,GWM,14265-44-2,Orthophosphate (AS P),Dissolved,,,,0.06,mg/l,True,0.02,,,365.1,USGSGWM,Actual,GW,Water,,,"[]"
8666065,31360001,Farragut 79-2 N,Fremont,10240003,Well,Alluvium,40.72481,-95.4803,07/06/2004 10:00:00,GWM,PHOSP-PHOSP,"Total Phosphorus, mixed forms (AS P)",Total,,,,0.17,mg/l,True,0.02,,,365.4,USGSGWM,Actual,GW,Water,,,"[]"
8666065,31360001,Farragut 79-2 N,Fremont,10240003,Well,Alluvium,40.72481,-95.4803,07/06/2004 10:00:00,GWM,NIT-ORGN,Organic Nitrogen,Total,,,,0.08,mg/l,True,0.05,,,LAC10-107-06-2E,USGSGWM,Calculated,GW,Water,,,"[]"
8666065,31360002,Shenandoah 25,Fremont,10240003,Well,Alluvium,40.75547,-95.41701,07/06/2004 14:30:00,GWM,NIT-AMM,Ammonia-nitrogen (AS N),Total,,,,0.05,mg/l,False,0.05,,,350.1,USGSGWM,Actual,GW,Water,,,"[]"
8666065,31360002,Shenandoah 25,Fremont,10240003,Well,Alluvium,40.75547,-95.41701,07/06/2004 14:30:00,GWM,NIT-NO3-NO2,Nitrate + Nitrite (AS N),Total,,,,2.4,mg/l,True,0.05,,,353.2,USGSGWM,Actual,GW,Water,,,"[]"
8666065,31360002,Shenandoah 25,Fremont,10240003,Well,Alluvium,40.75547,-95.41701,07/06/2004 14:30:00,GWM,14265-44-2,Orthophosphate (AS P),Dissolved,,,,0.09,mg/l,True,0.02,,,365.1,USGSGWM,Actual,GW,Water,,,"[]"
8666065,31360002,Shenandoah 25,Fremont,10240003,Well,Alluvium,40.75547,-95.41701,07/06/2004 14:30:00,GWM,PHOSP-PHOSP,"Total Phosphorus, mixed forms (AS P)",Total,,,,0.08,mg/l,True,0.02,,,365.4,USGSGWM,Actual,GW,Water,,,"[]"
8666065,31360002,Shenandoah 25,Fremont,10240003,Well,Alluvium,40.75547,-95.41701,07/06/2004 14:30:00,GWM,NIT-ORGN,Organic Nitrogen,Total,,,,0.05,mg/l,False,0.05,,,LAC10-107-06-2E,USGSGWM,Calculated,GW,Water,,,"[]"
8666065,31360001,Farragut 79-2 N,Fremont,10240003,Well,Alluvium,40.72481,-95.4803,07/13/2005 14:40:00,GWM,NIT-AMM,Ammonia-nitrogen (AS N),Total,,,,0.09,mg/l,True,0.05,,,350.1,USGSGWM,Actual,GW,Water,,,"[]"
8666065,31360001,Farragut 79-2 N,Fremont,10240003,Well,Alluvium,40.72481,-95.4803,07/13/2005 14:40:00,GWM,NIT-KJELD,Kjeldahl nitrogen (AS N),Total,,,,0.16,mg/l,True,0.1,,,351.2,USGSGWM,Actual,GW,Water,,,"[]"
8666065,31360001,Farragut 79-2 N,Fremont,10240003,Well,Alluvium,40.72481,-95.4803,07/13/2005 14:40:00,GWM,NIT-NO3-NO2,Nitrate + Nitrite (AS N),Total,,,,1.5,mg/l,True,0.05,,,353.2,USGSGWM,Actual,GW,Water,,,"[]"
8666065,31360001,Farragut 79-2 N,Fremont,10240003,Well,Alluvium,40.72481,-95.4803,07/13/2005 14:40:00,GWM,14265-44-2,Orthophosphate (AS P),Dissolved,,,,0.07,mg/l,True,0.02,,,365.1,USGSGWM,Actual,GW,Water,,,"[]"
8666065,31360001,Farragut 79-2 N,Fremont,10240003,Well,Alluvium,40.72481,-95.4803,07/13/2005 14:40:00,GWM,PHOSP-PHOSP,"Total Phosphorus, mixed forms (AS P)",Total,,,,0.19,mg/l,True,0.02,,,365.4,USGSGWM,Actual,GW,Water,,,"[]"
8666065,31360001,Farragut 79-2 N,Fremont,10240003,Well,Alluvium,40.72481,-95.4803,07/13/2005 14:40:00,GWM,NIT-ORGN,Organic Nitrogen,Total,,,,0.1,mg/l,False,0.1,,,LAC10-107-06-2E,USGSGWM,Calculated,GW,Water,,,"[]"
8666065,31360001,Farragut 79-2 N,Fremont,10240003,Well,Alluvium,40.72481,-95.4803,07/25/2006 14:30:00,GWM,NIT-AMM,Ammonia-nitrogen (AS N),Total,,,,0.09,mg/l,True,0.05,,,350.1,USGSGWM,Actual,GW,Water,,,"[]"
8666065,31360001,Farragut 79-2 N,Fremont,10240003,Well,Alluvium,40.72481,-95.4803,07/25/2006 14:30:00,GWM,NIT-KJELD,Kjeldahl nitrogen (AS N),Total,,,,0.1,mg/l,True,0.1,,,351.2,USGSGWM,Actual,GW,Water,,,"[]"
8666065,31360001,Farragut 79-2 N,Fremont,10240003,Well,Alluvium,40.72481,-95.4803,07/25/2006 14:30:00,GWM,NIT-NO3-NO2,Nitrate + Nitrite (AS N),Total,,,,1.4,mg/l,True,0.05,,,353.2,USGSGWM,Actual,GW,Water,,,"[]"
8666065,31360001,Farragut 79-2 N,Fremont,10240003,Well,Alluvium,40.72481,-95.4803,07/25/2006 14:30:00,GWM,14265-44-2,Orthophosphate (AS P),Dissolved,,,,0.05,mg/l,True,0.02,,,365.1,USGSGWM,Actual,GW,Water,,,"[]"
8666065,31360001,Farragut 79-2 N,Fremont,10240003,Well,Alluvium,40.72481,-95.4803,07/25/2006 14:30:00,GWM,PHOSP-PHOSP,"Total Phosphorus, mixed forms (AS P)",Total,,,,0.21,mg/l,True,0.02,,,365.4,USGSGWM,Actual,GW,Water,,,"[]"
8666065,31360001,Farragut 79-2 N,Fremont,10240003,Well,Alluvium,40.72481,-95.4803,07/25/2006 14:30:00,GWM,NIT-ORGN,Organic Nitrogen,Total,,,,0.1,mg/l,False,0.1,,,LAC10-107-06-2E,USGSGWM,Calculated,GW,Water,,,"[]"
8666065,31360004,"Tabor 2, East",Fremont,10240002,Well,Alluvium,40.90156,-95.60074,07/31/2006 15:30:00,GWM,NIT-AMM,Ammonia-nitrogen (AS N),Total,,,,0.05,mg/l,False,0.05,,,350.1,USGSGWM,Actual,GW,Water,,,"[]"
8666065,31360004,"Tabor 2, East",Fremont,10240002,Well,Alluvium,40.90156,-95.60074,07/31/2006 15:30:00,GWM,NIT-KJELD,Kjeldahl nitrogen (AS N),Total,,,,0.1,mg/l,False,0.1,,,351.2,USGSGWM,Actual,GW,Water,,,"[]"
8666065,31360004,"Tabor 2, East",Fremont,10240002,Well,Alluvium,40.90156,-95.60074,07/31/2006 15:30:00,GWM,NIT-NO3-NO2,Nitrate + Nitrite (AS N),Total,,,,7.3,mg/l,True,0.05,,,353.2,USGSGWM,Actual,GW,Water,,,"[]"
8666065,31360004,"Tabor 2, East",Fremont,10240002,Well,Alluvium,40.90156,-95.60074,07/31/2006 15:30:00,GWM,14265-44-2,Orthophosphate (AS P),Dissolved,,,,0.06,mg/l,True,0.02,,,365.1,USGSGWM,Actual,GW,Water,,,"[]"
8666065,31360004,"Tabor 2, East",Fremont,10240002,Well,Alluvium,40.90156,-95.60074,07/31/2006 15:30:00,GWM,PHOSP-PHOSP,"Total Phosphorus, mixed forms (AS P)",Total,,,,0.1,mg/l,True,0.02,,,365.4,USGSGWM,Actual,GW,Water,,,"[]"
8666065,31360004,"Tabor 2, East",Fremont,10240002,Well,Alluvium,40.90156,-95.60074,07/31/2006 15:30:00,GWM,NIT-ORGN,Organic Nitrogen,Total,,,,0.1,mg/l,False,0.1,,,LAC10-107-06-2E,USGSGWM,Calculated,GW,Water,,,"[]"
8666065,31360003,Riverton 2,Fremont,10240003,Well,Alluvium,40.7067,-95.5187,07/31/2006 14:00:00,GWM,NIT-AMM,Ammonia-nitrogen (AS N),Total,,,,0.71,mg/l,True,0.05,,,350.1,USGSGWM,Actual,GW,Water,,,"[]"
8666065,31360003,Riverton 2,Fremont,10240003,Well,Alluvium,40.7067,-95.5187,07/31/2006 14:00:00,GWM,NIT-KJELD,Kjeldahl nitrogen (AS N),Total,,,,0.8,mg/l,True,0.1,,,351.2,USGSGWM,Actual,GW,Water,,,"[]"
8666065,31360003,Riverton 2,Fremont,10240003,Well,Alluvium,40.7067,-95.5187,07/31/2006 14:00:00,GWM,NIT-NO3-NO2,Nitrate + Nitrite (AS N),Total,,,,0.05,mg/l,False,0.05,,,353.2,USGSGWM,Actual,GW,Water,,,"[]"
8666065,31360003,Riverton 2,Fremont,10240003,Well,Alluvium,40.7067,-95.5187,07/31/2006 14:00:00,GWM,14265-44-2,Orthophosphate (AS P),Dissolved,,,,0.1,mg/l,True,0.02,,,365.1,USGSGWM,Actual,GW,Water,,,"[]"
8666065,31360003,Riverton 2,Fremont,10240003,Well,Alluvium,40.7067,-95.5187,07/31/2006 14:00:00,GWM,PHOSP-PHOSP,"Total Phosphorus, mixed forms (AS P)",Total,,,,0.23,mg/l,True,0.02,,,365.4,USGSGWM,Actual,GW,Water,,,"[]"
8666065,31360003,Riverton 2,Fremont,10240003,Well,Alluvium,40.7067,-95.5187,07/31/2006 14:00:00,GWM,NIT-ORGN,Organic Nitrogen,Total,,,,0.1,mg/l,False,0.1,,,LAC10-107-06-2E,USGSGWM,Calculated,GW,Water,,,"[]"
8666065,31360001,Farragut 79-2 N,Fremont,10240003,Well,Alluvium,40.72481,-95.4803,08/21/2012 10:51:00,GWM,NIT-NO3-NO2,Nitrate + Nitrite (AS N),Total,,,,1,mg/l,True,0.1,,,LAC10-107-04-1J,GWMPWS,Actual,GW,Water,,,"[]"
8666065,31360001,Farragut 79-2 N,Fremont,10240003,Well,Alluvium,40.72481,-95.4803,08/21/2012 10:51:00,GWM,NIT-AMM,Ammonia-nitrogen (AS N),Total,,,,0.1,mg/l,True,0.05,,,LAC10-107-06-1J,GWMPWS,Actual,GW,Water,,,"[]"
8666065,31360001,Farragut 79-2 N,Fremont,10240003,Well,Alluvium,40.72481,-95.4803,08/21/2012 10:51:00,GWM,NIT-KJELD,Kjeldahl nitrogen (AS N),Total,,,,0.1,mg/l,False,0.1,,,LAC10-107-06-2E,GWMPWS,Actual,GW,Water,,,"[]"
8666065,31360001,Farragut 79-2 N,Fremont,10240003,Well,Alluvium,40.72481,-95.4803,08/21/2012 10:51:00,GWM,14265-44-2,Orthophosphate (AS P),Dissolved,,,,0.04,mg/l,True,0.02,,,LAC10-115-01-1A,GWMPWS,Actual,GW,Water,,,"[]"
8666065,31360001,Farragut 79-2 N,Fremont,10240003,Well,Alluvium,40.72481,-95.4803,08/21/2012 10:51:00,GWM,PHOSP-PHOSP,"Total Phosphorus, mixed forms (AS P)",Total,,,,0.22,mg/l,True,0.02,,,LAC10-115-01-1D,GWMPWS,Actual,GW,Water,,,"[]"
8666065,31360005,"Sidney ""north spring""",Fremont,10240002,Well,Alluvium,40.741732,-95.608989,10/22/2013 10:30:00,SWP,NIT-NO3-NO2,Nitrate + Nitrite (AS N),Total,,,,7.4,mg/l,True,0.1,,,LAC10-107-04-1J,SWP,Actual,GW,Water,,,"[]"
8666065,31360006,"Sidney ""south spring""",Fremont,10240002,Well,Alluvium,40.739728,-95.606406,10/22/2013 10:08:00,SWP,NIT-NO3-NO2,Nitrate + Nitrite (AS N),Total,,,,5.9,mg/l,True,0.1,,,LAC10-107-04-1J,SWP,Actual,GW,Water,,,"[]"
8666065,31360006,"Sidney ""south spring""",Fremont,10240002,Well,Alluvium,40.739728,-95.606406,11/12/2013 10:00:00,SWP,NIT-NO3-NO2,Nitrate + Nitrite (AS N),Total,,,,7.6,mg/l,True,0.1,,,LAC10-107-04-1J,SWP,Actual,GW,Water,,,"[]"
8666065,31360005,"Sidney ""north spring""",Fremont,10240002,Well,Alluvium,40.741732,-95.608989,11/12/2013 10:15:00,SWP,NIT-NO3-NO2,Nitrate + Nitrite (AS N),Total,,,,5.6,mg/l,True,0.1,,,LAC10-107-04-1J,SWP,Actual,GW,Water,,,"[]"
8666065,31360006,"Sidney ""south spring""",Fremont,10240002,Well,Alluvium,40.739728,-95.606406,12/04/2013 09:45:00,SWP,NIT-NO3-NO2,Nitrate + Nitrite (AS N),Total,,,,7.4,mg/l,True,0.1,,,LAC10-107-04-1J,SWP,Actual,GW,Water,,,"[]"
8666065,31360005,"Sidney ""north spring""",Fremont,10240002,Well,Alluvium,40.741732,-95.608989,12/04/2013 09:30:00,SWP,NIT-NO3-NO2,Nitrate + Nitrite (AS N),Total,,,,6,mg/l,True,0.1,,,LAC10-107-04-1J,SWP,Actual,GW,Water,,,"[]"
8666065,31360001,Farragut 79-2 N,Fremont,10240003,Well,Alluvium,40.72481,-95.4803,11/21/2016 13:45:00,GWM,NIT-NO3-NO2,Nitrate + Nitrite (AS N),Total,,,,0.89,mg/l,True,0.1,,,LAC10-107-04-1J,GWM,Actual,GW,Water,,,"[]"
8666065,31360001,Farragut 79-2 N,Fremont,10240003,Well,Alluvium,40.72481,-95.4803,11/21/2016 13:45:00,GWM,NIT-AMM,Ammonia-nitrogen (AS N),Total,,,,0.05,mg/l,False,0.05,,,LAC10-107-06-1J,GWM,Actual,GW,Water,,,"[]"
8666065,31360001,Farragut 79-2 N,Fremont,10240003,Well,Alluvium,40.72481,-95.4803,11/16/2015 10:00:00,GWM,NIT-NO3-NO2,Nitrate + Nitrite (AS N),Total,,,,1.1,mg/l,True,0.1,,,LAC10-107-04-1J,GWM,Actual,GW,Water,,,"[]"
8666065,31360001,Farragut 79-2 N,Fremont,10240003,Well,Alluvium,40.72481,-95.4803,11/16/2015 10:00:00,GWM,NIT-AMM,Ammonia-nitrogen (AS N),Total,,,,0.07,mg/l,True,0.05,,,LAC10-107-06-1J,GWM,Actual,GW,Water,,,"[]"
8666065,31360001,Farragut 79-2 N,Fremont,10240003,Well,Alluvium,40.72481,-95.4803,11/16/2015 10:00:00,GWM,NIT-KJELD,Kjeldahl nitrogen (AS N),Total,,,,0.1,mg/l,False,0.1,,,LAC10-107-06-2E,GWM,Actual,GW,Water,,,"[]"
8666065,31360001,Farragut 79-2 N,Fremont,10240003,Well,Alluvium,40.72481,-95.4803,11/16/2015 10:00:00,GWM,14265-44-2,Orthophosphate (AS P),Dissolved,,,,0.07,mg/l,True,0.02,,,LAC10-115-01-1A,GWM,Actual,GW,Water,,,"[]"
8666065,31360001,Farragut 79-2 N,Fremont,10240003,Well,Alluvium,40.72481,-95.4803,11/16/2015 10:00:00,GWM,PHOSP-PHOSP,"Total Phosphorus, mixed forms (AS P)",Total,,,,0.26,mg/l,True,0.02,,,LAC10-115-01-1D,GWM,Actual,GW,Water,,,"[]"
8666065,31360001,Farragut 79-2 N,Fremont,10240003,Well,Alluvium,40.72481,-95.4803,12/09/2014 09:18:00,GWM,NIT-NO3-NO2,Nitrate + Nitrite (AS N),Total,,,,0.67,mg/l,True,0.1,,,LAC10-107-04-1J,GWM,Actual,GW,Water,,,"[]"
8666065,31360001,Farragut 79-2 N,Fremont,10240003,Well,Alluvium,40.72481,-95.4803,12/09/2014 09:18:00,GWM,NIT-AMM,Ammonia-nitrogen (AS N),Total,,,,0.12,mg/l,True,0.05,,,LAC10-107-06-1J,GWM,Actual,GW,Water,,,"[]"
8666065,31360001,Farragut 79-2 N,Fremont,10240003,Well,Alluvium,40.72481,-95.4803,12/09/2014 09:18:00,GWM,NIT-KJELD,Kjeldahl nitrogen (AS N),Total,,,,0.1,mg/l,False,0.1,,,LAC10-107-06-2E,GWM,Actual,GW,Water,,,"[]"
8666065,31360001,Farragut 79-2 N,Fremont,10240003,Well,Alluvium,40.72481,-95.4803,12/09/2014 09:18:00,GWM,14265-44-2,Orthophosphate (AS P),Dissolved,,,,0.042,mg/l,True,0.02,,,LAC10-115-01-1A,GWM,Actual,GW,Water,,,"[]"
8666065,31360001,Farragut 79-2 N,Fremont,10240003,Well,Alluvium,40.72481,-95.4803,12/09/2014 09:18:00,GWM,PHOSP-PHOSP,"Total Phosphorus, mixed forms (AS P)",Total,,,,0.31,mg/l,True,0.02,,,LAC10-115-01-1D,GWM,Actual,GW,Water,,,"[]"
8666065,31360001,Farragut 79-2 N,Fremont,10240003,Well,Alluvium,40.72481,-95.4803,11/06/2017 11:00:00,GWM,NIT-AMM,Ammonia-nitrogen (AS N),None,,,,0.14,mg/l,True,0.05,,,LAC10-107-06-1J,GWM,Actual,GW,Water,,,"[]"
8666065,31360001,Farragut 79-2 N,Fremont,10240003,Well,Alluvium,40.72481,-95.4803,11/06/2017 11:00:00,GWM,NIT-NO3-NO2,Nitrate + Nitrite (AS N),None,,,,0.84,mg/l,True,0.1,,,LAC10-107-06-1J,GWM,Actual,GW,Water,,,"[]"
8666065,31360001,Farragut 79-2 N,Fremont,10240003,Well,Alluvium,40.72481,-95.4803,12/05/2017 00:00:00,GWM,NIT-NO3-NO2,Nitrate + Nitrite,None,,,,0.52,mg/l,True,0.01,,0.01,353.2,GWM001,,GW,Water,,,"[]"
8666065,31360001,Farragut 79-2 N,Fremont,10240003,Well,Alluvium,40.72481,-95.4803,01/07/2019 07:45:00,GWM,NIT-NO3-NO2,Nitrate + Nitrite (AS N),None,,,,1.2,mg/l,True,0.1,,,LAC10-107-06-1J,GWM,Actual,GW,Water,,,"[]"
8666065,31360001,Farragut 79-2 N,Fremont,10240003,Well,Alluvium,40.72481,-95.4803,01/07/2019 07:45:00,GWM,NIT-AMM,Ammonia-nitrogen (AS N),None,,,,0.12,mg/l,True,0.05,,,LAC10-107-06-1J,GWM,Actual,GW,Water,,,"[]"
8666065,31360001,Farragut 79-2 N,Fremont,10240003,Well,Alluvium,40.72481,-95.4803,01/07/2019 07:45:00,GWM,14265-44-2,Orthophosphate (AS P),Dissolved,,,,0.02,mg/l,True,0.02,,,LAC10-115-01-1A,GWM,Actual,GW,Water,,Sample was not field filtered per method and was filtered for analysis after receipt by the laboratory.,"[]"
8666065,31360001,Farragut 79-2 N,Fremont,10240003,Well,Alluvium,40.72481,-95.4803,12/03/2019 12:05:00,GWM,NIT-NO3-NO2,Nitrate + Nitrite (AS N),None,,,,1,mg/l,True,0.1,,,LAC10-107-06-1J,GWM,Actual,GW,Water,,,"[]"
8666065,31360001,Farragut 79-2 N,Fremont,10240003,Well,Alluvium,40.72481,-95.4803,12/03/2019 12:05:00,GWM,NIT-AMM,Ammonia-nitrogen (AS N),None,,,,0.12,mg/l,True,0.05,,,LAC10-107-06-1J,GWM,Actual,GW,Water,,,"[]"
8666065,31360001,Farragut 79-2 N,Fremont,10240003,Well,Alluvium,40.72481,-95.4803,04/25/2023 10:15:00,GWM,NIT-NO3-NO2,Nitrate + Nitrite (AS N),Total,,,,0.9,mg/l,True,0.1,,,LAC10-107-04-1J,GWM,Actual,GW,Water,,,"[]"
8666065,31360001,Farragut 79-2 N,Fremont,10240003,Well,Alluvium,40.72481,-95.4803,04/25/2023 10:15:00,GWM,NIT-AMM,Ammonia-nitrogen (AS N),Total,,,,0.1,mg/l,False,0.1,,,LAC10-107-06-1J,GWM,Actual,GW,Water,,,"[]"
8666065,31360001,Farragut 79-2 N,Fremont,10240003,Well,Alluvium,40.72481,-95.4803,02/02/2021 12:10:00,GWM,NIT-AMM,Ammonia-nitrogen (AS N),None,,,,0.15,mg/l,True,0.05,,,LAC10-107-06-1J,GWM,Actual,GW,Water,,,"[]"
8666065,31360001,Farragut 79-2 N,Fremont,10240003,Well,Alluvium,40.72481,-95.4803,02/02/2021 12:10:00,GWM,NIT-NO3-NO2,Nitrate + Nitrite (AS N),None,,,,0.16,mg/l,True,0.1,,,LAC10-107-06-1J,GWM,Actual,GW,Water,,,"[]"
