facilityID,siteID,name,county,huc8,type,aquifer,latitude,longitude,sampleDate,projectCode,cas_rn,analyte,fraction,relDepth,sampDepth,sampDepthUnit,result,unit,detect,detectLimit,quantFlag,quantLimit,method,colMethod,resultType,matrix,medium,qualFlag,remark,xParams
8666065,31370001,Jefferson 4,Greene,07100006,Well,Buried Sand Gravel,42.01321,-94.37721,07/25/2006 08:00:00,GWM,NIT-AMM,Ammonia-nitrogen (AS N),Total,,,,1.5,mg/l,True,0.05,,,350.1,USGSGWM,Actual,GW,Water,,,"[]"
8666065,31370001,Jefferson 4,Greene,07100006,Well,Buried Sand Gravel,42.01321,-94.37721,07/25/2006 08:00:00,GWM,NIT-KJELD,Kjeldahl nitrogen (AS N),Total,,,,1.7,mg/l,True,0.1,,,351.2,USGSGWM,Actual,GW,Water,,,"[]"
8666065,31370001,Jefferson 4,Greene,07100006,Well,Buried Sand Gravel,42.01321,-94.37721,07/25/2006 08:00:00,GWM,NIT-NO3-NO2,Nitrate + Nitrite (AS N),Total,,,,0.05,mg/l,False,0.05,,,353.2,USGSGWM,Actual,GW,Water,,,"[]"
8666065,31370001,Jefferson 4,Greene,07100006,Well,Buried Sand Gravel,42.01321,-94.37721,07/25/2006 08:00:00,GWM,14265-44-2,Orthophosphate (AS P),Dissolved,,,,0.02,mg/l,False,0.02,,,365.1,USGSGWM,Actual,GW,Water,,,"[]"
8666065,31370001,Jefferson 4,Greene,07100006,Well,Buried Sand Gravel,42.01321,-94.37721,07/25/2006 08:00:00,GWM,PHOSP-PHOSP,"Total Phosphorus, mixed forms (AS P)",Total,,,,0.5,mg/l,True,0.02,,,365.4,USGSGWM,Actual,GW,Water,,,"[]"
8666065,31370001,Jefferson 4,Greene,07100006,Well,Buried Sand Gravel,42.01321,-94.37721,07/25/2006 08:00:00,GWM,NIT-ORGN,Organic Nitrogen,Total,,,,0.2,mg/l,True,0.05,,,LAC10-107-06-2E,USGSGWM,Calculated,GW,Water,,,"[]"
8666065,31370003,Churdan 4,Greene,07100006,Well,Buried Sand Gravel,42.15589,-94.47408,07/25/2006 10:30:00,GWM,NIT-AMM,Ammonia-nitrogen (AS N),Total,,,,6,mg/l,True,0.05,,,350.1,USGSGWM,Actual,GW,Water,,,"[]"
8666065,31370003,Churdan 4,Greene,07100006,Well,Buried Sand Gravel,42.15589,-94.47408,07/25/2006 10:30:00,GWM,NIT-KJELD,Kjeldahl nitrogen (AS N),Total,,,,5.5,mg/l,True,0.1,,,351.1,USGSGWM,Actual,GW,Water,,,"[]"
8666065,31370003,Churdan 4,Greene,07100006,Well,Buried Sand Gravel,42.15589,-94.47408,07/25/2006 10:30:00,GWM,NIT-NO3-NO2,Nitrate + Nitrite (AS N),Total,,,,0.05,mg/l,False,0.05,,,353.2,USGSGWM,Actual,GW,Water,,,"[]"
8666065,31370003,Churdan 4,Greene,07100006,Well,Buried Sand Gravel,42.15589,-94.47408,07/25/2006 10:30:00,GWM,14265-44-2,Orthophosphate (AS P),Dissolved,,,,0.02,mg/l,False,0.02,,,365.1,USGSGWM,Actual,GW,Water,,,"[]"
8666065,31370003,Churdan 4,Greene,07100006,Well,Buried Sand Gravel,42.15589,-94.47408,07/25/2006 10:30:00,GWM,PHOSP-PHOSP,"Total Phosphorus, mixed forms (AS P)",Total,,,,0.4,mg/l,True,0.02,,,365.4,USGSGWM,Actual,GW,Water,,,"[]"
8666065,31370003,Churdan 4,Greene,07100006,Well,Buried Sand Gravel,42.15589,-94.47408,07/25/2006 10:30:00,GWM,NIT-ORGN,Organic Nitrogen,Total,,,,0.3,mg/l,True,0.1,,,LAC10-107-06-2E,USGSGWM,Calculated,GW,Water,,,"[]"
8666065,31370002,Scranton 4,Greene,07100006,Well,Buried Sand Gravel,42.01768,-94.54571,07/25/2006 13:20:00,GWM,NIT-AMM,Ammonia-nitrogen (AS N),Total,,,,1.9,mg/l,True,0.05,,,350.1,USGSGWM,Actual,GW,Water,,,"[]"
8666065,31370002,Scranton 4,Greene,07100006,Well,Buried Sand Gravel,42.01768,-94.54571,07/25/2006 13:20:00,GWM,NIT-KJELD,Kjeldahl nitrogen (AS N),Total,,,,1.9,mg/l,True,0.1,,,351.2,USGSGWM,Actual,GW,Water,,,"[]"
8666065,31370002,Scranton 4,Greene,07100006,Well,Buried Sand Gravel,42.01768,-94.54571,07/25/2006 13:20:00,GWM,NIT-NO3-NO2,Nitrate + Nitrite (AS N),Total,,,,0.05,mg/l,False,0.05,,,353.2,USGSGWM,Actual,GW,Water,,,"[]"
8666065,31370002,Scranton 4,Greene,07100006,Well,Buried Sand Gravel,42.01768,-94.54571,07/25/2006 13:20:00,GWM,14265-44-2,Orthophosphate (AS P),Dissolved,,,,0.02,mg/l,False,0.02,,,365.1,USGSGWM,Actual,GW,Water,,,"[]"
8666065,31370002,Scranton 4,Greene,07100006,Well,Buried Sand Gravel,42.01768,-94.54571,07/25/2006 13:20:00,GWM,PHOSP-PHOSP,"Total Phosphorus, mixed forms (AS P)",Total,,,,0.05,mg/l,True,0.02,,,365.4,USGSGWM,Actual,GW,Water,,,"[]"
8666065,31370002,Scranton 4,Greene,07100006,Well,Buried Sand Gravel,42.01768,-94.54571,07/25/2006 13:20:00,GWM,NIT-ORGN,Organic Nitrogen,Total,,,,0.1,mg/l,False,0.1,,,LAC10-107-06-2E,USGSGWM,Calculated,GW,Water,,,"[]"
