facilityID,siteID,name,county,huc8,type,aquifer,latitude,longitude,sampleDate,projectCode,cas_rn,analyte,fraction,relDepth,sampDepth,sampDepthUnit,result,unit,detect,detectLimit,quantFlag,quantLimit,method,colMethod,resultType,matrix,medium,qualFlag,remark,xParams
8666065,31380003,Wellsburg 1,Grundy,07080205,Well,Cambrian-Ordovician,42.435078,-92.924925,07/29/2002 12:25:00,GWM,NIT-NO3-NO2,Nitrate + Nitrite (AS N),Total,,,,0.1,mg/l,False,0.1,,,353.2,USGSGWM,Actual,GW,Water,,,"[]"
8666065,31380003,Wellsburg 1,Grundy,07080205,Well,Cambrian-Ordovician,42.435078,-92.924925,07/29/2002 12:25:00,GWM,NIT-AMM,Ammonia-nitrogen (AS N),Total,,,,1.5,mg/l,True,0.05,,,LAC10-107-06-1J,USGSGWM,Actual,GW,Water,,,"[]"
8666065,31380003,Wellsburg 1,Grundy,07080205,Well,Cambrian-Ordovician,42.435078,-92.924925,07/29/2002 12:25:00,GWM,NIT-ORGN,Organic Nitrogen (AS N),Total,,,,0.05,mg/l,False,0.05,,,LAC10-107-06-2E,USGSGWM,Calculated,GW,Water,,,"[]"
8666065,31380003,Wellsburg 1,Grundy,07080205,Well,Cambrian-Ordovician,42.435078,-92.924925,07/29/2002 12:25:00,GWM,14265-44-2,Orthophosphate (AS P),Dissolved,,,,0.05,mg/l,False,0.05,,,LAC10-115-01-1A,USGSGWM,Actual,GW,Water,,,"[]"
8666065,31380003,Wellsburg 1,Grundy,07080205,Well,Cambrian-Ordovician,42.435078,-92.924925,07/29/2002 12:25:00,GWM,PHOSP-PHOSP,"Total Phosphorus, mixed forms (AS P)",Total,,,,0.05,mg/l,False,0.05,,,LAC10-115-01-1C,USGSGWM,Actual,GW,Water,,,"[]"
8666065,31380003,Wellsburg 1,Grundy,07080205,Well,Cambrian-Ordovician,42.435078,-92.924925,07/29/2002 12:25:00,GWM,NIT-KJELD,Kjeldahl nitrogen (AS N),Total,,,,1.5,mg/l,True,0.05,,,PAI DK03,USGSGWM,Actual,GW,Water,,,"[]"
8666065,31380002,Reinbeck 3,Grundy,07080205,Well,Devonian,42.3155,-92.5978,07/29/2002 11:05:00,GWM,NIT-NO3-NO2,Nitrate + Nitrite (AS N),Total,,,,0.1,mg/l,False,0.1,,,353.2,USGSGWM,Actual,GW,Water,,,"[]"
8666065,31380002,Reinbeck 3,Grundy,07080205,Well,Devonian,42.3155,-92.5978,07/29/2002 11:05:00,GWM,NIT-AMM,Ammonia-nitrogen (AS N),Total,,,,0.87,mg/l,True,0.05,,,LAC10-107-06-1J,USGSGWM,Actual,GW,Water,,,"[]"
8666065,31380002,Reinbeck 3,Grundy,07080205,Well,Devonian,42.3155,-92.5978,07/29/2002 11:05:00,GWM,NIT-ORGN,Organic Nitrogen (AS N),Total,,,,0.05,mg/l,False,0.05,,,LAC10-107-06-2E,USGSGWM,Calculated,GW,Water,,,"[]"
8666065,31380002,Reinbeck 3,Grundy,07080205,Well,Devonian,42.3155,-92.5978,07/29/2002 11:05:00,GWM,14265-44-2,Orthophosphate (AS P),Dissolved,,,,0.05,mg/l,False,0.05,,,LAC10-115-01-1A,USGSGWM,Actual,GW,Water,,,"[]"
8666065,31380002,Reinbeck 3,Grundy,07080205,Well,Devonian,42.3155,-92.5978,07/29/2002 11:05:00,GWM,PHOSP-PHOSP,"Total Phosphorus, mixed forms (AS P)",Total,,,,0.05,mg/l,False,0.05,,,LAC10-115-01-1C,USGSGWM,Actual,GW,Water,,,"[]"
8666065,31380002,Reinbeck 3,Grundy,07080205,Well,Devonian,42.3155,-92.5978,07/29/2002 11:05:00,GWM,NIT-KJELD,Kjeldahl nitrogen (AS N),Total,,,,0.9,mg/l,True,0.05,,,PAI DK03,USGSGWM,Actual,GW,Water,,,"[]"
8666065,31380001,Conrad 3,Grundy,07080205,Well,Mississippian,42.22227,-92.87,07/30/2002 10:05:00,GWM,NIT-NO3-NO2,Nitrate + Nitrite (AS N),Total,,,,5,mg/l,True,0.1,,,353.2,USGSGWM,Actual,GW,Water,,,"[]"
8666065,31380001,Conrad 3,Grundy,07080205,Well,Mississippian,42.22227,-92.87,07/30/2002 10:05:00,GWM,NIT-AMM,Ammonia-nitrogen (AS N),Total,,,,0.37,mg/l,True,0.05,,,LAC10-107-06-1J,USGSGWM,Actual,GW,Water,,,"[]"
8666065,31380001,Conrad 3,Grundy,07080205,Well,Mississippian,42.22227,-92.87,07/30/2002 10:05:00,GWM,NIT-ORGN,Organic Nitrogen (AS N),Total,,,,0.1,mg/l,True,0.05,,,LAC10-107-06-2E,USGSGWM,Calculated,GW,Water,,,"[]"
8666065,31380001,Conrad 3,Grundy,07080205,Well,Mississippian,42.22227,-92.87,07/30/2002 10:05:00,GWM,14265-44-2,Orthophosphate (AS P),Dissolved,,,,0.05,mg/l,False,0.05,,,LAC10-115-01-1A,USGSGWM,Actual,GW,Water,,,"[]"
8666065,31380001,Conrad 3,Grundy,07080205,Well,Mississippian,42.22227,-92.87,07/30/2002 10:05:00,GWM,PHOSP-PHOSP,"Total Phosphorus, mixed forms (AS P)",Total,,,,0.05,mg/l,False,0.05,,,LAC10-115-01-1C,USGSGWM,Actual,GW,Water,,,"[]"
8666065,31380001,Conrad 3,Grundy,07080205,Well,Mississippian,42.22227,-92.87,07/30/2002 10:05:00,GWM,NIT-KJELD,Kjeldahl nitrogen (AS N),Total,,,,0.47,mg/l,True,0.05,,,PAI DK03,USGSGWM,Actual,GW,Water,,,"[]"
8666065,31380004,Dike 1,Grundy,07080205,Well,Devonian,42.46853,-92.6299,07/25/2003 11:30:00,GWM,NIT-AMM,Ammonia-nitrogen (AS N),Total,,,,2,mg/l,True,0.05,,,350.1,USGSGWM,Actual,GW,Water,,,"[]"
8666065,31380004,Dike 1,Grundy,07080205,Well,Devonian,42.46853,-92.6299,07/25/2003 11:30:00,GWM,NIT-NO3-NO2,Nitrate + Nitrite (AS N),Total,,,,0.1,mg/l,False,0.1,,,353.2,USGSGWM,Actual,GW,Water,,,"[]"
8666065,31380004,Dike 1,Grundy,07080205,Well,Devonian,42.46853,-92.6299,07/25/2003 11:30:00,GWM,14265-44-2,Orthophosphate (AS P),Dissolved,,,,0.02,mg/l,False,0.02,,,365.1,USGSGWM,Actual,GW,Water,,,"[]"
8666065,31380004,Dike 1,Grundy,07080205,Well,Devonian,42.46853,-92.6299,07/25/2003 11:30:00,GWM,PHOSP-PHOSP,"Total Phosphorus, mixed forms (AS P)",Total,,,,0.08,mg/l,True,0.02,,,365.4,USGSGWM,Actual,GW,Water,,,"[]"
8666065,31380004,Dike 1,Grundy,07080205,Well,Devonian,42.46853,-92.6299,07/25/2003 11:30:00,GWM,NIT-ORGN,Organic Nitrogen (AS N),Total,,,,0.8,mg/l,True,0.05,,,LAC10-107-06-2E,USGSGWM,Calculated,GW,Water,,,"[]"
8666065,31380004,Dike 1,Grundy,07080205,Well,Devonian,42.46853,-92.6299,07/25/2003 11:30:00,GWM,NIT-KJELD,Kjeldahl nitrogen (AS N),Total,,,,2.8,mg/l,True,0.05,,,PAI DK03,USGSGWM,Actual,GW,Water,,,"[]"
8666065,31380001,Conrad 3,Grundy,07080205,Well,Mississippian,42.22227,-92.87,08/06/2003 14:00:00,GWM,NIT-AMM,Ammonia-nitrogen (AS N),Total,,,,0.4,mg/l,True,0.05,,,350.1,USGSGWM,Actual,GW,Water,,,"[]"
8666065,31380001,Conrad 3,Grundy,07080205,Well,Mississippian,42.22227,-92.87,08/06/2003 14:00:00,GWM,NIT-NO3-NO2,Nitrate + Nitrite (AS N),Total,,,,5.2,mg/l,True,0.1,,,353.2,USGSGWM,Actual,GW,Water,,,"[]"
8666065,31380001,Conrad 3,Grundy,07080205,Well,Mississippian,42.22227,-92.87,08/06/2003 14:00:00,GWM,14265-44-2,Orthophosphate (AS P),Dissolved,,,,0.02,mg/l,False,0.02,,,365.1,USGSGWM,Actual,GW,Water,,,"[]"
8666065,31380001,Conrad 3,Grundy,07080205,Well,Mississippian,42.22227,-92.87,08/06/2003 14:00:00,GWM,PHOSP-PHOSP,"Total Phosphorus, mixed forms (AS P)",Total,,,,0.02,mg/l,False,0.02,,,365.4,USGSGWM,Actual,GW,Water,,,"[]"
8666065,31380001,Conrad 3,Grundy,07080205,Well,Mississippian,42.22227,-92.87,08/06/2003 14:00:00,GWM,NIT-ORGN,Organic Nitrogen (AS N),Total,,,,0.17,mg/l,True,0.05,,,LAC10-107-06-2E,USGSGWM,Calculated,GW,Water,,,"[]"
8666065,31380001,Conrad 3,Grundy,07080205,Well,Mississippian,42.22227,-92.87,08/06/2003 14:00:00,GWM,NIT-KJELD,Kjeldahl nitrogen (AS N),Total,,,,0.57,mg/l,True,0.05,,,PAI DK03,USGSGWM,Actual,GW,Water,,,"[]"
8666065,31380002,Reinbeck 3,Grundy,07080205,Well,Devonian,42.3155,-92.5978,08/06/2003 16:00:00,GWM,NIT-AMM,Ammonia-nitrogen (AS N),Total,,,,0.86,mg/l,True,0.05,,,350.1,USGSGWM,Actual,GW,Water,,,"[]"
8666065,31380002,Reinbeck 3,Grundy,07080205,Well,Devonian,42.3155,-92.5978,08/06/2003 16:00:00,GWM,NIT-NO3-NO2,Nitrate + Nitrite (AS N),Total,,,,0.1,mg/l,False,0.1,,,353.2,USGSGWM,Actual,GW,Water,,,"[]"
8666065,31380002,Reinbeck 3,Grundy,07080205,Well,Devonian,42.3155,-92.5978,08/06/2003 16:00:00,GWM,14265-44-2,Orthophosphate (AS P),Dissolved,,,,0.02,mg/l,False,0.02,,,365.1,USGSGWM,Actual,GW,Water,,,"[]"
8666065,31380002,Reinbeck 3,Grundy,07080205,Well,Devonian,42.3155,-92.5978,08/06/2003 16:00:00,GWM,PHOSP-PHOSP,"Total Phosphorus, mixed forms (AS P)",Total,,,,0.02,mg/l,False,0.02,,,365.4,USGSGWM,Actual,GW,Water,,,"[]"
8666065,31380002,Reinbeck 3,Grundy,07080205,Well,Devonian,42.3155,-92.5978,08/06/2003 16:00:00,GWM,NIT-ORGN,Organic Nitrogen (AS N),Total,,,,0.08,mg/l,True,0.05,,,LAC10-107-06-2E,USGSGWM,Calculated,GW,Water,,,"[]"
8666065,31380002,Reinbeck 3,Grundy,07080205,Well,Devonian,42.3155,-92.5978,08/06/2003 16:00:00,GWM,NIT-KJELD,Kjeldahl nitrogen (AS N),Total,,,,0.93,mg/l,True,0.05,,,PAI DK03,USGSGWM,Actual,GW,Water,,,"[]"
8666065,31380003,Wellsburg 1,Grundy,07080205,Well,Cambrian-Ordovician,42.435078,-92.924925,08/28/2003 12:50:00,GWM,NIT-AMM,Ammonia-nitrogen (AS N),Total,,,,1.3,mg/l,True,0.05,,,350.1,USGSGWM,Actual,GW,Water,,,"[]"
8666065,31380003,Wellsburg 1,Grundy,07080205,Well,Cambrian-Ordovician,42.435078,-92.924925,08/28/2003 12:50:00,GWM,NIT-NO3-NO2,Nitrate + Nitrite (AS N),Total,,,,0.1,mg/l,False,0.1,,,353.2,USGSGWM,Actual,GW,Water,,,"[]"
8666065,31380003,Wellsburg 1,Grundy,07080205,Well,Cambrian-Ordovician,42.435078,-92.924925,08/28/2003 12:50:00,GWM,14265-44-2,Orthophosphate (AS P),Dissolved,,,,0.02,mg/l,False,0.02,,,365.1,USGSGWM,Actual,GW,Water,,,"[]"
8666065,31380003,Wellsburg 1,Grundy,07080205,Well,Cambrian-Ordovician,42.435078,-92.924925,08/28/2003 12:50:00,GWM,PHOSP-PHOSP,"Total Phosphorus, mixed forms (AS P)",Total,,,,0.02,mg/l,False,0.02,,,365.4,USGSGWM,Actual,GW,Water,,,"[]"
8666065,31380003,Wellsburg 1,Grundy,07080205,Well,Cambrian-Ordovician,42.435078,-92.924925,08/28/2003 12:50:00,GWM,NIT-ORGN,Organic Nitrogen (AS N),Total,,,,0.26,mg/l,True,0.05,,,LAC10-107-06-2E,USGSGWM,Calculated,GW,Water,,,"[]"
8666065,31380003,Wellsburg 1,Grundy,07080205,Well,Cambrian-Ordovician,42.435078,-92.924925,08/28/2003 12:50:00,GWM,NIT-KJELD,Kjeldahl nitrogen (AS N),Total,,,,1.6,mg/l,True,0.05,,,PAI DK03,USGSGWM,Actual,GW,Water,,,"[]"
8666065,31380001,Conrad 3,Grundy,07080205,Well,Mississippian,42.22227,-92.87,07/13/2004 09:30:00,GWM,NIT-AMM,Ammonia-nitrogen (AS N),Total,,,,0.34,mg/l,True,0.05,,,350.1,USGSGWM,Actual,GW,Water,,,"[]"
8666065,31380001,Conrad 3,Grundy,07080205,Well,Mississippian,42.22227,-92.87,07/13/2004 09:30:00,GWM,NIT-NO3-NO2,Nitrate + Nitrite (AS N),Total,,,,5,mg/l,True,0.05,,,353.2,USGSGWM,Actual,GW,Water,,,"[]"
8666065,31380001,Conrad 3,Grundy,07080205,Well,Mississippian,42.22227,-92.87,07/13/2004 09:30:00,GWM,14265-44-2,Orthophosphate (AS P),Dissolved,,,,0.02,mg/l,False,0.02,,,365.1,USGSGWM,Actual,GW,Water,,,"[]"
8666065,31380001,Conrad 3,Grundy,07080205,Well,Mississippian,42.22227,-92.87,07/13/2004 09:30:00,GWM,PHOSP-PHOSP,"Total Phosphorus, mixed forms (AS P)",Total,,,,0.02,mg/l,False,0.02,,,365.4,USGSGWM,Actual,GW,Water,,,"[]"
8666065,31380001,Conrad 3,Grundy,07080205,Well,Mississippian,42.22227,-92.87,07/13/2004 09:30:00,GWM,NIT-ORGN,Organic Nitrogen,Total,,,,0.17,mg/l,True,0.05,,,LAC10-107-06-2E,USGSGWM,Calculated,GW,Water,,,"[]"
8666065,31380002,Reinbeck 3,Grundy,07080205,Well,Devonian,42.3155,-92.5978,07/13/2004 11:00:00,GWM,NIT-AMM,Ammonia-nitrogen (AS N),Total,,,,0.76,mg/l,True,0.05,,,350.1,USGSGWM,Actual,GW,Water,,,"[]"
8666065,31380002,Reinbeck 3,Grundy,07080205,Well,Devonian,42.3155,-92.5978,07/13/2004 11:00:00,GWM,NIT-NO3-NO2,Nitrate + Nitrite (AS N),Total,,,,0.05,mg/l,False,0.05,,,353.2,USGSGWM,Actual,GW,Water,,,"[]"
8666065,31380002,Reinbeck 3,Grundy,07080205,Well,Devonian,42.3155,-92.5978,07/13/2004 11:00:00,GWM,14265-44-2,Orthophosphate (AS P),Dissolved,,,,0.02,mg/l,False,0.02,,,365.1,USGSGWM,Actual,GW,Water,,,"[]"
8666065,31380002,Reinbeck 3,Grundy,07080205,Well,Devonian,42.3155,-92.5978,07/13/2004 11:00:00,GWM,PHOSP-PHOSP,"Total Phosphorus, mixed forms (AS P)",Total,,,,0.02,mg/l,True,0.02,,,365.4,USGSGWM,Actual,GW,Water,,,"[]"
8666065,31380002,Reinbeck 3,Grundy,07080205,Well,Devonian,42.3155,-92.5978,07/13/2004 11:00:00,GWM,NIT-ORGN,Organic Nitrogen,Total,,,,0.12,mg/l,True,0.05,,,LAC10-107-06-2E,USGSGWM,Calculated,GW,Water,,,"[]"
8666065,31380003,Wellsburg 1,Grundy,07080205,Well,Cambrian-Ordovician,42.435078,-92.924925,07/13/2004 13:00:00,GWM,NIT-AMM,Ammonia-nitrogen (AS N),Total,,,,0.76,mg/l,True,0.05,,,350.1,USGSGWM,Actual,GW,Water,,,"[]"
8666065,31380003,Wellsburg 1,Grundy,07080205,Well,Cambrian-Ordovician,42.435078,-92.924925,07/13/2004 13:00:00,GWM,NIT-NO3-NO2,Nitrate + Nitrite (AS N),Total,,,,0.31,mg/l,True,0.05,,,353.2,USGSGWM,Actual,GW,Water,,,"[]"
8666065,31380003,Wellsburg 1,Grundy,07080205,Well,Cambrian-Ordovician,42.435078,-92.924925,07/13/2004 13:00:00,GWM,14265-44-2,Orthophosphate (AS P),Dissolved,,,,0.02,mg/l,False,0.02,,,365.1,USGSGWM,Actual,GW,Water,,,"[]"
8666065,31380003,Wellsburg 1,Grundy,07080205,Well,Cambrian-Ordovician,42.435078,-92.924925,07/13/2004 13:00:00,GWM,PHOSP-PHOSP,"Total Phosphorus, mixed forms (AS P)",Total,,,,0.02,mg/l,False,0.02,,,365.4,USGSGWM,Actual,GW,Water,,,"[]"
8666065,31380003,Wellsburg 1,Grundy,07080205,Well,Cambrian-Ordovician,42.435078,-92.924925,07/13/2004 13:00:00,GWM,NIT-ORGN,Organic Nitrogen,Total,,,,0.14,mg/l,True,0.05,,,LAC10-107-06-2E,USGSGWM,Calculated,GW,Water,,,"[]"
8666065,31380003,Wellsburg 1,Grundy,07080205,Well,Cambrian-Ordovician,42.435078,-92.924925,06/23/2005 11:30:00,GWM,NIT-AMM,Ammonia-nitrogen (AS N),Total,,,,1.3,mg/l,True,0.05,,,350.1,USGSGWM,Actual,GW,Water,,,"[]"
8666065,31380003,Wellsburg 1,Grundy,07080205,Well,Cambrian-Ordovician,42.435078,-92.924925,06/23/2005 11:30:00,GWM,NIT-NO3-NO2,Nitrate + Nitrite (AS N),Total,,,,0.05,mg/l,False,0.05,,,353.2,USGSGWM,Actual,GW,Water,,,"[]"
8666065,31380003,Wellsburg 1,Grundy,07080205,Well,Cambrian-Ordovician,42.435078,-92.924925,06/23/2005 11:30:00,GWM,14265-44-2,Orthophosphate (AS P),Dissolved,,,,0.02,mg/l,False,0.02,,,365.1,USGSGWM,Actual,GW,Water,,,"[]"
8666065,31380003,Wellsburg 1,Grundy,07080205,Well,Cambrian-Ordovician,42.435078,-92.924925,06/23/2005 11:30:00,GWM,PHOSP-PHOSP,"Total Phosphorus, mixed forms (AS P)",Total,,,,0.02,mg/l,False,0.02,,,365.4,USGSGWM,Actual,GW,Water,,,"[]"
8666065,31380003,Wellsburg 1,Grundy,07080205,Well,Cambrian-Ordovician,42.435078,-92.924925,06/23/2005 11:30:00,GWM,NIT-ORGN,Organic Nitrogen,Total,,,,0.36,mg/l,True,0.05,,,LAC10-107-06-2E,USGSGWM,Calculated,GW,Water,,,"[]"
8666065,31380002,Reinbeck 3,Grundy,07080205,Well,Devonian,42.3155,-92.5978,08/03/2005 10:20:00,GWM,NIT-AMM,Ammonia-nitrogen (AS N),Total,,,,0.81,mg/l,True,0.05,,,350.1,USGSGWM,Actual,GW,Water,,,"[]"
8666065,31380002,Reinbeck 3,Grundy,07080205,Well,Devonian,42.3155,-92.5978,08/03/2005 10:20:00,GWM,NIT-KJELD,Kjeldahl nitrogen (AS N),Total,,,,0.86,mg/l,True,0.1,,,351.2,USGSGWM,Actual,GW,Water,,,"[]"
8666065,31380002,Reinbeck 3,Grundy,07080205,Well,Devonian,42.3155,-92.5978,08/03/2005 10:20:00,GWM,NIT-NO3-NO2,Nitrate + Nitrite (AS N),Total,,,,0.05,mg/l,False,0.05,,,353.2,USGSGWM,Actual,GW,Water,,,"[]"
8666065,31380002,Reinbeck 3,Grundy,07080205,Well,Devonian,42.3155,-92.5978,08/03/2005 10:20:00,GWM,14265-44-2,Orthophosphate (AS P),Dissolved,,,,0.02,mg/l,False,0.02,,,365.1,USGSGWM,Actual,GW,Water,,,"[]"
8666065,31380002,Reinbeck 3,Grundy,07080205,Well,Devonian,42.3155,-92.5978,08/03/2005 10:20:00,GWM,PHOSP-PHOSP,"Total Phosphorus, mixed forms (AS P)",Total,,,,0.03,mg/l,True,0.02,,,365.4,USGSGWM,Actual,GW,Water,,,"[]"
8666065,31380002,Reinbeck 3,Grundy,07080205,Well,Devonian,42.3155,-92.5978,08/03/2005 10:20:00,GWM,NIT-ORGN,Organic Nitrogen,Total,,,,0.1,mg/l,False,0.1,,,LAC10-107-06-2E,USGSGWM,Calculated,GW,Water,,,"[]"
8666065,31380001,Conrad 3,Grundy,07080205,Well,Mississippian,42.22227,-92.87,08/03/2005 11:50:00,GWM,NIT-AMM,Ammonia-nitrogen (AS N),Total,,,,0.39,mg/l,True,0.05,,,350.1,USGSGWM,Actual,GW,Water,,,"[]"
8666065,31380001,Conrad 3,Grundy,07080205,Well,Mississippian,42.22227,-92.87,08/03/2005 11:50:00,GWM,NIT-KJELD,Kjeldahl nitrogen (AS N),Total,,,,0.46,mg/l,True,0.1,,,351.2,USGSGWM,Actual,GW,Water,,,"[]"
8666065,31380001,Conrad 3,Grundy,07080205,Well,Mississippian,42.22227,-92.87,08/03/2005 11:50:00,GWM,NIT-NO3-NO2,Nitrate + Nitrite (AS N),Total,,,,4.7,mg/l,True,0.05,,,353.2,USGSGWM,Actual,GW,Water,,,"[]"
8666065,31380001,Conrad 3,Grundy,07080205,Well,Mississippian,42.22227,-92.87,08/03/2005 11:50:00,GWM,14265-44-2,Orthophosphate (AS P),Dissolved,,,,0.02,mg/l,False,0.02,,,365.1,USGSGWM,Actual,GW,Water,,,"[]"
8666065,31380001,Conrad 3,Grundy,07080205,Well,Mississippian,42.22227,-92.87,08/03/2005 11:50:00,GWM,PHOSP-PHOSP,"Total Phosphorus, mixed forms (AS P)",Total,,,,0.02,mg/l,True,0.02,,,365.4,USGSGWM,Actual,GW,Water,,,"[]"
8666065,31380001,Conrad 3,Grundy,07080205,Well,Mississippian,42.22227,-92.87,08/03/2005 11:50:00,GWM,NIT-ORGN,Organic Nitrogen,Total,,,,0.1,mg/l,False,0.1,,,LAC10-107-06-2E,USGSGWM,Calculated,GW,Water,,,"[]"
8666065,31380002,Reinbeck 3,Grundy,07080205,Well,Devonian,42.3155,-92.5978,07/17/2006 10:45:00,GWM,NIT-AMM,Ammonia-nitrogen (AS N),Total,,,,0.81,mg/l,True,0.05,,,350.1,USGSGWM,Actual,GW,Water,,,"[]"
8666065,31380002,Reinbeck 3,Grundy,07080205,Well,Devonian,42.3155,-92.5978,07/17/2006 10:45:00,GWM,NIT-KJELD,Kjeldahl nitrogen (AS N),Total,,,,0.9,mg/l,True,0.1,,,351.2,USGSGWM,Actual,GW,Water,,,"[]"
8666065,31380002,Reinbeck 3,Grundy,07080205,Well,Devonian,42.3155,-92.5978,07/17/2006 10:45:00,GWM,NIT-NO3-NO2,Nitrate + Nitrite (AS N),Total,,,,0.05,mg/l,False,0.05,,,353.2,USGSGWM,Actual,GW,Water,,,"[]"
8666065,31380002,Reinbeck 3,Grundy,07080205,Well,Devonian,42.3155,-92.5978,07/17/2006 10:45:00,GWM,14265-44-2,Orthophosphate (AS P),Dissolved,,,,0.02,mg/l,False,0.02,,,365.1,USGSGWM,Actual,GW,Water,,,"[]"
8666065,31380002,Reinbeck 3,Grundy,07080205,Well,Devonian,42.3155,-92.5978,07/17/2006 10:45:00,GWM,PHOSP-PHOSP,"Total Phosphorus, mixed forms (AS P)",Total,,,,0.02,mg/l,True,0.02,,,365.4,USGSGWM,Actual,GW,Water,,,"[]"
8666065,31380002,Reinbeck 3,Grundy,07080205,Well,Devonian,42.3155,-92.5978,07/17/2006 10:45:00,GWM,NIT-ORGN,Organic Nitrogen,Total,,,,0.1,mg/l,False,0.1,,,LAC10-107-06-2E,USGSGWM,Calculated,GW,Water,,,"[]"
8666065,31380001,Conrad 3,Grundy,07080205,Well,Mississippian,42.22227,-92.87,07/27/2006 11:15:00,GWM,NIT-AMM,Ammonia-nitrogen (AS N),Total,,,,0.52,mg/l,True,0.05,,,350.1,USGSGWM,Actual,GW,Water,,,"[]"
8666065,31380001,Conrad 3,Grundy,07080205,Well,Mississippian,42.22227,-92.87,07/27/2006 11:15:00,GWM,NIT-KJELD,Kjeldahl nitrogen (AS N),Total,,,,0.6,mg/l,True,0.1,,,351.2,USGSGWM,Actual,GW,Water,,,"[]"
8666065,31380001,Conrad 3,Grundy,07080205,Well,Mississippian,42.22227,-92.87,07/27/2006 11:15:00,GWM,NIT-NO3-NO2,Nitrate + Nitrite (AS N),Total,,,,5.1,mg/l,True,0.05,,,353.2,USGSGWM,Actual,GW,Water,,,"[]"
8666065,31380001,Conrad 3,Grundy,07080205,Well,Mississippian,42.22227,-92.87,07/27/2006 11:15:00,GWM,14265-44-2,Orthophosphate (AS P),Dissolved,,,,0.02,mg/l,False,0.02,,,365.1,USGSGWM,Actual,GW,Water,,,"[]"
8666065,31380001,Conrad 3,Grundy,07080205,Well,Mississippian,42.22227,-92.87,07/27/2006 11:15:00,GWM,PHOSP-PHOSP,"Total Phosphorus, mixed forms (AS P)",Total,,,,0.02,mg/l,False,0.02,,,365.4,USGSGWM,Actual,GW,Water,,,"[]"
8666065,31380001,Conrad 3,Grundy,07080205,Well,Mississippian,42.22227,-92.87,07/27/2006 11:15:00,GWM,NIT-ORGN,Organic Nitrogen,Total,,,,0.1,mg/l,True,0.1,,,LAC10-107-06-2E,USGSGWM,Calculated,GW,Water,,,"[]"
8666065,31380003,Wellsburg 1,Grundy,07080205,Well,Cambrian-Ordovician,42.435078,-92.924925,08/15/2006 15:00:00,GWM,NIT-AMM,Ammonia-nitrogen (AS N),Total,,,,1.4,mg/l,True,0.05,,,350.1,USGSGWM,Actual,GW,Water,,,"[]"
8666065,31380003,Wellsburg 1,Grundy,07080205,Well,Cambrian-Ordovician,42.435078,-92.924925,08/15/2006 15:00:00,GWM,NIT-KJELD,Kjeldahl nitrogen (AS N),Total,,,,1.6,mg/l,True,0.1,,,351.2,USGSGWM,Actual,GW,Water,,,"[]"
8666065,31380003,Wellsburg 1,Grundy,07080205,Well,Cambrian-Ordovician,42.435078,-92.924925,08/15/2006 15:00:00,GWM,NIT-NO3-NO2,Nitrate + Nitrite (AS N),Total,,,,0.05,mg/l,False,0.05,,,353.2,USGSGWM,Actual,GW,Water,,,"[]"
8666065,31380003,Wellsburg 1,Grundy,07080205,Well,Cambrian-Ordovician,42.435078,-92.924925,08/15/2006 15:00:00,GWM,14265-44-2,Orthophosphate (AS P),Dissolved,,,,0.02,mg/l,False,0.02,,,365.1,USGSGWM,Actual,GW,Water,,,"[]"
8666065,31380003,Wellsburg 1,Grundy,07080205,Well,Cambrian-Ordovician,42.435078,-92.924925,08/15/2006 15:00:00,GWM,PHOSP-PHOSP,"Total Phosphorus, mixed forms (AS P)",Total,,,,0.02,mg/l,False,0.02,,,365.4,USGSGWM,Actual,GW,Water,,,"[]"
8666065,31380003,Wellsburg 1,Grundy,07080205,Well,Cambrian-Ordovician,42.435078,-92.924925,08/15/2006 15:00:00,GWM,NIT-ORGN,Organic Nitrogen,Total,,,,0.2,mg/l,True,0.1,,,LAC10-107-06-2E,USGSGWM,Calculated,GW,Water,,,"[]"
8666065,31380001,Conrad 3,Grundy,07080205,Well,Mississippian,42.22227,-92.87,08/14/2012 09:00:00,GWM,NIT-NO3-NO2,Nitrate + Nitrite (AS N),Total,,,,2.3,mg/l,True,0.1,,,LAC10-107-04-1J,GWMPWS,Actual,GW,Water,,,"[]"
8666065,31380001,Conrad 3,Grundy,07080205,Well,Mississippian,42.22227,-92.87,08/14/2012 09:00:00,GWM,NIT-AMM,Ammonia-nitrogen (AS N),Total,,,,0.05,mg/l,False,0.05,,,LAC10-107-06-1J,GWMPWS,Actual,GW,Water,,,"[]"
8666065,31380001,Conrad 3,Grundy,07080205,Well,Mississippian,42.22227,-92.87,08/14/2012 09:00:00,GWM,NIT-KJELD,Kjeldahl nitrogen (AS N),Total,,,,0.1,mg/l,False,0.1,,,LAC10-107-06-2E,GWMPWS,Actual,GW,Water,,,"[]"
8666065,31380001,Conrad 3,Grundy,07080205,Well,Mississippian,42.22227,-92.87,08/14/2012 09:00:00,GWM,14265-44-2,Orthophosphate (AS P),Dissolved,,,,0.02,mg/l,False,0.02,,,LAC10-115-01-1A,GWMPWS,Actual,GW,Water,,,"[]"
8666065,31380001,Conrad 3,Grundy,07080205,Well,Mississippian,42.22227,-92.87,08/14/2012 09:00:00,GWM,PHOSP-PHOSP,"Total Phosphorus, mixed forms (AS P)",Total,,,,0.11,mg/l,True,0.02,,,LAC10-115-01-1D,GWMPWS,Actual,GW,Water,,,"[]"
8666065,31380002,Reinbeck 3,Grundy,07080205,Well,Devonian,42.3155,-92.5978,09/11/2012 09:30:00,GWM,NIT-NO3-NO2,Nitrate + Nitrite (AS N),Total,,,,0.1,mg/l,False,0.1,,,LAC10-107-04-1J,GWMPWS,Actual,GW,Water,,,"[]"
8666065,31380002,Reinbeck 3,Grundy,07080205,Well,Devonian,42.3155,-92.5978,09/11/2012 09:30:00,GWM,NIT-AMM,Ammonia-nitrogen (AS N),Total,,,,0.84,mg/l,True,0.05,,,LAC10-107-06-1J,GWMPWS,Actual,GW,Water,,,"[]"
8666065,31380002,Reinbeck 3,Grundy,07080205,Well,Devonian,42.3155,-92.5978,09/11/2012 09:30:00,GWM,NIT-KJELD,Kjeldahl nitrogen (AS N),Total,,,,0.8,mg/l,True,0.1,,,LAC10-107-06-2E,GWMPWS,Actual,GW,Water,,,"[]"
8666065,31380002,Reinbeck 3,Grundy,07080205,Well,Devonian,42.3155,-92.5978,09/11/2012 09:30:00,GWM,14265-44-2,Orthophosphate (AS P),Dissolved,,,,0.02,mg/l,False,0.02,,,LAC10-115-01-1A,GWMPWS,Actual,GW,Water,,,"[]"
8666065,31380002,Reinbeck 3,Grundy,07080205,Well,Devonian,42.3155,-92.5978,09/11/2012 09:30:00,GWM,PHOSP-PHOSP,"Total Phosphorus, mixed forms (AS P)",Total,,,,0.02,mg/l,False,0.02,,,LAC10-115-01-1D,GWMPWS,Actual,GW,Water,,,"[]"
8666065,31380001,Conrad 3,Grundy,07080205,Well,Mississippian,42.22227,-92.87,12/02/2015 09:20:00,GWM,NIT-NO3-NO2,Nitrate + Nitrite (AS N),Total,,,,1.9,mg/l,True,0.1,,,LAC10-107-04-1J,GWM,Actual,GW,Water,,,"[]"
8666065,31380001,Conrad 3,Grundy,07080205,Well,Mississippian,42.22227,-92.87,12/02/2015 09:20:00,GWM,NIT-AMM,Ammonia-nitrogen (AS N),Total,,,,0.05,mg/l,False,0.05,,,LAC10-107-06-1J,GWM,Actual,GW,Water,,,"[]"
8666065,31380001,Conrad 3,Grundy,07080205,Well,Mississippian,42.22227,-92.87,12/02/2015 09:20:00,GWM,NIT-KJELD,Kjeldahl nitrogen (AS N),Total,,,,0.1,mg/l,False,0.1,,,LAC10-107-06-2E,GWM,Actual,GW,Water,,,"[]"
8666065,31380001,Conrad 3,Grundy,07080205,Well,Mississippian,42.22227,-92.87,12/02/2015 09:20:00,GWM,14265-44-2,Orthophosphate (AS P),Dissolved,,,,0.02,mg/l,False,0.02,,,LAC10-115-01-1A,GWM,Actual,GW,Water,,,"[]"
8666065,31380001,Conrad 3,Grundy,07080205,Well,Mississippian,42.22227,-92.87,12/02/2015 09:20:00,GWM,PHOSP-PHOSP,"Total Phosphorus, mixed forms (AS P)",Total,,,,0.04,mg/l,True,0.02,,,LAC10-115-01-1D,GWM,Actual,GW,Water,,,"[]"
8666065,31380001,Conrad 3,Grundy,07080205,Well,Mississippian,42.22227,-92.87,12/16/2014 10:15:00,GWM,NIT-NO3-NO2,Nitrate + Nitrite (AS N),Total,,,,2,mg/l,True,0.1,,,LAC10-107-04-1J,GWM,Actual,GW,Water,,,"[]"
8666065,31380001,Conrad 3,Grundy,07080205,Well,Mississippian,42.22227,-92.87,12/16/2014 10:15:00,GWM,NIT-AMM,Ammonia-nitrogen (AS N),Total,,,,0.05,mg/l,False,0.05,,,LAC10-107-06-1J,GWM,Actual,GW,Water,,,"[]"
8666065,31380001,Conrad 3,Grundy,07080205,Well,Mississippian,42.22227,-92.87,12/16/2014 10:15:00,GWM,NIT-KJELD,Kjeldahl nitrogen (AS N),Total,,,,0.1,mg/l,False,0.1,,,LAC10-107-06-2E,GWM,Actual,GW,Water,,,"[]"
8666065,31380001,Conrad 3,Grundy,07080205,Well,Mississippian,42.22227,-92.87,12/16/2014 10:15:00,GWM,14265-44-2,Orthophosphate (AS P),Dissolved,,,,0.02,mg/l,False,0.02,,,LAC10-115-01-1A,GWM,Actual,GW,Water,,,"[]"
8666065,31380001,Conrad 3,Grundy,07080205,Well,Mississippian,42.22227,-92.87,12/16/2014 10:15:00,GWM,PHOSP-PHOSP,"Total Phosphorus, mixed forms (AS P)",Total,,,,0.1,mg/l,True,0.02,,,LAC10-115-01-1D,GWM,Actual,GW,Water,,,"[]"
8666065,31380001,Conrad 3,Grundy,07080205,Well,Mississippian,42.22227,-92.87,11/28/2017 09:30:00,GWM,NIT-NO3-NO2,Nitrate + Nitrite (AS N),None,,,,2,mg/l,True,0.1,,,LAC10-107-06-1J,GWM,Actual,GW,Water,,,"[]"
8666065,31380001,Conrad 3,Grundy,07080205,Well,Mississippian,42.22227,-92.87,11/28/2017 09:30:00,GWM,NIT-AMM,Ammonia-nitrogen (AS N),None,,,,0.05,mg/l,False,0.05,,,LAC10-107-06-1J,GWM,Actual,GW,Water,,,"[]"
8666065,31380002,Reinbeck 3,Grundy,07080205,Well,Devonian,42.3155,-92.5978,11/29/2017 13:45:00,GWM,NIT-AMM,Ammonia-nitrogen (AS N),None,,,,0.9,mg/l,True,0.05,,,LAC10-107-06-1J,GWM,Actual,GW,Water,,"Sample received from client without proper identification on container label. There was an error in sample collection date/time (e.g. missing, mismatched, postdated or incorrect).","[]"
8666065,31380002,Reinbeck 3,Grundy,07080205,Well,Devonian,42.3155,-92.5978,11/29/2017 13:45:00,GWM,NIT-NO3-NO2,Nitrate + Nitrite (AS N),None,,,,0.1,mg/l,False,0.1,,,LAC10-107-06-1J,GWM,Actual,GW,Water,,"Sample received from client without proper identification on container label. There was an error in sample collection date/time (e.g. missing, mismatched, postdated or incorrect).","[]"
8666065,31380001,Conrad 3,Grundy,07080205,Well,Mississippian,42.22227,-92.87,11/27/2017 00:00:00,GWM,NIT-NO3-NO2,Nitrate + Nitrite,None,,,,1.24,mg/l,True,0.01,,0.01,353.2,GWM001,,GW,Water,,,"[]"
8666065,31380001,Conrad 3,Grundy,07080205,Well,Mississippian,42.22227,-92.87,12/12/2018 11:45:00,GWM,NIT-AMM,Ammonia-nitrogen (AS N),None,,,,0.05,mg/l,False,0.05,,,LAC10-107-06-1J,GWM,Actual,GW,Water,,,"[]"
8666065,31380001,Conrad 3,Grundy,07080205,Well,Mississippian,42.22227,-92.87,12/12/2018 11:45:00,GWM,NIT-NO3-NO2,Nitrate + Nitrite (AS N),None,,,,1.8,mg/l,True,0.1,,,LAC10-107-06-1J,GWM,Actual,GW,Water,,,"[]"
8666065,31380001,Conrad 3,Grundy,07080205,Well,Mississippian,42.22227,-92.87,12/12/2018 11:45:00,GWM,14265-44-2,Orthophosphate (AS P),Dissolved,,,,0.02,mg/l,False,0.02,,,LAC10-115-01-1A,GWM,Actual,GW,Water,,,"[]"
