facilityID,siteID,name,county,huc8,type,aquifer,latitude,longitude,sampleDate,projectCode,cas_rn,analyte,fraction,relDepth,sampDepth,sampDepthUnit,result,unit,detect,detectLimit,quantFlag,quantLimit,method,colMethod,resultType,matrix,medium,qualFlag,remark,xParams
8666065,31390005,Guthrie Center (6) 3,Guthrie,07100007,Well,Alluvium,41.683918,-94.51109,09/26/2002 10:30:00,GWM,NIT-NO3-NO2,Nitrate + Nitrite (AS N),Total,,,,1.9,mg/l,True,0.1,,,353.2,USGSGWM,Actual,GW,Water,,,"[]"
8666065,31390005,Guthrie Center (6) 3,Guthrie,07100007,Well,Alluvium,41.683918,-94.51109,09/26/2002 10:30:00,GWM,14265-44-2,Orthophosphate (AS P),Dissolved,,,,0.05,mg/l,False,0.05,,,4500-P-E,USGSGWM,Actual,GW,Water,,,"[]"
8666065,31390005,Guthrie Center (6) 3,Guthrie,07100007,Well,Alluvium,41.683918,-94.51109,09/26/2002 10:30:00,GWM,NIT-AMM,Ammonia-nitrogen (AS N),Total,,,,0.09,mg/l,True,0.05,,,LAC10-107-06-1J,USGSGWM,Actual,GW,Water,,,"[]"
8666065,31390005,Guthrie Center (6) 3,Guthrie,07100007,Well,Alluvium,41.683918,-94.51109,09/26/2002 10:30:00,GWM,NIT-ORGN,Organic Nitrogen (AS N),Total,,,,0.05,mg/l,False,0.05,,,LAC10-107-06-2E,USGSGWM,Calculated,GW,Water,,,"[]"
8666065,31390005,Guthrie Center (6) 3,Guthrie,07100007,Well,Alluvium,41.683918,-94.51109,09/26/2002 10:30:00,GWM,PHOSP-PHOSP,"Total Phosphorus, mixed forms (AS P)",Total,,,,0.05,mg/l,False,0.05,,,LAC10-115-01-1C,USGSGWM,Actual,GW,Water,,,"[]"
8666065,31390005,Guthrie Center (6) 3,Guthrie,07100007,Well,Alluvium,41.683918,-94.51109,09/26/2002 10:30:00,GWM,NIT-KJELD,Kjeldahl nitrogen (AS N),Total,,,,0.1,mg/l,True,0.05,,,PAI DK03,USGSGWM,Actual,GW,Water,,,"[]"
8666065,31390001,Casey 5,Guthrie,07100008,Well,Alluvium,41.5264,-94.51267,07/13/2004 11:30:00,GWM,NIT-AMM,Ammonia-nitrogen (AS N),Total,,,,0.05,mg/l,False,0.05,,,350.1,USGSGWM,Actual,GW,Water,,,"[]"
8666065,31390001,Casey 5,Guthrie,07100008,Well,Alluvium,41.5264,-94.51267,07/13/2004 11:30:00,GWM,NIT-NO3-NO2,Nitrate + Nitrite (AS N),Total,,,,3.4,mg/l,True,0.05,,,353.2,USGSGWM,Actual,GW,Water,,,"[]"
8666065,31390001,Casey 5,Guthrie,07100008,Well,Alluvium,41.5264,-94.51267,07/13/2004 11:30:00,GWM,14265-44-2,Orthophosphate (AS P),Dissolved,,,,0.02,mg/l,False,0.02,,,365.1,USGSGWM,Actual,GW,Water,,,"[]"
8666065,31390001,Casey 5,Guthrie,07100008,Well,Alluvium,41.5264,-94.51267,07/13/2004 11:30:00,GWM,PHOSP-PHOSP,"Total Phosphorus, mixed forms (AS P)",Total,,,,0.07,mg/l,True,0.02,,,365.4,USGSGWM,Actual,GW,Water,,,"[]"
8666065,31390001,Casey 5,Guthrie,07100008,Well,Alluvium,41.5264,-94.51267,07/13/2004 11:30:00,GWM,NIT-ORGN,Organic Nitrogen,Total,,,,0.13,mg/l,True,0.05,,,LAC10-107-06-2E,USGSGWM,Calculated,GW,Water,,,"[]"
8666065,31390002,Guthrie Center 1,Guthrie,07100007,Well,Alluvium,41.682316,-94.513023,07/26/2006 13:30:00,GWM,NIT-AMM,Ammonia-nitrogen (AS N),Total,,,,0.26,mg/l,True,0.05,,,350.1,USGSGWM,Actual,GW,Water,,,"[]"
8666065,31390002,Guthrie Center 1,Guthrie,07100007,Well,Alluvium,41.682316,-94.513023,07/26/2006 13:30:00,GWM,NIT-KJELD,Kjeldahl nitrogen (AS N),Total,,,,0.3,mg/l,True,0.1,,,351.2,USGSGWM,Actual,GW,Water,,,"[]"
8666065,31390002,Guthrie Center 1,Guthrie,07100007,Well,Alluvium,41.682316,-94.513023,07/26/2006 13:30:00,GWM,NIT-NO3-NO2,Nitrate + Nitrite (AS N),Total,,,,8,mg/l,True,0.05,,,353.2,USGSGWM,Actual,GW,Water,,,"[]"
8666065,31390002,Guthrie Center 1,Guthrie,07100007,Well,Alluvium,41.682316,-94.513023,07/26/2006 13:30:00,GWM,14265-44-2,Orthophosphate (AS P),Dissolved,,,,0.02,mg/l,True,0.02,,,365.1,USGSGWM,Actual,GW,Water,,,"[]"
8666065,31390002,Guthrie Center 1,Guthrie,07100007,Well,Alluvium,41.682316,-94.513023,07/26/2006 13:30:00,GWM,PHOSP-PHOSP,"Total Phosphorus, mixed forms (AS P)",Total,,,,0.04,mg/l,True,0.02,,,365.4,USGSGWM,Actual,GW,Water,,,"[]"
8666065,31390002,Guthrie Center 1,Guthrie,07100007,Well,Alluvium,41.682316,-94.513023,07/26/2006 13:30:00,GWM,NIT-ORGN,Organic Nitrogen,Total,,,,0.1,mg/l,False,0.1,,,LAC10-107-06-2E,USGSGWM,Calculated,GW,Water,,,"[]"
8666065,31390004,Bagley 3,Guthrie,07100007,Well,Buried Sand Gravel,41.842977,-94.431226,07/26/2006 15:30:00,GWM,NIT-AMM,Ammonia-nitrogen (AS N),Total,,,,0.15,mg/l,True,0.05,,,350.1,USGSGWM,Actual,GW,Water,,,"[]"
8666065,31390004,Bagley 3,Guthrie,07100007,Well,Buried Sand Gravel,41.842977,-94.431226,07/26/2006 15:30:00,GWM,NIT-KJELD,Kjeldahl nitrogen (AS N),Total,,,,0.2,mg/l,True,0.1,,,351.2,USGSGWM,Actual,GW,Water,,,"[]"
8666065,31390004,Bagley 3,Guthrie,07100007,Well,Buried Sand Gravel,41.842977,-94.431226,07/26/2006 15:30:00,GWM,NIT-NO3-NO2,Nitrate + Nitrite (AS N),Total,,,,2.4,mg/l,True,0.05,,,353.2,USGSGWM,Actual,GW,Water,,,"[]"
8666065,31390004,Bagley 3,Guthrie,07100007,Well,Buried Sand Gravel,41.842977,-94.431226,07/26/2006 15:30:00,GWM,14265-44-2,Orthophosphate (AS P),Dissolved,,,,0.02,mg/l,False,0.02,,,365.1,USGSGWM,Actual,GW,Water,,,"[]"
8666065,31390004,Bagley 3,Guthrie,07100007,Well,Buried Sand Gravel,41.842977,-94.431226,07/26/2006 15:30:00,GWM,PHOSP-PHOSP,"Total Phosphorus, mixed forms (AS P)",Total,,,,0.04,mg/l,True,0.02,,,365.4,USGSGWM,Actual,GW,Water,,,"[]"
8666065,31390004,Bagley 3,Guthrie,07100007,Well,Buried Sand Gravel,41.842977,-94.431226,07/26/2006 15:30:00,GWM,NIT-ORGN,Organic Nitrogen,Total,,,,0.1,mg/l,False,0.1,,,LAC10-107-06-2E,USGSGWM,Calculated,GW,Water,,,"[]"
8666065,31390003,Jamaica 3,Guthrie,07100006,Well,Pennsylvanian,41.843219,-94.31018,09/27/2006 10:30:00,GWM,NIT-AMM,Ammonia-nitrogen (AS N),Total,,,,4,mg/l,True,0.05,,,350.1,USGSGWM,Actual,GW,Water,,,"[]"
8666065,31390003,Jamaica 3,Guthrie,07100006,Well,Pennsylvanian,41.843219,-94.31018,09/27/2006 10:30:00,GWM,NIT-KJELD,Kjeldahl nitrogen (AS N),Total,,,,4.8,mg/l,True,0.1,,,351.2,USGSGWM,Actual,GW,Water,,,"[]"
8666065,31390003,Jamaica 3,Guthrie,07100006,Well,Pennsylvanian,41.843219,-94.31018,09/27/2006 10:30:00,GWM,NIT-NO3-NO2,Nitrate + Nitrite (AS N),Total,,,,0.05,mg/l,False,0.05,,,353.2,USGSGWM,Actual,GW,Water,,,"[]"
8666065,31390003,Jamaica 3,Guthrie,07100006,Well,Pennsylvanian,41.843219,-94.31018,09/27/2006 10:30:00,GWM,14265-44-2,Orthophosphate (AS P),Dissolved,,,,0.02,mg/l,False,0.02,,,365.1,USGSGWM,Actual,GW,Water,,,"[]"
8666065,31390003,Jamaica 3,Guthrie,07100006,Well,Pennsylvanian,41.843219,-94.31018,09/27/2006 10:30:00,GWM,PHOSP-PHOSP,"Total Phosphorus, mixed forms (AS P)",Total,,,,0.31,mg/l,True,0.02,,,365.4,USGSGWM,Actual,GW,Water,,,"[]"
8666065,31390003,Jamaica 3,Guthrie,07100006,Well,Pennsylvanian,41.843219,-94.31018,09/27/2006 10:30:00,GWM,NIT-ORGN,Organic Nitrogen,Total,,,,0.8,mg/l,True,0.1,,,LAC10-107-06-2E,USGSGWM,Calculated,GW,Water,,,"[]"
8666065,31390006,Springbrook State Park Main System 2,Guthrie,07100007,Well,Dakota,41.77372,-94.46488,02/15/2021 12:46:00,GWM,NIT-NO3-NO2,Nitrate + Nitrite (AS N),None,,,,0.59,mg/l,True,0.1,,,LAC10-107-06-1J,GWM,Actual,GW,Water,,,"[]"
8666065,31390006,Springbrook State Park Main System 2,Guthrie,07100007,Well,Dakota,41.77372,-94.46488,02/15/2021 12:46:00,GWM,NIT-AMM,Ammonia-nitrogen (AS N),None,,,,0.05,mg/l,False,0.05,,,LAC10-107-06-1J,GWM,Actual,GW,Water,,,"[]"
8666065,31390006,Springbrook State Park Main System 2,Guthrie,07100007,Well,Dakota,41.77372,-94.46488,02/15/2021 12:46:00,GWM,14265-44-2,Orthophosphate (AS P),Dissolved,,,,0.07,mg/l,True,0.02,,,LAC10-115-01-1A,GWM,Actual,GW,Water,,,"[]"
8666065,31390007,Adair-Casey Comm. School 1,Guthrie,07100008,Well,Dakota,41.52174,-94.581534,03/02/2021 08:00:00,GWM,NIT-AMM,Ammonia-nitrogen (AS N),None,,,,6.4,mg/l,True,0.05,,,LAC10-107-06-1J,GWM,Actual,GW,Water,,,"[]"
8666065,31390007,Adair-Casey Comm. School 1,Guthrie,07100008,Well,Dakota,41.52174,-94.581534,03/02/2021 08:00:00,GWM,NIT-NO3-NO2,Nitrate + Nitrite (AS N),None,,,,0.31,mg/l,True,0.1,,,LAC10-107-06-1J,GWM,Actual,GW,Water,,,"[]"
8666065,31390007,Adair-Casey Comm. School 1,Guthrie,07100008,Well,Dakota,41.52174,-94.581534,03/02/2021 08:00:00,GWM,14265-44-2,Orthophosphate (AS P),Dissolved,,,,0.02,mg/l,True,0.02,,,LAC10-115-01-1A,GWM,Actual,GW,Water,,,"[]"
