facilityID,siteID,name,county,huc8,type,aquifer,latitude,longitude,sampleDate,projectCode,cas_rn,analyte,fraction,relDepth,sampDepth,sampDepthUnit,result,unit,detect,detectLimit,quantFlag,quantLimit,method,colMethod,resultType,matrix,medium,qualFlag,remark,xParams
8666065,31400007,Williams 3,Hamilton,07080207,Well,Mississippian,42.487307,-93.544887,09/18/2002 11:15:00,GWM,NIT-NO3-NO2,Nitrate + Nitrite (AS N),Total,,,,0.1,mg/l,False,0.1,,,353.2,USGSGWM,Actual,GW,Water,,,"[]"
8666065,31400007,Williams 3,Hamilton,07080207,Well,Mississippian,42.487307,-93.544887,09/18/2002 11:15:00,GWM,NIT-AMM,Ammonia-nitrogen (AS N),Total,,,,0.59,mg/l,True,0.05,,,LAC10-107-06-1J,USGSGWM,Actual,GW,Water,,,"[]"
8666065,31400007,Williams 3,Hamilton,07080207,Well,Mississippian,42.487307,-93.544887,09/18/2002 11:15:00,GWM,NIT-ORGN,Organic Nitrogen (AS N),Total,,,,0.41,mg/l,True,0.05,,,LAC10-107-06-2E,USGSGWM,Calculated,GW,Water,,,"[]"
8666065,31400007,Williams 3,Hamilton,07080207,Well,Mississippian,42.487307,-93.544887,09/18/2002 11:15:00,GWM,14265-44-2,Orthophosphate (AS P),Dissolved,,,,0.05,mg/l,False,0.05,,,LAC10-115-01-1A,USGSGWM,Actual,GW,Water,,,"[]"
8666065,31400007,Williams 3,Hamilton,07080207,Well,Mississippian,42.487307,-93.544887,09/18/2002 11:15:00,GWM,PHOSP-PHOSP,"Total Phosphorus, mixed forms (AS P)",Total,,,,0.05,mg/l,False,0.05,,,LAC10-115-01-1C,USGSGWM,Actual,GW,Water,,,"[]"
8666065,31400007,Williams 3,Hamilton,07080207,Well,Mississippian,42.487307,-93.544887,09/18/2002 11:15:00,GWM,NIT-KJELD,Kjeldahl nitrogen (AS N),Total,,,,1,mg/l,True,0.05,,,PAI DK03,USGSGWM,Actual,GW,Water,,,"[]"
8666065,31400004,Randall 1,Hamilton,07080105,Well,Mississippian,42.23703,-93.60173,09/18/2002 09:45:00,GWM,NIT-NO3-NO2,Nitrate + Nitrite (AS N),Total,,,,0.1,mg/l,False,0.1,,,353.2,USGSGWM,Actual,GW,Water,,,"[]"
8666065,31400004,Randall 1,Hamilton,07080105,Well,Mississippian,42.23703,-93.60173,09/18/2002 09:45:00,GWM,NIT-AMM,Ammonia-nitrogen (AS N),Total,,,,0.24,mg/l,True,0.05,,,LAC10-107-06-1J,USGSGWM,Actual,GW,Water,,,"[]"
8666065,31400004,Randall 1,Hamilton,07080105,Well,Mississippian,42.23703,-93.60173,09/18/2002 09:45:00,GWM,NIT-ORGN,Organic Nitrogen (AS N),Total,,,,0.65,mg/l,True,0.05,,,LAC10-107-06-2E,USGSGWM,Calculated,GW,Water,,,"[]"
8666065,31400004,Randall 1,Hamilton,07080105,Well,Mississippian,42.23703,-93.60173,09/18/2002 09:45:00,GWM,14265-44-2,Orthophosphate (AS P),Dissolved,,,,0.05,mg/l,False,0.05,,,LAC10-115-01-1A,USGSGWM,Actual,GW,Water,,,"[]"
8666065,31400004,Randall 1,Hamilton,07080105,Well,Mississippian,42.23703,-93.60173,09/18/2002 09:45:00,GWM,PHOSP-PHOSP,"Total Phosphorus, mixed forms (AS P)",Total,,,,0.07,mg/l,True,0.05,,,LAC10-115-01-1C,USGSGWM,Actual,GW,Water,,,"[]"
8666065,31400004,Randall 1,Hamilton,07080105,Well,Mississippian,42.23703,-93.60173,09/18/2002 09:45:00,GWM,NIT-KJELD,Kjeldahl nitrogen (AS N),Total,,,,0.89,mg/l,True,0.05,,,PAI DK03,USGSGWM,Actual,GW,Water,,,"[]"
8666065,31400006,Kamrar 2,Hamilton,07080105,Well,Mississippian,42.3928,-93.73113,09/17/2002 15:30:00,GWM,NIT-NO3-NO2,Nitrate + Nitrite (AS N),Total,,,,0.1,mg/l,False,0.1,,,353.2,USGSGWM,Actual,GW,Water,,,"[]"
8666065,31400006,Kamrar 2,Hamilton,07080105,Well,Mississippian,42.3928,-93.73113,09/17/2002 15:30:00,GWM,NIT-AMM,Ammonia-nitrogen (AS N),Total,,,,3.6,mg/l,True,0.05,,,LAC10-107-06-1J,USGSGWM,Actual,GW,Water,,,"[]"
8666065,31400006,Kamrar 2,Hamilton,07080105,Well,Mississippian,42.3928,-93.73113,09/17/2002 15:30:00,GWM,NIT-ORGN,Organic Nitrogen (AS N),Total,,,,1.2,mg/l,True,0.05,,,LAC10-107-06-2E,USGSGWM,Calculated,GW,Water,,,"[]"
8666065,31400006,Kamrar 2,Hamilton,07080105,Well,Mississippian,42.3928,-93.73113,09/17/2002 15:30:00,GWM,14265-44-2,Orthophosphate (AS P),Dissolved,,,,0.1,mg/l,True,0.05,,,LAC10-115-01-1A,USGSGWM,Actual,GW,Water,,,"[]"
8666065,31400006,Kamrar 2,Hamilton,07080105,Well,Mississippian,42.3928,-93.73113,09/17/2002 15:30:00,GWM,PHOSP-PHOSP,"Total Phosphorus, mixed forms (AS P)",Total,,,,0.15,mg/l,True,0.05,,,LAC10-115-01-1C,USGSGWM,Actual,GW,Water,,,"[]"
8666065,31400006,Kamrar 2,Hamilton,07080105,Well,Mississippian,42.3928,-93.73113,09/17/2002 15:30:00,GWM,NIT-KJELD,Kjeldahl nitrogen (AS N),Total,,,,4.7,mg/l,True,0.05,,,PAI DK03,USGSGWM,Actual,GW,Water,,,"[]"
8666065,31400002,Ellsworth 4,Hamilton,07080105,Well,Mississippian,42.31602,-93.57818,09/17/2002 11:30:00,GWM,NIT-NO3-NO2,Nitrate + Nitrite (AS N),Total,,,,0.1,mg/l,False,0.1,,,353.2,USGSGWM,Actual,GW,Water,,,"[]"
8666065,31400002,Ellsworth 4,Hamilton,07080105,Well,Mississippian,42.31602,-93.57818,09/17/2002 11:30:00,GWM,NIT-AMM,Ammonia-nitrogen (AS N),Total,,,,3.8,mg/l,True,0.05,,,LAC10-107-06-1J,USGSGWM,Actual,GW,Water,,,"[]"
8666065,31400002,Ellsworth 4,Hamilton,07080105,Well,Mississippian,42.31602,-93.57818,09/17/2002 11:30:00,GWM,NIT-ORGN,Organic Nitrogen (AS N),Total,,,,0.79,mg/l,True,0.05,,,LAC10-107-06-2E,USGSGWM,Calculated,GW,Water,,,"[]"
8666065,31400002,Ellsworth 4,Hamilton,07080105,Well,Mississippian,42.31602,-93.57818,09/17/2002 11:30:00,GWM,14265-44-2,Orthophosphate (AS P),Dissolved,,,,0.12,mg/l,True,0.05,,,LAC10-115-01-1A,USGSGWM,Actual,GW,Water,,,"[]"
8666065,31400002,Ellsworth 4,Hamilton,07080105,Well,Mississippian,42.31602,-93.57818,09/17/2002 11:30:00,GWM,PHOSP-PHOSP,"Total Phosphorus, mixed forms (AS P)",Total,,,,0.37,mg/l,True,0.05,,,LAC10-115-01-1C,USGSGWM,Actual,GW,Water,,,"[]"
8666065,31400002,Ellsworth 4,Hamilton,07080105,Well,Mississippian,42.31602,-93.57818,09/17/2002 11:30:00,GWM,NIT-KJELD,Kjeldahl nitrogen (AS N),Total,,,,4.5,mg/l,True,0.05,,,PAI DK03,USGSGWM,Actual,GW,Water,,,"[]"
8666065,31400005,Stanhope 4,Hamilton,07080105,Well,Mississippian,42.29239,-93.79321,09/17/2002 13:30:00,GWM,NIT-NO3-NO2,Nitrate + Nitrite (AS N),Total,,,,0.1,mg/l,False,0.1,,,353.2,USGSGWM,Actual,GW,Water,,,"[]"
8666065,31400005,Stanhope 4,Hamilton,07080105,Well,Mississippian,42.29239,-93.79321,09/17/2002 13:30:00,GWM,NIT-AMM,Ammonia-nitrogen (AS N),Total,,,,1.3,mg/l,True,0.05,,,LAC10-107-06-1J,USGSGWM,Actual,GW,Water,,,"[]"
8666065,31400005,Stanhope 4,Hamilton,07080105,Well,Mississippian,42.29239,-93.79321,09/17/2002 13:30:00,GWM,NIT-ORGN,Organic Nitrogen (AS N),Total,,,,0.23,mg/l,True,0.05,,,LAC10-107-06-2E,USGSGWM,Calculated,GW,Water,,,"[]"
8666065,31400005,Stanhope 4,Hamilton,07080105,Well,Mississippian,42.29239,-93.79321,09/17/2002 13:30:00,GWM,14265-44-2,Orthophosphate (AS P),Dissolved,,,,0.05,mg/l,False,0.05,,,LAC10-115-01-1A,USGSGWM,Actual,GW,Water,,,"[]"
8666065,31400005,Stanhope 4,Hamilton,07080105,Well,Mississippian,42.29239,-93.79321,09/17/2002 13:30:00,GWM,PHOSP-PHOSP,"Total Phosphorus, mixed forms (AS P)",Total,,,,0.05,mg/l,True,0.05,,,LAC10-115-01-1C,USGSGWM,Actual,GW,Water,,,"[]"
8666065,31400005,Stanhope 4,Hamilton,07080105,Well,Mississippian,42.29239,-93.79321,09/17/2002 13:30:00,GWM,NIT-KJELD,Kjeldahl nitrogen (AS N),Total,,,,1.5,mg/l,True,0.05,,,PAI DK03,USGSGWM,Actual,GW,Water,,,"[]"
8666065,31400003,Jewell 1,Hamilton,07080105,Well,Buried Sand Gravel,42.307535,-93.638431,07/17/2006 08:00:00,GWM,NIT-AMM,Ammonia-nitrogen (AS N),Total,,,,0.68,mg/l,True,0.05,,,350.1,USGSGWM,Actual,GW,Water,,,"[]"
8666065,31400003,Jewell 1,Hamilton,07080105,Well,Buried Sand Gravel,42.307535,-93.638431,07/17/2006 08:00:00,GWM,NIT-KJELD,Kjeldahl nitrogen (AS N),Total,,,,0.9,mg/l,True,0.1,,,351.2,USGSGWM,Actual,GW,Water,,,"[]"
8666065,31400003,Jewell 1,Hamilton,07080105,Well,Buried Sand Gravel,42.307535,-93.638431,07/17/2006 08:00:00,GWM,NIT-NO3-NO2,Nitrate + Nitrite (AS N),Total,,,,0.05,mg/l,False,0.05,,,353.2,USGSGWM,Actual,GW,Water,,,"[]"
8666065,31400003,Jewell 1,Hamilton,07080105,Well,Buried Sand Gravel,42.307535,-93.638431,07/17/2006 08:00:00,GWM,14265-44-2,Orthophosphate (AS P),Dissolved,,,,0.02,mg/l,False,0.02,,,365.1,USGSGWM,Actual,GW,Water,,,"[]"
8666065,31400003,Jewell 1,Hamilton,07080105,Well,Buried Sand Gravel,42.307535,-93.638431,07/17/2006 08:00:00,GWM,PHOSP-PHOSP,"Total Phosphorus, mixed forms (AS P)",Total,,,,0.17,mg/l,True,0.02,,,365.4,USGSGWM,Actual,GW,Water,,,"[]"
8666065,31400003,Jewell 1,Hamilton,07080105,Well,Buried Sand Gravel,42.307535,-93.638431,07/17/2006 08:00:00,GWM,NIT-ORGN,Organic Nitrogen,Total,,,,0.2,mg/l,True,0.1,,,LAC10-107-06-2E,USGSGWM,Calculated,GW,Water,,,"[]"
8666065,31400002,Ellsworth 4,Hamilton,07080105,Well,Mississippian,42.31602,-93.57818,07/31/2006 09:30:00,GWM,NIT-AMM,Ammonia-nitrogen (AS N),Total,,,,3.6,mg/l,True,0.05,,,350.1,USGSGWM,Actual,GW,Water,,,"[]"
8666065,31400002,Ellsworth 4,Hamilton,07080105,Well,Mississippian,42.31602,-93.57818,07/31/2006 09:30:00,GWM,NIT-KJELD,Kjeldahl nitrogen (AS N),Total,,,,3.9,mg/l,True,0.1,,,351.2,USGSGWM,Actual,GW,Water,,,"[]"
8666065,31400002,Ellsworth 4,Hamilton,07080105,Well,Mississippian,42.31602,-93.57818,07/31/2006 09:30:00,GWM,NIT-NO3-NO2,Nitrate + Nitrite (AS N),Total,,,,0.05,mg/l,False,0.05,,,353.2,USGSGWM,Actual,GW,Water,,,"[]"
8666065,31400002,Ellsworth 4,Hamilton,07080105,Well,Mississippian,42.31602,-93.57818,07/31/2006 09:30:00,GWM,14265-44-2,Orthophosphate (AS P),Dissolved,,,,0.02,mg/l,False,0.02,,,365.1,USGSGWM,Actual,GW,Water,,,"[]"
8666065,31400002,Ellsworth 4,Hamilton,07080105,Well,Mississippian,42.31602,-93.57818,07/31/2006 09:30:00,GWM,PHOSP-PHOSP,"Total Phosphorus, mixed forms (AS P)",Total,,,,0.29,mg/l,True,0.02,,,365.4,USGSGWM,Actual,GW,Water,,,"[]"
8666065,31400002,Ellsworth 4,Hamilton,07080105,Well,Mississippian,42.31602,-93.57818,07/31/2006 09:30:00,GWM,NIT-ORGN,Organic Nitrogen,Total,,,,0.3,mg/l,True,0.1,,,LAC10-107-06-2E,USGSGWM,Calculated,GW,Water,,,"[]"
8666065,35400003,Briggs Woods 3,Hamilton,07100005,Well,Mississippian,42.436284,-93.795223,07/23/2002 10:00:00,GWM,NIT-AMM,Ammonia-nitrogen (AS N),Total,,,,0.86,mg/l,True,0.05,,,350.1,GWM001,Actual,GW,Water,,,"[]"
8666065,35400003,Briggs Woods 3,Hamilton,07100005,Well,Mississippian,42.436284,-93.795223,07/23/2002 10:00:00,GWM,NIT-KJELD,Kjeldahl nitrogen (AS N),Total,,,,1.1,mg/l,True,0.05,,,351.1,GWM001,Actual,GW,Water,,,"[]"
8666065,35400003,Briggs Woods 3,Hamilton,07100005,Well,Mississippian,42.436284,-93.795223,07/23/2002 10:00:00,GWM,NIT-NO3-NO2,Nitrate + Nitrite (AS N),Total,,,,3,mg/l,True,0.1,,,353.2,GWM001,Actual,GW,Water,,,"[]"
8666065,35400003,Briggs Woods 3,Hamilton,07100005,Well,Mississippian,42.436284,-93.795223,07/23/2002 10:00:00,GWM,14265-44-2,Orthophosphate (AS P),Dissolved,,,,0.05,mg/l,False,0.05,,,365.1,GWM001,Actual,GW,Water,,,"[]"
8666065,35400003,Briggs Woods 3,Hamilton,07100005,Well,Mississippian,42.436284,-93.795223,07/23/2002 10:00:00,GWM,PHOSP-PHOSP,"Total Phosphorus, mixed forms (AS P)",Total,,,,0.09,mg/l,True,0.05,,,365.4,GWM001,Actual,GW,Water,,,"[]"
8666065,35400002,Briggs Woods 2,Hamilton,07100005,Well,Mississippian,42.436274,-93.795221,07/23/2002 12:00:00,GWM,NIT-AMM,Ammonia-nitrogen (AS N),Total,,,,0.14,mg/l,True,0.05,,,350.1,GWM001,Actual,GW,Water,,,"[]"
8666065,35400002,Briggs Woods 2,Hamilton,07100005,Well,Mississippian,42.436274,-93.795221,07/23/2002 12:00:00,GWM,NIT-KJELD,Kjeldahl nitrogen (AS N),Total,,,,0.52,mg/l,True,0.05,,,351.1,GWM001,Actual,GW,Water,,,"[]"
8666065,35400002,Briggs Woods 2,Hamilton,07100005,Well,Mississippian,42.436274,-93.795221,07/23/2002 12:00:00,GWM,NIT-NO3-NO2,Nitrate + Nitrite (AS N),Total,,,,0.1,mg/l,False,0.1,,,353.2,GWM001,Actual,GW,Water,,,"[]"
8666065,35400002,Briggs Woods 2,Hamilton,07100005,Well,Mississippian,42.436274,-93.795221,07/23/2002 12:00:00,GWM,14265-44-2,Orthophosphate (AS P),Dissolved,,,,0.05,mg/l,False,0.05,,,365.1,GWM001,Actual,GW,Water,,,"[]"
8666065,35400002,Briggs Woods 2,Hamilton,07100005,Well,Mississippian,42.436274,-93.795221,07/23/2002 12:00:00,GWM,PHOSP-PHOSP,"Total Phosphorus, mixed forms (AS P)",Total,,,,0.45,mg/l,True,0.05,,,365.4,GWM001,Actual,GW,Water,,,"[]"
8666065,35400002,Briggs Woods 2,Hamilton,07100005,Well,Mississippian,42.436274,-93.795221,04/17/2003 09:20:00,GWM,NIT-AMM,Ammonia-nitrogen (AS N),Total,,,,0.37,mg/l,True,0.05,,,350.1,GWM001,Actual,GW,Water,,,"[]"
8666065,35400002,Briggs Woods 2,Hamilton,07100005,Well,Mississippian,42.436274,-93.795221,04/17/2003 09:20:00,GWM,NIT-KJELD,Kjeldahl nitrogen (AS N),Total,,,,0.89,mg/l,True,0.05,,,351.1,GWM001,Actual,GW,Water,,,"[]"
8666065,35400002,Briggs Woods 2,Hamilton,07100005,Well,Mississippian,42.436274,-93.795221,04/17/2003 09:20:00,GWM,NIT-NO3-NO2,Nitrate + Nitrite (AS N),Total,,,,0.1,mg/l,False,0.1,,,353.2,GWM001,Actual,GW,Water,,,"[]"
8666065,35400002,Briggs Woods 2,Hamilton,07100005,Well,Mississippian,42.436274,-93.795221,04/17/2003 09:20:00,GWM,14265-44-2,Orthophosphate (AS P),Dissolved,,,,0.05,mg/l,False,0.05,,,365.1,GWM001,Actual,GW,Water,,,"[]"
8666065,35400002,Briggs Woods 2,Hamilton,07100005,Well,Mississippian,42.436274,-93.795221,04/17/2003 09:20:00,GWM,PHOSP-PHOSP,"Total Phosphorus, mixed forms (AS P)",Total,,,,1.8,mg/l,True,0.05,,,365.4,GWM001,Actual,GW,Water,,,"[]"
8666065,35400003,Briggs Woods 3,Hamilton,07100005,Well,Mississippian,42.436284,-93.795223,04/17/2003 11:30:00,GWM,NIT-AMM,Ammonia-nitrogen (AS N),Total,,,,1.4,mg/l,True,0.05,,,350.1,GWM001,Actual,GW,Water,,,"[]"
8666065,35400003,Briggs Woods 3,Hamilton,07100005,Well,Mississippian,42.436284,-93.795223,04/17/2003 11:30:00,GWM,NIT-KJELD,Kjeldahl nitrogen (AS N),Total,,,,1.6,mg/l,True,0.05,,,351.1,GWM001,Actual,GW,Water,,,"[]"
8666065,35400003,Briggs Woods 3,Hamilton,07100005,Well,Mississippian,42.436284,-93.795223,04/17/2003 11:30:00,GWM,NIT-NO3-NO2,Nitrate + Nitrite (AS N),Total,,,,1.1,mg/l,True,0.1,,,353.2,GWM001,Actual,GW,Water,,,"[]"
8666065,35400003,Briggs Woods 3,Hamilton,07100005,Well,Mississippian,42.436284,-93.795223,04/17/2003 11:30:00,GWM,14265-44-2,Orthophosphate (AS P),Dissolved,,,,0.05,mg/l,False,0.05,,,365.1,GWM001,Actual,GW,Water,,,"[]"
8666065,35400003,Briggs Woods 3,Hamilton,07100005,Well,Mississippian,42.436284,-93.795223,04/17/2003 11:30:00,GWM,PHOSP-PHOSP,"Total Phosphorus, mixed forms (AS P)",Total,,,,0.05,mg/l,False,0.05,,,365.4,GWM001,Actual,GW,Water,,,"[]"
8666065,35400001,Briggs Woods 1,Hamilton,07100005,Well,Quaternary,42.436292,-93.795226,08/16/2006 18:00:00,GWM,NIT-AMM,Ammonia-nitrogen (AS N),Total,,,,0.05,mg/l,False,0.05,,,350.1,GWM001,Actual,GW,Water,,,"[]"
8666065,35400001,Briggs Woods 1,Hamilton,07100005,Well,Quaternary,42.436292,-93.795226,08/16/2006 18:00:00,GWM,NIT-KJELD,Kjeldahl nitrogen (AS N),Total,,,,6,mg/l,True,0.1,,,351.2,GWM001,Actual,GW,Water,,,"[]"
8666065,35400001,Briggs Woods 1,Hamilton,07100005,Well,Quaternary,42.436292,-93.795226,08/16/2006 18:00:00,GWM,NIT-NO3-NO2,Nitrate + Nitrite (AS N),Total,,,,13,mg/l,True,0.05,,,353.2,GWM001,Actual,GW,Water,,,"[]"
8666065,35400001,Briggs Woods 1,Hamilton,07100005,Well,Quaternary,42.436292,-93.795226,08/16/2006 18:00:00,GWM,14265-44-2,Orthophosphate (AS P),Dissolved,,,,0.02,mg/l,True,0.02,,,365.1,GWM001,Actual,GW,Water,,,"[]"
8666065,35400001,Briggs Woods 1,Hamilton,07100005,Well,Quaternary,42.436292,-93.795226,08/16/2006 18:00:00,GWM,PHOSP-PHOSP,"Total Phosphorus, mixed forms (AS P)",Total,,,,7.1,mg/l,True,0.05,,,365.4,GWM001,Actual,GW,Water,,,"[]"
8666065,35400001,Briggs Woods 1,Hamilton,07100005,Well,Quaternary,42.436292,-93.795226,08/16/2006 18:00:00,GWM,NIT-ORGN,Organic Nitrogen,Total,,,,6,mg/l,True,0.1,,,LAC10-107-06-2E,GWM001,Calculated,GW,Water,,,"[]"
8666065,35400002,Briggs Woods 2,Hamilton,07100005,Well,Mississippian,42.436274,-93.795221,08/16/2006 16:45:00,GWM,NIT-AMM,Ammonia-nitrogen (AS N),Total,,,,0.09,mg/l,True,0.05,,,350.1,GWM001,Actual,GW,Water,,,"[]"
8666065,35400002,Briggs Woods 2,Hamilton,07100005,Well,Mississippian,42.436274,-93.795221,08/16/2006 16:45:00,GWM,NIT-KJELD,Kjeldahl nitrogen (AS N),Total,,,,0.6,mg/l,True,0.1,,,351.2,GWM001,Actual,GW,Water,,,"[]"
8666065,35400002,Briggs Woods 2,Hamilton,07100005,Well,Mississippian,42.436274,-93.795221,08/16/2006 16:45:00,GWM,NIT-NO3-NO2,Nitrate + Nitrite (AS N),Total,,,,0.05,mg/l,False,0.05,,,353.2,GWM001,Actual,GW,Water,,,"[]"
8666065,35400002,Briggs Woods 2,Hamilton,07100005,Well,Mississippian,42.436274,-93.795221,08/16/2006 16:45:00,GWM,14265-44-2,Orthophosphate (AS P),Dissolved,,,,0.03,mg/l,True,0.02,,,365.1,GWM001,Actual,GW,Water,,,"[]"
8666065,35400002,Briggs Woods 2,Hamilton,07100005,Well,Mississippian,42.436274,-93.795221,08/16/2006 16:45:00,GWM,PHOSP-PHOSP,"Total Phosphorus, mixed forms (AS P)",Total,,,,0.4,mg/l,True,0.02,,,365.4,GWM001,Actual,GW,Water,,,"[]"
8666065,35400002,Briggs Woods 2,Hamilton,07100005,Well,Mississippian,42.436274,-93.795221,08/16/2006 16:45:00,GWM,NIT-ORGN,Organic Nitrogen,Total,,,,0.5,mg/l,True,0.1,,,LAC10-107-06-2E,GWM001,Calculated,GW,Water,,,"[]"
8666065,35400003,Briggs Woods 3,Hamilton,07100005,Well,Mississippian,42.436284,-93.795223,08/16/2006 18:40:00,GWM,NIT-AMM,Ammonia-nitrogen (AS N),Total,,,,1.6,mg/l,True,0.05,,,350.1,GWM001,Actual,GW,Water,,,"[]"
8666065,35400003,Briggs Woods 3,Hamilton,07100005,Well,Mississippian,42.436284,-93.795223,08/16/2006 18:40:00,GWM,NIT-KJELD,Kjeldahl nitrogen (AS N),Total,,,,2.2,mg/l,True,0.1,,,351.2,GWM001,Actual,GW,Water,,,"[]"
8666065,35400003,Briggs Woods 3,Hamilton,07100005,Well,Mississippian,42.436284,-93.795223,08/16/2006 18:40:00,GWM,NIT-NO3-NO2,Nitrate + Nitrite (AS N),Total,,,,0.05,mg/l,False,0.05,,,353.2,GWM001,Actual,GW,Water,,,"[]"
8666065,35400003,Briggs Woods 3,Hamilton,07100005,Well,Mississippian,42.436284,-93.795223,08/16/2006 18:40:00,GWM,14265-44-2,Orthophosphate (AS P),Dissolved,,,,0.02,mg/l,False,0.02,,,365.1,GWM001,Actual,GW,Water,,,"[]"
8666065,35400003,Briggs Woods 3,Hamilton,07100005,Well,Mississippian,42.436284,-93.795223,08/16/2006 18:40:00,GWM,PHOSP-PHOSP,"Total Phosphorus, mixed forms (AS P)",Total,,,,0.02,mg/l,True,0.02,,,365.4,GWM001,Actual,GW,Water,,,"[]"
8666065,35400003,Briggs Woods 3,Hamilton,07100005,Well,Mississippian,42.436284,-93.795223,08/16/2006 18:40:00,GWM,NIT-ORGN,Organic Nitrogen,Total,,,,0.6,mg/l,True,0.1,,,LAC10-107-06-2E,GWM001,Calculated,GW,Water,,,"[]"
