facilityID,siteID,name,county,huc8,type,aquifer,latitude,longitude,sampleDate,projectCode,cas_rn,analyte,fraction,relDepth,sampDepth,sampDepthUnit,result,unit,detect,detectLimit,quantFlag,quantLimit,method,colMethod,resultType,matrix,medium,qualFlag,remark,xParams
8666065,31420007,Ackley 3,Hardin,07080205,Well,Multiple Aquifers,42.55563,-93.05705,09/11/2002 11:30:00,GWM,NIT-NO3-NO2,Nitrate + Nitrite (AS N),Total,,,,0.6,mg/l,True,0.1,,,353.2,USGSGWM,Actual,GW,Water,,,"[]"
8666065,31420007,Ackley 3,Hardin,07080205,Well,Multiple Aquifers,42.55563,-93.05705,09/11/2002 11:30:00,GWM,NIT-AMM,Ammonia-nitrogen (AS N),Total,,,,1.4,mg/l,True,0.05,,,LAC10-107-06-1J,USGSGWM,Actual,GW,Water,,,"[]"
8666065,31420007,Ackley 3,Hardin,07080205,Well,Multiple Aquifers,42.55563,-93.05705,09/11/2002 11:30:00,GWM,NIT-ORGN,Organic Nitrogen (AS N),Total,,,,0.2,mg/l,True,0.05,,,LAC10-107-06-2E,USGSGWM,Calculated,GW,Water,,,"[]"
8666065,31420007,Ackley 3,Hardin,07080205,Well,Multiple Aquifers,42.55563,-93.05705,09/11/2002 11:30:00,GWM,14265-44-2,Orthophosphate (AS P),Dissolved,,,,0.05,mg/l,False,0.05,,,LAC10-115-01-1A,USGSGWM,Actual,GW,Water,,,"[]"
8666065,31420007,Ackley 3,Hardin,07080205,Well,Multiple Aquifers,42.55563,-93.05705,09/11/2002 11:30:00,GWM,PHOSP-PHOSP,"Total Phosphorus, mixed forms (AS P)",Total,,,,0.07,mg/l,True,0.05,,,LAC10-115-01-1C,USGSGWM,Actual,GW,Water,,,"[]"
8666065,31420007,Ackley 3,Hardin,07080205,Well,Multiple Aquifers,42.55563,-93.05705,09/11/2002 11:30:00,GWM,NIT-KJELD,Kjeldahl nitrogen (AS N),Total,,,,1.6,mg/l,True,0.05,,,PAI DK03,USGSGWM,Actual,GW,Water,,,"[]"
8666065,31420003,Hubbard 2,Hardin,07080207,Well,Mississippian,42.30704,-93.29537,09/10/2002 13:30:00,GWM,NIT-NO3-NO2,Nitrate + Nitrite (AS N),Total,,,,0.5,mg/l,True,0.1,,,353.2,USGSGWM,Actual,GW,Water,,,"[]"
8666065,31420003,Hubbard 2,Hardin,07080207,Well,Mississippian,42.30704,-93.29537,09/10/2002 13:30:00,GWM,NIT-AMM,Ammonia-nitrogen (AS N),Total,,,,2.2,mg/l,True,0.05,,,LAC10-107-06-1J,USGSGWM,Actual,GW,Water,,,"[]"
8666065,31420003,Hubbard 2,Hardin,07080207,Well,Mississippian,42.30704,-93.29537,09/10/2002 13:30:00,GWM,NIT-ORGN,Organic Nitrogen (AS N),Total,,,,0.7,mg/l,True,0.05,,,LAC10-107-06-2E,USGSGWM,Calculated,GW,Water,,,"[]"
8666065,31420003,Hubbard 2,Hardin,07080207,Well,Mississippian,42.30704,-93.29537,09/10/2002 13:30:00,GWM,14265-44-2,Orthophosphate (AS P),Dissolved,,,,0.05,mg/l,False,0.05,,,LAC10-115-01-1A,USGSGWM,Actual,GW,Water,,,"[]"
8666065,31420003,Hubbard 2,Hardin,07080207,Well,Mississippian,42.30704,-93.29537,09/10/2002 13:30:00,GWM,PHOSP-PHOSP,"Total Phosphorus, mixed forms (AS P)",Total,,,,0.1,mg/l,True,0.05,,,LAC10-115-01-1C,USGSGWM,Actual,GW,Water,,,"[]"
8666065,31420003,Hubbard 2,Hardin,07080207,Well,Mississippian,42.30704,-93.29537,09/10/2002 13:30:00,GWM,NIT-KJELD,Kjeldahl nitrogen (AS N),Total,,,,2.9,mg/l,True,0.05,,,PAI DK03,USGSGWM,Actual,GW,Water,,,"[]"
8666065,31420004,Eldora 3,Hardin,07080207,Well,Mississippian,42.357987,-93.100357,09/10/2002 11:30:00,GWM,NIT-NO3-NO2,Nitrate + Nitrite (AS N),Total,,,,0.1,mg/l,False,0.1,,,353.2,USGSGWM,Actual,GW,Water,,,"[]"
8666065,31420004,Eldora 3,Hardin,07080207,Well,Mississippian,42.357987,-93.100357,09/10/2002 11:30:00,GWM,NIT-AMM,Ammonia-nitrogen (AS N),Total,,,,0.74,mg/l,True,0.05,,,LAC10-107-06-1J,USGSGWM,Actual,GW,Water,,,"[]"
8666065,31420004,Eldora 3,Hardin,07080207,Well,Mississippian,42.357987,-93.100357,09/10/2002 11:30:00,GWM,NIT-ORGN,Organic Nitrogen (AS N),Total,,,,0.56,mg/l,True,0.05,,,LAC10-107-06-2E,USGSGWM,Calculated,GW,Water,,,"[]"
8666065,31420004,Eldora 3,Hardin,07080207,Well,Mississippian,42.357987,-93.100357,09/10/2002 11:30:00,GWM,14265-44-2,Orthophosphate (AS P),Dissolved,,,,0.05,mg/l,False,0.05,,,LAC10-115-01-1A,USGSGWM,Actual,GW,Water,,,"[]"
8666065,31420004,Eldora 3,Hardin,07080207,Well,Mississippian,42.357987,-93.100357,09/10/2002 11:30:00,GWM,PHOSP-PHOSP,"Total Phosphorus, mixed forms (AS P)",Total,,,,0.08,mg/l,True,0.05,,,LAC10-115-01-1C,USGSGWM,Actual,GW,Water,,,"[]"
8666065,31420004,Eldora 3,Hardin,07080207,Well,Mississippian,42.357987,-93.100357,09/10/2002 11:30:00,GWM,NIT-KJELD,Kjeldahl nitrogen (AS N),Total,,,,1.3,mg/l,True,0.05,,,PAI DK03,USGSGWM,Actual,GW,Water,,,"[]"
8666065,31420005,Steamboat Rock 2,Hardin,07080207,Well,Mississippian,42.4125,-93.06619,09/11/2002 13:45:00,GWM,NIT-NO3-NO2,Nitrate + Nitrite (AS N),Total,,,,1.7,mg/l,True,0.1,,,353.2,USGSGWM,Actual,GW,Water,,,"[]"
8666065,31420005,Steamboat Rock 2,Hardin,07080207,Well,Mississippian,42.4125,-93.06619,09/11/2002 13:45:00,GWM,NIT-AMM,Ammonia-nitrogen (AS N),Total,,,,0.05,mg/l,False,0.05,,,LAC10-107-06-1J,USGSGWM,Actual,GW,Water,,,"[]"
8666065,31420005,Steamboat Rock 2,Hardin,07080207,Well,Mississippian,42.4125,-93.06619,09/11/2002 13:45:00,GWM,NIT-ORGN,Organic Nitrogen (AS N),Total,,,,0.51,mg/l,True,0.05,,,LAC10-107-06-2E,USGSGWM,Calculated,GW,Water,,,"[]"
8666065,31420005,Steamboat Rock 2,Hardin,07080207,Well,Mississippian,42.4125,-93.06619,09/11/2002 13:45:00,GWM,14265-44-2,Orthophosphate (AS P),Dissolved,,,,0.05,mg/l,False,0.05,,,LAC10-115-01-1A,USGSGWM,Actual,GW,Water,,,"[]"
8666065,31420005,Steamboat Rock 2,Hardin,07080207,Well,Mississippian,42.4125,-93.06619,09/11/2002 13:45:00,GWM,PHOSP-PHOSP,"Total Phosphorus, mixed forms (AS P)",Total,,,,0.05,mg/l,True,0.05,,,LAC10-115-01-1C,USGSGWM,Actual,GW,Water,,,"[]"
8666065,31420005,Steamboat Rock 2,Hardin,07080207,Well,Mississippian,42.4125,-93.06619,09/11/2002 13:45:00,GWM,NIT-KJELD,Kjeldahl nitrogen (AS N),Total,,,,0.51,mg/l,True,0.05,,,PAI DK03,USGSGWM,Actual,GW,Water,,,"[]"
8666065,31420006,Iowa Falls 3,Hardin,07080207,Well,Mississippian,42.52715,-93.2619,09/11/2002 07:45:00,GWM,NIT-NO3-NO2,Nitrate + Nitrite (AS N),Total,,,,0.1,mg/l,False,0.1,,,353.2,USGSGWM,Actual,GW,Water,,,"[]"
8666065,31420006,Iowa Falls 3,Hardin,07080207,Well,Mississippian,42.52715,-93.2619,09/11/2002 07:45:00,GWM,NIT-AMM,Ammonia-nitrogen (AS N),Total,,,,0.69,mg/l,True,0.05,,,LAC10-107-06-1J,USGSGWM,Actual,GW,Water,,,"[]"
8666065,31420006,Iowa Falls 3,Hardin,07080207,Well,Mississippian,42.52715,-93.2619,09/11/2002 07:45:00,GWM,NIT-ORGN,Organic Nitrogen (AS N),Total,,,,0.61,mg/l,True,0.05,,,LAC10-107-06-2E,USGSGWM,Calculated,GW,Water,,,"[]"
8666065,31420006,Iowa Falls 3,Hardin,07080207,Well,Mississippian,42.52715,-93.2619,09/11/2002 07:45:00,GWM,14265-44-2,Orthophosphate (AS P),Dissolved,,,,0.05,mg/l,False,0.05,,,LAC10-115-01-1A,USGSGWM,Actual,GW,Water,,,"[]"
8666065,31420006,Iowa Falls 3,Hardin,07080207,Well,Mississippian,42.52715,-93.2619,09/11/2002 07:45:00,GWM,PHOSP-PHOSP,"Total Phosphorus, mixed forms (AS P)",Total,,,,0.05,mg/l,False,0.05,,,LAC10-115-01-1C,USGSGWM,Actual,GW,Water,,,"[]"
8666065,31420006,Iowa Falls 3,Hardin,07080207,Well,Mississippian,42.52715,-93.2619,09/11/2002 07:45:00,GWM,NIT-KJELD,Kjeldahl nitrogen (AS N),Total,,,,1.3,mg/l,True,0.05,,,PAI DK03,USGSGWM,Actual,GW,Water,,,"[]"
8666065,31420008,New Providence 2,Hardin,07080207,Well,Mississippian,42.28377,-93.17025,09/24/2002 11:15:00,GWM,NIT-NO3-NO2,Nitrate + Nitrite (AS N),Total,,,,0.1,mg/l,False,0.1,,,353.2,USGSGWM,Actual,GW,Water,,,"[]"
8666065,31420008,New Providence 2,Hardin,07080207,Well,Mississippian,42.28377,-93.17025,09/24/2002 11:15:00,GWM,NIT-AMM,Ammonia-nitrogen (AS N),Total,,,,2.1,mg/l,True,0.05,,,LAC10-107-06-1J,USGSGWM,Actual,GW,Water,,,"[]"
8666065,31420008,New Providence 2,Hardin,07080207,Well,Mississippian,42.28377,-93.17025,09/24/2002 11:15:00,GWM,NIT-ORGN,Organic Nitrogen (AS N),Total,,,,0.26,mg/l,True,0.05,,,LAC10-107-06-2E,USGSGWM,Calculated,GW,Water,,,"[]"
8666065,31420008,New Providence 2,Hardin,07080207,Well,Mississippian,42.28377,-93.17025,09/24/2002 11:15:00,GWM,14265-44-2,Orthophosphate (AS P),Dissolved,,,,0.05,mg/l,False,0.05,,,LAC10-115-01-1A,USGSGWM,Actual,GW,Water,,,"[]"
8666065,31420008,New Providence 2,Hardin,07080207,Well,Mississippian,42.28377,-93.17025,09/24/2002 11:15:00,GWM,PHOSP-PHOSP,"Total Phosphorus, mixed forms (AS P)",Total,,,,0.09,mg/l,True,0.05,,,LAC10-115-01-1C,USGSGWM,Actual,GW,Water,,,"[]"
8666065,31420008,New Providence 2,Hardin,07080207,Well,Mississippian,42.28377,-93.17025,09/24/2002 11:15:00,GWM,NIT-KJELD,Kjeldahl nitrogen (AS N),Total,,,,2.3,mg/l,True,0.05,,,PAI DK03,USGSGWM,Actual,GW,Water,,,"[]"
8666065,31420002,Union 1,Hardin,07080207,Well,Mississippian,42.24864,-93.06204,09/23/2002 15:45:00,GWM,NIT-NO3-NO2,Nitrate + Nitrite (AS N),Total,,,,3.2,mg/l,True,0.1,,,353.2,USGSGWM,Actual,GW,Water,,,"[]"
8666065,31420002,Union 1,Hardin,07080207,Well,Mississippian,42.24864,-93.06204,09/23/2002 15:45:00,GWM,NIT-AMM,Ammonia-nitrogen (AS N),Total,,,,0.05,mg/l,False,0.05,,,LAC10-107-06-1J,USGSGWM,Actual,GW,Water,,,"[]"
8666065,31420002,Union 1,Hardin,07080207,Well,Mississippian,42.24864,-93.06204,09/23/2002 15:45:00,GWM,NIT-ORGN,Organic Nitrogen (AS N),Total,,,,0.05,mg/l,True,0.05,,,LAC10-107-06-2E,USGSGWM,Calculated,GW,Water,,,"[]"
8666065,31420002,Union 1,Hardin,07080207,Well,Mississippian,42.24864,-93.06204,09/23/2002 15:45:00,GWM,14265-44-2,Orthophosphate (AS P),Dissolved,,,,0.05,mg/l,False,0.05,,,LAC10-115-01-1A,USGSGWM,Actual,GW,Water,,,"[]"
8666065,31420002,Union 1,Hardin,07080207,Well,Mississippian,42.24864,-93.06204,09/23/2002 15:45:00,GWM,PHOSP-PHOSP,"Total Phosphorus, mixed forms (AS P)",Total,,,,0.1,mg/l,True,0.05,,,LAC10-115-01-1C,USGSGWM,Actual,GW,Water,,,"[]"
8666065,31420002,Union 1,Hardin,07080207,Well,Mississippian,42.24864,-93.06204,09/23/2002 15:45:00,GWM,NIT-KJELD,Kjeldahl nitrogen (AS N),Total,,,,0.05,mg/l,True,0.05,,,PAI DK03,USGSGWM,Actual,GW,Water,,,"[]"
8666065,31420009,Steamboat Rock 1,Hardin,07080207,Well,Mississippian,42.4117000011,-93.0658600002,10/25/2016 12:45:00,GWM,NIT-NO3-NO2,Nitrate + Nitrite (AS N),Total,,,,2.6,mg/l,True,0.1,,,LAC10-107-04-1J,GWM,Actual,GW,Water,,,"[]"
8666065,31420009,Steamboat Rock 1,Hardin,07080207,Well,Mississippian,42.4117000011,-93.0658600002,10/25/2016 12:45:00,GWM,NIT-AMM,Ammonia-nitrogen (AS N),Total,,,,0.05,mg/l,False,0.05,,,LAC10-107-06-1J,GWM,Actual,GW,Water,,,"[]"
8666065,31420009,Steamboat Rock 1,Hardin,07080207,Well,Mississippian,42.4117000011,-93.0658600002,02/23/2016 08:30:00,GWM,NIT-NO3-NO2,Nitrate + Nitrite (AS N),Total,,,,2.5,mg/l,True,0.1,,,LAC10-107-04-1J,GWM,Actual,GW,Water,,,"[]"
8666065,31420009,Steamboat Rock 1,Hardin,07080207,Well,Mississippian,42.4117000011,-93.0658600002,02/23/2016 08:30:00,GWM,NIT-AMM,Ammonia-nitrogen (AS N),Total,,,,0.05,mg/l,False,0.05,,,LAC10-107-06-1J,GWM,Actual,GW,Water,,,"[]"
8666065,31420009,Steamboat Rock 1,Hardin,07080207,Well,Mississippian,42.4117000011,-93.0658600002,02/23/2016 08:30:00,GWM,NIT-KJELD,Kjeldahl nitrogen (AS N),Total,,,,0.1,mg/l,False,0.1,,,LAC10-107-06-2E,GWM,Actual,GW,Water,,,"[]"
8666065,31420009,Steamboat Rock 1,Hardin,07080207,Well,Mississippian,42.4117000011,-93.0658600002,02/23/2016 08:30:00,GWM,14265-44-2,Orthophosphate (AS P),Dissolved,,,,0.02,mg/l,False,0.02,,,LAC10-115-01-1A,GWM,Actual,GW,Water,,,"[]"
8666065,31420009,Steamboat Rock 1,Hardin,07080207,Well,Mississippian,42.4117000011,-93.0658600002,02/23/2016 08:30:00,GWM,PHOSP-PHOSP,"Total Phosphorus, mixed forms (AS P)",Total,,,,0.06,mg/l,True,0.02,,,LAC10-115-01-1D,GWM,Actual,GW,Water,,,"[]"
8666065,31420009,Steamboat Rock 1,Hardin,07080207,Well,Mississippian,42.4117000011,-93.0658600002,04/01/2013 14:35:00,GWM,NIT-NO3-NO2,Nitrate + Nitrite (AS N),Total,,,,1.9,mg/l,True,0.1,,,LAC10-107-04-1J,GWM,Actual,GW,Water,,,"[]"
8666065,31420009,Steamboat Rock 1,Hardin,07080207,Well,Mississippian,42.4117000011,-93.0658600002,04/01/2013 14:35:00,GWM,NIT-AMM,Ammonia-nitrogen (AS N),Total,,,,0.05,mg/l,False,0.05,,,LAC10-107-06-1J,GWM,Actual,GW,Water,,,"[]"
8666065,31420009,Steamboat Rock 1,Hardin,07080207,Well,Mississippian,42.4117000011,-93.0658600002,04/01/2013 14:35:00,GWM,NIT-KJELD,Kjeldahl nitrogen (AS N),Total,,,,0.1,mg/l,False,0.1,,,LAC10-107-06-2E,GWM,Actual,GW,Water,,,"[]"
8666065,31420009,Steamboat Rock 1,Hardin,07080207,Well,Mississippian,42.4117000011,-93.0658600002,04/01/2013 14:35:00,GWM,14265-44-2,Orthophosphate (AS P),Dissolved,,,,0.02,mg/l,False,0.02,,,LAC10-115-01-1A,GWM,Actual,GW,Water,,,"[]"
8666065,31420009,Steamboat Rock 1,Hardin,07080207,Well,Mississippian,42.4117000011,-93.0658600002,04/01/2013 14:35:00,GWM,PHOSP-PHOSP,"Total Phosphorus, mixed forms (AS P)",Total,,,,0.05,mg/l,True,0.02,,,LAC10-115-01-1D,GWM,Actual,GW,Water,,,"[]"
8666065,31420009,Steamboat Rock 1,Hardin,07080207,Well,Mississippian,42.4117000011,-93.0658600002,12/05/2017 08:30:00,GWM,NIT-AMM,Ammonia-nitrogen (AS N),None,,,,0.05,mg/l,False,0.05,,,LAC10-107-06-1J,GWM,Actual,GW,Water,,,"[]"
8666065,31420009,Steamboat Rock 1,Hardin,07080207,Well,Mississippian,42.4117000011,-93.0658600002,12/05/2017 08:30:00,GWM,NIT-NO3-NO2,Nitrate + Nitrite (AS N),None,,,,2.4,mg/l,True,0.1,,,LAC10-107-06-1J,GWM,Actual,GW,Water,,,"[]"
8666065,31420009,Steamboat Rock 1,Hardin,07080207,Well,Mississippian,42.4117000011,-93.0658600002,01/09/2018 00:00:00,GWM,NIT-NO3-NO2,Nitrate + Nitrite,None,,,,1.87,mg/l,True,0.01,,0.01,353.2,GWM001,,GW,Water,,,"[]"
8666065,31420009,Steamboat Rock 1,Hardin,07080207,Well,Mississippian,42.4117000011,-93.0658600002,03/06/2019 09:00:00,GWM,NIT-AMM,Ammonia-nitrogen (AS N),None,,,,0.05,mg/l,False,0.05,,,LAC10-107-06-1J,GWM,Actual,GW,Water,,,"[]"
8666065,31420009,Steamboat Rock 1,Hardin,07080207,Well,Mississippian,42.4117000011,-93.0658600002,03/06/2019 09:00:00,GWM,NIT-NO3-NO2,Nitrate + Nitrite (AS N),None,,,,2.9,mg/l,True,0.1,,,LAC10-107-06-1J,GWM,Actual,GW,Water,,,"[]"
8666065,31420009,Steamboat Rock 1,Hardin,07080207,Well,Mississippian,42.4117000011,-93.0658600002,03/06/2019 09:00:00,GWM,14265-44-2,Orthophosphate (AS P),Dissolved,,,,0.02,mg/l,False,0.02,,,LAC10-115-01-1A,GWM,Actual,GW,Water,,,"[]"
8666065,31420009,Steamboat Rock 1,Hardin,07080207,Well,Mississippian,42.4117000011,-93.0658600002,11/26/2019 11:25:00,GWM,NIT-AMM,Ammonia-nitrogen (AS N),None,,,,0.05,mg/l,False,0.05,,,LAC10-107-06-1J,GWM,Actual,GW,Water,,,"[]"
8666065,31420009,Steamboat Rock 1,Hardin,07080207,Well,Mississippian,42.4117000011,-93.0658600002,11/26/2019 11:25:00,GWM,NIT-NO3-NO2,Nitrate + Nitrite (AS N),None,,,,3.2,mg/l,True,0.1,,,LAC10-107-06-1J,GWM,Actual,GW,Water,,,"[]"
8666065,31420009,Steamboat Rock 1,Hardin,07080207,Well,Mississippian,42.4117000011,-93.0658600002,03/15/2023 08:30:00,GWM,NIT-NO3-NO2,Nitrate + Nitrite (AS N),Total,,,,0.61,mg/l,True,0.1,,,LAC10-107-04-1J,GWM,Actual,GW,Water,,,"[]"
8666065,31420009,Steamboat Rock 1,Hardin,07080207,Well,Mississippian,42.4117000011,-93.0658600002,03/15/2023 08:30:00,GWM,NIT-AMM,Ammonia-nitrogen (AS N),Total,,,,0.1,mg/l,False,0.1,,,LAC10-107-06-1J,GWM,Actual,GW,Water,,,"[]"
8666065,31420009,Steamboat Rock 1,Hardin,07080207,Well,Mississippian,42.4117000011,-93.0658600002,03/09/2021 11:45:00,GWM,NIT-NO3-NO2,Nitrate + Nitrite (AS N),None,,,,2.3,mg/l,True,0.1,,,LAC10-107-06-1J,GWM,Actual,GW,Water,,,"[]"
8666065,31420009,Steamboat Rock 1,Hardin,07080207,Well,Mississippian,42.4117000011,-93.0658600002,03/09/2021 11:45:00,GWM,NIT-AMM,Ammonia-nitrogen (AS N),None,,,,0.05,mg/l,False,0.05,,,LAC10-107-06-1J,GWM,Actual,GW,Water,,,"[]"
