facilityID,siteID,name,county,huc8,type,aquifer,latitude,longitude,sampleDate,projectCode,cas_rn,analyte,fraction,relDepth,sampDepth,sampDepthUnit,result,unit,detect,detectLimit,quantFlag,quantLimit,method,colMethod,resultType,matrix,medium,qualFlag,remark,xParams
8666065,31430001,"Mondamin 2, S",Harrison,10230001,Well,Alluvium,41.710122,-96.023806,08/15/2002 09:30:00,GWM,NIT-NO3-NO2,Nitrate + Nitrite (AS N),Total,,,,0.1,mg/l,False,0.1,,,353.2,USGSGWM,Actual,GW,Water,,,"[]"
8666065,31430001,"Mondamin 2, S",Harrison,10230001,Well,Alluvium,41.710122,-96.023806,08/15/2002 09:30:00,GWM,NIT-AMM,Ammonia-nitrogen (AS N),Total,,,,1.4,mg/l,True,0.05,,,LAC10-107-06-1J,USGSGWM,Actual,GW,Water,,,"[]"
8666065,31430001,"Mondamin 2, S",Harrison,10230001,Well,Alluvium,41.710122,-96.023806,08/15/2002 09:30:00,GWM,NIT-ORGN,Organic Nitrogen (AS N),Total,,,,0.5,mg/l,True,0.05,,,LAC10-107-06-2E,USGSGWM,Calculated,GW,Water,,,"[]"
8666065,31430001,"Mondamin 2, S",Harrison,10230001,Well,Alluvium,41.710122,-96.023806,08/15/2002 09:30:00,GWM,14265-44-2,Orthophosphate (AS P),Dissolved,,,,0.05,mg/l,False,0.05,,,LAC10-115-01-1A,USGSGWM,Actual,GW,Water,,,"[]"
8666065,31430001,"Mondamin 2, S",Harrison,10230001,Well,Alluvium,41.710122,-96.023806,08/15/2002 09:30:00,GWM,PHOSP-PHOSP,"Total Phosphorus, mixed forms (AS P)",Total,,,,0.43,mg/l,True,0.05,,,LAC10-115-01-1C,USGSGWM,Actual,GW,Water,,,"[]"
8666065,31430001,"Mondamin 2, S",Harrison,10230001,Well,Alluvium,41.710122,-96.023806,08/15/2002 09:30:00,GWM,NIT-KJELD,Kjeldahl nitrogen (AS N),Total,,,,1.9,mg/l,True,0.05,,,PAI DK03,USGSGWM,Actual,GW,Water,,,"[]"
8666065,31430001,"Mondamin 2, S",Harrison,10230001,Well,Alluvium,41.710122,-96.023806,08/18/2003 08:30:00,GWM,NIT-AMM,Ammonia-nitrogen (AS N),Total,,,,1.1,mg/l,True,0.05,,,350.1,USGSGWM,Actual,GW,Water,,,"[]"
8666065,31430001,"Mondamin 2, S",Harrison,10230001,Well,Alluvium,41.710122,-96.023806,08/18/2003 08:30:00,GWM,NIT-NO3-NO2,Nitrate + Nitrite (AS N),Total,,,,0.1,mg/l,False,0.1,,,353.2,USGSGWM,Actual,GW,Water,,,"[]"
8666065,31430001,"Mondamin 2, S",Harrison,10230001,Well,Alluvium,41.710122,-96.023806,08/18/2003 08:30:00,GWM,14265-44-2,Orthophosphate (AS P),Dissolved,,,,0.02,mg/l,False,0.02,,,365.1,USGSGWM,Actual,GW,Water,,,"[]"
8666065,31430001,"Mondamin 2, S",Harrison,10230001,Well,Alluvium,41.710122,-96.023806,08/18/2003 08:30:00,GWM,PHOSP-PHOSP,"Total Phosphorus, mixed forms (AS P)",Total,,,,0.39,mg/l,True,0.02,,,365.4,USGSGWM,Actual,GW,Water,,,"[]"
8666065,31430001,"Mondamin 2, S",Harrison,10230001,Well,Alluvium,41.710122,-96.023806,08/18/2003 08:30:00,GWM,NIT-ORGN,Organic Nitrogen (AS N),Total,,,,0.93,mg/l,True,0.05,,,LAC10-107-06-2E,USGSGWM,Calculated,GW,Water,,,"[]"
8666065,31430001,"Mondamin 2, S",Harrison,10230001,Well,Alluvium,41.710122,-96.023806,08/18/2003 08:30:00,GWM,NIT-KJELD,Kjeldahl nitrogen (AS N),Total,,,,2,mg/l,True,0.05,,,PAI DK03,USGSGWM,Actual,GW,Water,,,"[]"
8666065,31430004,Dunlap 1,Harrison,10230007,Well,Alluvium,41.85492,-95.60361,07/20/2004 14:30:00,GWM,NIT-AMM,Ammonia-nitrogen (AS N),Total,,,,0.05,mg/l,False,0.05,,,350.1,USGSGWM,Actual,GW,Water,,,"[]"
8666065,31430004,Dunlap 1,Harrison,10230007,Well,Alluvium,41.85492,-95.60361,07/20/2004 14:30:00,GWM,NIT-NO3-NO2,Nitrate + Nitrite (AS N),Total,,,,10,mg/l,True,0.05,,,353.2,USGSGWM,Actual,GW,Water,,,"[]"
8666065,31430004,Dunlap 1,Harrison,10230007,Well,Alluvium,41.85492,-95.60361,07/20/2004 14:30:00,GWM,14265-44-2,Orthophosphate (AS P),Dissolved,,,,0.02,mg/l,True,0.02,,,365.1,USGSGWM,Actual,GW,Water,,,"[]"
8666065,31430004,Dunlap 1,Harrison,10230007,Well,Alluvium,41.85492,-95.60361,07/20/2004 14:30:00,GWM,PHOSP-PHOSP,"Total Phosphorus, mixed forms (AS P)",Total,,,,0.02,mg/l,False,0.02,,,365.4,USGSGWM,Actual,GW,Water,,,"[]"
8666065,31430004,Dunlap 1,Harrison,10230007,Well,Alluvium,41.85492,-95.60361,07/20/2004 14:30:00,GWM,NIT-ORGN,Organic Nitrogen,Total,,,,0.08,mg/l,True,0.05,,,LAC10-107-06-2E,USGSGWM,Calculated,GW,Water,,,"[]"
8666065,31430002,Logan 3,Harrison,10230007,Well,Alluvium,41.66101,-95.76141,06/29/2004 11:00:00,GWM,NIT-AMM,Ammonia-nitrogen (AS N),Total,,,,0.05,mg/l,False,0.05,,,350.1,USGSGWM,Actual,GW,Water,,,"[]"
8666065,31430002,Logan 3,Harrison,10230007,Well,Alluvium,41.66101,-95.76141,06/29/2004 11:00:00,GWM,NIT-NO3-NO2,Nitrate + Nitrite (AS N),Total,,,,7.4,mg/l,True,0.05,,,353.2,USGSGWM,Actual,GW,Water,,,"[]"
8666065,31430002,Logan 3,Harrison,10230007,Well,Alluvium,41.66101,-95.76141,06/29/2004 11:00:00,GWM,14265-44-2,Orthophosphate (AS P),Dissolved,,,,0.06,mg/l,True,0.02,,,365.1,USGSGWM,Actual,GW,Water,,,"[]"
8666065,31430002,Logan 3,Harrison,10230007,Well,Alluvium,41.66101,-95.76141,06/29/2004 11:00:00,GWM,PHOSP-PHOSP,"Total Phosphorus, mixed forms (AS P)",Total,,,,0.08,mg/l,True,0.02,,,365.4,USGSGWM,Actual,GW,Water,,,"[]"
8666065,31430002,Logan 3,Harrison,10230007,Well,Alluvium,41.66101,-95.76141,06/29/2004 11:00:00,GWM,NIT-ORGN,Organic Nitrogen,Total,,,,0.12,mg/l,True,0.05,,,LAC10-107-06-2E,USGSGWM,Calculated,GW,Water,,,"[]"
8666065,31430003,Missouri Valley 1,Harrison,10230007,Well,Alluvium,41.55619,-95.89318,08/13/2004 11:00:00,GWM,NIT-AMM,Ammonia-nitrogen (AS N),Total,,,,0.08,mg/l,True,0.05,,,350.1,USGSGWM,Actual,GW,Water,,,"[]"
8666065,31430003,Missouri Valley 1,Harrison,10230007,Well,Alluvium,41.55619,-95.89318,08/13/2004 11:00:00,GWM,NIT-KJELD,Kjeldahl nitrogen (AS N),Total,,,,0.15,mg/l,True,0.05,,,351.1,USGSGWM,Actual,GW,Water,,,"[]"
8666065,31430003,Missouri Valley 1,Harrison,10230007,Well,Alluvium,41.55619,-95.89318,08/13/2004 11:00:00,GWM,NIT-NO3-NO2,Nitrate + Nitrite (AS N),Total,,,,2.1,mg/l,True,0.05,,,353.2,USGSGWM,Actual,GW,Water,,,"[]"
8666065,31430003,Missouri Valley 1,Harrison,10230007,Well,Alluvium,41.55619,-95.89318,08/13/2004 11:00:00,GWM,14265-44-2,Orthophosphate (AS P),Dissolved,,,,0.03,mg/l,True,0.02,,,365.1,USGSGWM,Actual,GW,Water,,,"[]"
8666065,31430003,Missouri Valley 1,Harrison,10230007,Well,Alluvium,41.55619,-95.89318,08/13/2004 11:00:00,GWM,PHOSP-PHOSP,"Total Phosphorus, mixed forms (AS P)",Total,,,,0.04,mg/l,True,0.02,,,365.4,USGSGWM,Actual,GW,Water,,,"[]"
8666065,31430003,Missouri Valley 1,Harrison,10230007,Well,Alluvium,41.55619,-95.89318,08/13/2004 11:00:00,GWM,NIT-ORGN,Organic Nitrogen,Total,,,,0.07,mg/l,True,0.05,,,LAC10-107-06-2E,USGSGWM,Calculated,GW,Water,,,"[]"
8666065,31430001,"Mondamin 2, S",Harrison,10230001,Well,Alluvium,41.710122,-96.023806,06/29/2004 09:00:00,GWM,NIT-AMM,Ammonia-nitrogen (AS N),Total,,,,0.94,mg/l,True,0.05,,,350.1,USGSGWM,Actual,GW,Water,,,"[]"
8666065,31430001,"Mondamin 2, S",Harrison,10230001,Well,Alluvium,41.710122,-96.023806,06/29/2004 09:00:00,GWM,NIT-NO3-NO2,Nitrate + Nitrite (AS N),Total,,,,0.05,mg/l,False,0.05,,,353.2,USGSGWM,Actual,GW,Water,,,"[]"
8666065,31430001,"Mondamin 2, S",Harrison,10230001,Well,Alluvium,41.710122,-96.023806,06/29/2004 09:00:00,GWM,14265-44-2,Orthophosphate (AS P),Dissolved,,,,0.02,mg/l,False,0.02,,,365.1,USGSGWM,Actual,GW,Water,,,"[]"
8666065,31430001,"Mondamin 2, S",Harrison,10230001,Well,Alluvium,41.710122,-96.023806,06/29/2004 09:00:00,GWM,PHOSP-PHOSP,"Total Phosphorus, mixed forms (AS P)",Total,,,,0.4,mg/l,True,0.02,,,365.4,USGSGWM,Actual,GW,Water,,,"[]"
8666065,31430001,"Mondamin 2, S",Harrison,10230001,Well,Alluvium,41.710122,-96.023806,06/29/2004 09:00:00,GWM,NIT-ORGN,Organic Nitrogen,Total,,,,0.75,mg/l,True,0.05,,,LAC10-107-06-2E,USGSGWM,Calculated,GW,Water,,,"[]"
8666065,31430001,"Mondamin 2, S",Harrison,10230001,Well,Alluvium,41.710122,-96.023806,06/29/2005 08:30:00,GWM,NIT-AMM,Ammonia-nitrogen (AS N),Total,,,,1,mg/l,True,0.05,,,350.1,USGSGWM,Actual,GW,Water,,,"[]"
8666065,31430001,"Mondamin 2, S",Harrison,10230001,Well,Alluvium,41.710122,-96.023806,06/29/2005 08:30:00,GWM,NIT-KJELD,Kjeldahl nitrogen (AS N),Total,,,,1.5,mg/l,True,0.1,,,351.2,USGSGWM,Actual,GW,Water,,,"[]"
8666065,31430001,"Mondamin 2, S",Harrison,10230001,Well,Alluvium,41.710122,-96.023806,06/29/2005 08:30:00,GWM,NIT-NO3-NO2,Nitrate + Nitrite (AS N),Total,,,,0.05,mg/l,False,0.05,,,353.2,USGSGWM,Actual,GW,Water,,,"[]"
8666065,31430001,"Mondamin 2, S",Harrison,10230001,Well,Alluvium,41.710122,-96.023806,06/29/2005 08:30:00,GWM,14265-44-2,Orthophosphate (AS P),Dissolved,,,,0.02,mg/l,False,0.02,,,365.1,USGSGWM,Actual,GW,Water,,,"[]"
8666065,31430001,"Mondamin 2, S",Harrison,10230001,Well,Alluvium,41.710122,-96.023806,06/29/2005 08:30:00,GWM,PHOSP-PHOSP,"Total Phosphorus, mixed forms (AS P)",Total,,,,0.42,mg/l,True,0.02,,,365.4,USGSGWM,Actual,GW,Water,,,"[]"
8666065,31430001,"Mondamin 2, S",Harrison,10230001,Well,Alluvium,41.710122,-96.023806,06/29/2005 08:30:00,GWM,NIT-ORGN,Organic Nitrogen,Total,,,,0.44,mg/l,True,0.1,,,LAC10-107-06-2E,USGSGWM,Calculated,GW,Water,,,"[]"
8666065,31430001,"Mondamin 2, S",Harrison,10230001,Well,Alluvium,41.710122,-96.023806,08/01/2006 12:40:00,GWM,NIT-AMM,Ammonia-nitrogen (AS N),Total,,,,1.3,mg/l,True,0.05,,,350.1,USGSGWM,Actual,GW,Water,,,"[]"
8666065,31430001,"Mondamin 2, S",Harrison,10230001,Well,Alluvium,41.710122,-96.023806,08/01/2006 12:40:00,GWM,NIT-KJELD,Kjeldahl nitrogen (AS N),Total,,,,1.2,mg/l,True,0.1,,,351.2,USGSGWM,Actual,GW,Water,,,"[]"
8666065,31430001,"Mondamin 2, S",Harrison,10230001,Well,Alluvium,41.710122,-96.023806,08/01/2006 12:40:00,GWM,NIT-NO3-NO2,Nitrate + Nitrite (AS N),Total,,,,0.05,mg/l,False,0.05,,,353.2,USGSGWM,Actual,GW,Water,,,"[]"
8666065,31430001,"Mondamin 2, S",Harrison,10230001,Well,Alluvium,41.710122,-96.023806,08/01/2006 12:40:00,GWM,14265-44-2,Orthophosphate (AS P),Dissolved,,,,0.02,mg/l,False,0.02,,,365.1,USGSGWM,Actual,GW,Water,,,"[]"
8666065,31430001,"Mondamin 2, S",Harrison,10230001,Well,Alluvium,41.710122,-96.023806,08/01/2006 12:40:00,GWM,PHOSP-PHOSP,"Total Phosphorus, mixed forms (AS P)",Total,,,,0.41,mg/l,True,0.02,,,365.4,USGSGWM,Actual,GW,Water,,,"[]"
8666065,31430001,"Mondamin 2, S",Harrison,10230001,Well,Alluvium,41.710122,-96.023806,08/01/2006 12:40:00,GWM,NIT-ORGN,Organic Nitrogen,Total,,,,0.1,mg/l,False,0.1,,,LAC10-107-06-2E,USGSGWM,Calculated,GW,Water,,,"[]"
8666065,31430005,Magnolia 2,Harrison,10230007,Well,Buried Sand Gravel,41.695297,-95.870933,08/16/2006 17:00:00,GWM,NIT-AMM,Ammonia-nitrogen (AS N),Total,,,,0.17,mg/l,True,0.05,,,350.1,USGSGWM,Actual,GW,Water,,,"[]"
8666065,31430005,Magnolia 2,Harrison,10230007,Well,Buried Sand Gravel,41.695297,-95.870933,08/16/2006 17:00:00,GWM,NIT-KJELD,Kjeldahl nitrogen (AS N),Total,,,,0.5,mg/l,True,0.1,,,351.2,USGSGWM,Actual,GW,Water,,,"[]"
8666065,31430005,Magnolia 2,Harrison,10230007,Well,Buried Sand Gravel,41.695297,-95.870933,08/16/2006 17:00:00,GWM,NIT-NO3-NO2,Nitrate + Nitrite (AS N),Total,,,,0.05,mg/l,False,0.05,,,353.2,USGSGWM,Actual,GW,Water,,,"[]"
8666065,31430005,Magnolia 2,Harrison,10230007,Well,Buried Sand Gravel,41.695297,-95.870933,08/16/2006 17:00:00,GWM,PHOSP-PHOSP,"Total Phosphorus, mixed forms (AS P)",Total,,,,0.07,mg/l,True,0.02,,,365.4,USGSGWM,Actual,GW,Water,,,"[]"
8666065,31430005,Magnolia 2,Harrison,10230007,Well,Buried Sand Gravel,41.695297,-95.870933,08/16/2006 17:00:00,GWM,14265-44-2,Orthophosphate (AS P),Dissolved,,,,0.04,mg/l,True,0.02,,,4500-P-E,USGSGWM,Actual,GW,Water,,,"[]"
8666065,31430005,Magnolia 2,Harrison,10230007,Well,Buried Sand Gravel,41.695297,-95.870933,08/16/2006 17:00:00,GWM,NIT-ORGN,Organic Nitrogen,Total,,,,0.2,mg/l,True,0.05,,,LAC10-107-06-2E,USGSGWM,Calculated,GW,Water,,,"[]"
8666065,31430006,Dunlap 3 & 4 well hydrant,Harrison,10230007,Well,Multiple Aquifers,41.86007,-95.59982,04/01/2009 02:47:00,SWP,NIT-NO3-NO2,Nitrate + Nitrite (AS N),Total,,,,5.9,mg/l,True,0.05,,,353.2,SWP,Actual,GW,Water,,,"[]"
8666065,31430006,Dunlap 3 & 4 well hydrant,Harrison,10230007,Well,Multiple Aquifers,41.86007,-95.59982,05/04/2009 13:10:00,SWP,NIT-NO3-NO2,Nitrate + Nitrite (AS N),Total,,,,3.9,mg/l,True,0.05,,,353.2,SWP,Actual,GW,Water,,,"[]"
8666065,31430006,Dunlap 3 & 4 well hydrant,Harrison,10230007,Well,Multiple Aquifers,41.86007,-95.59982,06/08/2009 13:42:00,SWP,NIT-NO3-NO2,Nitrate + Nitrite (AS N),Total,,,,4.3,mg/l,True,0.05,,,353.2,SWP,Actual,GW,Water,,,"[]"
8666065,31430006,Dunlap 3 & 4 well hydrant,Harrison,10230007,Well,Multiple Aquifers,41.86007,-95.59982,07/27/2009 11:45:00,SWP,NIT-NO3-NO2,Nitrate + Nitrite (AS N),Total,,,,4.9,mg/l,True,0.05,,,353.2,SWP,Actual,GW,Water,,,"[]"
8666065,31430006,Dunlap 3 & 4 well hydrant,Harrison,10230007,Well,Multiple Aquifers,41.86007,-95.59982,09/08/2009 09:40:00,SWP,NIT-NO3-NO2,Nitrate + Nitrite (AS N),Total,,,,2.8,mg/l,True,0.1,,,353.2,SWP,Actual,GW,Water,,,"[]"
8666065,31430006,Dunlap 3 & 4 well hydrant,Harrison,10230007,Well,Multiple Aquifers,41.86007,-95.59982,10/05/2009 09:10:00,SWP,NIT-NO3-NO2,Nitrate + Nitrite (AS N),Total,,,,6,mg/l,True,0.1,,,353.2,SWP,Actual,GW,Water,,,"[]"
8666065,31430006,Dunlap 3 & 4 well hydrant,Harrison,10230007,Well,Multiple Aquifers,41.86007,-95.59982,12/14/2009 09:30:00,SWP,NIT-NO3-NO2,Nitrate + Nitrite (AS N),Total,,,,6.4,mg/l,True,0.1,,,353.2,SWP,Actual,GW,Water,,,"[]"
8666065,31430006,Dunlap 3 & 4 well hydrant,Harrison,10230007,Well,Multiple Aquifers,41.86007,-95.59982,04/05/2010 12:59:00,SWP,NIT-NO3-NO2,Nitrate + Nitrite (AS N),Total,,,,6.8,mg/l,True,0.1,,,353.2,SWP,Actual,GW,Water,,,"[]"
8666065,31430006,Dunlap 3 & 4 well hydrant,Harrison,10230007,Well,Multiple Aquifers,41.86007,-95.59982,05/03/2010 11:36:00,SWP,NIT-NO3-NO2,Nitrate + Nitrite (AS N),Total,,,,7.1,mg/l,True,0.1,,,353.2,SWP,Actual,GW,Water,,,"[]"
8666065,31430006,Dunlap 3 & 4 well hydrant,Harrison,10230007,Well,Multiple Aquifers,41.86007,-95.59982,06/01/2010 12:00:00,SWP,NIT-NO3-NO2,Nitrate + Nitrite (AS N),Total,,,,7.1,mg/l,True,0.1,,,353.2,SWP,Actual,GW,Water,,,"[]"
8666065,31430006,Dunlap 3 & 4 well hydrant,Harrison,10230007,Well,Multiple Aquifers,41.86007,-95.59982,07/14/2010 12:20:00,SWP,NIT-NO3-NO2,Nitrate + Nitrite (AS N),Total,,,,6.8,mg/l,True,0.1,,,353.2,SWP,Actual,GW,Water,,,"[]"
8666065,31430006,Dunlap 3 & 4 well hydrant,Harrison,10230007,Well,Multiple Aquifers,41.86007,-95.59982,08/09/2010 00:00:00,SWP,NIT-NO3-NO2,Nitrate + Nitrite (AS N),Total,,,,7.6,mg/l,True,0.1,,,353.2,SWP,Actual,GW,Water,,,"[]"
8666065,31430006,Dunlap 3 & 4 well hydrant,Harrison,10230007,Well,Multiple Aquifers,41.86007,-95.59982,09/07/2010 10:21:00,SWP,NIT-NO3-NO2,Nitrate + Nitrite (AS N),Total,,,,7,mg/l,True,0.1,,,353.2,SWP,Actual,GW,Water,,,"[]"
8666065,31430006,Dunlap 3 & 4 well hydrant,Harrison,10230007,Well,Multiple Aquifers,41.86007,-95.59982,10/07/2010 06:30:00,SWP,NIT-NO3-NO2,Nitrate + Nitrite (AS N),Total,,,,7,mg/l,True,0.1,,,353.2,SWP,Actual,GW,Water,,,"[]"
8666065,31430006,Dunlap 3 & 4 well hydrant,Harrison,10230007,Well,Multiple Aquifers,41.86007,-95.59982,10/07/2010 03:00:00,SWP,NIT-NO3-NO2,Nitrate + Nitrite (AS N),Total,,,,7,mg/l,True,0.1,,,353.2,SWP,Actual,GW,Water,,,"[]"
8666065,31430006,Dunlap 3 & 4 well hydrant,Harrison,10230007,Well,Multiple Aquifers,41.86007,-95.59982,10/06/2010 00:00:00,SWP,NIT-NO3-NO2,Nitrate + Nitrite (AS N),Total,,,,7,mg/l,True,0.1,,,353.2,SWP,Actual,GW,Water,,,"[]"
8666065,31430006,Dunlap 3 & 4 well hydrant,Harrison,10230007,Well,Multiple Aquifers,41.86007,-95.59982,10/06/2010 03:06:00,SWP,NIT-NO3-NO2,Nitrate + Nitrite (AS N),Total,,,,6.9,mg/l,True,0.1,,,353.2,SWP,Actual,GW,Water,,,"[]"
8666065,31430006,Dunlap 3 & 4 well hydrant,Harrison,10230007,Well,Multiple Aquifers,41.86007,-95.59982,09/28/2010 15:30:00,SWP,NIT-NO3-NO2,Nitrate + Nitrite (AS N),Total,,,,7.3,mg/l,True,0.1,,,353.2,SWP,Actual,GW,Water,,,"[]"
8666065,31430006,Dunlap 3 & 4 well hydrant,Harrison,10230007,Well,Multiple Aquifers,41.86007,-95.59982,11/15/2010 01:15:00,SWP,NIT-NO3-NO2,Nitrate + Nitrite (AS N),Total,,,,7.3,mg/l,True,0.1,,,353.2,SWP,Actual,GW,Water,,,"[]"
8666065,31430006,Dunlap 3 & 4 well hydrant,Harrison,10230007,Well,Multiple Aquifers,41.86007,-95.59982,12/06/2010 11:06:00,SWP,NIT-NO3-NO2,Nitrate + Nitrite (AS N),Total,,,,7.3,mg/l,True,0.1,,,353.2,SWP,Actual,GW,Water,,,"[]"
8666065,31430006,Dunlap 3 & 4 well hydrant,Harrison,10230007,Well,Multiple Aquifers,41.86007,-95.59982,10/04/2011 10:15:00,SWP,NIT-NO3-NO2,Nitrate + Nitrite (AS N),Total,,,,7.8,mg/l,True,0.1,,,353.2,SWP,Actual,GW,Water,,,"[]"
8666065,31430006,Dunlap 3 & 4 well hydrant,Harrison,10230007,Well,Multiple Aquifers,41.86007,-95.59982,11/14/2011 10:36:00,SWP,NIT-NO3-NO2,Nitrate + Nitrite (AS N),Total,,,,7.6,mg/l,True,0.1,,,353.2,SWP,Actual,GW,Water,,,"[]"
8666065,31430006,Dunlap 3 & 4 well hydrant,Harrison,10230007,Well,Multiple Aquifers,41.86007,-95.59982,01/11/2011 12:30:00,SWP,NIT-NO3-NO2,Nitrate + Nitrite (AS N),Total,,,,7,mg/l,True,0.1,,,353.2,SWP,Actual,GW,Water,,,"[]"
8666065,31430006,Dunlap 3 & 4 well hydrant,Harrison,10230007,Well,Multiple Aquifers,41.86007,-95.59982,02/07/2011 10:26:00,SWP,NIT-NO3-NO2,Nitrate + Nitrite (AS N),Total,,,,7.8,mg/l,True,0.1,,,353.2,SWP,Actual,GW,Water,,,"[]"
8666065,31430006,Dunlap 3 & 4 well hydrant,Harrison,10230007,Well,Multiple Aquifers,41.86007,-95.59982,03/01/2011 09:45:00,SWP,NIT-NO3-NO2,Nitrate + Nitrite (AS N),Total,,,,4.5,mg/l,True,0.1,,,353.2,SWP,Actual,GW,Water,,,"[]"
8666065,31430006,Dunlap 3 & 4 well hydrant,Harrison,10230007,Well,Multiple Aquifers,41.86007,-95.59982,04/04/2011 09:30:00,SWP,NIT-NO3-NO2,Nitrate + Nitrite (AS N),Total,,,,1.8,mg/l,True,0.1,,,353.2,SWP,Actual,GW,Water,,,"[]"
8666065,31430006,Dunlap 3 & 4 well hydrant,Harrison,10230007,Well,Multiple Aquifers,41.86007,-95.59982,06/06/2011 11:25:00,SWP,NIT-NO3-NO2,Nitrate + Nitrite (AS N),Total,,,,6.9,mg/l,True,0.1,,,353.2,SWP,Actual,GW,Water,,,"[]"
8666065,31430006,Dunlap 3 & 4 well hydrant,Harrison,10230007,Well,Multiple Aquifers,41.86007,-95.59982,07/12/2011 12:27:00,SWP,NIT-NO3-NO2,Nitrate + Nitrite (AS N),Total,,,,7.3,mg/l,True,0.1,,,353.2,SWP,Actual,GW,Water,,,"[]"
8666065,31430006,Dunlap 3 & 4 well hydrant,Harrison,10230007,Well,Multiple Aquifers,41.86007,-95.59982,08/02/2011 11:46:00,SWP,NIT-NO3-NO2,Nitrate + Nitrite (AS N),Total,,,,8.6,mg/l,True,0.1,,,353.2,SWP,Actual,GW,Water,,,"[]"
8666065,31430006,Dunlap 3 & 4 well hydrant,Harrison,10230007,Well,Multiple Aquifers,41.86007,-95.59982,09/06/2011 11:55:00,SWP,NIT-NO3-NO2,Nitrate + Nitrite (AS N),Total,,,,7.8,mg/l,True,0.1,,,353.2,SWP,Actual,GW,Water,,,"[]"
8666065,31430006,Dunlap 3 & 4 well hydrant,Harrison,10230007,Well,Multiple Aquifers,41.86007,-95.59982,01/10/2012 09:40:00,SWP,NIT-NO3-NO2,Nitrate + Nitrite (AS N),Total,,,,6.4,mg/l,True,0.1,,,LAC10-107-04-1J,SWP,Actual,GW,Water,,,"[]"
8666065,31430006,Dunlap 3 & 4 well hydrant,Harrison,10230007,Well,Multiple Aquifers,41.86007,-95.59982,02/13/2012 09:39:00,SWP,NIT-NO3-NO2,Nitrate + Nitrite (AS N),Total,,,,6.8,mg/l,True,0.1,,,LAC10-107-04-1J,SWP,Actual,GW,Water,,,"[]"
8666065,31430006,Dunlap 3 & 4 well hydrant,Harrison,10230007,Well,Multiple Aquifers,41.86007,-95.59982,03/05/2012 09:39:00,SWP,NIT-NO3-NO2,Nitrate + Nitrite (AS N),Total,,,,6.4,mg/l,True,0.1,,,353.2,SWP,Actual,GW,Water,,,"[]"
8666065,31430006,Dunlap 3 & 4 well hydrant,Harrison,10230007,Well,Multiple Aquifers,41.86007,-95.59982,04/02/2012 09:50:00,SWP,NIT-NO3-NO2,Nitrate + Nitrite (AS N),Total,,,,7.6,mg/l,True,0.1,,,353.2,SWP,Actual,GW,Water,,,"[]"
8666065,31430006,Dunlap 3 & 4 well hydrant,Harrison,10230007,Well,Multiple Aquifers,41.86007,-95.59982,06/04/2012 10:04:00,SWP,NIT-NO3-NO2,Nitrate + Nitrite (AS N),Total,,,,7.2,mg/l,True,0.1,,,353.2,SWP,Actual,GW,Water,,,"[]"
8666065,31430006,Dunlap 3 & 4 well hydrant,Harrison,10230007,Well,Multiple Aquifers,41.86007,-95.59982,07/10/2012 10:07:00,SWP,NIT-NO3-NO2,Nitrate + Nitrite (AS N),Total,,,,6.4,mg/l,True,0.1,,,LAC10-107-04-1J,SWP,Actual,GW,Water,,,"[]"
8666065,31430006,Dunlap 3 & 4 well hydrant,Harrison,10230007,Well,Multiple Aquifers,41.86007,-95.59982,09/17/2012 12:48:00,SWP,NIT-NO3-NO2,Nitrate + Nitrite (AS N),Total,,,,7,mg/l,True,0.1,,,LAC10-107-04-1J,SWP,Actual,GW,Water,,,"[]"
8666065,31430006,Dunlap 3 & 4 well hydrant,Harrison,10230007,Well,Multiple Aquifers,41.86007,-95.59982,10/01/2012 09:47:00,SWP,NIT-NO3-NO2,Nitrate + Nitrite (AS N),Total,,,,7.1,mg/l,True,0.1,,,353.2,SWP,Actual,GW,Water,,,"[]"
8666065,31430006,Dunlap 3 & 4 well hydrant,Harrison,10230007,Well,Multiple Aquifers,41.86007,-95.59982,11/06/2012 10:05:00,SWP,NIT-NO3-NO2,Nitrate + Nitrite (AS N),Total,,,,6.4,mg/l,True,0.1,,,353.2,SWP,Actual,GW,Water,,,"[]"
8666065,31430006,Dunlap 3 & 4 well hydrant,Harrison,10230007,Well,Multiple Aquifers,41.86007,-95.59982,12/05/2012 09:53:00,SWP,NIT-NO3-NO2,Nitrate + Nitrite (AS N),Total,,,,7.4,mg/l,True,0.1,,,LAC10-107-04-1J,SWP,Actual,GW,Water,,,"[]"
8666065,31430006,Dunlap 3 & 4 well hydrant,Harrison,10230007,Well,Multiple Aquifers,41.86007,-95.59982,07/01/2013 09:50:00,SWP,NIT-NO3-NO2,Nitrate + Nitrite (AS N),Total,,,,6.9,mg/l,True,0.1,,,LAC10-107-04-1J,SWP,Actual,GW,Water,,,"[]"
8666065,31430006,Dunlap 3 & 4 well hydrant,Harrison,10230007,Well,Multiple Aquifers,41.86007,-95.59982,08/06/2013 11:15:00,SWP,NIT-NO3-NO2,Nitrate + Nitrite (AS N),Total,,,,6.7,mg/l,True,0.1,,,LAC10-107-04-1J,SWP,Actual,GW,Water,,,"[]"
8666065,31430006,Dunlap 3 & 4 well hydrant,Harrison,10230007,Well,Multiple Aquifers,41.86007,-95.59982,09/03/2013 10:30:00,SWP,NIT-NO3-NO2,Nitrate + Nitrite (AS N),Total,,,,6.4,mg/l,True,0.1,,,LAC10-107-04-1J,SWP,Actual,GW,Water,,,"[]"
8666065,31430006,Dunlap 3 & 4 well hydrant,Harrison,10230007,Well,Multiple Aquifers,41.86007,-95.59982,10/01/2013 10:05:00,SWP,NIT-NO3-NO2,Nitrate + Nitrite (AS N),Total,,,,6.6,mg/l,True,0.1,,,LAC10-107-04-1J,SWP,Actual,GW,Water,,,"[]"
8666065,31430006,Dunlap 3 & 4 well hydrant,Harrison,10230007,Well,Multiple Aquifers,41.86007,-95.59982,11/04/2013 09:00:00,SWP,NIT-NO3-NO2,Nitrate + Nitrite (AS N),Total,,,,7.3,mg/l,True,0.1,,,LAC10-107-04-1J,SWP,Actual,GW,Water,,,"[]"
8666065,31430006,Dunlap 3 & 4 well hydrant,Harrison,10230007,Well,Multiple Aquifers,41.86007,-95.59982,12/02/2013 12:20:00,SWP,NIT-NO3-NO2,Nitrate + Nitrite (AS N),Total,,,,6.9,mg/l,True,0.1,,,LAC10-107-04-1J,SWP,Actual,GW,Water,,,"[]"
8666065,31430006,Dunlap 3 & 4 well hydrant,Harrison,10230007,Well,Multiple Aquifers,41.86007,-95.59982,01/07/2013 10:30:00,SWP,NIT-NO3-NO2,Nitrate + Nitrite (AS N),Total,,,,7.2,mg/l,True,0.1,,,LAC10-107-04-1J,SWP,Actual,GW,Water,,,"[]"
8666065,31430006,Dunlap 3 & 4 well hydrant,Harrison,10230007,Well,Multiple Aquifers,41.86007,-95.59982,02/04/2013 12:39:00,SWP,NIT-NO3-NO2,Nitrate + Nitrite (AS N),Total,,,,7.2,mg/l,True,0.1,,,LAC10-107-04-1J,SWP,Actual,GW,Water,,,"[]"
8666065,31430006,Dunlap 3 & 4 well hydrant,Harrison,10230007,Well,Multiple Aquifers,41.86007,-95.59982,03/04/2013 10:27:00,SWP,NIT-NO3-NO2,Nitrate + Nitrite (AS N),Total,,,,7.1,mg/l,True,0.1,,,LAC10-107-04-1J,SWP,Actual,GW,Water,,,"[]"
8666065,31430006,Dunlap 3 & 4 well hydrant,Harrison,10230007,Well,Multiple Aquifers,41.86007,-95.59982,04/03/2013 11:01:00,SWP,NIT-NO3-NO2,Nitrate + Nitrite (AS N),Total,,,,7,mg/l,True,0.1,,,LAC10-107-04-1J,SWP,Actual,GW,Water,,,"[]"
8666065,31430006,Dunlap 3 & 4 well hydrant,Harrison,10230007,Well,Multiple Aquifers,41.86007,-95.59982,05/06/2013 10:00:00,SWP,NIT-NO3-NO2,Nitrate + Nitrite (AS N),Total,,,,7.2,mg/l,True,0.1,,,LAC10-107-04-1J,SWP,Actual,GW,Water,,,"[]"
8666065,31430006,Dunlap 3 & 4 well hydrant,Harrison,10230007,Well,Multiple Aquifers,41.86007,-95.59982,06/03/2013 11:15:00,SWP,NIT-NO3-NO2,Nitrate + Nitrite (AS N),Total,,,,7.4,mg/l,True,0.1,,,LAC10-107-04-1J,SWP,Actual,GW,Water,,,"[]"
8666065,31430001,"Mondamin 2, S",Harrison,10230001,Well,Alluvium,41.710122,-96.023806,11/28/2016 11:00:00,GWM,NIT-NO3-NO2,Nitrate + Nitrite (AS N),Total,,,,0.1,mg/l,False,0.1,,,LAC10-107-04-1J,GWM,Actual,GW,Water,,,"[]"
8666065,31430001,"Mondamin 2, S",Harrison,10230001,Well,Alluvium,41.710122,-96.023806,11/28/2016 11:00:00,GWM,NIT-AMM,Ammonia-nitrogen (AS N),Total,,,,1,mg/l,True,0.05,,,LAC10-107-06-1J,GWM,Actual,GW,Water,,,"[]"
8666065,31430001,"Mondamin 2, S",Harrison,10230001,Well,Alluvium,41.710122,-96.023806,03/17/2016 10:45:00,GWM,NIT-NO3-NO2,Nitrate + Nitrite (AS N),Total,,,,0.1,mg/l,False,0.1,,,LAC10-107-04-1J,GWM,Actual,GW,Water,,Sample container was broken during transit.,"[]"
8666065,31430001,"Mondamin 2, S",Harrison,10230001,Well,Alluvium,41.710122,-96.023806,03/17/2016 10:45:00,GWM,NIT-AMM,Ammonia-nitrogen (AS N),Total,,,,1.4,mg/l,True,0.1,,,LAC10-107-06-1J,GWM,Actual,GW,Water,,Sample container was broken during transit.,"[]"
8666065,31430001,"Mondamin 2, S",Harrison,10230001,Well,Alluvium,41.710122,-96.023806,03/17/2016 10:45:00,GWM,NIT-KJELD,Kjeldahl nitrogen (AS N),Total,,,,1.6,mg/l,True,0.1,,,LAC10-107-06-2E,GWM,Actual,GW,Water,,Sample container was broken during transit.,"[]"
8666065,31430001,"Mondamin 2, S",Harrison,10230001,Well,Alluvium,41.710122,-96.023806,03/17/2016 10:45:00,GWM,14265-44-2,Orthophosphate (AS P),Dissolved,,,,0.02,mg/l,False,0.02,,,LAC10-115-01-1A,GWM,Actual,GW,Water,,Sample container was broken during transit.,"[]"
8666065,31430001,"Mondamin 2, S",Harrison,10230001,Well,Alluvium,41.710122,-96.023806,03/17/2016 10:45:00,GWM,PHOSP-PHOSP,"Total Phosphorus, mixed forms (AS P)",Total,,,,0.42,mg/l,True,0.02,,,LAC10-115-01-1D,GWM,Actual,GW,Water,,Sample container was broken during transit.,"[]"
8666065,31430001,"Mondamin 2, S",Harrison,10230001,Well,Alluvium,41.710122,-96.023806,03/16/2015 13:00:00,GWM,NIT-NO3-NO2,Nitrate + Nitrite (AS N),Total,,,,1,mg/l,False,1,,,LAC10-107-04-1J,GWM,Actual,GW,Water,,,"[]"
8666065,31430001,"Mondamin 2, S",Harrison,10230001,Well,Alluvium,41.710122,-96.023806,03/16/2015 13:00:00,GWM,NIT-AMM,Ammonia-nitrogen (AS N),Total,,,,1.6,mg/l,True,0.25,,,LAC10-107-06-1J,GWM,Actual,GW,Water,,,"[]"
8666065,31430001,"Mondamin 2, S",Harrison,10230001,Well,Alluvium,41.710122,-96.023806,03/16/2015 13:00:00,GWM,NIT-KJELD,Kjeldahl nitrogen (AS N),Total,,,,1.6,mg/l,True,0.1,,,LAC10-107-06-2E,GWM,Actual,GW,Water,,,"[]"
8666065,31430001,"Mondamin 2, S",Harrison,10230001,Well,Alluvium,41.710122,-96.023806,03/16/2015 13:00:00,GWM,14265-44-2,Orthophosphate (AS P),Dissolved,,,,0.02,mg/l,False,0.02,,,LAC10-115-01-1A,GWM,Actual,GW,Water,,,"[]"
8666065,31430001,"Mondamin 2, S",Harrison,10230001,Well,Alluvium,41.710122,-96.023806,03/16/2015 13:00:00,GWM,PHOSP-PHOSP,"Total Phosphorus, mixed forms (AS P)",Total,,,,0.43,mg/l,True,0.02,,,LAC10-115-01-1D,GWM,Actual,GW,Water,,,"[]"
8666065,31430001,"Mondamin 2, S",Harrison,10230001,Well,Alluvium,41.710122,-96.023806,01/31/2019 09:30:00,GWM,NIT-NO3-NO2,Nitrate + Nitrite (AS N),None,,,,0.1,mg/l,True,0.1,,,LAC10-107-06-1J,GWM,Actual,GW,Water,,,"[]"
8666065,31430001,"Mondamin 2, S",Harrison,10230001,Well,Alluvium,41.710122,-96.023806,01/31/2019 09:30:00,GWM,NIT-AMM,Ammonia-nitrogen (AS N),None,,,,1.4,mg/l,True,0.05,,,LAC10-107-06-1J,GWM,Actual,GW,Water,,,"[]"
8666065,31430001,"Mondamin 2, S",Harrison,10230001,Well,Alluvium,41.710122,-96.023806,01/31/2019 09:30:00,GWM,14265-44-2,Orthophosphate (AS P),Dissolved,,,,0.02,mg/l,False,0.02,,,LAC10-115-01-1A,GWM,Actual,GW,Water,,Sample was not field filtered per method and was filtered for analysis after receipt by the laboratory.,"[]"
8666065,31430007,Woodbine 1,Harrison,10230007,Well,Alluvium,41.744320001,-95.6974900001,12/11/2018 00:00:00,GWM,NIT-NO3-NO2,Nitrate + Nitrite,None,,,,0.37,mg/l,True,0.01,,0.01,353.2,GWM001,,GW,,,,"[]"
8666065,31430008,Woodbine 2,Harrison,10230007,Well,Dakota,41.7443921588,-95.6977449212,12/11/2018 00:00:00,GWM,NIT-NO3-NO2,Nitrate + Nitrite,None,,,,0.15,mg/l,True,0.01,,0.01,353.2,GWM001,,GW,,,,"[]"
8666065,31430009,Woodbine 3,Harrison,10230007,Well,Dakota,41.7446600004,-95.6973999996,12/11/2018 00:00:00,GWM,NIT-NO3-NO2,Nitrate + Nitrite,None,,,,0.03,mg/l,True,0.01,,0.01,353.2,GWM001,,GW,,,,"[]"
8666065,31430010,Woodbine 4,Harrison,10230007,Well,Dakota,41.746350001,-95.6973200006,12/11/2018 00:00:00,GWM,NIT-NO3-NO2,Nitrate + Nitrite,None,,,,3.14,mg/l,True,0.01,,0.01,353.2,GWM001,,GW,,,,"[]"
8666065,31430004,Dunlap 1,Harrison,10230007,Well,Alluvium,41.85492,-95.60361,12/12/2018 00:00:00,GWM,NIT-NO3-NO2,Nitrate + Nitrite,None,,,,5.75,mg/l,True,0.01,,0.01,353.2,GWM001,,GW,,,,"[]"
8666065,31430011,Dunlap 3,Harrison,10230007,Well,Multiple Aquifers,41.8600945267,-95.5997920821,12/12/2018 00:00:00,GWM,NIT-NO3-NO2,Nitrate + Nitrite,None,,,,6.84,mg/l,True,0.01,,0.01,353.2,GWM001,,GW,,,,"[]"
8666065,31430012,Dunlap 4,Harrison,10230007,Well,Multiple Aquifers,41.8598271286,-95.599271307,12/12/2018 00:00:00,GWM,NIT-NO3-NO2,Nitrate + Nitrite,None,,,,3.2,mg/l,True,0.01,,0.01,353.2,GWM001,,GW,,,,"[]"
8666065,31430002,Logan 3,Harrison,10230007,Well,Alluvium,41.66101,-95.76141,04/10/2023 13:16:00,GWM,NIT-NO3-NO2,Nitrate + Nitrite (AS N),Total,,,,1.4,mg/l,True,0.1,,,LAC10-107-04-1J,GWM,Actual,GW,Water,,,"[]"
8666065,31430002,Logan 3,Harrison,10230007,Well,Alluvium,41.66101,-95.76141,04/10/2023 13:16:00,GWM,NIT-AMM,Ammonia-nitrogen (AS N),Total,,,,0.15,mg/l,True,0.1,,,LAC10-107-06-1J,GWM,Actual,GW,Water,,,"[]"
8666065,31430001,"Mondamin 2, S",Harrison,10230001,Well,Alluvium,41.710122,-96.023806,05/15/2023 11:20:00,GWM,NIT-NO3-NO2,Nitrate + Nitrite (AS N),Total,,,,0.1,mg/l,False,0.1,,,LAC10-107-04-1J,GWM,Actual,GW,Water,,,"[]"
8666065,31430001,"Mondamin 2, S",Harrison,10230001,Well,Alluvium,41.710122,-96.023806,05/15/2023 11:20:00,GWM,NIT-AMM,Ammonia-nitrogen (AS N),Total,,,,1.3,mg/l,True,0.1,,,LAC10-107-06-1J,GWM,Actual,GW,Water,,,"[]"
8666065,31430001,"Mondamin 2, S",Harrison,10230001,Well,Alluvium,41.710122,-96.023806,02/17/2021 08:52:00,GWM,NIT-NO3-NO2,Nitrate + Nitrite (AS N),None,,,,0.1,mg/l,False,0.1,,,LAC10-107-06-1J,GWM,Actual,GW,Water,,,"[]"
8666065,31430001,"Mondamin 2, S",Harrison,10230001,Well,Alluvium,41.710122,-96.023806,02/17/2021 08:52:00,GWM,NIT-AMM,Ammonia-nitrogen (AS N),None,,,,1.2,mg/l,True,0.05,,,LAC10-107-06-1J,GWM,Actual,GW,Water,,,"[]"
8666065,31430010,Woodbine 4,Harrison,10230007,Well,Dakota,41.746350001,-95.6973200006,02/24/2021 08:00:00,GWM,NIT-NO3-NO2,Nitrate + Nitrite (AS N),None,,,,9.3,mg/l,True,0.1,,,LAC10-107-06-1J,GWM,Actual,GW,Water,,,"[]"
8666065,31430010,Woodbine 4,Harrison,10230007,Well,Dakota,41.746350001,-95.6973200006,02/24/2021 08:00:00,GWM,NIT-AMM,Ammonia-nitrogen (AS N),None,,,,0.05,mg/l,False,0.05,,,LAC10-107-06-1J,GWM,Actual,GW,Water,,,"[]"
8666065,31430010,Woodbine 4,Harrison,10230007,Well,Dakota,41.746350001,-95.6973200006,02/24/2021 08:00:00,GWM,14265-44-2,Orthophosphate (AS P),Dissolved,,,,0.08,mg/l,True,0.02,,,LAC10-115-01-1A,GWM,Actual,GW,Water,,,"[]"
