facilityID,siteID,name,county,huc8,type,aquifer,latitude,longitude,sampleDate,projectCode,cas_rn,analyte,fraction,relDepth,sampDepth,sampDepthUnit,result,unit,detect,detectLimit,quantFlag,quantLimit,method,colMethod,resultType,matrix,medium,qualFlag,remark,xParams
8666065,31440002,Wayland 2,Henry,07080107,Well,Cambrian-Ordovician,41.147364,-91.661895,07/26/2005 10:00:00,GWM,NIT-AMM,Ammonia-nitrogen (AS N),Total,,,,1.2,mg/l,True,0.05,,,350.1,USGSGWM,Actual,GW,Water,,,"[]"
8666065,31440002,Wayland 2,Henry,07080107,Well,Cambrian-Ordovician,41.147364,-91.661895,07/26/2005 10:00:00,GWM,NIT-KJELD,Kjeldahl nitrogen (AS N),Total,,,,1.4,mg/l,True,0.1,,,351.2,USGSGWM,Actual,GW,Water,,,"[]"
8666065,31440002,Wayland 2,Henry,07080107,Well,Cambrian-Ordovician,41.147364,-91.661895,07/26/2005 10:00:00,GWM,NIT-NO3-NO2,Nitrate + Nitrite (AS N),Total,,,,0.05,mg/l,False,0.05,,,353.2,USGSGWM,Actual,GW,Water,,,"[]"
8666065,31440002,Wayland 2,Henry,07080107,Well,Cambrian-Ordovician,41.147364,-91.661895,07/26/2005 10:00:00,GWM,14265-44-2,Orthophosphate (AS P),Dissolved,,,,0.02,mg/l,False,0.02,,,365.1,USGSGWM,Actual,GW,Water,,,"[]"
8666065,31440002,Wayland 2,Henry,07080107,Well,Cambrian-Ordovician,41.147364,-91.661895,07/26/2005 10:00:00,GWM,PHOSP-PHOSP,"Total Phosphorus, mixed forms (AS P)",Total,,,,0.02,mg/l,True,0.02,,,365.4,USGSGWM,Actual,GW,Water,,,"[]"
8666065,31440002,Wayland 2,Henry,07080107,Well,Cambrian-Ordovician,41.147364,-91.661895,07/26/2005 10:00:00,GWM,NIT-ORGN,Organic Nitrogen,Total,,,,0.18,mg/l,True,0.1,,,LAC10-107-06-2E,USGSGWM,Calculated,GW,Water,,,"[]"
8666065,31440001,New London 1,Henry,07080107,Well,Cambrian-Ordovician,40.925334,-91.393916,08/04/2005 10:45:00,GWM,NIT-AMM,Ammonia-nitrogen (AS N),Total,,,,1,mg/l,True,0.05,,,350.1,USGSGWM,Actual,GW,Water,,,"[]"
8666065,31440001,New London 1,Henry,07080107,Well,Cambrian-Ordovician,40.925334,-91.393916,08/04/2005 10:45:00,GWM,NIT-KJELD,Kjeldahl nitrogen (AS N),Total,,,,1.4,mg/l,True,0.1,,,351.2,USGSGWM,Actual,GW,Water,,,"[]"
8666065,31440001,New London 1,Henry,07080107,Well,Cambrian-Ordovician,40.925334,-91.393916,08/04/2005 10:45:00,GWM,NIT-NO3-NO2,Nitrate + Nitrite (AS N),Total,,,,0.05,mg/l,False,0.05,,,353.2,USGSGWM,Actual,GW,Water,,,"[]"
8666065,31440001,New London 1,Henry,07080107,Well,Cambrian-Ordovician,40.925334,-91.393916,08/04/2005 10:45:00,GWM,14265-44-2,Orthophosphate (AS P),Dissolved,,,,0.02,mg/l,False,0.02,,,365.1,USGSGWM,Actual,GW,Water,,,"[]"
8666065,31440001,New London 1,Henry,07080107,Well,Cambrian-Ordovician,40.925334,-91.393916,08/04/2005 10:45:00,GWM,PHOSP-PHOSP,"Total Phosphorus, mixed forms (AS P)",Total,,,,0.02,mg/l,True,0.02,,,365.4,USGSGWM,Actual,GW,Water,,,"[]"
8666065,31440001,New London 1,Henry,07080107,Well,Cambrian-Ordovician,40.925334,-91.393916,08/04/2005 10:45:00,GWM,NIT-ORGN,Organic Nitrogen,Total,,,,0.38,mg/l,True,0.1,,,LAC10-107-06-2E,USGSGWM,Calculated,GW,Water,,,"[]"
8666065,31440001,New London 1,Henry,07080107,Well,Cambrian-Ordovician,40.925334,-91.393916,08/04/2005 10:50:00,GWM,NIT-AMM,Ammonia-nitrogen (AS N),Total,,,,1,mg/l,True,0.05,,,350.1,USGSGWM,Actual,GW,Water,,,"[]"
8666065,31440001,New London 1,Henry,07080107,Well,Cambrian-Ordovician,40.925334,-91.393916,08/04/2005 10:50:00,GWM,NIT-KJELD,Kjeldahl nitrogen (AS N),Total,,,,1.4,mg/l,True,0.1,,,351.2,USGSGWM,Actual,GW,Water,,,"[]"
8666065,31440001,New London 1,Henry,07080107,Well,Cambrian-Ordovician,40.925334,-91.393916,08/04/2005 10:50:00,GWM,NIT-NO3-NO2,Nitrate + Nitrite (AS N),Total,,,,0.05,mg/l,False,0.05,,,353.2,USGSGWM,Actual,GW,Water,,,"[]"
8666065,31440001,New London 1,Henry,07080107,Well,Cambrian-Ordovician,40.925334,-91.393916,08/04/2005 10:50:00,GWM,14265-44-2,Orthophosphate (AS P),Dissolved,,,,0.02,mg/l,False,0.02,,,365.1,USGSGWM,Actual,GW,Water,,,"[]"
8666065,31440001,New London 1,Henry,07080107,Well,Cambrian-Ordovician,40.925334,-91.393916,08/04/2005 10:50:00,GWM,PHOSP-PHOSP,"Total Phosphorus, mixed forms (AS P)",Total,,,,0.02,mg/l,True,0.02,,,365.4,USGSGWM,Actual,GW,Water,,,"[]"
8666065,31440001,New London 1,Henry,07080107,Well,Cambrian-Ordovician,40.925334,-91.393916,08/04/2005 10:50:00,GWM,NIT-ORGN,Organic Nitrogen,Total,,,,0.44,mg/l,True,0.1,,,LAC10-107-06-2E,USGSGWM,Calculated,GW,Water,,,"[]"
8666065,31440001,New London 1,Henry,07080107,Well,Cambrian-Ordovician,40.925334,-91.393916,12/06/2017 15:50:00,GWM,NIT-AMM,Ammonia-nitrogen (AS N),None,,,,1.7,mg/l,True,0.05,,,LAC10-107-06-1J,GWM,Actual,GW,Water,,"There was an error in sample collection date/time (e.g. missing, mismatched, postdated or incorrect).","[]"
8666065,31440001,New London 1,Henry,07080107,Well,Cambrian-Ordovician,40.925334,-91.393916,12/06/2017 15:50:00,GWM,NIT-NO3-NO2,Nitrate + Nitrite (AS N),None,,,,0.1,mg/l,False,0.1,,,LAC10-107-06-1J,GWM,Actual,GW,Water,,"There was an error in sample collection date/time (e.g. missing, mismatched, postdated or incorrect).","[]"
