facilityID,siteID,name,county,huc8,type,aquifer,latitude,longitude,sampleDate,projectCode,cas_rn,analyte,fraction,relDepth,sampDepth,sampDepthUnit,result,unit,detect,detectLimit,quantFlag,quantLimit,method,colMethod,resultType,matrix,medium,qualFlag,remark,xParams
8666065,31450001,Lime Springs 2,Howard,07060002,Well,Ordovician (abv SP),43.44797,-92.285437,08/07/2002 13:45:00,GWM,NIT-NO3-NO2,Nitrate + Nitrite (AS N),Total,,,,0.1,mg/l,False,0.1,,,353.2,USGSGWM,Actual,GW,Water,,,"[]"
8666065,31450001,Lime Springs 2,Howard,07060002,Well,Ordovician (abv SP),43.44797,-92.285437,08/07/2002 13:45:00,GWM,NIT-AMM,Ammonia-nitrogen (AS N),Total,,,,0.28,mg/l,True,0.05,,,LAC10-107-06-1J,USGSGWM,Actual,GW,Water,,,"[]"
8666065,31450001,Lime Springs 2,Howard,07060002,Well,Ordovician (abv SP),43.44797,-92.285437,08/07/2002 13:45:00,GWM,NIT-ORGN,Organic Nitrogen (AS N),Total,,,,0.14,mg/l,True,0.05,,,LAC10-107-06-2E,USGSGWM,Calculated,GW,Water,,,"[]"
8666065,31450001,Lime Springs 2,Howard,07060002,Well,Ordovician (abv SP),43.44797,-92.285437,08/07/2002 13:45:00,GWM,14265-44-2,Orthophosphate (AS P),Dissolved,,,,0.05,mg/l,False,0.05,,,LAC10-115-01-1A,USGSGWM,Actual,GW,Water,,,"[]"
8666065,31450001,Lime Springs 2,Howard,07060002,Well,Ordovician (abv SP),43.44797,-92.285437,08/07/2002 13:45:00,GWM,PHOSP-PHOSP,"Total Phosphorus, mixed forms (AS P)",Total,,,,0.06,mg/l,True,0.05,,,LAC10-115-01-1C,USGSGWM,Actual,GW,Water,,,"[]"
8666065,31450001,Lime Springs 2,Howard,07060002,Well,Ordovician (abv SP),43.44797,-92.285437,08/07/2002 13:45:00,GWM,NIT-KJELD,Kjeldahl nitrogen (AS N),Total,,,,0.42,mg/l,True,0.05,,,PAI DK03,USGSGWM,Actual,GW,Water,,,"[]"
8666065,31450001,Lime Springs 2,Howard,07060002,Well,Ordovician (abv SP),43.44797,-92.285437,08/05/2003 12:45:00,GWM,NIT-AMM,Ammonia-nitrogen (AS N),Total,,,,0.27,mg/l,True,0.05,,,350.1,USGSGWM,Actual,GW,Water,,,"[]"
8666065,31450001,Lime Springs 2,Howard,07060002,Well,Ordovician (abv SP),43.44797,-92.285437,08/05/2003 12:45:00,GWM,NIT-NO3-NO2,Nitrate + Nitrite (AS N),Total,,,,0.1,mg/l,False,0.1,,,353.2,USGSGWM,Actual,GW,Water,,,"[]"
8666065,31450001,Lime Springs 2,Howard,07060002,Well,Ordovician (abv SP),43.44797,-92.285437,08/05/2003 12:45:00,GWM,14265-44-2,Orthophosphate (AS P),Dissolved,,,,0.02,mg/l,False,0.02,,,365.1,USGSGWM,Actual,GW,Water,,,"[]"
8666065,31450001,Lime Springs 2,Howard,07060002,Well,Ordovician (abv SP),43.44797,-92.285437,08/05/2003 12:45:00,GWM,PHOSP-PHOSP,"Total Phosphorus, mixed forms (AS P)",Total,,,,0.02,mg/l,False,0.02,,,365.4,USGSGWM,Actual,GW,Water,,,"[]"
8666065,31450001,Lime Springs 2,Howard,07060002,Well,Ordovician (abv SP),43.44797,-92.285437,08/05/2003 12:45:00,GWM,NIT-ORGN,Organic Nitrogen (AS N),Total,,,,0.05,mg/l,False,0.05,,,LAC10-107-06-2E,USGSGWM,Calculated,GW,Water,,,"[]"
8666065,31450001,Lime Springs 2,Howard,07060002,Well,Ordovician (abv SP),43.44797,-92.285437,08/05/2003 12:45:00,GWM,NIT-KJELD,Kjeldahl nitrogen (AS N),Total,,,,0.29,mg/l,True,0.05,,,PAI DK03,USGSGWM,Actual,GW,Water,,,"[]"
8666065,31450004,Chester 1,Howard,07060002,Well,Buried Sand Gravel,43.489958,-92.356797,08/05/2003 16:45:00,GWM,NIT-AMM,Ammonia-nitrogen (AS N),Total,,,,0.93,mg/l,True,0.05,,,350.1,USGSGWM,Actual,GW,Water,,,"[]"
8666065,31450004,Chester 1,Howard,07060002,Well,Buried Sand Gravel,43.489958,-92.356797,08/05/2003 16:45:00,GWM,NIT-NO3-NO2,Nitrate + Nitrite (AS N),Total,,,,0.1,mg/l,False,0.1,,,353.2,USGSGWM,Actual,GW,Water,,,"[]"
8666065,31450004,Chester 1,Howard,07060002,Well,Buried Sand Gravel,43.489958,-92.356797,08/05/2003 16:45:00,GWM,14265-44-2,Orthophosphate (AS P),Dissolved,,,,0.02,mg/l,False,0.02,,,365.1,USGSGWM,Actual,GW,Water,,,"[]"
8666065,31450004,Chester 1,Howard,07060002,Well,Buried Sand Gravel,43.489958,-92.356797,08/05/2003 16:45:00,GWM,PHOSP-PHOSP,"Total Phosphorus, mixed forms (AS P)",Total,,,,0.03,mg/l,True,0.02,,,365.4,USGSGWM,Actual,GW,Water,,,"[]"
8666065,31450004,Chester 1,Howard,07060002,Well,Buried Sand Gravel,43.489958,-92.356797,08/05/2003 16:45:00,GWM,NIT-ORGN,Organic Nitrogen (AS N),Total,,,,0.22,mg/l,True,0.05,,,LAC10-107-06-2E,USGSGWM,Calculated,GW,Water,,,"[]"
8666065,31450004,Chester 1,Howard,07060002,Well,Buried Sand Gravel,43.489958,-92.356797,08/05/2003 16:45:00,GWM,NIT-KJELD,Kjeldahl nitrogen (AS N),Total,,,,1.2,mg/l,True,0.05,,,PAI DK03,USGSGWM,Actual,GW,Water,,,"[]"
8666065,31450001,Lime Springs 2,Howard,07060002,Well,Ordovician (abv SP),43.44797,-92.285437,07/13/2004 14:15:00,GWM,NIT-AMM,Ammonia-nitrogen (AS N),Total,,,,0.31,mg/l,True,0.05,,,350.1,USGSGWM,Actual,GW,Water,,,"[]"
8666065,31450001,Lime Springs 2,Howard,07060002,Well,Ordovician (abv SP),43.44797,-92.285437,07/13/2004 14:15:00,GWM,NIT-NO3-NO2,Nitrate + Nitrite (AS N),Total,,,,0.05,mg/l,False,0.05,,,353.2,USGSGWM,Actual,GW,Water,,,"[]"
8666065,31450001,Lime Springs 2,Howard,07060002,Well,Ordovician (abv SP),43.44797,-92.285437,07/13/2004 14:15:00,GWM,14265-44-2,Orthophosphate (AS P),Dissolved,,,,0.02,mg/l,False,0.02,,,365.1,USGSGWM,Actual,GW,Water,,,"[]"
8666065,31450001,Lime Springs 2,Howard,07060002,Well,Ordovician (abv SP),43.44797,-92.285437,07/13/2004 14:15:00,GWM,PHOSP-PHOSP,"Total Phosphorus, mixed forms (AS P)",Total,,,,0.02,mg/l,True,0.02,,,365.4,USGSGWM,Actual,GW,Water,,,"[]"
8666065,31450001,Lime Springs 2,Howard,07060002,Well,Ordovician (abv SP),43.44797,-92.285437,07/13/2004 14:15:00,GWM,NIT-ORGN,Organic Nitrogen,Total,,,,0.05,mg/l,False,0.05,,,LAC10-107-06-2E,USGSGWM,Calculated,GW,Water,,,"[]"
8666065,31450001,Lime Springs 2,Howard,07060002,Well,Ordovician (abv SP),43.44797,-92.285437,08/23/2005 16:15:00,GWM,NIT-AMM,Ammonia-nitrogen (AS N),Total,,,,0.32,mg/l,True,0.05,,,350.1,USGSGWM,Actual,GW,Water,,,"[]"
8666065,31450001,Lime Springs 2,Howard,07060002,Well,Ordovician (abv SP),43.44797,-92.285437,08/23/2005 16:15:00,GWM,NIT-KJELD,Kjeldahl nitrogen (AS N),Total,,,,0.44,mg/l,True,0.1,,,351.2,USGSGWM,Actual,GW,Water,,,"[]"
8666065,31450001,Lime Springs 2,Howard,07060002,Well,Ordovician (abv SP),43.44797,-92.285437,08/23/2005 16:15:00,GWM,NIT-NO3-NO2,Nitrate + Nitrite (AS N),Total,,,,0.05,mg/l,False,0.05,,,353.2,USGSGWM,Actual,GW,Water,,,"[]"
8666065,31450001,Lime Springs 2,Howard,07060002,Well,Ordovician (abv SP),43.44797,-92.285437,08/23/2005 16:15:00,GWM,14265-44-2,Orthophosphate (AS P),Dissolved,,,,0.02,mg/l,False,0.02,,,365.1,USGSGWM,Actual,GW,Water,,,"[]"
8666065,31450001,Lime Springs 2,Howard,07060002,Well,Ordovician (abv SP),43.44797,-92.285437,08/23/2005 16:15:00,GWM,PHOSP-PHOSP,"Total Phosphorus, mixed forms (AS P)",Total,,,,0.06,mg/l,True,0.02,,,365.4,USGSGWM,Actual,GW,Water,,,"[]"
8666065,31450001,Lime Springs 2,Howard,07060002,Well,Ordovician (abv SP),43.44797,-92.285437,08/23/2005 16:15:00,GWM,NIT-ORGN,Organic Nitrogen,Total,,,,0.1,mg/l,True,0.1,,,LAC10-107-06-2E,USGSGWM,Calculated,GW,Water,,,"[]"
8666065,31450001,Lime Springs 2,Howard,07060002,Well,Ordovician (abv SP),43.44797,-92.285437,06/14/2006 15:00:00,GWM,NIT-AMM,Ammonia-nitrogen (AS N),Total,,,,0.26,mg/l,True,0.05,,,350.1,USGSGWM,Actual,GW,Water,,,"[]"
8666065,31450001,Lime Springs 2,Howard,07060002,Well,Ordovician (abv SP),43.44797,-92.285437,06/14/2006 15:00:00,GWM,NIT-KJELD,Kjeldahl nitrogen (AS N),Total,,,,0.2,mg/l,True,0.1,,,351.2,USGSGWM,Actual,GW,Water,,,"[]"
8666065,31450001,Lime Springs 2,Howard,07060002,Well,Ordovician (abv SP),43.44797,-92.285437,06/14/2006 15:00:00,GWM,NIT-NO3-NO2,Nitrate + Nitrite (AS N),Total,,,,0.05,mg/l,False,0.05,,,353.2,USGSGWM,Actual,GW,Water,,,"[]"
8666065,31450001,Lime Springs 2,Howard,07060002,Well,Ordovician (abv SP),43.44797,-92.285437,06/14/2006 15:00:00,GWM,14265-44-2,Orthophosphate (AS P),Dissolved,,,,0.02,mg/l,False,0.02,,,365.1,USGSGWM,Actual,GW,Water,,,"[]"
8666065,31450001,Lime Springs 2,Howard,07060002,Well,Ordovician (abv SP),43.44797,-92.285437,06/14/2006 15:00:00,GWM,PHOSP-PHOSP,"Total Phosphorus, mixed forms (AS P)",Total,,,,0.05,mg/l,True,0.02,,,365.4,USGSGWM,Actual,GW,Water,,,"[]"
8666065,31450001,Lime Springs 2,Howard,07060002,Well,Ordovician (abv SP),43.44797,-92.285437,06/14/2006 15:00:00,GWM,NIT-ORGN,Organic Nitrogen,Total,,,,0.1,mg/l,False,0.1,,,LAC10-107-06-2E,USGSGWM,Calculated,GW,Water,,,"[]"
8666065,31450002,Elma 1,Howard,07080102,Well,Devonian,43.245191,-92.437436,08/24/2006 12:30:00,GWM,NIT-AMM,Ammonia-nitrogen (AS N),Total,,,,0.05,mg/l,False,0.05,,,350.1,USGSGWM,Actual,GW,Water,,,"[]"
8666065,31450002,Elma 1,Howard,07080102,Well,Devonian,43.245191,-92.437436,08/24/2006 12:30:00,GWM,NIT-KJELD,Kjeldahl nitrogen (AS N),Total,,,,0.1,mg/l,True,0.1,,,351.2,USGSGWM,Actual,GW,Water,,,"[]"
8666065,31450002,Elma 1,Howard,07080102,Well,Devonian,43.245191,-92.437436,08/24/2006 12:30:00,GWM,NIT-NO3-NO2,Nitrate + Nitrite (AS N),Total,,,,2.9,mg/l,True,0.05,,,353.2,USGSGWM,Actual,GW,Water,,,"[]"
8666065,31450002,Elma 1,Howard,07080102,Well,Devonian,43.245191,-92.437436,08/24/2006 12:30:00,GWM,14265-44-2,Orthophosphate (AS P),Dissolved,,,,0.03,mg/l,True,0.02,,,365.1,USGSGWM,Actual,GW,Water,,,"[]"
8666065,31450002,Elma 1,Howard,07080102,Well,Devonian,43.245191,-92.437436,08/24/2006 12:30:00,GWM,PHOSP-PHOSP,"Total Phosphorus, mixed forms (AS P)",Total,,,,0.03,mg/l,True,0.02,,,365.4,USGSGWM,Actual,GW,Water,,,"[]"
8666065,31450002,Elma 1,Howard,07080102,Well,Devonian,43.245191,-92.437436,08/24/2006 12:30:00,GWM,NIT-ORGN,Organic Nitrogen,Total,,,,0.1,mg/l,True,0.1,,,LAC10-107-06-2E,USGSGWM,Calculated,GW,Water,,,"[]"
8666065,31450001,Lime Springs 2,Howard,07060002,Well,Ordovician (abv SP),43.44797,-92.285437,08/28/2012 12:00:00,GWM,NIT-NO3-NO2,Nitrate + Nitrite (AS N),Total,,,,0.1,mg/l,False,0.1,,,LAC10-107-04-1J,GWMPWS,Actual,GW,Water,,,"[]"
8666065,31450001,Lime Springs 2,Howard,07060002,Well,Ordovician (abv SP),43.44797,-92.285437,08/28/2012 12:00:00,GWM,NIT-AMM,Ammonia-nitrogen (AS N),Total,,,,0.26,mg/l,True,0.05,,,LAC10-107-06-1J,GWMPWS,Actual,GW,Water,,,"[]"
8666065,31450001,Lime Springs 2,Howard,07060002,Well,Ordovician (abv SP),43.44797,-92.285437,08/28/2012 12:00:00,GWM,NIT-KJELD,Kjeldahl nitrogen (AS N),Total,,,,0.4,mg/l,True,0.1,,,LAC10-107-06-2E,GWMPWS,Actual,GW,Water,,,"[]"
8666065,31450001,Lime Springs 2,Howard,07060002,Well,Ordovician (abv SP),43.44797,-92.285437,08/28/2012 12:00:00,GWM,14265-44-2,Orthophosphate (AS P),Dissolved,,,,0.02,mg/l,False,0.02,,,LAC10-115-01-1A,GWMPWS,Actual,GW,Water,,,"[]"
8666065,31450001,Lime Springs 2,Howard,07060002,Well,Ordovician (abv SP),43.44797,-92.285437,08/28/2012 12:00:00,GWM,PHOSP-PHOSP,"Total Phosphorus, mixed forms (AS P)",Total,,,,0.02,mg/l,False,0.02,,,LAC10-115-01-1D,GWMPWS,Actual,GW,Water,,,"[]"
8666065,31450001,Lime Springs 2,Howard,07060002,Well,Ordovician (abv SP),43.44797,-92.285437,10/18/2017 10:00:00,GWM,NIT-AMM,Ammonia-nitrogen (AS N),None,,,,0.32,mg/l,True,0.05,,,LAC10-107-06-1J,GWM,Actual,GW,Water,,,"[]"
8666065,31450001,Lime Springs 2,Howard,07060002,Well,Ordovician (abv SP),43.44797,-92.285437,10/18/2017 10:00:00,GWM,NIT-NO3-NO2,Nitrate + Nitrite (AS N),None,,,,0.1,mg/l,False,0.1,,,LAC10-107-06-1J,GWM,Actual,GW,Water,,,"[]"
8666065,31450001,Lime Springs 2,Howard,07060002,Well,Ordovician (abv SP),43.44797,-92.285437,04/18/2023 11:37:00,GWM,NIT-NO3-NO2,Nitrate + Nitrite (AS N),Total,,,,0.1,mg/l,False,0.1,,,LAC10-107-04-1J,GWM,Actual,GW,Water,,,"[]"
8666065,31450001,Lime Springs 2,Howard,07060002,Well,Ordovician (abv SP),43.44797,-92.285437,04/18/2023 11:37:00,GWM,NIT-AMM,Ammonia-nitrogen (AS N),Total,,,,0.39,mg/l,True,0.1,,,LAC10-107-06-1J,GWM,Actual,GW,Water,,,"[]"
8666065,31450002,Elma 1,Howard,07080102,Well,Devonian,43.245191,-92.437436,05/08/2023 13:07:00,GWM,NIT-NO3-NO2,Nitrate + Nitrite (AS N),Total,,,,3.2,mg/l,True,0.1,,,LAC10-107-04-1J,GWM,Actual,GW,Water,,,"[]"
8666065,31450002,Elma 1,Howard,07080102,Well,Devonian,43.245191,-92.437436,05/08/2023 13:07:00,GWM,NIT-AMM,Ammonia-nitrogen (AS N),Total,,,,0.1,mg/l,False,0.1,,,LAC10-107-06-1J,GWM,Actual,GW,Water,,,"[]"
