facilityID,siteID,name,county,huc8,type,aquifer,latitude,longitude,sampleDate,projectCode,cas_rn,analyte,fraction,relDepth,sampDepth,sampDepthUnit,result,unit,detect,detectLimit,quantFlag,quantLimit,method,colMethod,resultType,matrix,medium,qualFlag,remark,xParams
8666065,31460003,Livermore 4,Humboldt,07100003,Well,Mississippian,42.867646,-94.184221,10/23/2002 10:45:00,GWM,NIT-NO3-NO2,Nitrate + Nitrite (AS N),Total,,,,0.1,mg/l,False,0.1,,,353.2,USGSGWM,Actual,GW,Water,,,"[]"
8666065,31460003,Livermore 4,Humboldt,07100003,Well,Mississippian,42.867646,-94.184221,10/23/2002 10:45:00,GWM,14265-44-2,Orthophosphate (AS P),Dissolved,,,,0.05,mg/l,False,0.05,,,4500-P-E,USGSGWM,Actual,GW,Water,,,"[]"
8666065,31460003,Livermore 4,Humboldt,07100003,Well,Mississippian,42.867646,-94.184221,10/23/2002 10:45:00,GWM,NIT-AMM,Ammonia-nitrogen (AS N),Total,,,,0.66,mg/l,True,0.05,,,LAC10-107-06-1J,USGSGWM,Actual,GW,Water,,,"[]"
8666065,31460003,Livermore 4,Humboldt,07100003,Well,Mississippian,42.867646,-94.184221,10/23/2002 10:45:00,GWM,NIT-ORGN,Organic Nitrogen (AS N),Total,,,,0.25,mg/l,True,0.05,,,LAC10-107-06-2E,USGSGWM,Calculated,GW,Water,,,"[]"
8666065,31460003,Livermore 4,Humboldt,07100003,Well,Mississippian,42.867646,-94.184221,10/23/2002 10:45:00,GWM,PHOSP-PHOSP,"Total Phosphorus, mixed forms (AS P)",Total,,,,0.05,mg/l,False,0.05,,,LAC10-115-01-1C,USGSGWM,Actual,GW,Water,,,"[]"
8666065,31460003,Livermore 4,Humboldt,07100003,Well,Mississippian,42.867646,-94.184221,10/23/2002 10:45:00,GWM,NIT-KJELD,Kjeldahl nitrogen (AS N),Total,,,,0.91,mg/l,True,0.05,,,PAI DK03,USGSGWM,Actual,GW,Water,,,"[]"
8666065,35460005,Rutland Marsh 5,Humboldt,07100002,Well,Mississippian,42.760957,-94.256656,07/22/2002 15:15:00,GWM,NIT-AMM,Ammonia-nitrogen (AS N),Total,,,,0.07,mg/l,True,0.05,,,350.1,GWM001,Actual,GW,Water,,,"[]"
8666065,35460005,Rutland Marsh 5,Humboldt,07100002,Well,Mississippian,42.760957,-94.256656,07/22/2002 15:15:00,GWM,NIT-KJELD,Kjeldahl nitrogen (AS N),Total,,,,0.28,mg/l,True,0.05,,,351.1,GWM001,Actual,GW,Water,,,"[]"
8666065,35460005,Rutland Marsh 5,Humboldt,07100002,Well,Mississippian,42.760957,-94.256656,07/22/2002 15:15:00,GWM,NIT-NO3-NO2,Nitrate + Nitrite (AS N),Total,,,,0.2,mg/l,True,0.1,,,353.2,GWM001,Actual,GW,Water,,,"[]"
8666065,35460005,Rutland Marsh 5,Humboldt,07100002,Well,Mississippian,42.760957,-94.256656,07/22/2002 15:15:00,GWM,14265-44-2,Orthophosphate (AS P),Dissolved,,,,0.05,mg/l,False,0.05,,,365.1,GWM001,Actual,GW,Water,,,"[]"
8666065,35460005,Rutland Marsh 5,Humboldt,07100002,Well,Mississippian,42.760957,-94.256656,07/22/2002 15:15:00,GWM,PHOSP-PHOSP,"Total Phosphorus, mixed forms (AS P)",Total,,,,0.05,mg/l,False,0.05,,,365.4,GWM001,Actual,GW,Water,,,"[]"
8666065,35460004,Rutland Marsh 4,Humboldt,07100002,Well,Mississippian,42.761,-94.256647,07/22/2002 16:15:00,GWM,NIT-AMM,Ammonia-nitrogen (AS N),Total,,,,0.05,mg/l,False,0.05,,,350.1,GWM001,Actual,GW,Water,,,"[]"
8666065,35460004,Rutland Marsh 4,Humboldt,07100002,Well,Mississippian,42.761,-94.256647,07/22/2002 16:15:00,GWM,NIT-KJELD,Kjeldahl nitrogen (AS N),Total,,,,0.15,mg/l,True,0.05,,,351.1,GWM001,Actual,GW,Water,,,"[]"
8666065,35460004,Rutland Marsh 4,Humboldt,07100002,Well,Mississippian,42.761,-94.256647,07/22/2002 16:15:00,GWM,NIT-NO3-NO2,Nitrate + Nitrite (AS N),Total,,,,0.2,mg/l,True,0.1,,,353.2,GWM001,Actual,GW,Water,,,"[]"
8666065,35460004,Rutland Marsh 4,Humboldt,07100002,Well,Mississippian,42.761,-94.256647,07/22/2002 16:15:00,GWM,14265-44-2,Orthophosphate (AS P),Dissolved,,,,0.05,mg/l,False,0.05,,,365.1,GWM001,Actual,GW,Water,,,"[]"
8666065,35460004,Rutland Marsh 4,Humboldt,07100002,Well,Mississippian,42.761,-94.256647,07/22/2002 16:15:00,GWM,PHOSP-PHOSP,"Total Phosphorus, mixed forms (AS P)",Total,,,,0.05,mg/l,False,0.05,,,365.4,GWM001,Actual,GW,Water,,,"[]"
8666065,35460003,Rutland Marsh 3,Humboldt,07100002,Well,Mississippian,42.760967,-94.256615,07/22/2002 17:15:00,GWM,NIT-AMM,Ammonia-nitrogen (AS N),Total,,,,0.05,mg/l,False,0.05,,,350.1,GWM001,Actual,GW,Water,,,"[]"
8666065,35460003,Rutland Marsh 3,Humboldt,07100002,Well,Mississippian,42.760967,-94.256615,07/22/2002 17:15:00,GWM,NIT-KJELD,Kjeldahl nitrogen (AS N),Total,,,,0.18,mg/l,True,0.05,,,351.1,GWM001,Actual,GW,Water,,,"[]"
8666065,35460003,Rutland Marsh 3,Humboldt,07100002,Well,Mississippian,42.760967,-94.256615,07/22/2002 17:15:00,GWM,NIT-NO3-NO2,Nitrate + Nitrite (AS N),Total,,,,0.2,mg/l,True,0.1,,,353.2,GWM001,Actual,GW,Water,,,"[]"
8666065,35460003,Rutland Marsh 3,Humboldt,07100002,Well,Mississippian,42.760967,-94.256615,07/22/2002 17:15:00,GWM,14265-44-2,Orthophosphate (AS P),Dissolved,,,,0.05,mg/l,False,0.05,,,365.1,GWM001,Actual,GW,Water,,,"[]"
8666065,35460003,Rutland Marsh 3,Humboldt,07100002,Well,Mississippian,42.760967,-94.256615,07/22/2002 17:15:00,GWM,PHOSP-PHOSP,"Total Phosphorus, mixed forms (AS P)",Total,,,,0.05,mg/l,False,0.05,,,365.4,GWM001,Actual,GW,Water,,,"[]"
8666065,35460002,Rutland Marsh 2,Humboldt,07100002,Well,Mississippian,42.760996,-94.256567,07/22/2002 17:55:00,GWM,NIT-AMM,Ammonia-nitrogen (AS N),Total,,,,0.05,mg/l,False,0.05,,,350.1,GWM001,Actual,GW,Water,,,"[]"
8666065,35460002,Rutland Marsh 2,Humboldt,07100002,Well,Mississippian,42.760996,-94.256567,07/22/2002 17:55:00,GWM,NIT-KJELD,Kjeldahl nitrogen (AS N),Total,,,,0.2,mg/l,True,0.05,,,351.1,GWM001,Actual,GW,Water,,,"[]"
8666065,35460002,Rutland Marsh 2,Humboldt,07100002,Well,Mississippian,42.760996,-94.256567,07/22/2002 17:55:00,GWM,NIT-NO3-NO2,Nitrate + Nitrite (AS N),Total,,,,0.1,mg/l,False,0.1,,,353.2,GWM001,Actual,GW,Water,,,"[]"
8666065,35460002,Rutland Marsh 2,Humboldt,07100002,Well,Mississippian,42.760996,-94.256567,07/22/2002 17:55:00,GWM,14265-44-2,Orthophosphate (AS P),Dissolved,,,,0.05,mg/l,False,0.05,,,365.1,GWM001,Actual,GW,Water,,,"[]"
8666065,35460002,Rutland Marsh 2,Humboldt,07100002,Well,Mississippian,42.760996,-94.256567,07/22/2002 17:55:00,GWM,PHOSP-PHOSP,"Total Phosphorus, mixed forms (AS P)",Total,,,,0.21,mg/l,True,0.05,,,365.4,GWM001,Actual,GW,Water,,,"[]"
8666065,35460001,Rutland Marsh 1,Humboldt,07100002,Well,Alluvium,42.760956,-94.256576,07/22/2002 18:25:00,GWM,NIT-AMM,Ammonia-nitrogen (AS N),Total,,,,0.05,mg/l,False,0.05,,,350.1,GWM001,Actual,GW,Water,,,"[]"
8666065,35460001,Rutland Marsh 1,Humboldt,07100002,Well,Alluvium,42.760956,-94.256576,07/22/2002 18:25:00,GWM,NIT-KJELD,Kjeldahl nitrogen (AS N),Total,,,,0.88,mg/l,True,0.05,,,351.1,GWM001,Actual,GW,Water,,,"[]"
8666065,35460001,Rutland Marsh 1,Humboldt,07100002,Well,Alluvium,42.760956,-94.256576,07/22/2002 18:25:00,GWM,NIT-NO3-NO2,Nitrate + Nitrite (AS N),Total,,,,4.2,mg/l,True,0.1,,,353.2,GWM001,Actual,GW,Water,,,"[]"
8666065,35460001,Rutland Marsh 1,Humboldt,07100002,Well,Alluvium,42.760956,-94.256576,07/22/2002 18:25:00,GWM,14265-44-2,Orthophosphate (AS P),Dissolved,,,,0.05,mg/l,False,0.05,,,365.1,GWM001,Actual,GW,Water,,,"[]"
8666065,35460001,Rutland Marsh 1,Humboldt,07100002,Well,Alluvium,42.760956,-94.256576,07/22/2002 18:25:00,GWM,PHOSP-PHOSP,"Total Phosphorus, mixed forms (AS P)",Total,,,,0.05,mg/l,False,0.05,,,365.4,GWM001,Actual,GW,Water,,,"[]"
8666065,35460005,Rutland Marsh 5,Humboldt,07100002,Well,Mississippian,42.760957,-94.256656,04/16/2003 14:20:00,GWM,NIT-AMM,Ammonia-nitrogen (AS N),Total,,,,0.26,mg/l,True,0.05,,,350.1,GWM001,Actual,GW,Water,,,"[]"
8666065,35460005,Rutland Marsh 5,Humboldt,07100002,Well,Mississippian,42.760957,-94.256656,04/16/2003 14:20:00,GWM,NIT-KJELD,Kjeldahl nitrogen (AS N),Total,,,,0.25,mg/l,True,0.05,,,351.1,GWM001,Actual,GW,Water,,,"[]"
8666065,35460005,Rutland Marsh 5,Humboldt,07100002,Well,Mississippian,42.760957,-94.256656,04/16/2003 14:20:00,GWM,NIT-NO3-NO2,Nitrate + Nitrite (AS N),Total,,,,0.1,mg/l,False,0.1,,,353.2,GWM001,Actual,GW,Water,,,"[]"
8666065,35460005,Rutland Marsh 5,Humboldt,07100002,Well,Mississippian,42.760957,-94.256656,04/16/2003 14:20:00,GWM,14265-44-2,Orthophosphate (AS P),Dissolved,,,,0.05,mg/l,False,0.05,,,365.1,GWM001,Actual,GW,Water,,,"[]"
8666065,35460005,Rutland Marsh 5,Humboldt,07100002,Well,Mississippian,42.760957,-94.256656,04/16/2003 14:20:00,GWM,PHOSP-PHOSP,"Total Phosphorus, mixed forms (AS P)",Total,,,,0.05,mg/l,False,0.05,,,365.4,GWM001,Actual,GW,Water,,,"[]"
8666065,35460001,Rutland Marsh 1,Humboldt,07100002,Well,Alluvium,42.760956,-94.256576,04/16/2003 14:30:00,GWM,NIT-AMM,Ammonia-nitrogen (AS N),Total,,,,0.05,mg/l,False,0.05,,,350.1,GWM001,Actual,GW,Water,,,"[]"
8666065,35460001,Rutland Marsh 1,Humboldt,07100002,Well,Alluvium,42.760956,-94.256576,04/16/2003 14:30:00,GWM,NIT-KJELD,Kjeldahl nitrogen (AS N),Total,,,,1.8,mg/l,True,0.05,,,351.1,GWM001,Actual,GW,Water,,,"[]"
8666065,35460001,Rutland Marsh 1,Humboldt,07100002,Well,Alluvium,42.760956,-94.256576,04/16/2003 14:30:00,GWM,NIT-NO3-NO2,Nitrate + Nitrite (AS N),Total,,,,2.8,mg/l,True,0.1,,,353.2,GWM001,Actual,GW,Water,,,"[]"
8666065,35460001,Rutland Marsh 1,Humboldt,07100002,Well,Alluvium,42.760956,-94.256576,04/16/2003 14:30:00,GWM,14265-44-2,Orthophosphate (AS P),Dissolved,,,,0.05,mg/l,False,0.05,,,365.1,GWM001,Actual,GW,Water,,,"[]"
8666065,35460001,Rutland Marsh 1,Humboldt,07100002,Well,Alluvium,42.760956,-94.256576,04/16/2003 14:30:00,GWM,PHOSP-PHOSP,"Total Phosphorus, mixed forms (AS P)",Total,,,,3.6,mg/l,True,0.05,,,365.4,GWM001,Actual,GW,Water,,,"[]"
8666065,35460004,Rutland Marsh 4,Humboldt,07100002,Well,Mississippian,42.761,-94.256647,04/16/2003 15:20:00,GWM,NIT-AMM,Ammonia-nitrogen (AS N),Total,,,,0.07,mg/l,True,0.05,,,350.1,GWM001,Actual,GW,Water,,,"[]"
8666065,35460004,Rutland Marsh 4,Humboldt,07100002,Well,Mississippian,42.761,-94.256647,04/16/2003 15:20:00,GWM,NIT-KJELD,Kjeldahl nitrogen (AS N),Total,,,,0.06,mg/l,True,0.05,,,351.1,GWM001,Actual,GW,Water,,,"[]"
8666065,35460004,Rutland Marsh 4,Humboldt,07100002,Well,Mississippian,42.761,-94.256647,04/16/2003 15:20:00,GWM,NIT-NO3-NO2,Nitrate + Nitrite (AS N),Total,,,,0.1,mg/l,False,0.1,,,353.2,GWM001,Actual,GW,Water,,,"[]"
8666065,35460004,Rutland Marsh 4,Humboldt,07100002,Well,Mississippian,42.761,-94.256647,04/16/2003 15:20:00,GWM,14265-44-2,Orthophosphate (AS P),Dissolved,,,,0.05,mg/l,False,0.05,,,365.1,GWM001,Actual,GW,Water,,,"[]"
8666065,35460004,Rutland Marsh 4,Humboldt,07100002,Well,Mississippian,42.761,-94.256647,04/16/2003 15:20:00,GWM,PHOSP-PHOSP,"Total Phosphorus, mixed forms (AS P)",Total,,,,0.08,mg/l,True,0.05,,,365.4,GWM001,Actual,GW,Water,,,"[]"
8666065,35460003,Rutland Marsh 3,Humboldt,07100002,Well,Mississippian,42.760967,-94.256615,04/16/2003 16:00:00,GWM,NIT-AMM,Ammonia-nitrogen (AS N),Total,,,,0.05,mg/l,False,0.05,,,350.1,GWM001,Actual,GW,Water,,,"[]"
8666065,35460003,Rutland Marsh 3,Humboldt,07100002,Well,Mississippian,42.760967,-94.256615,04/16/2003 16:00:00,GWM,NIT-KJELD,Kjeldahl nitrogen (AS N),Total,,,,0.31,mg/l,True,0.05,,,351.1,GWM001,Actual,GW,Water,,,"[]"
8666065,35460003,Rutland Marsh 3,Humboldt,07100002,Well,Mississippian,42.760967,-94.256615,04/16/2003 16:00:00,GWM,NIT-NO3-NO2,Nitrate + Nitrite (AS N),Total,,,,0.1,mg/l,False,0.1,,,353.2,GWM001,Actual,GW,Water,,,"[]"
8666065,35460003,Rutland Marsh 3,Humboldt,07100002,Well,Mississippian,42.760967,-94.256615,04/16/2003 16:00:00,GWM,14265-44-2,Orthophosphate (AS P),Dissolved,,,,0.05,mg/l,False,0.05,,,365.1,GWM001,Actual,GW,Water,,,"[]"
8666065,35460003,Rutland Marsh 3,Humboldt,07100002,Well,Mississippian,42.760967,-94.256615,04/16/2003 16:00:00,GWM,PHOSP-PHOSP,"Total Phosphorus, mixed forms (AS P)",Total,,,,1,mg/l,True,0.05,,,365.4,GWM001,Actual,GW,Water,,,"[]"
8666065,35460002,Rutland Marsh 2,Humboldt,07100002,Well,Mississippian,42.760996,-94.256567,04/16/2003 16:30:00,GWM,NIT-AMM,Ammonia-nitrogen (AS N),Total,,,,0.05,mg/l,False,0.05,,,350.1,GWM001,Actual,GW,Water,,,"[]"
8666065,35460002,Rutland Marsh 2,Humboldt,07100002,Well,Mississippian,42.760996,-94.256567,04/16/2003 16:30:00,GWM,NIT-KJELD,Kjeldahl nitrogen (AS N),Total,,,,0.36,mg/l,True,0.05,,,351.1,GWM001,Actual,GW,Water,,,"[]"
8666065,35460002,Rutland Marsh 2,Humboldt,07100002,Well,Mississippian,42.760996,-94.256567,04/16/2003 16:30:00,GWM,NIT-NO3-NO2,Nitrate + Nitrite (AS N),Total,,,,0.1,mg/l,False,0.1,,,353.2,GWM001,Actual,GW,Water,,,"[]"
8666065,35460002,Rutland Marsh 2,Humboldt,07100002,Well,Mississippian,42.760996,-94.256567,04/16/2003 16:30:00,GWM,14265-44-2,Orthophosphate (AS P),Dissolved,,,,0.05,mg/l,False,0.05,,,365.1,GWM001,Actual,GW,Water,,,"[]"
8666065,35460002,Rutland Marsh 2,Humboldt,07100002,Well,Mississippian,42.760996,-94.256567,04/16/2003 16:30:00,GWM,PHOSP-PHOSP,"Total Phosphorus, mixed forms (AS P)",Total,,,,0.72,mg/l,True,0.05,,,365.4,GWM001,Actual,GW,Water,,,"[]"
8666065,35460001,Rutland Marsh 1,Humboldt,07100002,Well,Alluvium,42.760956,-94.256576,08/16/2006 13:40:00,GWM,NIT-AMM,Ammonia-nitrogen (AS N),Total,,,,0.05,mg/l,False,0.05,,,350.1,GWM001,Actual,GW,Water,,,"[]"
8666065,35460001,Rutland Marsh 1,Humboldt,07100002,Well,Alluvium,42.760956,-94.256576,08/16/2006 13:40:00,GWM,NIT-KJELD,Kjeldahl nitrogen (AS N),Total,,,,0.9,mg/l,True,0.1,,,351.2,GWM001,Actual,GW,Water,,,"[]"
8666065,35460001,Rutland Marsh 1,Humboldt,07100002,Well,Alluvium,42.760956,-94.256576,08/16/2006 13:40:00,GWM,NIT-NO3-NO2,Nitrate + Nitrite (AS N),Total,,,,1.9,mg/l,True,0.05,,,353.2,GWM001,Actual,GW,Water,,,"[]"
8666065,35460001,Rutland Marsh 1,Humboldt,07100002,Well,Alluvium,42.760956,-94.256576,08/16/2006 13:40:00,GWM,14265-44-2,Orthophosphate (AS P),Dissolved,,,,0.02,mg/l,False,0.02,,,365.1,GWM001,Actual,GW,Water,,,"[]"
8666065,35460001,Rutland Marsh 1,Humboldt,07100002,Well,Alluvium,42.760956,-94.256576,08/16/2006 13:40:00,GWM,PHOSP-PHOSP,"Total Phosphorus, mixed forms (AS P)",Total,,,,0.8,mg/l,True,0.05,,,365.4,GWM001,Actual,GW,Water,,,"[]"
8666065,35460001,Rutland Marsh 1,Humboldt,07100002,Well,Alluvium,42.760956,-94.256576,08/16/2006 13:40:00,GWM,NIT-ORGN,Organic Nitrogen,Total,,,,0.9,mg/l,True,0.1,,,LAC10-107-06-2E,GWM001,Calculated,GW,Water,,,"[]"
8666065,35460002,Rutland Marsh 2,Humboldt,07100002,Well,Mississippian,42.760996,-94.256567,08/16/2006 14:30:00,GWM,NIT-AMM,Ammonia-nitrogen (AS N),Total,,,,0.05,mg/l,False,0.05,,,350.1,GWM001,Actual,GW,Water,,,"[]"
8666065,35460002,Rutland Marsh 2,Humboldt,07100002,Well,Mississippian,42.760996,-94.256567,08/16/2006 14:30:00,GWM,NIT-KJELD,Kjeldahl nitrogen (AS N),Total,,,,0.2,mg/l,True,0.1,,,351.2,GWM001,Actual,GW,Water,,,"[]"
8666065,35460002,Rutland Marsh 2,Humboldt,07100002,Well,Mississippian,42.760996,-94.256567,08/16/2006 14:30:00,GWM,NIT-NO3-NO2,Nitrate + Nitrite (AS N),Total,,,,0.05,mg/l,False,0.05,,,353.2,GWM001,Actual,GW,Water,,,"[]"
8666065,35460002,Rutland Marsh 2,Humboldt,07100002,Well,Mississippian,42.760996,-94.256567,08/16/2006 14:30:00,GWM,14265-44-2,Orthophosphate (AS P),Dissolved,,,,0.02,mg/l,False,0.02,,,365.1,GWM001,Actual,GW,Water,,,"[]"
8666065,35460002,Rutland Marsh 2,Humboldt,07100002,Well,Mississippian,42.760996,-94.256567,08/16/2006 14:30:00,GWM,PHOSP-PHOSP,"Total Phosphorus, mixed forms (AS P)",Total,,,,0.13,mg/l,True,0.02,,,365.4,GWM001,Actual,GW,Water,,,"[]"
8666065,35460002,Rutland Marsh 2,Humboldt,07100002,Well,Mississippian,42.760996,-94.256567,08/16/2006 14:30:00,GWM,NIT-ORGN,Organic Nitrogen,Total,,,,0.2,mg/l,True,0.1,,,LAC10-107-06-2E,GWM001,Calculated,GW,Water,,,"[]"
8666065,35460003,Rutland Marsh 3,Humboldt,07100002,Well,Mississippian,42.760967,-94.256615,08/16/2006 14:00:00,GWM,NIT-AMM,Ammonia-nitrogen (AS N),Total,,,,0.05,mg/l,False,0.05,,,350.1,GWM001,Actual,GW,Water,,,"[]"
8666065,35460003,Rutland Marsh 3,Humboldt,07100002,Well,Mississippian,42.760967,-94.256615,08/16/2006 14:00:00,GWM,NIT-KJELD,Kjeldahl nitrogen (AS N),Total,,,,0.2,mg/l,True,0.1,,,351.2,GWM001,Actual,GW,Water,,,"[]"
8666065,35460003,Rutland Marsh 3,Humboldt,07100002,Well,Mississippian,42.760967,-94.256615,08/16/2006 14:00:00,GWM,NIT-NO3-NO2,Nitrate + Nitrite (AS N),Total,,,,0.05,mg/l,False,0.05,,,353.2,GWM001,Actual,GW,Water,,,"[]"
8666065,35460003,Rutland Marsh 3,Humboldt,07100002,Well,Mississippian,42.760967,-94.256615,08/16/2006 14:00:00,GWM,14265-44-2,Orthophosphate (AS P),Dissolved,,,,0.02,mg/l,False,0.02,,,365.1,GWM001,Actual,GW,Water,,,"[]"
8666065,35460003,Rutland Marsh 3,Humboldt,07100002,Well,Mississippian,42.760967,-94.256615,08/16/2006 14:00:00,GWM,PHOSP-PHOSP,"Total Phosphorus, mixed forms (AS P)",Total,,,,0.03,mg/l,True,0.02,,,365.4,GWM001,Actual,GW,Water,,,"[]"
8666065,35460003,Rutland Marsh 3,Humboldt,07100002,Well,Mississippian,42.760967,-94.256615,08/16/2006 14:00:00,GWM,NIT-ORGN,Organic Nitrogen,Total,,,,0.2,mg/l,True,0.1,,,LAC10-107-06-2E,GWM001,Calculated,GW,Water,,,"[]"
8666065,35460004,Rutland Marsh 4,Humboldt,07100002,Well,Mississippian,42.761,-94.256647,08/16/2006 13:30:00,GWM,NIT-AMM,Ammonia-nitrogen (AS N),Total,,,,0.05,mg/l,False,0.05,,,350.1,GWM001,Actual,GW,Water,,,"[]"
8666065,35460004,Rutland Marsh 4,Humboldt,07100002,Well,Mississippian,42.761,-94.256647,08/16/2006 13:30:00,GWM,NIT-KJELD,Kjeldahl nitrogen (AS N),Total,,,,0.2,mg/l,True,0.1,,,351.2,GWM001,Actual,GW,Water,,,"[]"
8666065,35460004,Rutland Marsh 4,Humboldt,07100002,Well,Mississippian,42.761,-94.256647,08/16/2006 13:30:00,GWM,NIT-NO3-NO2,Nitrate + Nitrite (AS N),Total,,,,0.05,mg/l,False,0.05,,,353.2,GWM001,Actual,GW,Water,,,"[]"
8666065,35460004,Rutland Marsh 4,Humboldt,07100002,Well,Mississippian,42.761,-94.256647,08/16/2006 13:30:00,GWM,14265-44-2,Orthophosphate (AS P),Dissolved,,,,0.02,mg/l,True,0.02,,,365.1,GWM001,Actual,GW,Water,,,"[]"
8666065,35460004,Rutland Marsh 4,Humboldt,07100002,Well,Mississippian,42.761,-94.256647,08/16/2006 13:30:00,GWM,PHOSP-PHOSP,"Total Phosphorus, mixed forms (AS P)",Total,,,,0.04,mg/l,True,0.02,,,365.4,GWM001,Actual,GW,Water,,,"[]"
8666065,35460004,Rutland Marsh 4,Humboldt,07100002,Well,Mississippian,42.761,-94.256647,08/16/2006 13:30:00,GWM,NIT-ORGN,Organic Nitrogen,Total,,,,0.2,mg/l,True,0.1,,,LAC10-107-06-2E,GWM001,Calculated,GW,Water,,,"[]"
8666065,35460005,Rutland Marsh 5,Humboldt,07100002,Well,Mississippian,42.760957,-94.256656,08/16/2006 12:55:00,GWM,NIT-AMM,Ammonia-nitrogen (AS N),Total,,,,0.06,mg/l,True,0.05,,,350.1,GWM001,Actual,GW,Water,,,"[]"
8666065,35460005,Rutland Marsh 5,Humboldt,07100002,Well,Mississippian,42.760957,-94.256656,08/16/2006 12:55:00,GWM,NIT-KJELD,Kjeldahl nitrogen (AS N),Total,,,,0.2,mg/l,True,0.1,,,351.2,GWM001,Actual,GW,Water,,,"[]"
8666065,35460005,Rutland Marsh 5,Humboldt,07100002,Well,Mississippian,42.760957,-94.256656,08/16/2006 12:55:00,GWM,NIT-NO3-NO2,Nitrate + Nitrite (AS N),Total,,,,0.05,mg/l,False,0.05,,,353.2,GWM001,Actual,GW,Water,,,"[]"
8666065,35460005,Rutland Marsh 5,Humboldt,07100002,Well,Mississippian,42.760957,-94.256656,08/16/2006 12:55:00,GWM,14265-44-2,Orthophosphate (AS P),Dissolved,,,,0.04,mg/l,True,0.02,,,365.1,GWM001,Actual,GW,Water,,,"[]"
8666065,35460005,Rutland Marsh 5,Humboldt,07100002,Well,Mississippian,42.760957,-94.256656,08/16/2006 12:55:00,GWM,PHOSP-PHOSP,"Total Phosphorus, mixed forms (AS P)",Total,,,,0.03,mg/l,True,0.02,,,365.4,GWM001,Actual,GW,Water,,,"[]"
8666065,35460005,Rutland Marsh 5,Humboldt,07100002,Well,Mississippian,42.760957,-94.256656,08/16/2006 12:55:00,GWM,NIT-ORGN,Organic Nitrogen,Total,,,,0.1,mg/l,True,0.1,,,LAC10-107-06-2E,GWM001,Calculated,GW,Water,,,"[]"
