facilityID,siteID,name,county,huc8,type,aquifer,latitude,longitude,sampleDate,projectCode,cas_rn,analyte,fraction,relDepth,sampDepth,sampDepthUnit,result,unit,detect,detectLimit,quantFlag,quantLimit,method,colMethod,resultType,matrix,medium,qualFlag,remark,xParams
8666065,31470001,Ida Grove 3,Ida,10230005,Well,Alluvium,42.35145,-95.46772,07/29/2002 13:30:00,GWM,NIT-NO3-NO2,Nitrate + Nitrite (AS N),Total,,,,1.5,mg/l,True,0.1,,,353.2,USGSGWM,Actual,GW,Water,,,"[]"
8666065,31470001,Ida Grove 3,Ida,10230005,Well,Alluvium,42.35145,-95.46772,07/29/2002 13:30:00,GWM,NIT-AMM,Ammonia-nitrogen (AS N),Total,,,,0.05,mg/l,False,0.05,,,LAC10-107-06-1J,USGSGWM,Actual,GW,Water,,,"[]"
8666065,31470001,Ida Grove 3,Ida,10230005,Well,Alluvium,42.35145,-95.46772,07/29/2002 13:30:00,GWM,NIT-ORGN,Organic Nitrogen (AS N),Total,,,,0.05,mg/l,False,0.05,,,LAC10-107-06-2E,USGSGWM,Calculated,GW,Water,,,"[]"
8666065,31470001,Ida Grove 3,Ida,10230005,Well,Alluvium,42.35145,-95.46772,07/29/2002 13:30:00,GWM,14265-44-2,Orthophosphate (AS P),Dissolved,,,,0.09,mg/l,True,0.05,,,LAC10-115-01-1A,USGSGWM,Actual,GW,Water,,,"[]"
8666065,31470001,Ida Grove 3,Ida,10230005,Well,Alluvium,42.35145,-95.46772,07/29/2002 13:30:00,GWM,PHOSP-PHOSP,"Total Phosphorus, mixed forms (AS P)",Total,,,,0.1,mg/l,True,0.05,,,LAC10-115-01-1C,USGSGWM,Actual,GW,Water,,,"[]"
8666065,31470001,Ida Grove 3,Ida,10230005,Well,Alluvium,42.35145,-95.46772,07/29/2002 13:30:00,GWM,NIT-KJELD,Kjeldahl nitrogen (AS N),Total,,,,0.05,mg/l,False,0.05,,,PAI DK03,USGSGWM,Actual,GW,Water,,,"[]"
8666065,31470002,Holstein 3,Ida,10230005,Well,Alluvium,42.47535,-95.45602,07/29/2002 14:45:00,GWM,NIT-NO3-NO2,Nitrate + Nitrite (AS N),Total,,,,13,mg/l,True,0.1,,,353.2,USGSGWM,Actual,GW,Water,,,"[]"
8666065,31470002,Holstein 3,Ida,10230005,Well,Alluvium,42.47535,-95.45602,07/29/2002 14:45:00,GWM,NIT-AMM,Ammonia-nitrogen (AS N),Total,,,,0.05,mg/l,False,0.05,,,LAC10-107-06-1J,USGSGWM,Actual,GW,Water,,,"[]"
8666065,31470002,Holstein 3,Ida,10230005,Well,Alluvium,42.47535,-95.45602,07/29/2002 14:45:00,GWM,NIT-ORGN,Organic Nitrogen (AS N),Total,,,,0.05,mg/l,False,0.05,,,LAC10-107-06-2E,USGSGWM,Calculated,GW,Water,,,"[]"
8666065,31470002,Holstein 3,Ida,10230005,Well,Alluvium,42.47535,-95.45602,07/29/2002 14:45:00,GWM,14265-44-2,Orthophosphate (AS P),Dissolved,,,,0.05,mg/l,False,0.05,,,LAC10-115-01-1A,USGSGWM,Actual,GW,Water,,,"[]"
8666065,31470002,Holstein 3,Ida,10230005,Well,Alluvium,42.47535,-95.45602,07/29/2002 14:45:00,GWM,PHOSP-PHOSP,"Total Phosphorus, mixed forms (AS P)",Total,,,,0.05,mg/l,True,0.05,,,LAC10-115-01-1C,USGSGWM,Actual,GW,Water,,,"[]"
8666065,31470002,Holstein 3,Ida,10230005,Well,Alluvium,42.47535,-95.45602,07/29/2002 14:45:00,GWM,NIT-KJELD,Kjeldahl nitrogen (AS N),Total,,,,0.05,mg/l,False,0.05,,,PAI DK03,USGSGWM,Actual,GW,Water,,,"[]"
8666065,31470002,Holstein 3,Ida,10230005,Well,Alluvium,42.47535,-95.45602,07/31/2003 08:15:00,GWM,NIT-AMM,Ammonia-nitrogen (AS N),Total,,,,0.05,mg/l,False,0.05,,,350.1,USGSGWM,Actual,GW,Water,,,"[]"
8666065,31470002,Holstein 3,Ida,10230005,Well,Alluvium,42.47535,-95.45602,07/31/2003 08:15:00,GWM,NIT-NO3-NO2,Nitrate + Nitrite (AS N),Total,,,,15,mg/l,True,0.1,,,353.2,USGSGWM,Actual,GW,Water,,,"[]"
8666065,31470002,Holstein 3,Ida,10230005,Well,Alluvium,42.47535,-95.45602,07/31/2003 08:15:00,GWM,14265-44-2,Orthophosphate (AS P),Dissolved,,,,0.03,mg/l,True,0.02,,,365.1,USGSGWM,Actual,GW,Water,,,"[]"
8666065,31470002,Holstein 3,Ida,10230005,Well,Alluvium,42.47535,-95.45602,07/31/2003 08:15:00,GWM,PHOSP-PHOSP,"Total Phosphorus, mixed forms (AS P)",Total,,,,0.02,mg/l,False,0.02,,,365.4,USGSGWM,Actual,GW,Water,,,"[]"
8666065,31470002,Holstein 3,Ida,10230005,Well,Alluvium,42.47535,-95.45602,07/31/2003 08:15:00,GWM,NIT-ORGN,Organic Nitrogen (AS N),Total,,,,0.05,mg/l,False,0.05,,,LAC10-107-06-2E,USGSGWM,Calculated,GW,Water,,,"[]"
8666065,31470002,Holstein 3,Ida,10230005,Well,Alluvium,42.47535,-95.45602,07/31/2003 08:15:00,GWM,NIT-KJELD,Kjeldahl nitrogen (AS N),Total,,,,0.05,mg/l,False,0.05,,,PAI DK03,USGSGWM,Actual,GW,Water,,,"[]"
8666065,31470001,Ida Grove 3,Ida,10230005,Well,Alluvium,42.35145,-95.46772,07/31/2003 10:00:00,GWM,NIT-AMM,Ammonia-nitrogen (AS N),Total,,,,0.05,mg/l,False,0.05,,,350.1,USGSGWM,Actual,GW,Water,,,"[]"
8666065,31470001,Ida Grove 3,Ida,10230005,Well,Alluvium,42.35145,-95.46772,07/31/2003 10:00:00,GWM,NIT-NO3-NO2,Nitrate + Nitrite (AS N),Total,,,,4.6,mg/l,True,0.1,,,353.2,USGSGWM,Actual,GW,Water,,,"[]"
8666065,31470001,Ida Grove 3,Ida,10230005,Well,Alluvium,42.35145,-95.46772,07/31/2003 10:00:00,GWM,14265-44-2,Orthophosphate (AS P),Dissolved,,,,0.05,mg/l,True,0.02,,,365.1,USGSGWM,Actual,GW,Water,,,"[]"
8666065,31470001,Ida Grove 3,Ida,10230005,Well,Alluvium,42.35145,-95.46772,07/31/2003 10:00:00,GWM,PHOSP-PHOSP,"Total Phosphorus, mixed forms (AS P)",Total,,,,0.02,mg/l,False,0.02,,,365.4,USGSGWM,Actual,GW,Water,,,"[]"
8666065,31470001,Ida Grove 3,Ida,10230005,Well,Alluvium,42.35145,-95.46772,07/31/2003 10:00:00,GWM,NIT-ORGN,Organic Nitrogen (AS N),Total,,,,0.05,mg/l,False,0.05,,,LAC10-107-06-2E,USGSGWM,Calculated,GW,Water,,,"[]"
8666065,31470001,Ida Grove 3,Ida,10230005,Well,Alluvium,42.35145,-95.46772,07/31/2003 10:00:00,GWM,NIT-KJELD,Kjeldahl nitrogen (AS N),Total,,,,0.05,mg/l,False,0.05,,,PAI DK03,USGSGWM,Actual,GW,Water,,,"[]"
8666065,31470002,Holstein 3,Ida,10230005,Well,Alluvium,42.47535,-95.45602,07/22/2004 13:30:00,GWM,NIT-AMM,Ammonia-nitrogen (AS N),Total,,,,0.05,mg/l,False,0.05,,,350.1,USGSGWM,Actual,GW,Water,,,"[]"
8666065,31470002,Holstein 3,Ida,10230005,Well,Alluvium,42.47535,-95.45602,07/22/2004 13:30:00,GWM,NIT-NO3-NO2,Nitrate + Nitrite (AS N),Total,,,,16,mg/l,True,0.05,,,353.2,USGSGWM,Actual,GW,Water,,,"[]"
8666065,31470002,Holstein 3,Ida,10230005,Well,Alluvium,42.47535,-95.45602,07/22/2004 13:30:00,GWM,14265-44-2,Orthophosphate (AS P),Dissolved,,,,0.03,mg/l,True,0.02,,,365.1,USGSGWM,Actual,GW,Water,,,"[]"
8666065,31470002,Holstein 3,Ida,10230005,Well,Alluvium,42.47535,-95.45602,07/22/2004 13:30:00,GWM,PHOSP-PHOSP,"Total Phosphorus, mixed forms (AS P)",Total,,,,0.04,mg/l,True,0.02,,,365.4,USGSGWM,Actual,GW,Water,,,"[]"
8666065,31470002,Holstein 3,Ida,10230005,Well,Alluvium,42.47535,-95.45602,07/22/2004 13:30:00,GWM,NIT-ORGN,Organic Nitrogen,Total,,,,0.11,mg/l,True,0.05,,,LAC10-107-06-2E,USGSGWM,Calculated,GW,Water,,,"[]"
8666065,31470001,Ida Grove 3,Ida,10230005,Well,Alluvium,42.35145,-95.46772,07/22/2004 11:00:00,GWM,NIT-AMM,Ammonia-nitrogen (AS N),Total,,,,0.05,mg/l,False,0.05,,,350.1,USGSGWM,Actual,GW,Water,,,"[]"
8666065,31470001,Ida Grove 3,Ida,10230005,Well,Alluvium,42.35145,-95.46772,07/22/2004 11:00:00,GWM,NIT-NO3-NO2,Nitrate + Nitrite (AS N),Total,,,,2.6,mg/l,True,0.05,,,353.2,USGSGWM,Actual,GW,Water,,,"[]"
8666065,31470001,Ida Grove 3,Ida,10230005,Well,Alluvium,42.35145,-95.46772,07/22/2004 11:00:00,GWM,14265-44-2,Orthophosphate (AS P),Dissolved,,,,0.1,mg/l,True,0.02,,,365.1,USGSGWM,Actual,GW,Water,,,"[]"
8666065,31470001,Ida Grove 3,Ida,10230005,Well,Alluvium,42.35145,-95.46772,07/22/2004 11:00:00,GWM,PHOSP-PHOSP,"Total Phosphorus, mixed forms (AS P)",Total,,,,0.1,mg/l,True,0.02,,,365.4,USGSGWM,Actual,GW,Water,,,"[]"
8666065,31470001,Ida Grove 3,Ida,10230005,Well,Alluvium,42.35145,-95.46772,07/22/2004 11:00:00,GWM,NIT-ORGN,Organic Nitrogen,Total,,,,0.12,mg/l,True,0.05,,,LAC10-107-06-2E,USGSGWM,Calculated,GW,Water,,,"[]"
8666065,31470002,Holstein 3,Ida,10230005,Well,Alluvium,42.47535,-95.45602,07/06/2005 09:55:00,GWM,NIT-AMM,Ammonia-nitrogen (AS N),Total,,,,0.05,mg/l,False,0.05,,,350.1,USGSGWM,Actual,GW,Water,,,"[]"
8666065,31470002,Holstein 3,Ida,10230005,Well,Alluvium,42.47535,-95.45602,07/06/2005 09:55:00,GWM,NIT-KJELD,Kjeldahl nitrogen (AS N),Total,,,,0.1,mg/l,False,0.1,,,351.2,USGSGWM,Actual,GW,Water,,,"[]"
8666065,31470002,Holstein 3,Ida,10230005,Well,Alluvium,42.47535,-95.45602,07/06/2005 09:55:00,GWM,NIT-NO3-NO2,Nitrate + Nitrite (AS N),Total,,,,21,mg/l,True,0.05,,,353.2,USGSGWM,Actual,GW,Water,,,"[]"
8666065,31470002,Holstein 3,Ida,10230005,Well,Alluvium,42.47535,-95.45602,07/06/2005 09:55:00,GWM,14265-44-2,Orthophosphate (AS P),Dissolved,,,,0.03,mg/l,True,0.02,,,365.1,USGSGWM,Actual,GW,Water,,,"[]"
8666065,31470002,Holstein 3,Ida,10230005,Well,Alluvium,42.47535,-95.45602,07/06/2005 09:55:00,GWM,PHOSP-PHOSP,"Total Phosphorus, mixed forms (AS P)",Total,,,,0.06,mg/l,True,0.02,,,365.4,USGSGWM,Actual,GW,Water,,,"[]"
8666065,31470002,Holstein 3,Ida,10230005,Well,Alluvium,42.47535,-95.45602,07/06/2005 09:55:00,GWM,NIT-ORGN,Organic Nitrogen,Total,,,,0.1,mg/l,False,0.1,,,LAC10-107-06-2E,USGSGWM,Calculated,GW,Water,,,"[]"
8666065,31470003,Ida Grove 7,Ida,10230005,Well,Alluvium,42.360586,-95.462457,07/06/2005 08:15:00,GWM,NIT-AMM,Ammonia-nitrogen (AS N),Total,,,,0.05,mg/l,False,0.05,,,350.1,USGSGWM,Actual,GW,Water,,,"[]"
8666065,31470003,Ida Grove 7,Ida,10230005,Well,Alluvium,42.360586,-95.462457,07/06/2005 08:15:00,GWM,NIT-KJELD,Kjeldahl nitrogen (AS N),Total,,,,0.1,mg/l,False,0.1,,,351.2,USGSGWM,Actual,GW,Water,,,"[]"
8666065,31470003,Ida Grove 7,Ida,10230005,Well,Alluvium,42.360586,-95.462457,07/06/2005 08:15:00,GWM,NIT-NO3-NO2,Nitrate + Nitrite (AS N),Total,,,,4.7,mg/l,True,0.05,,,353.2,USGSGWM,Actual,GW,Water,,,"[]"
8666065,31470003,Ida Grove 7,Ida,10230005,Well,Alluvium,42.360586,-95.462457,07/06/2005 08:15:00,GWM,14265-44-2,Orthophosphate (AS P),Dissolved,,,,0.14,mg/l,True,0.02,,,365.1,USGSGWM,Actual,GW,Water,,,"[]"
8666065,31470003,Ida Grove 7,Ida,10230005,Well,Alluvium,42.360586,-95.462457,07/06/2005 08:15:00,GWM,PHOSP-PHOSP,"Total Phosphorus, mixed forms (AS P)",Total,,,,0.17,mg/l,True,0.02,,,365.4,USGSGWM,Actual,GW,Water,,,"[]"
8666065,31470003,Ida Grove 7,Ida,10230005,Well,Alluvium,42.360586,-95.462457,07/06/2005 08:15:00,GWM,NIT-ORGN,Organic Nitrogen,Total,,,,0.1,mg/l,False,0.1,,,LAC10-107-06-2E,USGSGWM,Calculated,GW,Water,,,"[]"
8666065,31470004,Battle Creek 3,Ida,10230005,Well,Buried Sand Gravel,42.320722,-95.59075,08/22/2006 12:00:00,GWM,NIT-AMM,Ammonia-nitrogen (AS N),Total,,,,0.4,mg/l,True,0.05,,,350.1,USGSGWM,Actual,GW,Water,,,"[]"
8666065,31470004,Battle Creek 3,Ida,10230005,Well,Buried Sand Gravel,42.320722,-95.59075,08/22/2006 12:00:00,GWM,NIT-KJELD,Kjeldahl nitrogen (AS N),Total,,,,0.6,mg/l,True,0.1,,,351.2,USGSGWM,Actual,GW,Water,,,"[]"
8666065,31470004,Battle Creek 3,Ida,10230005,Well,Buried Sand Gravel,42.320722,-95.59075,08/22/2006 12:00:00,GWM,NIT-NO3-NO2,Nitrate + Nitrite (AS N),Total,,,,0.05,mg/l,False,0.05,,,353.2,USGSGWM,Actual,GW,Water,,,"[]"
8666065,31470004,Battle Creek 3,Ida,10230005,Well,Buried Sand Gravel,42.320722,-95.59075,08/22/2006 12:00:00,GWM,14265-44-2,Orthophosphate (AS P),Dissolved,,,,0.04,mg/l,True,0.02,,,365.1,USGSGWM,Actual,GW,Water,,,"[]"
8666065,31470004,Battle Creek 3,Ida,10230005,Well,Buried Sand Gravel,42.320722,-95.59075,08/22/2006 12:00:00,GWM,PHOSP-PHOSP,"Total Phosphorus, mixed forms (AS P)",Total,,,,0.05,mg/l,True,0.02,,,365.4,USGSGWM,Actual,GW,Water,,,"[]"
8666065,31470004,Battle Creek 3,Ida,10230005,Well,Buried Sand Gravel,42.320722,-95.59075,08/22/2006 12:00:00,GWM,NIT-ORGN,Organic Nitrogen,Total,,,,0.2,mg/l,True,0.1,,,LAC10-107-06-2E,USGSGWM,Calculated,GW,Water,,,"[]"
8666065,31470002,Holstein 3,Ida,10230005,Well,Alluvium,42.47535,-95.45602,08/22/2006 10:00:00,GWM,NIT-AMM,Ammonia-nitrogen (AS N),Total,,,,0.05,mg/l,False,0.05,,,350.1,USGSGWM,Actual,GW,Water,,,"[]"
8666065,31470002,Holstein 3,Ida,10230005,Well,Alluvium,42.47535,-95.45602,08/22/2006 10:00:00,GWM,NIT-KJELD,Kjeldahl nitrogen (AS N),Total,,,,0.2,mg/l,True,0.1,,,351.2,USGSGWM,Actual,GW,Water,,,"[]"
8666065,31470002,Holstein 3,Ida,10230005,Well,Alluvium,42.47535,-95.45602,08/22/2006 10:00:00,GWM,NIT-NO3-NO2,Nitrate + Nitrite (AS N),Total,,,,19,mg/l,True,0.05,,,353.2,USGSGWM,Actual,GW,Water,,,"[]"
8666065,31470002,Holstein 3,Ida,10230005,Well,Alluvium,42.47535,-95.45602,08/22/2006 10:00:00,GWM,14265-44-2,Orthophosphate (AS P),Dissolved,,,,0.04,mg/l,True,0.02,,,365.1,USGSGWM,Actual,GW,Water,,,"[]"
8666065,31470002,Holstein 3,Ida,10230005,Well,Alluvium,42.47535,-95.45602,08/22/2006 10:00:00,GWM,PHOSP-PHOSP,"Total Phosphorus, mixed forms (AS P)",Total,,,,0.04,mg/l,True,0.02,,,365.4,USGSGWM,Actual,GW,Water,,,"[]"
8666065,31470002,Holstein 3,Ida,10230005,Well,Alluvium,42.47535,-95.45602,08/22/2006 10:00:00,GWM,NIT-ORGN,Organic Nitrogen,Total,,,,0.2,mg/l,True,0.1,,,LAC10-107-06-2E,USGSGWM,Calculated,GW,Water,,,"[]"
8666065,31470003,Ida Grove 7,Ida,10230005,Well,Alluvium,42.360586,-95.462457,08/22/2006 14:15:00,GWM,NIT-AMM,Ammonia-nitrogen (AS N),Total,,,,0.05,mg/l,False,0.05,,,350.1,USGSGWM,Actual,GW,Water,,,"[]"
8666065,31470003,Ida Grove 7,Ida,10230005,Well,Alluvium,42.360586,-95.462457,08/22/2006 14:15:00,GWM,NIT-KJELD,Kjeldahl nitrogen (AS N),Total,,,,0.1,mg/l,True,0.1,,,351.2,USGSGWM,Actual,GW,Water,,,"[]"
8666065,31470003,Ida Grove 7,Ida,10230005,Well,Alluvium,42.360586,-95.462457,08/22/2006 14:15:00,GWM,NIT-NO3-NO2,Nitrate + Nitrite (AS N),Total,,,,3.5,mg/l,True,0.05,,,353.2,USGSGWM,Actual,GW,Water,,,"[]"
8666065,31470003,Ida Grove 7,Ida,10230005,Well,Alluvium,42.360586,-95.462457,08/22/2006 14:15:00,GWM,14265-44-2,Orthophosphate (AS P),Dissolved,,,,0.13,mg/l,True,0.02,,,365.1,USGSGWM,Actual,GW,Water,,,"[]"
8666065,31470003,Ida Grove 7,Ida,10230005,Well,Alluvium,42.360586,-95.462457,08/22/2006 14:15:00,GWM,PHOSP-PHOSP,"Total Phosphorus, mixed forms (AS P)",Total,,,,0.14,mg/l,True,0.02,,,365.4,USGSGWM,Actual,GW,Water,,,"[]"
8666065,31470003,Ida Grove 7,Ida,10230005,Well,Alluvium,42.360586,-95.462457,08/22/2006 14:15:00,GWM,NIT-ORGN,Organic Nitrogen,Total,,,,0.1,mg/l,True,0.5,,,LAC10-107-06-2E,USGSGWM,Calculated,GW,Water,,,"[]"
8666065,31470003,Ida Grove 7,Ida,10230005,Well,Alluvium,42.360586,-95.462457,08/28/2012 13:02:00,GWM,NIT-NO3-NO2,Nitrate + Nitrite (AS N),Total,,,,4.6,mg/l,True,0.1,,,LAC10-107-04-1J,GWMPWS,Actual,GW,Water,,,"[]"
8666065,31470003,Ida Grove 7,Ida,10230005,Well,Alluvium,42.360586,-95.462457,08/28/2012 13:02:00,GWM,NIT-AMM,Ammonia-nitrogen (AS N),Total,,,,0.05,mg/l,False,0.05,,,LAC10-107-06-1J,GWMPWS,Actual,GW,Water,,,"[]"
8666065,31470003,Ida Grove 7,Ida,10230005,Well,Alluvium,42.360586,-95.462457,08/28/2012 13:02:00,GWM,NIT-KJELD,Kjeldahl nitrogen (AS N),Total,,,,0.3,mg/l,True,0.1,,,LAC10-107-06-2E,GWMPWS,Actual,GW,Water,,,"[]"
8666065,31470003,Ida Grove 7,Ida,10230005,Well,Alluvium,42.360586,-95.462457,08/28/2012 13:02:00,GWM,14265-44-2,Orthophosphate (AS P),Dissolved,,,,0.12,mg/l,True,0.02,,,LAC10-115-01-1A,GWMPWS,Actual,GW,Water,,,"[]"
8666065,31470003,Ida Grove 7,Ida,10230005,Well,Alluvium,42.360586,-95.462457,08/28/2012 13:02:00,GWM,PHOSP-PHOSP,"Total Phosphorus, mixed forms (AS P)",Total,,,,0.09,mg/l,True,0.02,,,LAC10-115-01-1D,GWMPWS,Actual,GW,Water,,,"[]"
8666065,31470002,Holstein 3,Ida,10230005,Well,Alluvium,42.47535,-95.45602,10/23/2012 09:14:00,GWM,NIT-NO3-NO2,Nitrate + Nitrite (AS N),Total,,,,15,mg/l,True,0.1,,,LAC10-107-04-1J,GWMPWS,Actual,GW,Water,,,"[]"
8666065,31470002,Holstein 3,Ida,10230005,Well,Alluvium,42.47535,-95.45602,10/23/2012 09:14:00,GWM,NIT-AMM,Ammonia-nitrogen (AS N),Total,,,,0.05,mg/l,False,0.05,,,LAC10-107-06-1J,GWMPWS,Actual,GW,Water,,,"[]"
8666065,31470002,Holstein 3,Ida,10230005,Well,Alluvium,42.47535,-95.45602,10/23/2012 09:14:00,GWM,NIT-KJELD,Kjeldahl nitrogen (AS N),Total,,,,0.2,mg/l,True,0.1,,,LAC10-107-06-2E,GWMPWS,Actual,GW,Water,,,"[]"
8666065,31470002,Holstein 3,Ida,10230005,Well,Alluvium,42.47535,-95.45602,10/23/2012 09:14:00,GWM,14265-44-2,Orthophosphate (AS P),Dissolved,,,,0.04,mg/l,True,0.02,,,LAC10-115-01-1A,GWMPWS,Actual,GW,Water,,,"[]"
8666065,31470002,Holstein 3,Ida,10230005,Well,Alluvium,42.47535,-95.45602,10/23/2012 09:14:00,GWM,PHOSP-PHOSP,"Total Phosphorus, mixed forms (AS P)",Total,,,,0.05,mg/l,True,0.02,,,LAC10-115-01-1D,GWMPWS,Actual,GW,Water,,,"[]"
8666065,31470005,Battle Creek 1,Ida,10230005,Well,Alluvium,42.320556,-95.59075,05/13/2008 14:00:00,SWP,NIT-NO3-NO2,Nitrate + Nitrite (AS N),Total,,,,14,mg/l,True,0.05,,,353.2,SWP,Actual,GW,Water,,,"[]"
8666065,31470005,Battle Creek 1,Ida,10230005,Well,Alluvium,42.320556,-95.59075,03/11/2008 13:00:00,SWP,NIT-NO3-NO2,Nitrate + Nitrite (AS N),Total,,,,16,mg/l,True,0.05,,,353.2,SWP,Actual,GW,Water,,,"[]"
8666065,31470005,Battle Creek 1,Ida,10230005,Well,Alluvium,42.320556,-95.59075,04/15/2008 15:00:00,SWP,NIT-NO3-NO2,Nitrate + Nitrite (AS N),Total,,,,14,mg/l,True,0.05,,,353.2,SWP,Actual,GW,Water,,,"[]"
8666065,31470005,Battle Creek 1,Ida,10230005,Well,Alluvium,42.320556,-95.59075,06/10/2008 13:00:00,SWP,NIT-NO3-NO2,Nitrate + Nitrite (AS N),Total,,,,18,mg/l,True,0.05,,,353.2,SWP,Actual,GW,Water,,,"[]"
8666065,31470005,Battle Creek 1,Ida,10230005,Well,Alluvium,42.320556,-95.59075,07/15/2008 13:00:00,SWP,NIT-NO3-NO2,Nitrate + Nitrite (AS N),Total,,,,15,mg/l,True,0.05,,,353.2,SWP,Actual,GW,Water,,,"[]"
8666065,31470005,Battle Creek 1,Ida,10230005,Well,Alluvium,42.320556,-95.59075,08/20/2008 14:00:00,SWP,NIT-NO3-NO2,Nitrate + Nitrite (AS N),Total,,,,15,mg/l,True,0.05,,,353.2,SWP,Actual,GW,Water,,,"[]"
8666065,31470005,Battle Creek 1,Ida,10230005,Well,Alluvium,42.320556,-95.59075,09/17/2008 15:00:00,SWP,NIT-NO3-NO2,Nitrate + Nitrite (AS N),Total,,,,12,mg/l,True,0.05,,,353.2,SWP,Actual,GW,Water,,,"[]"
8666065,31470005,Battle Creek 1,Ida,10230005,Well,Alluvium,42.320556,-95.59075,10/14/2008 14:00:00,SWP,NIT-NO3-NO2,Nitrate + Nitrite (AS N),Total,,,,14,mg/l,True,0.05,,,353.2,SWP,Actual,GW,Water,,,"[]"
8666065,31470005,Battle Creek 1,Ida,10230005,Well,Alluvium,42.320556,-95.59075,12/15/2008 14:00:00,SWP,NIT-NO3-NO2,Nitrate + Nitrite (AS N),Total,,,,15,mg/l,True,0.05,,,353.2,SWP,Actual,GW,Water,,,"[]"
8666065,31470005,Battle Creek 1,Ida,10230005,Well,Alluvium,42.320556,-95.59075,01/21/2009 13:00:00,SWP,NIT-NO3-NO2,Nitrate + Nitrite (AS N),Total,,,,14,mg/l,True,0.05,,,353.2,SWP,Actual,GW,Water,,,"[]"
8666065,31470005,Battle Creek 1,Ida,10230005,Well,Alluvium,42.320556,-95.59075,02/10/2009 13:00:00,SWP,NIT-NO3-NO2,Nitrate + Nitrite (AS N),Total,,,,13,mg/l,True,0.05,,,353.2,SWP,Actual,GW,Water,,,"[]"
8666065,31470005,Battle Creek 1,Ida,10230005,Well,Alluvium,42.320556,-95.59075,03/09/2009 15:00:00,SWP,NIT-NO3-NO2,Nitrate + Nitrite (AS N),Total,,,,15,mg/l,True,0.05,,,353.2,SWP,Actual,GW,Water,,,"[]"
8666065,31470005,Battle Creek 1,Ida,10230005,Well,Alluvium,42.320556,-95.59075,04/15/2009 13:00:00,SWP,NIT-NO3-NO2,Nitrate + Nitrite (AS N),Total,,,,15,mg/l,True,0.05,,,353.2,SWP,Actual,GW,Water,,,"[]"
8666065,31470005,Battle Creek 1,Ida,10230005,Well,Alluvium,42.320556,-95.59075,05/19/2009 13:00:00,SWP,NIT-NO3-NO2,Nitrate + Nitrite (AS N),Total,,,,15,mg/l,True,0.05,,,353.2,SWP,Actual,GW,Water,,,"[]"
8666065,31470005,Battle Creek 1,Ida,10230005,Well,Alluvium,42.320556,-95.59075,06/17/2009 12:00:00,SWP,NIT-NO3-NO2,Nitrate + Nitrite (AS N),Total,,,,14,mg/l,True,0.05,,,353.2,SWP,Actual,GW,Water,,,"[]"
8666065,31470005,Battle Creek 1,Ida,10230005,Well,Alluvium,42.320556,-95.59075,07/15/2009 15:00:00,SWP,NIT-NO3-NO2,Nitrate + Nitrite (AS N),Total,,,,15,mg/l,True,0.05,,,353.2,SWP,Actual,GW,Water,,,"[]"
8666065,31470005,Battle Creek 1,Ida,10230005,Well,Alluvium,42.320556,-95.59075,08/18/2009 14:00:00,SWP,NIT-NO3-NO2,Nitrate + Nitrite (AS N),Total,,,,15,mg/l,True,0.05,,,353.2,SWP,Actual,GW,Water,,,"[]"
8666065,31470005,Battle Creek 1,Ida,10230005,Well,Alluvium,42.320556,-95.59075,02/01/2010 11:00:00,SWP,NIT-NO3-NO2,Nitrate + Nitrite (AS N),Total,,,,13,mg/l,True,0.1,,,353.2,SWP,Actual,GW,Water,,,"[]"
8666065,31470005,Battle Creek 1,Ida,10230005,Well,Alluvium,42.320556,-95.59075,07/12/2010 13:00:00,SWP,NIT-NO3-NO2,Nitrate + Nitrite (AS N),Total,,,,14,mg/l,True,0.1,,,353.2,SWP,Actual,GW,Water,,,"[]"
8666065,31470005,Battle Creek 1,Ida,10230005,Well,Alluvium,42.320556,-95.59075,11/01/2011 13:00:00,SWP,NIT-NO3-NO2,Nitrate + Nitrite (AS N),Total,,,,12,mg/l,True,0.1,,,353.2,SWP,Actual,GW,Water,,,"[]"
8666065,31470005,Battle Creek 1,Ida,10230005,Well,Alluvium,42.320556,-95.59075,03/16/2011 14:00:00,SWP,NIT-NO3-NO2,Nitrate + Nitrite (AS N),Total,,,,11,mg/l,True,0.1,,,353.2,SWP,Actual,GW,Water,,,"[]"
8666065,31470002,Holstein 3,Ida,10230005,Well,Alluvium,42.47535,-95.45602,10/20/2016 15:30:00,GWM,NIT-NO3-NO2,Nitrate + Nitrite (AS N),Total,,,,20,mg/l,True,0.1,,,LAC10-107-04-1J,GWM,Actual,GW,Water,,,"[]"
8666065,31470002,Holstein 3,Ida,10230005,Well,Alluvium,42.47535,-95.45602,10/20/2016 15:30:00,GWM,NIT-AMM,Ammonia-nitrogen (AS N),Total,,,,0.05,mg/l,False,0.05,,,LAC10-107-06-1J,GWM,Actual,GW,Water,,,"[]"
8666065,31470005,Battle Creek 1,Ida,10230005,Well,Alluvium,42.320556,-95.59075,12/05/2016 14:35:00,GWM,NIT-NO3-NO2,Nitrate + Nitrite (AS N),Total,,,,16,mg/l,True,1,,,LAC10-107-04-1J,GWM,Actual,GW,Water,,,"[]"
8666065,31470005,Battle Creek 1,Ida,10230005,Well,Alluvium,42.320556,-95.59075,12/05/2016 14:35:00,GWM,NIT-AMM,Ammonia-nitrogen (AS N),Total,,,,0.05,mg/l,False,0.05,,,LAC10-107-06-1J,GWM,Actual,GW,Water,,,"[]"
8666065,31470003,Ida Grove 7,Ida,10230005,Well,Alluvium,42.360586,-95.462457,12/05/2016 10:30:00,GWM,NIT-NO3-NO2,Nitrate + Nitrite (AS N),Total,,,,4.6,mg/l,True,0.1,,,LAC10-107-04-1J,GWM,Actual,GW,Water,,,"[]"
8666065,31470003,Ida Grove 7,Ida,10230005,Well,Alluvium,42.360586,-95.462457,12/05/2016 10:30:00,GWM,NIT-AMM,Ammonia-nitrogen (AS N),Total,,,,0.06,mg/l,True,0.05,,,LAC10-107-06-1J,GWM,Actual,GW,Water,,,"[]"
8666065,31470003,Ida Grove 7,Ida,10230005,Well,Alluvium,42.360586,-95.462457,10/07/2015 10:00:00,GWM,NIT-NO3-NO2,Nitrate + Nitrite (AS N),Total,,,,1.9,mg/l,True,0.1,,,LAC10-107-04-1J,GWM,Actual,GW,Water,,Sample exceeded required temperature upon receipt.,"[]"
8666065,31470003,Ida Grove 7,Ida,10230005,Well,Alluvium,42.360586,-95.462457,10/07/2015 10:00:00,GWM,NIT-AMM,Ammonia-nitrogen (AS N),Total,,,,0.05,mg/l,False,0.05,,,LAC10-107-06-1J,GWM,Actual,GW,Water,,Sample exceeded required temperature upon receipt.,"[]"
8666065,31470003,Ida Grove 7,Ida,10230005,Well,Alluvium,42.360586,-95.462457,10/07/2015 10:00:00,GWM,NIT-KJELD,Kjeldahl nitrogen (AS N),Total,,,,0.1,mg/l,False,0.1,,,LAC10-107-06-2E,GWM,Actual,GW,Water,,Sample exceeded required temperature upon receipt.,"[]"
8666065,31470003,Ida Grove 7,Ida,10230005,Well,Alluvium,42.360586,-95.462457,10/07/2015 10:00:00,GWM,14265-44-2,Orthophosphate (AS P),Dissolved,,,,0.13,mg/l,True,0.02,,,LAC10-115-01-1A,GWM,Actual,GW,Water,,Sample exceeded required temperature upon receipt.,"[]"
8666065,31470003,Ida Grove 7,Ida,10230005,Well,Alluvium,42.360586,-95.462457,10/07/2015 10:00:00,GWM,PHOSP-PHOSP,"Total Phosphorus, mixed forms (AS P)",Total,,,,0.15,mg/l,True,0.02,,,LAC10-115-01-1D,GWM,Actual,GW,Water,,Sample exceeded required temperature upon receipt.,"[]"
8666065,31470005,Battle Creek 1,Ida,10230005,Well,Alluvium,42.320556,-95.59075,11/17/2015 10:40:00,GWM,NIT-NO3-NO2,Nitrate + Nitrite (AS N),Total,,,,12,mg/l,True,0.1,,,LAC10-107-04-1J,GWM,Actual,GW,Water,,,"[]"
8666065,31470005,Battle Creek 1,Ida,10230005,Well,Alluvium,42.320556,-95.59075,11/17/2015 10:40:00,GWM,NIT-AMM,Ammonia-nitrogen (AS N),Total,,,,0.05,mg/l,False,0.05,,,LAC10-107-06-1J,GWM,Actual,GW,Water,,,"[]"
8666065,31470005,Battle Creek 1,Ida,10230005,Well,Alluvium,42.320556,-95.59075,11/17/2015 10:40:00,GWM,NIT-KJELD,Kjeldahl nitrogen (AS N),Total,,,,0.1,mg/l,False,0.1,,,LAC10-107-06-2E,GWM,Actual,GW,Water,,,"[]"
8666065,31470005,Battle Creek 1,Ida,10230005,Well,Alluvium,42.320556,-95.59075,11/17/2015 10:40:00,GWM,14265-44-2,Orthophosphate (AS P),Dissolved,,,,0.04,mg/l,True,0.02,,,LAC10-115-01-1A,GWM,Actual,GW,Water,,,"[]"
8666065,31470005,Battle Creek 1,Ida,10230005,Well,Alluvium,42.320556,-95.59075,11/17/2015 10:40:00,GWM,PHOSP-PHOSP,"Total Phosphorus, mixed forms (AS P)",Total,,,,0.06,mg/l,True,0.02,,,LAC10-115-01-1D,GWM,Actual,GW,Water,,,"[]"
8666065,31470002,Holstein 3,Ida,10230005,Well,Alluvium,42.47535,-95.45602,12/10/2015 10:15:00,GWM,NIT-NO3-NO2,Nitrate + Nitrite (AS N),Total,,,,24,mg/l,True,0.1,,,LAC10-107-04-1J,GWM,Actual,GW,Water,,,"[]"
8666065,31470002,Holstein 3,Ida,10230005,Well,Alluvium,42.47535,-95.45602,12/10/2015 10:15:00,GWM,NIT-AMM,Ammonia-nitrogen (AS N),Total,,,,0.05,mg/l,False,0.05,,,LAC10-107-06-1J,GWM,Actual,GW,Water,,,"[]"
8666065,31470002,Holstein 3,Ida,10230005,Well,Alluvium,42.47535,-95.45602,12/10/2015 10:15:00,GWM,NIT-KJELD,Kjeldahl nitrogen (AS N),Total,,,,0.1,mg/l,False,0.1,,,LAC10-107-06-2E,GWM,Actual,GW,Water,,,"[]"
8666065,31470002,Holstein 3,Ida,10230005,Well,Alluvium,42.47535,-95.45602,12/10/2015 10:15:00,GWM,14265-44-2,Orthophosphate (AS P),Dissolved,,,,0.03,mg/l,True,0.02,,,LAC10-115-01-1A,GWM,Actual,GW,Water,,,"[]"
8666065,31470002,Holstein 3,Ida,10230005,Well,Alluvium,42.47535,-95.45602,12/10/2015 10:15:00,GWM,PHOSP-PHOSP,"Total Phosphorus, mixed forms (AS P)",Total,,,,0.07,mg/l,True,0.02,,,LAC10-115-01-1D,GWM,Actual,GW,Water,,,"[]"
8666065,31470003,Ida Grove 7,Ida,10230005,Well,Alluvium,42.360586,-95.462457,12/17/2014 14:00:00,GWM,NIT-NO3-NO2,Nitrate + Nitrite (AS N),Total,,,,1.5,mg/l,True,0.1,,,LAC10-107-04-1J,GWM,Actual,GW,Water,,,"[]"
8666065,31470003,Ida Grove 7,Ida,10230005,Well,Alluvium,42.360586,-95.462457,12/17/2014 14:00:00,GWM,NIT-AMM,Ammonia-nitrogen (AS N),Total,,,,0.05,mg/l,False,0.05,,,LAC10-107-06-1J,GWM,Actual,GW,Water,,,"[]"
8666065,31470003,Ida Grove 7,Ida,10230005,Well,Alluvium,42.360586,-95.462457,12/17/2014 14:00:00,GWM,NIT-KJELD,Kjeldahl nitrogen (AS N),Total,,,,0.1,mg/l,False,0.1,,,LAC10-107-06-2E,GWM,Actual,GW,Water,,,"[]"
8666065,31470003,Ida Grove 7,Ida,10230005,Well,Alluvium,42.360586,-95.462457,12/17/2014 14:00:00,GWM,14265-44-2,Orthophosphate (AS P),Dissolved,,,,0.12,mg/l,True,0.02,,,LAC10-115-01-1A,GWM,Actual,GW,Water,,,"[]"
8666065,31470003,Ida Grove 7,Ida,10230005,Well,Alluvium,42.360586,-95.462457,12/17/2014 14:00:00,GWM,PHOSP-PHOSP,"Total Phosphorus, mixed forms (AS P)",Total,,,,0.22,mg/l,True,0.02,,,LAC10-115-01-1D,GWM,Actual,GW,Water,,,"[]"
8666065,31470005,Battle Creek 1,Ida,10230005,Well,Alluvium,42.320556,-95.59075,04/09/2013 13:00:00,GWM,NIT-NO3-NO2,Nitrate + Nitrite (AS N),Total,,,,6,mg/l,True,0.1,,,LAC10-107-04-1J,GWM,Actual,GW,Water,,,"[]"
8666065,31470005,Battle Creek 1,Ida,10230005,Well,Alluvium,42.320556,-95.59075,04/09/2013 13:00:00,GWM,NIT-AMM,Ammonia-nitrogen (AS N),Total,,,,0.05,mg/l,False,0.05,,,LAC10-107-06-1J,GWM,Actual,GW,Water,,,"[]"
8666065,31470005,Battle Creek 1,Ida,10230005,Well,Alluvium,42.320556,-95.59075,04/09/2013 13:00:00,GWM,NIT-KJELD,Kjeldahl nitrogen (AS N),Total,,,,0.1,mg/l,False,0.1,,,LAC10-107-06-2E,GWM,Actual,GW,Water,,,"[]"
8666065,31470005,Battle Creek 1,Ida,10230005,Well,Alluvium,42.320556,-95.59075,04/09/2013 13:00:00,GWM,14265-44-2,Orthophosphate (AS P),Dissolved,,,,0.78,mg/l,True,0.02,,,LAC10-115-01-1A,GWM,Actual,GW,Water,,,"[]"
8666065,31470005,Battle Creek 1,Ida,10230005,Well,Alluvium,42.320556,-95.59075,04/09/2013 13:00:00,GWM,PHOSP-PHOSP,"Total Phosphorus, mixed forms (AS P)",Total,,,,1.6,mg/l,True,0.05,,,LAC10-115-01-1C,GWM,Actual,GW,Water,,,"[]"
8666065,31470003,Ida Grove 7,Ida,10230005,Well,Alluvium,42.360586,-95.462457,10/31/2017 14:00:00,GWM,NIT-AMM,Ammonia-nitrogen (AS N),None,,,,0.05,mg/l,False,0.05,,,LAC10-107-06-1J,GWM,Actual,GW,Water,,,"[]"
8666065,31470003,Ida Grove 7,Ida,10230005,Well,Alluvium,42.360586,-95.462457,10/31/2017 14:00:00,GWM,NIT-NO3-NO2,Nitrate + Nitrite (AS N),None,,,,5.2,mg/l,True,0.1,,,LAC10-107-06-1J,GWM,Actual,GW,Water,,,"[]"
8666065,31470005,Battle Creek 1,Ida,10230005,Well,Alluvium,42.320556,-95.59075,11/28/2017 10:05:00,GWM,NIT-NO3-NO2,Nitrate + Nitrite (AS N),None,,,,15,mg/l,True,1,,,LAC10-107-06-1J,GWM,Actual,GW,Water,,,"[]"
8666065,31470005,Battle Creek 1,Ida,10230005,Well,Alluvium,42.320556,-95.59075,11/28/2017 10:05:00,GWM,NIT-AMM,Ammonia-nitrogen (AS N),None,,,,0.05,mg/l,False,0.05,,,LAC10-107-06-1J,GWM,Actual,GW,Water,,,"[]"
8666065,31470002,Holstein 3,Ida,10230005,Well,Alluvium,42.47535,-95.45602,01/30/2018 11:15:00,GWM,NIT-NO3-NO2,Nitrate + Nitrite (AS N),None,,,,24,mg/l,True,0.5,,,LAC10-107-06-1J,GWM,Actual,GW,Water,,,"[]"
8666065,31470002,Holstein 3,Ida,10230005,Well,Alluvium,42.47535,-95.45602,01/30/2018 11:15:00,GWM,NIT-AMM,Ammonia-nitrogen (AS N),None,,,,0.05,mg/l,False,0.05,,,LAC10-107-06-1J,GWM,Actual,GW,Water,,,"[]"
8666065,31470005,Battle Creek 1,Ida,10230005,Well,Alluvium,42.320556,-95.59075,11/27/2017 00:00:00,GWM,NIT-NO3-NO2,Nitrate + Nitrite,None,,,,9.9,mg/l,True,0.01,,0.01,353.2,GWM001,,GW,Water,,,"[]"
8666065,31470003,Ida Grove 7,Ida,10230005,Well,Alluvium,42.360586,-95.462457,11/28/2017 00:00:00,GWM,NIT-NO3-NO2,Nitrate + Nitrite,None,,,,4.03,mg/l,True,0.01,,0.01,353.2,GWM001,,GW,Water,,,"[]"
8666065,31470002,Holstein 3,Ida,10230005,Well,Alluvium,42.47535,-95.45602,01/30/2018 00:00:00,GWM,NIT-NO3-NO2,Nitrate + Nitrite,None,,,,24.11,mg/l,True,0.01,,0.01,353.2,GWM001,,GW,Water,,,"[]"
8666065,31470003,Ida Grove 7,Ida,10230005,Well,Alluvium,42.360586,-95.462457,01/08/2019 11:00:00,GWM,NIT-NO3-NO2,Nitrate + Nitrite (AS N),None,,,,9.8,mg/l,True,0.1,,,LAC10-107-06-1J,GWM,Actual,GW,Water,,,"[]"
8666065,31470003,Ida Grove 7,Ida,10230005,Well,Alluvium,42.360586,-95.462457,01/08/2019 11:00:00,GWM,NIT-AMM,Ammonia-nitrogen (AS N),None,,,,0.05,mg/l,False,0.05,,,LAC10-107-06-1J,GWM,Actual,GW,Water,,,"[]"
8666065,31470003,Ida Grove 7,Ida,10230005,Well,Alluvium,42.360586,-95.462457,01/08/2019 11:00:00,GWM,14265-44-2,Orthophosphate (AS P),Dissolved,,,,0.12,mg/l,True,0.02,,,LAC10-115-01-1A,GWM,Actual,GW,Water,,Sample was not field filtered per method and was filtered for analysis after receipt by the laboratory.,"[]"
8666065,31470002,Holstein 3,Ida,10230005,Well,Alluvium,42.47535,-95.45602,01/14/2019 11:15:00,GWM,NIT-NO3-NO2,Nitrate + Nitrite (AS N),None,,,,16,mg/l,True,0.5,,,LAC10-107-06-1J,GWM,Actual,GW,Water,,,"[]"
8666065,31470002,Holstein 3,Ida,10230005,Well,Alluvium,42.47535,-95.45602,01/14/2019 11:15:00,GWM,NIT-AMM,Ammonia-nitrogen (AS N),None,,,,0.05,mg/l,False,0.05,,,LAC10-107-06-1J,GWM,Actual,GW,Water,,,"[]"
8666065,31470002,Holstein 3,Ida,10230005,Well,Alluvium,42.47535,-95.45602,01/14/2019 11:15:00,GWM,14265-44-2,Orthophosphate (AS P),Dissolved,,,,0.05,mg/l,True,0.02,,,LAC10-115-01-1A,GWM,Actual,GW,Water,,Sample was not field filtered per method and was filtered for analysis after receipt by the laboratory.,"[]"
8666065,31470005,Battle Creek 1,Ida,10230005,Well,Alluvium,42.320556,-95.59075,01/15/2019 08:45:00,GWM,NIT-NO3-NO2,Nitrate + Nitrite (AS N),None,,,,5,mg/l,True,0.1,,,LAC10-107-06-1J,GWM,Actual,GW,Water,,,"[]"
8666065,31470005,Battle Creek 1,Ida,10230005,Well,Alluvium,42.320556,-95.59075,01/15/2019 08:45:00,GWM,NIT-AMM,Ammonia-nitrogen (AS N),None,,,,0.11,mg/l,True,0.05,,,LAC10-107-06-1J,GWM,Actual,GW,Water,,,"[]"
8666065,31470005,Battle Creek 1,Ida,10230005,Well,Alluvium,42.320556,-95.59075,01/15/2019 08:45:00,GWM,14265-44-2,Orthophosphate (AS P),Dissolved,,,,0.91,mg/l,True,0.02,,,LAC10-115-01-1A,GWM,Actual,GW,Water,,Sample was not field filtered per method and was filtered for analysis after receipt by the laboratory.,"[]"
8666065,31470006,Holstein 1 (W567),Ida,10230003,Well,Multiple Aquifers,42.488552472,-95.5439447647,01/14/2019 00:00:00,GWM,NIT-NO3-NO2,Nitrate + Nitrite,None,,,,0,mg/l,True,0.01,,0.01,353.2,GWM001,,GW,,,,"[]"
8666065,31470002,Holstein 3,Ida,10230005,Well,Alluvium,42.47535,-95.45602,01/14/2019 00:00:00,GWM,NIT-NO3-NO2,Nitrate + Nitrite,None,,,,7.61,mg/l,True,0.01,,0.01,353.2,GWM001,,GW,,,,"[]"
8666065,31470007,Holstein 4,Ida,10230005,Well,Alluvium,42.4754777782,-95.4553249206,01/14/2019 00:00:00,GWM,NIT-NO3-NO2,Nitrate + Nitrite,None,,,,19.04,mg/l,True,0.01,,0.01,353.2,GWM001,,GW,,,,"[]"
8666065,31470008,Holstein 7,Ida,10230005,Well,Alluvium,42.471931212,-95.4421644557,01/14/2019 00:00:00,GWM,NIT-NO3-NO2,Nitrate + Nitrite,None,,,,8.33,mg/l,True,0.01,,0.01,353.2,GWM001,,GW,,,,"[]"
8666065,31470009,Holstein 8,Ida,10230005,Well,Alluvium,42.4717818882,-95.4421795166,01/14/2019 00:00:00,GWM,NIT-NO3-NO2,Nitrate + Nitrite,None,,,,2.37,mg/l,True,0.01,,0.01,353.2,GWM001,,GW,,,,"[]"
8666065,31470003,Ida Grove 7,Ida,10230005,Well,Alluvium,42.360586,-95.462457,11/20/2019 14:00:00,GWM,NIT-NO3-NO2,Nitrate + Nitrite (AS N),None,,,,7.6,mg/l,True,0.1,,,LAC10-107-06-1J,GWM,Actual,GW,Water,,,"[]"
8666065,31470003,Ida Grove 7,Ida,10230005,Well,Alluvium,42.360586,-95.462457,11/20/2019 14:00:00,GWM,NIT-AMM,Ammonia-nitrogen (AS N),None,,,,0.05,mg/l,False,0.05,,,LAC10-107-06-1J,GWM,Actual,GW,Water,,,"[]"
8666065,31470002,Holstein 3,Ida,10230005,Well,Alluvium,42.47535,-95.45602,02/24/2020 09:13:00,GWM,NIT-NO3-NO2,Nitrate + Nitrite (AS N),None,,,,19,mg/l,True,0.1,,,LAC10-107-06-1J,GWM,Actual,GW,Water,,,"[]"
8666065,31470002,Holstein 3,Ida,10230005,Well,Alluvium,42.47535,-95.45602,02/24/2020 09:13:00,GWM,NIT-AMM,Ammonia-nitrogen (AS N),None,,,,0.05,mg/l,False,0.05,,,LAC10-107-06-1J,GWM,Actual,GW,Water,,,"[]"
8666065,31470002,Holstein 3,Ida,10230005,Well,Alluvium,42.47535,-95.45602,04/17/2023 13:50:00,GWM,NIT-NO3-NO2,Nitrate + Nitrite (AS N),Total,,,,2.8,mg/l,True,0.1,,,LAC10-107-04-1J,GWM,Actual,GW,Water,,,"[]"
8666065,31470002,Holstein 3,Ida,10230005,Well,Alluvium,42.47535,-95.45602,04/17/2023 13:50:00,GWM,NIT-AMM,Ammonia-nitrogen (AS N),Total,,,,0.1,mg/l,False,0.1,,,LAC10-107-06-1J,GWM,Actual,GW,Water,,,"[]"
8666065,31470003,Ida Grove 7,Ida,10230005,Well,Alluvium,42.360586,-95.462457,04/18/2023 13:00:00,GWM,NIT-NO3-NO2,Nitrate + Nitrite (AS N),Total,,,,5,mg/l,True,0.1,,,LAC10-107-04-1J,GWM,Actual,GW,Water,,,"[]"
8666065,31470003,Ida Grove 7,Ida,10230005,Well,Alluvium,42.360586,-95.462457,04/18/2023 13:00:00,GWM,NIT-AMM,Ammonia-nitrogen (AS N),Total,,,,0.1,mg/l,False,0.1,,,LAC10-107-06-1J,GWM,Actual,GW,Water,,,"[]"
8666065,31470004,Battle Creek 3,Ida,10230005,Well,Buried Sand Gravel,42.320722,-95.59075,05/15/2023 14:00:00,GWM,NIT-NO3-NO2,Nitrate + Nitrite (AS N),Total,,,,16,mg/l,True,0.1,,,LAC10-107-04-1J,GWM,Actual,GW,Water,,,"[]"
8666065,31470004,Battle Creek 3,Ida,10230005,Well,Buried Sand Gravel,42.320722,-95.59075,05/15/2023 14:00:00,GWM,NIT-AMM,Ammonia-nitrogen (AS N),Total,,,,0.1,mg/l,False,0.1,,,LAC10-107-06-1J,GWM,Actual,GW,Water,,,"[]"
8666065,31470004,Battle Creek 3,Ida,10230005,Well,Buried Sand Gravel,42.320722,-95.59075,02/25/2021 09:40:00,GWM,NIT-AMM,Ammonia-nitrogen (AS N),None,,,,0.46,mg/l,True,0.05,,,LAC10-107-06-1J,GWM,Actual,GW,Water,,,"[]"
8666065,31470004,Battle Creek 3,Ida,10230005,Well,Buried Sand Gravel,42.320722,-95.59075,02/25/2021 09:40:00,GWM,NIT-NO3-NO2,Nitrate + Nitrite (AS N),None,,,,0.1,mg/l,False,0.1,,,LAC10-107-06-1J,GWM,Actual,GW,Water,,,"[]"
8666065,31470002,Holstein 3,Ida,10230005,Well,Alluvium,42.47535,-95.45602,05/04/2021 09:00:00,GWM,NIT-AMM,Ammonia-nitrogen (AS N),None,,,,0.05,mg/l,False,0.05,,,LAC10-107-06-1J,GWM,Actual,GW,Water,,,"[]"
8666065,31470002,Holstein 3,Ida,10230005,Well,Alluvium,42.47535,-95.45602,05/04/2021 09:00:00,GWM,NIT-NO3-NO2,Nitrate + Nitrite (AS N),None,,,,11,mg/l,True,0.1,,,LAC10-107-06-1J,GWM,Actual,GW,Water,,,"[]"
8666065,31470003,Ida Grove 7,Ida,10230005,Well,Alluvium,42.360586,-95.462457,05/04/2021 09:00:00,GWM,NIT-AMM,Ammonia-nitrogen (AS N),None,,,,0.08,mg/l,True,0.05,,,LAC10-107-06-1J,GWM,Actual,GW,Water,,,"[]"
8666065,31470003,Ida Grove 7,Ida,10230005,Well,Alluvium,42.360586,-95.462457,05/04/2021 09:00:00,GWM,NIT-NO3-NO2,Nitrate + Nitrite (AS N),None,,,,6.3,mg/l,True,0.1,,,LAC10-107-06-1J,GWM,Actual,GW,Water,,,"[]"
8666065,31470006,Holstein 1 (W567),Ida,10230003,Well,Multiple Aquifers,42.488552472,-95.5439447647,05/04/2021 09:15:00,GWM,NIT-AMM,Ammonia-nitrogen (AS N),None,,,,0.98,mg/l,True,0.05,,,LAC10-107-06-1J,GWM,Actual,GW,Water,,,"[]"
8666065,31470006,Holstein 1 (W567),Ida,10230003,Well,Multiple Aquifers,42.488552472,-95.5439447647,05/04/2021 09:15:00,GWM,NIT-NO3-NO2,Nitrate + Nitrite (AS N),None,,,,0.1,mg/l,False,0.1,,,LAC10-107-06-1J,GWM,Actual,GW,Water,,,"[]"
8666065,31470006,Holstein 1 (W567),Ida,10230003,Well,Multiple Aquifers,42.488552472,-95.5439447647,05/04/2021 09:15:00,GWM,14265-44-2,Orthophosphate (AS P),Dissolved,,,,0.02,mg/l,False,0.02,,,LAC10-115-01-1A,GWM,Actual,GW,Water,,,"[]"
