facilityID,siteID,name,county,huc8,type,aquifer,latitude,longitude,sampleDate,projectCode,cas_rn,analyte,fraction,relDepth,sampDepth,sampDepthUnit,result,unit,detect,detectLimit,quantFlag,quantLimit,method,colMethod,resultType,matrix,medium,qualFlag,remark,xParams
8666065,31480001,Ladora 1,Iowa,07080208,Well,Buried Sand Gravel,41.753638,-92.184195,08/20/2002 10:30:00,GWM,NIT-NO3-NO2,Nitrate + Nitrite (AS N),Total,,,,1.7,mg/l,True,0.1,,,353.2,USGSGWM,Actual,GW,Water,,,"[]"
8666065,31480001,Ladora 1,Iowa,07080208,Well,Buried Sand Gravel,41.753638,-92.184195,08/20/2002 10:30:00,GWM,NIT-AMM,Ammonia-nitrogen (AS N),Total,,,,2.9,mg/l,True,0.05,,,LAC10-107-06-1J,USGSGWM,Actual,GW,Water,,,"[]"
8666065,31480001,Ladora 1,Iowa,07080208,Well,Buried Sand Gravel,41.753638,-92.184195,08/20/2002 10:30:00,GWM,NIT-ORGN,Organic Nitrogen (AS N),Total,,,,1.2,mg/l,True,0.05,,,LAC10-107-06-2E,USGSGWM,Calculated,GW,Water,,,"[]"
8666065,31480001,Ladora 1,Iowa,07080208,Well,Buried Sand Gravel,41.753638,-92.184195,08/20/2002 10:30:00,GWM,14265-44-2,Orthophosphate (AS P),Dissolved,,,,0.11,mg/l,True,0.05,,,LAC10-115-01-1A,USGSGWM,Actual,GW,Water,,,"[]"
8666065,31480001,Ladora 1,Iowa,07080208,Well,Buried Sand Gravel,41.753638,-92.184195,08/20/2002 10:30:00,GWM,PHOSP-PHOSP,"Total Phosphorus, mixed forms (AS P)",Total,,,,0.16,mg/l,True,0.05,,,LAC10-115-01-1C,USGSGWM,Actual,GW,Water,,,"[]"
8666065,31480001,Ladora 1,Iowa,07080208,Well,Buried Sand Gravel,41.753638,-92.184195,08/20/2002 10:30:00,GWM,NIT-KJELD,Kjeldahl nitrogen (AS N),Total,,,,0.14,mg/l,True,0.05,,,PAI DK03,USGSGWM,Actual,GW,Water,,,"[]"
8666065,31480002,East Amana 2,Iowa,07080208,Well,Silurian-Devonian,41.808005,-91.85155,07/25/2003 14:30:00,GWM,NIT-AMM,Ammonia-nitrogen (AS N),Total,,,,1.5,mg/l,True,0.05,,,350.1,USGSGWM,Actual,GW,Water,,,"[]"
8666065,31480002,East Amana 2,Iowa,07080208,Well,Silurian-Devonian,41.808005,-91.85155,07/25/2003 14:30:00,GWM,NIT-NO3-NO2,Nitrate + Nitrite (AS N),Total,,,,0.1,mg/l,False,0.1,,,353.2,USGSGWM,Actual,GW,Water,,,"[]"
8666065,31480002,East Amana 2,Iowa,07080208,Well,Silurian-Devonian,41.808005,-91.85155,07/25/2003 14:30:00,GWM,14265-44-2,Orthophosphate (AS P),Dissolved,,,,0.02,mg/l,False,0.02,,,365.1,USGSGWM,Actual,GW,Water,,,"[]"
8666065,31480002,East Amana 2,Iowa,07080208,Well,Silurian-Devonian,41.808005,-91.85155,07/25/2003 14:30:00,GWM,PHOSP-PHOSP,"Total Phosphorus, mixed forms (AS P)",Total,,,,0.02,mg/l,False,0.02,,,365.4,USGSGWM,Actual,GW,Water,,,"[]"
8666065,31480002,East Amana 2,Iowa,07080208,Well,Silurian-Devonian,41.808005,-91.85155,07/25/2003 14:30:00,GWM,NIT-ORGN,Organic Nitrogen (AS N),Total,,,,0.51,mg/l,True,0.05,,,LAC10-107-06-2E,USGSGWM,Calculated,GW,Water,,,"[]"
8666065,31480002,East Amana 2,Iowa,07080208,Well,Silurian-Devonian,41.808005,-91.85155,07/25/2003 14:30:00,GWM,NIT-KJELD,Kjeldahl nitrogen (AS N),Total,,,,2,mg/l,True,0.05,,,PAI DK03,USGSGWM,Actual,GW,Water,,,"[]"
8666065,31480004,Amana 3,Iowa,07080208,Well,Silurian-Devonian,41.797265,-91.86657,08/04/2003 17:00:00,GWM,NIT-AMM,Ammonia-nitrogen (AS N),Total,,,,1,mg/l,True,0.05,,,350.1,USGSGWM,Actual,GW,Water,,,"[]"
8666065,31480004,Amana 3,Iowa,07080208,Well,Silurian-Devonian,41.797265,-91.86657,08/04/2003 17:00:00,GWM,NIT-NO3-NO2,Nitrate + Nitrite (AS N),Total,,,,0.1,mg/l,False,0.1,,,353.2,USGSGWM,Actual,GW,Water,,,"[]"
8666065,31480004,Amana 3,Iowa,07080208,Well,Silurian-Devonian,41.797265,-91.86657,08/04/2003 17:00:00,GWM,14265-44-2,Orthophosphate (AS P),Dissolved,,,,0.02,mg/l,False,0.02,,,365.1,USGSGWM,Actual,GW,Water,,,"[]"
8666065,31480004,Amana 3,Iowa,07080208,Well,Silurian-Devonian,41.797265,-91.86657,08/04/2003 17:00:00,GWM,PHOSP-PHOSP,"Total Phosphorus, mixed forms (AS P)",Total,,,,0.02,mg/l,True,0.02,,,365.4,USGSGWM,Actual,GW,Water,,,"[]"
8666065,31480004,Amana 3,Iowa,07080208,Well,Silurian-Devonian,41.797265,-91.86657,08/04/2003 17:00:00,GWM,NIT-ORGN,Organic Nitrogen (AS N),Total,,,,0.17,mg/l,True,0.05,,,LAC10-107-06-2E,USGSGWM,Calculated,GW,Water,,,"[]"
8666065,31480004,Amana 3,Iowa,07080208,Well,Silurian-Devonian,41.797265,-91.86657,08/04/2003 17:00:00,GWM,NIT-KJELD,Kjeldahl nitrogen (AS N),Total,,,,1.2,mg/l,True,0.05,,,PAI DK03,USGSGWM,Actual,GW,Water,,,"[]"
8666065,31480001,Ladora 1,Iowa,07080208,Well,Buried Sand Gravel,41.753638,-92.184195,09/08/2003 11:45:00,GWM,NIT-AMM,Ammonia-nitrogen (AS N),Total,,,,4.9,mg/l,True,0.05,,,350.1,USGSGWM,Actual,GW,Water,,,"[]"
8666065,31480001,Ladora 1,Iowa,07080208,Well,Buried Sand Gravel,41.753638,-92.184195,09/08/2003 11:45:00,GWM,NIT-NO3-NO2,Nitrate + Nitrite (AS N),Total,,,,0.1,mg/l,False,0.1,,,353.2,USGSGWM,Actual,GW,Water,,,"[]"
8666065,31480001,Ladora 1,Iowa,07080208,Well,Buried Sand Gravel,41.753638,-92.184195,09/08/2003 11:45:00,GWM,14265-44-2,Orthophosphate (AS P),Dissolved,,,,0.07,mg/l,True,0.02,,,365.1,USGSGWM,Actual,GW,Water,,,"[]"
8666065,31480001,Ladora 1,Iowa,07080208,Well,Buried Sand Gravel,41.753638,-92.184195,09/08/2003 11:45:00,GWM,PHOSP-PHOSP,"Total Phosphorus, mixed forms (AS P)",Total,,,,0.34,mg/l,True,0.02,,,365.4,USGSGWM,Actual,GW,Water,,,"[]"
8666065,31480001,Ladora 1,Iowa,07080208,Well,Buried Sand Gravel,41.753638,-92.184195,09/08/2003 11:45:00,GWM,NIT-ORGN,Organic Nitrogen (AS N),Total,,,,0.54,mg/l,True,0.05,,,LAC10-107-06-2E,USGSGWM,Calculated,GW,Water,,,"[]"
8666065,31480001,Ladora 1,Iowa,07080208,Well,Buried Sand Gravel,41.753638,-92.184195,09/08/2003 11:45:00,GWM,NIT-KJELD,Kjeldahl nitrogen (AS N),Total,,,,5.4,mg/l,True,0.05,,,PAI DK03,USGSGWM,Actual,GW,Water,,,"[]"
8666065,31480002,East Amana 2,Iowa,07080208,Well,Silurian-Devonian,41.808005,-91.85155,06/28/2004 10:40:00,GWM,NIT-AMM,Ammonia-nitrogen (AS N),Total,,,,1.4,mg/l,True,0.05,,,350.1,USGSGWM,Actual,GW,Water,,,"[]"
8666065,31480002,East Amana 2,Iowa,07080208,Well,Silurian-Devonian,41.808005,-91.85155,06/28/2004 10:40:00,GWM,NIT-NO3-NO2,Nitrate + Nitrite (AS N),Total,,,,0.09,mg/l,True,0.05,,,353.2,USGSGWM,Actual,GW,Water,,,"[]"
8666065,31480002,East Amana 2,Iowa,07080208,Well,Silurian-Devonian,41.808005,-91.85155,06/28/2004 10:40:00,GWM,14265-44-2,Orthophosphate (AS P),Dissolved,,,,0.02,mg/l,False,0.02,,,365.1,USGSGWM,Actual,GW,Water,,,"[]"
8666065,31480002,East Amana 2,Iowa,07080208,Well,Silurian-Devonian,41.808005,-91.85155,06/28/2004 10:40:00,GWM,PHOSP-PHOSP,"Total Phosphorus, mixed forms (AS P)",Total,,,,0.02,mg/l,False,0.02,,,365.4,USGSGWM,Actual,GW,Water,,,"[]"
8666065,31480002,East Amana 2,Iowa,07080208,Well,Silurian-Devonian,41.808005,-91.85155,06/28/2004 10:40:00,GWM,NIT-ORGN,Organic Nitrogen,Total,,,,0.45,mg/l,True,0.05,,,LAC10-107-06-2E,USGSGWM,Calculated,GW,Water,,,"[]"
8666065,31480001,Ladora 1,Iowa,07080208,Well,Buried Sand Gravel,41.753638,-92.184195,08/26/2004 10:35:00,GWM,NIT-AMM,Ammonia-nitrogen (AS N),Total,,,,5.3,mg/l,True,0.05,,,350.1,USGSGWM,Actual,GW,Water,,,"[]"
8666065,31480001,Ladora 1,Iowa,07080208,Well,Buried Sand Gravel,41.753638,-92.184195,08/26/2004 10:35:00,GWM,NIT-NO3-NO2,Nitrate + Nitrite (AS N),Total,,,,0.05,mg/l,False,0.05,,,353.2,USGSGWM,Actual,GW,Water,,,"[]"
8666065,31480001,Ladora 1,Iowa,07080208,Well,Buried Sand Gravel,41.753638,-92.184195,08/26/2004 10:35:00,GWM,14265-44-2,Orthophosphate (AS P),Dissolved,,,,0.31,mg/l,True,0.02,,,365.1,USGSGWM,Actual,GW,Water,,,"[]"
8666065,31480001,Ladora 1,Iowa,07080208,Well,Buried Sand Gravel,41.753638,-92.184195,08/26/2004 10:35:00,GWM,PHOSP-PHOSP,"Total Phosphorus, mixed forms (AS P)",Total,,,,0.33,mg/l,True,0.02,,,365.4,USGSGWM,Actual,GW,Water,,,"[]"
8666065,31480001,Ladora 1,Iowa,07080208,Well,Buried Sand Gravel,41.753638,-92.184195,08/26/2004 10:35:00,GWM,NIT-ORGN,Organic Nitrogen,Total,,,,0.09,mg/l,True,0.05,,,LAC10-107-06-2E,USGSGWM,Calculated,GW,Water,,,"[]"
8666065,31480002,East Amana 2,Iowa,07080208,Well,Silurian-Devonian,41.808005,-91.85155,06/28/2005 12:15:00,GWM,NIT-AMM,Ammonia-nitrogen (AS N),Total,,,,1.6,mg/l,True,0.05,,,350.1,USGSGWM,Actual,GW,Water,,,"[]"
8666065,31480002,East Amana 2,Iowa,07080208,Well,Silurian-Devonian,41.808005,-91.85155,06/28/2005 12:15:00,GWM,NIT-KJELD,Kjeldahl nitrogen (AS N),Total,,,,1.6,mg/l,True,0.1,,,351.2,USGSGWM,Actual,GW,Water,,,"[]"
8666065,31480002,East Amana 2,Iowa,07080208,Well,Silurian-Devonian,41.808005,-91.85155,06/28/2005 12:15:00,GWM,NIT-NO3-NO2,Nitrate + Nitrite (AS N),Total,,,,0.05,mg/l,False,0.05,,,353.2,USGSGWM,Actual,GW,Water,,,"[]"
8666065,31480002,East Amana 2,Iowa,07080208,Well,Silurian-Devonian,41.808005,-91.85155,06/28/2005 12:15:00,GWM,14265-44-2,Orthophosphate (AS P),Dissolved,,,,0.02,mg/l,False,0.02,,,365.1,USGSGWM,Actual,GW,Water,,,"[]"
8666065,31480002,East Amana 2,Iowa,07080208,Well,Silurian-Devonian,41.808005,-91.85155,06/28/2005 12:15:00,GWM,PHOSP-PHOSP,"Total Phosphorus, mixed forms (AS P)",Total,,,,0.02,mg/l,True,0.02,,,365.4,USGSGWM,Actual,GW,Water,,,"[]"
8666065,31480002,East Amana 2,Iowa,07080208,Well,Silurian-Devonian,41.808005,-91.85155,06/28/2005 12:15:00,GWM,NIT-ORGN,Organic Nitrogen,Total,,,,0.1,mg/l,False,0.1,,,LAC10-107-06-2E,USGSGWM,Calculated,GW,Water,,,"[]"
8666065,31480001,Ladora 1,Iowa,07080208,Well,Buried Sand Gravel,41.753638,-92.184195,06/28/2005 14:35:00,GWM,NIT-AMM,Ammonia-nitrogen (AS N),Total,,,,5.2,mg/l,True,0.05,,,350.1,USGSGWM,Actual,GW,Water,,,"[]"
8666065,31480001,Ladora 1,Iowa,07080208,Well,Buried Sand Gravel,41.753638,-92.184195,06/28/2005 14:35:00,GWM,NIT-KJELD,Kjeldahl nitrogen (AS N),Total,,,,5.1,mg/l,True,0.1,,,351.2,USGSGWM,Actual,GW,Water,,,"[]"
8666065,31480001,Ladora 1,Iowa,07080208,Well,Buried Sand Gravel,41.753638,-92.184195,06/28/2005 14:35:00,GWM,NIT-NO3-NO2,Nitrate + Nitrite (AS N),Total,,,,0.05,mg/l,False,0.05,,,353.2,USGSGWM,Actual,GW,Water,,,"[]"
8666065,31480001,Ladora 1,Iowa,07080208,Well,Buried Sand Gravel,41.753638,-92.184195,06/28/2005 14:35:00,GWM,14265-44-2,Orthophosphate (AS P),Dissolved,,,,0.07,mg/l,True,0.02,,,365.1,USGSGWM,Actual,GW,Water,,,"[]"
8666065,31480001,Ladora 1,Iowa,07080208,Well,Buried Sand Gravel,41.753638,-92.184195,06/28/2005 14:35:00,GWM,PHOSP-PHOSP,"Total Phosphorus, mixed forms (AS P)",Total,,,,0.35,mg/l,True,0.02,,,365.4,USGSGWM,Actual,GW,Water,,,"[]"
8666065,31480001,Ladora 1,Iowa,07080208,Well,Buried Sand Gravel,41.753638,-92.184195,06/28/2005 14:35:00,GWM,NIT-ORGN,Organic Nitrogen,Total,,,,0.1,mg/l,False,0.1,,,LAC10-107-06-2E,USGSGWM,Calculated,GW,Water,,,"[]"
8666065,31480003,West Amana 11,Iowa,07080208,Well,Alluvium,41.804893,-91.964892,07/19/2006 14:00:00,GWM,NIT-AMM,Ammonia-nitrogen (AS N),Total,,,,0.05,mg/l,False,0.05,,,350.1,USGSGWM,Actual,GW,Water,,,"[]"
8666065,31480003,West Amana 11,Iowa,07080208,Well,Alluvium,41.804893,-91.964892,07/19/2006 14:00:00,GWM,NIT-KJELD,Kjeldahl nitrogen (AS N),Total,,,,0.2,mg/l,True,0.1,,,351.2,USGSGWM,Actual,GW,Water,,,"[]"
8666065,31480003,West Amana 11,Iowa,07080208,Well,Alluvium,41.804893,-91.964892,07/19/2006 14:00:00,GWM,NIT-NO3-NO2,Nitrate + Nitrite (AS N),Total,,,,2.9,mg/l,True,0.05,,,353.2,USGSGWM,Actual,GW,Water,,,"[]"
8666065,31480003,West Amana 11,Iowa,07080208,Well,Alluvium,41.804893,-91.964892,07/19/2006 14:00:00,GWM,14265-44-2,Orthophosphate (AS P),Dissolved,,,,0.1,mg/l,True,0.02,,,365.1,USGSGWM,Actual,GW,Water,,,"[]"
8666065,31480003,West Amana 11,Iowa,07080208,Well,Alluvium,41.804893,-91.964892,07/19/2006 14:00:00,GWM,PHOSP-PHOSP,"Total Phosphorus, mixed forms (AS P)",Total,,,,0.1,mg/l,True,0.02,,,365.4,USGSGWM,Actual,GW,Water,,,"[]"
8666065,31480003,West Amana 11,Iowa,07080208,Well,Alluvium,41.804893,-91.964892,07/19/2006 14:00:00,GWM,NIT-ORGN,Organic Nitrogen,Total,,,,0.2,mg/l,True,0.1,,,LAC10-107-06-2E,USGSGWM,Calculated,GW,Water,,,"[]"
8666065,31480001,Ladora 1,Iowa,07080208,Well,Buried Sand Gravel,41.753638,-92.184195,09/25/2012 15:08:00,GWM,NIT-NO3-NO2,Nitrate + Nitrite (AS N),Total,,,,0.1,mg/l,False,0.1,,,LAC10-107-04-1J,GWMPWS,Actual,GW,Water,,,"[]"
8666065,31480001,Ladora 1,Iowa,07080208,Well,Buried Sand Gravel,41.753638,-92.184195,09/25/2012 15:08:00,GWM,NIT-AMM,Ammonia-nitrogen (AS N),Total,,,,5.4,mg/l,True,0.05,,,LAC10-107-06-1J,GWMPWS,Actual,GW,Water,,,"[]"
8666065,31480001,Ladora 1,Iowa,07080208,Well,Buried Sand Gravel,41.753638,-92.184195,09/25/2012 15:08:00,GWM,NIT-KJELD,Kjeldahl nitrogen (AS N),Total,,,,4.8,mg/l,True,0.1,,,LAC10-107-06-2E,GWMPWS,Actual,GW,Water,,,"[]"
8666065,31480001,Ladora 1,Iowa,07080208,Well,Buried Sand Gravel,41.753638,-92.184195,09/25/2012 15:08:00,GWM,14265-44-2,Orthophosphate (AS P),Dissolved,,,,0.09,mg/l,True,0.02,,,LAC10-115-01-1A,GWMPWS,Actual,GW,Water,,,"[]"
8666065,31480001,Ladora 1,Iowa,07080208,Well,Buried Sand Gravel,41.753638,-92.184195,09/25/2012 15:08:00,GWM,PHOSP-PHOSP,"Total Phosphorus, mixed forms (AS P)",Total,,,,0.33,mg/l,True,0.02,,,LAC10-115-01-1D,GWMPWS,Actual,GW,Water,,,"[]"
