facilityID,siteID,name,county,huc8,type,aquifer,latitude,longitude,sampleDate,projectCode,cas_rn,analyte,fraction,relDepth,sampDepth,sampDepthUnit,result,unit,detect,detectLimit,quantFlag,quantLimit,method,colMethod,resultType,matrix,medium,qualFlag,remark,xParams
8666065,31490001,Sabula 1,Jackson,07060005,Well,Cambrian,42.06976,-90.1749,08/19/2002 13:05:00,GWM,NIT-NO3-NO2,Nitrate + Nitrite (AS N),Total,,,,0.1,mg/l,False,0.1,,,353.2,USGSGWM,Actual,GW,Water,,,"[]"
8666065,31490001,Sabula 1,Jackson,07060005,Well,Cambrian,42.06976,-90.1749,08/19/2002 13:05:00,GWM,NIT-AMM,Ammonia-nitrogen (AS N),Total,,,,0.05,mg/l,False,0.05,,,LAC10-107-06-1J,USGSGWM,Actual,GW,Water,,,"[]"
8666065,31490001,Sabula 1,Jackson,07060005,Well,Cambrian,42.06976,-90.1749,08/19/2002 13:05:00,GWM,NIT-ORGN,Organic Nitrogen (AS N),Total,,,,0.06,mg/l,True,0.05,,,LAC10-107-06-2E,USGSGWM,Calculated,GW,Water,,,"[]"
8666065,31490001,Sabula 1,Jackson,07060005,Well,Cambrian,42.06976,-90.1749,08/19/2002 13:05:00,GWM,14265-44-2,Orthophosphate (AS P),Dissolved,,,,0.05,mg/l,False,0.05,,,LAC10-115-01-1A,USGSGWM,Actual,GW,Water,,,"[]"
8666065,31490001,Sabula 1,Jackson,07060005,Well,Cambrian,42.06976,-90.1749,08/19/2002 13:05:00,GWM,PHOSP-PHOSP,"Total Phosphorus, mixed forms (AS P)",Total,,,,0.05,mg/l,False,0.05,,,LAC10-115-01-1C,USGSGWM,Actual,GW,Water,,,"[]"
8666065,31490001,Sabula 1,Jackson,07060005,Well,Cambrian,42.06976,-90.1749,08/19/2002 13:05:00,GWM,NIT-KJELD,Kjeldahl nitrogen (AS N),Total,,,,0.06,mg/l,True,0.05,,,PAI DK03,USGSGWM,Actual,GW,Water,,,"[]"
8666065,31490007,Monmouth 1,Jackson,07060006,Well,Silurian,42.0771,-90.87956,08/07/2003 16:00:00,GWM,NIT-AMM,Ammonia-nitrogen (AS N),Total,,,,0.05,mg/l,False,0.05,,,350.1,USGSGWM,Actual,GW,Water,,,"[]"
8666065,31490007,Monmouth 1,Jackson,07060006,Well,Silurian,42.0771,-90.87956,08/07/2003 16:00:00,GWM,NIT-NO3-NO2,Nitrate + Nitrite (AS N),Total,,,,4.4,mg/l,True,0.1,,,353.2,USGSGWM,Actual,GW,Water,,,"[]"
8666065,31490007,Monmouth 1,Jackson,07060006,Well,Silurian,42.0771,-90.87956,08/07/2003 16:00:00,GWM,14265-44-2,Orthophosphate (AS P),Dissolved,,,,0.02,mg/l,False,0.02,,,365.1,USGSGWM,Actual,GW,Water,,,"[]"
8666065,31490007,Monmouth 1,Jackson,07060006,Well,Silurian,42.0771,-90.87956,08/07/2003 16:00:00,GWM,PHOSP-PHOSP,"Total Phosphorus, mixed forms (AS P)",Total,,,,0.02,mg/l,False,0.02,,,365.4,USGSGWM,Actual,GW,Water,,,"[]"
8666065,31490007,Monmouth 1,Jackson,07060006,Well,Silurian,42.0771,-90.87956,08/07/2003 16:00:00,GWM,NIT-ORGN,Organic Nitrogen (AS N),Total,,,,0.05,mg/l,False,0.05,,,LAC10-107-06-2E,USGSGWM,Calculated,GW,Water,,,"[]"
8666065,31490007,Monmouth 1,Jackson,07060006,Well,Silurian,42.0771,-90.87956,08/07/2003 16:00:00,GWM,NIT-KJELD,Kjeldahl nitrogen (AS N),Total,,,,0.05,mg/l,False,0.05,,,PAI DK03,USGSGWM,Actual,GW,Water,,,"[]"
8666065,31490007,Monmouth 1,Jackson,07060006,Well,Silurian,42.0771,-90.87956,08/07/2003 14:30:00,GWM,NIT-AMM,Ammonia-nitrogen (AS N),Total,,,,0.05,mg/l,False,0.05,,,350.1,USGSGWM,Actual,GW,Water,,,"[]"
8666065,31490007,Monmouth 1,Jackson,07060006,Well,Silurian,42.0771,-90.87956,08/07/2003 14:30:00,GWM,NIT-NO3-NO2,Nitrate + Nitrite (AS N),Total,,,,3.8,mg/l,True,0.1,,,353.2,USGSGWM,Actual,GW,Water,,,"[]"
8666065,31490007,Monmouth 1,Jackson,07060006,Well,Silurian,42.0771,-90.87956,08/07/2003 14:30:00,GWM,14265-44-2,Orthophosphate (AS P),Dissolved,,,,0.02,mg/l,True,0.02,,,365.1,USGSGWM,Actual,GW,Water,,,"[]"
8666065,31490007,Monmouth 1,Jackson,07060006,Well,Silurian,42.0771,-90.87956,08/07/2003 14:30:00,GWM,PHOSP-PHOSP,"Total Phosphorus, mixed forms (AS P)",Total,,,,0.02,mg/l,False,0.02,,,365.4,USGSGWM,Actual,GW,Water,,,"[]"
8666065,31490007,Monmouth 1,Jackson,07060006,Well,Silurian,42.0771,-90.87956,08/07/2003 14:30:00,GWM,NIT-ORGN,Organic Nitrogen (AS N),Total,,,,0.05,mg/l,False,0.05,,,LAC10-107-06-2E,USGSGWM,Calculated,GW,Water,,,"[]"
8666065,31490007,Monmouth 1,Jackson,07060006,Well,Silurian,42.0771,-90.87956,08/07/2003 14:30:00,GWM,NIT-KJELD,Kjeldahl nitrogen (AS N),Total,,,,0.05,mg/l,False,0.05,,,PAI DK03,USGSGWM,Actual,GW,Water,,,"[]"
8666065,31490001,Sabula 1,Jackson,07060005,Well,Cambrian,42.06976,-90.1749,08/26/2003 13:30:00,GWM,NIT-AMM,Ammonia-nitrogen (AS N),Total,,,,0.05,mg/l,False,0.05,,,350.1,USGSGWM,Actual,GW,Water,,,"[]"
8666065,31490001,Sabula 1,Jackson,07060005,Well,Cambrian,42.06976,-90.1749,08/26/2003 13:30:00,GWM,NIT-NO3-NO2,Nitrate + Nitrite (AS N),Total,,,,0.1,mg/l,False,0.1,,,353.2,USGSGWM,Actual,GW,Water,,,"[]"
8666065,31490001,Sabula 1,Jackson,07060005,Well,Cambrian,42.06976,-90.1749,08/26/2003 13:30:00,GWM,14265-44-2,Orthophosphate (AS P),Dissolved,,,,0.02,mg/l,False,0.02,,,365.1,USGSGWM,Actual,GW,Water,,,"[]"
8666065,31490001,Sabula 1,Jackson,07060005,Well,Cambrian,42.06976,-90.1749,08/26/2003 13:30:00,GWM,PHOSP-PHOSP,"Total Phosphorus, mixed forms (AS P)",Total,,,,0.02,mg/l,False,0.02,,,365.4,USGSGWM,Actual,GW,Water,,,"[]"
8666065,31490001,Sabula 1,Jackson,07060005,Well,Cambrian,42.06976,-90.1749,08/26/2003 13:30:00,GWM,NIT-ORGN,Organic Nitrogen (AS N),Total,,,,0.05,mg/l,False,0.05,,,LAC10-107-06-2E,USGSGWM,Calculated,GW,Water,,,"[]"
8666065,31490001,Sabula 1,Jackson,07060005,Well,Cambrian,42.06976,-90.1749,08/26/2003 13:30:00,GWM,NIT-KJELD,Kjeldahl nitrogen (AS N),Total,,,,0.05,mg/l,False,0.05,,,PAI DK03,USGSGWM,Actual,GW,Water,,,"[]"
8666065,31490001,Sabula 1,Jackson,07060005,Well,Cambrian,42.06976,-90.1749,07/29/2004 12:30:00,GWM,NIT-AMM,Ammonia-nitrogen (AS N),Total,,,,0.05,mg/l,False,0.05,,,350.1,USGSGWM,Actual,GW,Water,,,"[]"
8666065,31490001,Sabula 1,Jackson,07060005,Well,Cambrian,42.06976,-90.1749,07/29/2004 12:30:00,GWM,NIT-NO3-NO2,Nitrate + Nitrite (AS N),Total,,,,0.05,mg/l,False,0.05,,,353.2,USGSGWM,Actual,GW,Water,,,"[]"
8666065,31490001,Sabula 1,Jackson,07060005,Well,Cambrian,42.06976,-90.1749,07/29/2004 12:30:00,GWM,14265-44-2,Orthophosphate (AS P),Dissolved,,,,0.02,mg/l,False,0.02,,,365.1,USGSGWM,Actual,GW,Water,,,"[]"
8666065,31490001,Sabula 1,Jackson,07060005,Well,Cambrian,42.06976,-90.1749,07/29/2004 12:30:00,GWM,PHOSP-PHOSP,"Total Phosphorus, mixed forms (AS P)",Total,,,,0.02,mg/l,False,0.02,,,365.4,USGSGWM,Actual,GW,Water,,,"[]"
8666065,31490001,Sabula 1,Jackson,07060005,Well,Cambrian,42.06976,-90.1749,07/29/2004 12:30:00,GWM,NIT-ORGN,Organic Nitrogen,Total,,,,0.14,mg/l,True,0.05,,,LAC10-107-06-2E,USGSGWM,Calculated,GW,Water,,,"[]"
8666065,31490003,Miles 2,Jackson,07060005,Well,Ordovician (abv SP),42.04832,-90.31237,08/03/2005 13:00:00,GWM,NIT-AMM,Ammonia-nitrogen (AS N),Total,,,,0.38,mg/l,True,0.05,,,350.1,USGSGWM,Actual,GW,Water,,,"[]"
8666065,31490003,Miles 2,Jackson,07060005,Well,Ordovician (abv SP),42.04832,-90.31237,08/03/2005 13:00:00,GWM,NIT-KJELD,Kjeldahl nitrogen (AS N),Total,,,,0.52,mg/l,True,0.1,,,351.2,USGSGWM,Actual,GW,Water,,,"[]"
8666065,31490003,Miles 2,Jackson,07060005,Well,Ordovician (abv SP),42.04832,-90.31237,08/03/2005 13:00:00,GWM,NIT-NO3-NO2,Nitrate + Nitrite (AS N),Total,,,,0.05,mg/l,False,0.05,,,353.2,USGSGWM,Actual,GW,Water,,,"[]"
8666065,31490003,Miles 2,Jackson,07060005,Well,Ordovician (abv SP),42.04832,-90.31237,08/03/2005 13:00:00,GWM,14265-44-2,Orthophosphate (AS P),Dissolved,,,,0.02,mg/l,False,0.02,,,365.1,USGSGWM,Actual,GW,Water,,,"[]"
8666065,31490003,Miles 2,Jackson,07060005,Well,Ordovician (abv SP),42.04832,-90.31237,08/03/2005 13:00:00,GWM,PHOSP-PHOSP,"Total Phosphorus, mixed forms (AS P)",Total,,,,0.41,mg/l,True,0.02,,,365.4,USGSGWM,Actual,GW,Water,,,"[]"
8666065,31490003,Miles 2,Jackson,07060005,Well,Ordovician (abv SP),42.04832,-90.31237,08/03/2005 13:00:00,GWM,NIT-ORGN,Organic Nitrogen,Total,,,,0.14,mg/l,True,0.1,,,LAC10-107-06-2E,USGSGWM,Calculated,GW,Water,,,"[]"
8666065,31490002,Maquoketa 6,Jackson,07060006,Well,Cambrian-Ordovician,42.06207,-90.663634,08/03/2005 10:30:00,GWM,NIT-AMM,Ammonia-nitrogen (AS N),Total,,,,0.22,mg/l,True,0.05,,,350.1,USGSGWM,Actual,GW,Water,,,"[]"
8666065,31490002,Maquoketa 6,Jackson,07060006,Well,Cambrian-Ordovician,42.06207,-90.663634,08/03/2005 10:30:00,GWM,NIT-KJELD,Kjeldahl nitrogen (AS N),Total,,,,0.29,mg/l,True,0.1,,,351.2,USGSGWM,Actual,GW,Water,,,"[]"
8666065,31490002,Maquoketa 6,Jackson,07060006,Well,Cambrian-Ordovician,42.06207,-90.663634,08/03/2005 10:30:00,GWM,NIT-NO3-NO2,Nitrate + Nitrite (AS N),Total,,,,0.07,mg/l,True,0.05,,,353.2,USGSGWM,Actual,GW,Water,,,"[]"
8666065,31490002,Maquoketa 6,Jackson,07060006,Well,Cambrian-Ordovician,42.06207,-90.663634,08/03/2005 10:30:00,GWM,14265-44-2,Orthophosphate (AS P),Dissolved,,,,0.02,mg/l,False,0.02,,,365.1,USGSGWM,Actual,GW,Water,,,"[]"
8666065,31490002,Maquoketa 6,Jackson,07060006,Well,Cambrian-Ordovician,42.06207,-90.663634,08/03/2005 10:30:00,GWM,PHOSP-PHOSP,"Total Phosphorus, mixed forms (AS P)",Total,,,,1.2,mg/l,True,0.05,,,365.4,USGSGWM,Actual,GW,Water,,,"[]"
8666065,31490002,Maquoketa 6,Jackson,07060006,Well,Cambrian-Ordovician,42.06207,-90.663634,08/03/2005 10:30:00,GWM,NIT-ORGN,Organic Nitrogen,Total,,,,0.1,mg/l,False,0.1,,,LAC10-107-06-2E,USGSGWM,Calculated,GW,Water,,,"[]"
8666065,31490001,Sabula 1,Jackson,07060005,Well,Cambrian,42.06976,-90.1749,08/10/2005 13:40:00,GWM,NIT-AMM,Ammonia-nitrogen (AS N),Total,,,,0.05,mg/l,False,0.05,,,350.1,USGSGWM,Actual,GW,Water,,,"[]"
8666065,31490001,Sabula 1,Jackson,07060005,Well,Cambrian,42.06976,-90.1749,08/10/2005 13:40:00,GWM,NIT-KJELD,Kjeldahl nitrogen (AS N),Total,,,,0.1,mg/l,False,0.1,,,351.2,USGSGWM,Actual,GW,Water,,,"[]"
8666065,31490001,Sabula 1,Jackson,07060005,Well,Cambrian,42.06976,-90.1749,08/10/2005 13:40:00,GWM,NIT-NO3-NO2,Nitrate + Nitrite (AS N),Total,,,,0.05,mg/l,False,0.05,,,353.2,USGSGWM,Actual,GW,Water,,,"[]"
8666065,31490001,Sabula 1,Jackson,07060005,Well,Cambrian,42.06976,-90.1749,08/10/2005 13:40:00,GWM,14265-44-2,Orthophosphate (AS P),Dissolved,,,,0.02,mg/l,False,0.02,,,365.1,USGSGWM,Actual,GW,Water,,,"[]"
8666065,31490001,Sabula 1,Jackson,07060005,Well,Cambrian,42.06976,-90.1749,08/10/2005 13:40:00,GWM,PHOSP-PHOSP,"Total Phosphorus, mixed forms (AS P)",Total,,,,0.04,mg/l,True,0.02,,,365.4,USGSGWM,Actual,GW,Water,,,"[]"
8666065,31490001,Sabula 1,Jackson,07060005,Well,Cambrian,42.06976,-90.1749,08/10/2005 13:40:00,GWM,NIT-ORGN,Organic Nitrogen,Total,,,,0.1,mg/l,False,0.1,,,LAC10-107-06-2E,USGSGWM,Calculated,GW,Water,,,"[]"
8666065,31490004,Preston 2,Jackson,07060006,Well,Cambrian-Ordovician,42.04692,-90.39457,09/12/2005 14:05:00,GWM,NIT-AMM,Ammonia-nitrogen (AS N),Total,,,,0.33,mg/l,True,0.05,,,350.1,USGSGWM,Actual,GW,Water,,,"[]"
8666065,31490004,Preston 2,Jackson,07060006,Well,Cambrian-Ordovician,42.04692,-90.39457,09/12/2005 14:05:00,GWM,NIT-KJELD,Kjeldahl nitrogen (AS N),Total,,,,0.4,mg/l,True,0.1,,,351.2,USGSGWM,Actual,GW,Water,,,"[]"
8666065,31490004,Preston 2,Jackson,07060006,Well,Cambrian-Ordovician,42.04692,-90.39457,09/12/2005 14:05:00,GWM,NIT-NO3-NO2,Nitrate + Nitrite (AS N),Total,,,,0.05,mg/l,False,0.05,,,353.2,USGSGWM,Actual,GW,Water,,,"[]"
8666065,31490004,Preston 2,Jackson,07060006,Well,Cambrian-Ordovician,42.04692,-90.39457,09/12/2005 14:05:00,GWM,14265-44-2,Orthophosphate (AS P),Dissolved,,,,0.02,mg/l,False,0.02,,,365.1,USGSGWM,Actual,GW,Water,,,"[]"
8666065,31490004,Preston 2,Jackson,07060006,Well,Cambrian-Ordovician,42.04692,-90.39457,09/12/2005 14:05:00,GWM,PHOSP-PHOSP,"Total Phosphorus, mixed forms (AS P)",Total,,,,0.02,mg/l,True,0.02,,,365.4,USGSGWM,Actual,GW,Water,,,"[]"
8666065,31490004,Preston 2,Jackson,07060006,Well,Cambrian-Ordovician,42.04692,-90.39457,09/12/2005 14:05:00,GWM,NIT-ORGN,Organic Nitrogen,Total,,,,0.15,mg/l,True,0.05,,,LAC10-107-06-2E,USGSGWM,Calculated,GW,Water,,,"[]"
8666065,31490004,Preston 2,Jackson,07060006,Well,Cambrian-Ordovician,42.04692,-90.39457,09/12/2005 14:00:00,GWM,NIT-AMM,Ammonia-nitrogen (AS N),Total,,,,0.33,mg/l,True,0.05,,,350.1,USGSGWM,Actual,GW,Water,,,"[]"
8666065,31490004,Preston 2,Jackson,07060006,Well,Cambrian-Ordovician,42.04692,-90.39457,09/12/2005 14:00:00,GWM,NIT-KJELD,Kjeldahl nitrogen (AS N),Total,,,,0.5,mg/l,True,0.1,,,351.2,USGSGWM,Actual,GW,Water,,,"[]"
8666065,31490004,Preston 2,Jackson,07060006,Well,Cambrian-Ordovician,42.04692,-90.39457,09/12/2005 14:00:00,GWM,NIT-NO3-NO2,Nitrate + Nitrite (AS N),Total,,,,0.05,mg/l,False,0.05,,,353.2,USGSGWM,Actual,GW,Water,,,"[]"
8666065,31490004,Preston 2,Jackson,07060006,Well,Cambrian-Ordovician,42.04692,-90.39457,09/12/2005 14:00:00,GWM,14265-44-2,Orthophosphate (AS P),Dissolved,,,,0.02,mg/l,True,0.02,,,365.1,USGSGWM,Actual,GW,Water,,,"[]"
8666065,31490004,Preston 2,Jackson,07060006,Well,Cambrian-Ordovician,42.04692,-90.39457,09/12/2005 14:00:00,GWM,PHOSP-PHOSP,"Total Phosphorus, mixed forms (AS P)",Total,,,,0.02,mg/l,True,0.02,,,365.4,USGSGWM,Actual,GW,Water,,,"[]"
8666065,31490004,Preston 2,Jackson,07060006,Well,Cambrian-Ordovician,42.04692,-90.39457,09/12/2005 14:00:00,GWM,NIT-ORGN,Organic Nitrogen,Total,,,,0.1,mg/l,True,0.1,,,LAC10-107-06-2E,USGSGWM,Calculated,GW,Water,,,"[]"
8666065,31490001,Sabula 1,Jackson,07060005,Well,Cambrian,42.06976,-90.1749,06/21/2006 12:00:00,GWM,NIT-AMM,Ammonia-nitrogen (AS N),Total,,,,0.05,mg/l,False,0.05,,,350.1,USGSGWM,Actual,GW,Water,,,"[]"
8666065,31490001,Sabula 1,Jackson,07060005,Well,Cambrian,42.06976,-90.1749,06/21/2006 12:00:00,GWM,NIT-KJELD,Kjeldahl nitrogen (AS N),Total,,,,0.1,mg/l,False,0.1,,,351.2,USGSGWM,Actual,GW,Water,,,"[]"
8666065,31490001,Sabula 1,Jackson,07060005,Well,Cambrian,42.06976,-90.1749,06/21/2006 12:00:00,GWM,NIT-NO3-NO2,Nitrate + Nitrite (AS N),Total,,,,0.05,mg/l,False,0.05,,,353.2,USGSGWM,Actual,GW,Water,,,"[]"
8666065,31490001,Sabula 1,Jackson,07060005,Well,Cambrian,42.06976,-90.1749,06/21/2006 12:00:00,GWM,14265-44-2,Orthophosphate (AS P),Dissolved,,,,0.02,mg/l,False,0.02,,,365.1,USGSGWM,Actual,GW,Water,,,"[]"
8666065,31490001,Sabula 1,Jackson,07060005,Well,Cambrian,42.06976,-90.1749,06/21/2006 12:00:00,GWM,PHOSP-PHOSP,"Total Phosphorus, mixed forms (AS P)",Total,,,,0.02,mg/l,False,0.02,,,365.4,USGSGWM,Actual,GW,Water,,,"[]"
8666065,31490001,Sabula 1,Jackson,07060005,Well,Cambrian,42.06976,-90.1749,06/21/2006 12:00:00,GWM,NIT-ORGN,Organic Nitrogen,Total,,,,0.1,mg/l,False,0.1,,,LAC10-107-06-2E,USGSGWM,Calculated,GW,Water,,,"[]"
8666065,31490005,Maquoketa 3,Jackson,07060006,Well,Buried Sand Gravel,42.07506,-90.66682,07/18/2006 13:00:00,GWM,NIT-AMM,Ammonia-nitrogen (AS N),Total,,,,0.05,mg/l,False,0.05,,,350.1,USGSGWM,Actual,GW,Water,,,"[]"
8666065,31490005,Maquoketa 3,Jackson,07060006,Well,Buried Sand Gravel,42.07506,-90.66682,07/18/2006 13:00:00,GWM,NIT-KJELD,Kjeldahl nitrogen (AS N),Total,,,,0.1,mg/l,False,0.1,,,351.2,USGSGWM,Actual,GW,Water,,,"[]"
8666065,31490005,Maquoketa 3,Jackson,07060006,Well,Buried Sand Gravel,42.07506,-90.66682,07/18/2006 13:00:00,GWM,NIT-NO3-NO2,Nitrate + Nitrite (AS N),Total,,,,5.7,mg/l,True,0.05,,,353.2,USGSGWM,Actual,GW,Water,,,"[]"
8666065,31490005,Maquoketa 3,Jackson,07060006,Well,Buried Sand Gravel,42.07506,-90.66682,07/18/2006 13:00:00,GWM,14265-44-2,Orthophosphate (AS P),Dissolved,,,,0.03,mg/l,True,0.02,,,365.2,USGSGWM,Actual,GW,Water,,,"[]"
8666065,31490005,Maquoketa 3,Jackson,07060006,Well,Buried Sand Gravel,42.07506,-90.66682,07/18/2006 13:00:00,GWM,PHOSP-PHOSP,"Total Phosphorus, mixed forms (AS P)",Total,,,,0.08,mg/l,True,0.02,,,365.4,USGSGWM,Actual,GW,Water,,,"[]"
8666065,31490005,Maquoketa 3,Jackson,07060006,Well,Buried Sand Gravel,42.07506,-90.66682,07/18/2006 13:00:00,GWM,NIT-ORGN,Organic Nitrogen,Total,,,,0.1,mg/l,False,0.1,,,LAC10-107-06-2E,USGSGWM,Calculated,GW,Water,,,"[]"
8666065,31490001,Sabula 1,Jackson,07060005,Well,Cambrian,42.06976,-90.1749,09/25/2012 07:40:00,GWM,NIT-NO3-NO2,Nitrate + Nitrite (AS N),Total,,,,0.1,mg/l,False,0.1,,,LAC10-107-04-1J,GWMPWS,Actual,GW,Water,,,"[]"
8666065,31490001,Sabula 1,Jackson,07060005,Well,Cambrian,42.06976,-90.1749,09/25/2012 07:40:00,GWM,NIT-AMM,Ammonia-nitrogen (AS N),Total,,,,0.05,mg/l,False,0.05,,,LAC10-107-06-1J,GWMPWS,Actual,GW,Water,,,"[]"
8666065,31490001,Sabula 1,Jackson,07060005,Well,Cambrian,42.06976,-90.1749,09/25/2012 07:40:00,GWM,NIT-KJELD,Kjeldahl nitrogen (AS N),Total,,,,0.1,mg/l,False,0.1,,,LAC10-107-06-2E,GWMPWS,Actual,GW,Water,,,"[]"
8666065,31490001,Sabula 1,Jackson,07060005,Well,Cambrian,42.06976,-90.1749,09/25/2012 07:40:00,GWM,14265-44-2,Orthophosphate (AS P),Dissolved,,,,0.02,mg/l,False,0.02,,,LAC10-115-01-1A,GWMPWS,Actual,GW,Water,,,"[]"
8666065,31490001,Sabula 1,Jackson,07060005,Well,Cambrian,42.06976,-90.1749,09/25/2012 07:40:00,GWM,PHOSP-PHOSP,"Total Phosphorus, mixed forms (AS P)",Total,,,,0.04,mg/l,True,0.02,,,LAC10-115-01-1D,GWMPWS,Actual,GW,Water,,,"[]"
8666065,31490001,Sabula 1,Jackson,07060005,Well,Cambrian,42.06976,-90.1749,12/12/2017 12:32:00,GWM,NIT-AMM,Ammonia-nitrogen (AS N),None,,,,5.9,mg/l,True,0.2,,,LAC10-107-06-1J,GWM,Actual,GW,Water,,,"[]"
8666065,31490001,Sabula 1,Jackson,07060005,Well,Cambrian,42.06976,-90.1749,12/12/2017 12:32:00,GWM,NIT-NO3-NO2,Nitrate + Nitrite (AS N),None,,,,0.1,mg/l,False,0.1,,,LAC10-107-06-1J,GWM,Actual,GW,Water,,,"[]"
