facilityID,siteID,name,county,huc8,type,aquifer,latitude,longitude,sampleDate,projectCode,cas_rn,analyte,fraction,relDepth,sampDepth,sampDepthUnit,result,unit,detect,detectLimit,quantFlag,quantLimit,method,colMethod,resultType,matrix,medium,qualFlag,remark,xParams
8666065,31500002,Newton 13,Jasper,07080105,Well,Alluvium,41.65389,-93.11648,07/31/2002 10:25:00,GWM,NIT-NO3-NO2,Nitrate + Nitrite (AS N),Total,,,,9.4,mg/l,True,0.1,,,353.2,USGSGWM,Actual,GW,Water,,,"[]"
8666065,31500002,Newton 13,Jasper,07080105,Well,Alluvium,41.65389,-93.11648,07/31/2002 10:25:00,GWM,NIT-AMM,Ammonia-nitrogen (AS N),Total,,,,0.05,mg/l,False,0.05,,,LAC10-107-06-1J,USGSGWM,Actual,GW,Water,,,"[]"
8666065,31500002,Newton 13,Jasper,07080105,Well,Alluvium,41.65389,-93.11648,07/31/2002 10:25:00,GWM,NIT-ORGN,Organic Nitrogen (AS N),Total,,,,0.07,mg/l,True,0.05,,,LAC10-107-06-2E,USGSGWM,Calculated,GW,Water,,,"[]"
8666065,31500002,Newton 13,Jasper,07080105,Well,Alluvium,41.65389,-93.11648,07/31/2002 10:25:00,GWM,14265-44-2,Orthophosphate (AS P),Dissolved,,,,0.1,mg/l,True,0.05,,,LAC10-115-01-1A,USGSGWM,Actual,GW,Water,,,"[]"
8666065,31500002,Newton 13,Jasper,07080105,Well,Alluvium,41.65389,-93.11648,07/31/2002 10:25:00,GWM,PHOSP-PHOSP,"Total Phosphorus, mixed forms (AS P)",Total,,,,0.11,mg/l,True,0.05,,,LAC10-115-01-1C,USGSGWM,Actual,GW,Water,,,"[]"
8666065,31500002,Newton 13,Jasper,07080105,Well,Alluvium,41.65389,-93.11648,07/31/2002 10:25:00,GWM,NIT-KJELD,Kjeldahl nitrogen (AS N),Total,,,,0.07,mg/l,True,0.05,,,PAI DK03,USGSGWM,Actual,GW,Water,,,"[]"
8666065,31500001,Monroe 7,Jasper,07100008,Well,Pennsylvanian,41.51344,-93.10569,08/28/2002 16:30:00,GWM,NIT-NO3-NO2,Nitrate + Nitrite (AS N),Total,,,,0.1,mg/l,False,0.1,,,353.2,USGSGWM,Actual,GW,Water,,,"[]"
8666065,31500001,Monroe 7,Jasper,07100008,Well,Pennsylvanian,41.51344,-93.10569,08/28/2002 16:30:00,GWM,NIT-AMM,Ammonia-nitrogen (AS N),Total,,,,1.6,mg/l,True,0.05,,,LAC10-107-06-1J,USGSGWM,Actual,GW,Water,,,"[]"
8666065,31500001,Monroe 7,Jasper,07100008,Well,Pennsylvanian,41.51344,-93.10569,08/28/2002 16:30:00,GWM,NIT-ORGN,Organic Nitrogen (AS N),Total,,,,0.05,mg/l,False,0.05,,,LAC10-107-06-2E,USGSGWM,Calculated,GW,Water,,,"[]"
8666065,31500001,Monroe 7,Jasper,07100008,Well,Pennsylvanian,41.51344,-93.10569,08/28/2002 16:30:00,GWM,14265-44-2,Orthophosphate (AS P),Dissolved,,,,0.05,mg/l,False,0.05,,,LAC10-115-01-1A,USGSGWM,Actual,GW,Water,,,"[]"
8666065,31500001,Monroe 7,Jasper,07100008,Well,Pennsylvanian,41.51344,-93.10569,08/28/2002 16:30:00,GWM,PHOSP-PHOSP,"Total Phosphorus, mixed forms (AS P)",Total,,,,0.05,mg/l,False,0.05,,,LAC10-115-01-1C,USGSGWM,Actual,GW,Water,,,"[]"
8666065,31500001,Monroe 7,Jasper,07100008,Well,Pennsylvanian,41.51344,-93.10569,08/28/2002 16:30:00,GWM,NIT-KJELD,Kjeldahl nitrogen (AS N),Total,,,,1.6,mg/l,True,0.05,,,PAI DK03,USGSGWM,Actual,GW,Water,,,"[]"
8666065,31500001,Monroe 7,Jasper,07100008,Well,Pennsylvanian,41.51344,-93.10569,07/29/2003 11:45:00,GWM,NIT-AMM,Ammonia-nitrogen (AS N),Total,,,,1.4,mg/l,True,0.05,,,350.1,USGSGWM,Actual,GW,Water,,,"[]"
8666065,31500001,Monroe 7,Jasper,07100008,Well,Pennsylvanian,41.51344,-93.10569,07/29/2003 11:45:00,GWM,NIT-NO3-NO2,Nitrate + Nitrite (AS N),Total,,,,0.1,mg/l,False,0.1,,,353.2,USGSGWM,Actual,GW,Water,,,"[]"
8666065,31500001,Monroe 7,Jasper,07100008,Well,Pennsylvanian,41.51344,-93.10569,07/29/2003 11:45:00,GWM,14265-44-2,Orthophosphate (AS P),Dissolved,,,,0.02,mg/l,False,0.02,,,365.1,USGSGWM,Actual,GW,Water,,,"[]"
8666065,31500001,Monroe 7,Jasper,07100008,Well,Pennsylvanian,41.51344,-93.10569,07/29/2003 11:45:00,GWM,PHOSP-PHOSP,"Total Phosphorus, mixed forms (AS P)",Total,,,,0.02,mg/l,True,0.02,,,365.4,USGSGWM,Actual,GW,Water,,,"[]"
8666065,31500001,Monroe 7,Jasper,07100008,Well,Pennsylvanian,41.51344,-93.10569,07/29/2003 11:45:00,GWM,NIT-ORGN,Organic Nitrogen (AS N),Total,,,,0.66,mg/l,True,0.05,,,LAC10-107-06-2E,USGSGWM,Calculated,GW,Water,,,"[]"
8666065,31500001,Monroe 7,Jasper,07100008,Well,Pennsylvanian,41.51344,-93.10569,07/29/2003 11:45:00,GWM,NIT-KJELD,Kjeldahl nitrogen (AS N),Total,,,,2.1,mg/l,True,0.05,,,PAI DK03,USGSGWM,Actual,GW,Water,,,"[]"
8666065,31500002,Newton 13,Jasper,07080105,Well,Alluvium,41.65389,-93.11648,08/12/2003 13:45:00,GWM,NIT-AMM,Ammonia-nitrogen (AS N),Total,,,,0.05,mg/l,False,0.05,,,350.1,USGSGWM,Actual,GW,Water,,,"[]"
8666065,31500002,Newton 13,Jasper,07080105,Well,Alluvium,41.65389,-93.11648,08/12/2003 13:45:00,GWM,NIT-NO3-NO2,Nitrate + Nitrite (AS N),Total,,,,7.6,mg/l,True,0.1,,,353.2,USGSGWM,Actual,GW,Water,,,"[]"
8666065,31500002,Newton 13,Jasper,07080105,Well,Alluvium,41.65389,-93.11648,08/12/2003 13:45:00,GWM,14265-44-2,Orthophosphate (AS P),Dissolved,,,,0.09,mg/l,True,0.02,,,365.1,USGSGWM,Actual,GW,Water,,,"[]"
8666065,31500002,Newton 13,Jasper,07080105,Well,Alluvium,41.65389,-93.11648,08/12/2003 13:45:00,GWM,PHOSP-PHOSP,"Total Phosphorus, mixed forms (AS P)",Total,,,,0.08,mg/l,True,0.02,,,365.4,USGSGWM,Actual,GW,Water,,,"[]"
8666065,31500002,Newton 13,Jasper,07080105,Well,Alluvium,41.65389,-93.11648,08/12/2003 13:45:00,GWM,NIT-ORGN,Organic Nitrogen (AS N),Total,,,,0.05,mg/l,False,0.05,,,LAC10-107-06-2E,USGSGWM,Calculated,GW,Water,,,"[]"
8666065,31500002,Newton 13,Jasper,07080105,Well,Alluvium,41.65389,-93.11648,08/12/2003 13:45:00,GWM,NIT-KJELD,Kjeldahl nitrogen (AS N),Total,,,,0.05,mg/l,False,0.05,,,PAI DK03,USGSGWM,Actual,GW,Water,,,"[]"
8666065,31500003,Colfax 2,Jasper,07080105,Well,Alluvium,41.6748,-93.24896,06/30/2004 09:30:00,GWM,NIT-AMM,Ammonia-nitrogen (AS N),Total,,,,0.05,mg/l,False,0.05,,,350.1,USGSGWM,Actual,GW,Water,,,"[]"
8666065,31500003,Colfax 2,Jasper,07080105,Well,Alluvium,41.6748,-93.24896,06/30/2004 09:30:00,GWM,NIT-NO3-NO2,Nitrate + Nitrite (AS N),Total,,,,4.3,mg/l,True,0.05,,,353.2,USGSGWM,Actual,GW,Water,,,"[]"
8666065,31500003,Colfax 2,Jasper,07080105,Well,Alluvium,41.6748,-93.24896,06/30/2004 09:30:00,GWM,14265-44-2,Orthophosphate (AS P),Dissolved,,,,0.08,mg/l,True,0.02,,,365.1,USGSGWM,Actual,GW,Water,,,"[]"
8666065,31500003,Colfax 2,Jasper,07080105,Well,Alluvium,41.6748,-93.24896,06/30/2004 09:30:00,GWM,PHOSP-PHOSP,"Total Phosphorus, mixed forms (AS P)",Total,,,,0.09,mg/l,True,0.02,,,365.4,USGSGWM,Actual,GW,Water,,,"[]"
8666065,31500003,Colfax 2,Jasper,07080105,Well,Alluvium,41.6748,-93.24896,06/30/2004 09:30:00,GWM,NIT-ORGN,Organic Nitrogen,Total,,,,0.09,mg/l,True,0.05,,,LAC10-107-06-2E,USGSGWM,Calculated,GW,Water,,,"[]"
8666065,31500006,"Kellog 1, E",Jasper,07080106,Well,Alluvium,41.71395,-92.90447,06/30/2004 13:30:00,GWM,NIT-AMM,Ammonia-nitrogen (AS N),Total,,,,0.05,mg/l,False,0.05,,,350.1,USGSGWM,Actual,GW,Water,,,"[]"
8666065,31500006,"Kellog 1, E",Jasper,07080106,Well,Alluvium,41.71395,-92.90447,06/30/2004 13:30:00,GWM,NIT-NO3-NO2,Nitrate + Nitrite (AS N),Total,,,,3.6,mg/l,True,0.05,,,353.2,USGSGWM,Actual,GW,Water,,,"[]"
8666065,31500006,"Kellog 1, E",Jasper,07080106,Well,Alluvium,41.71395,-92.90447,06/30/2004 13:30:00,GWM,14265-44-2,Orthophosphate (AS P),Dissolved,,,,0.02,mg/l,False,0.02,,,365.1,USGSGWM,Actual,GW,Water,,,"[]"
8666065,31500006,"Kellog 1, E",Jasper,07080106,Well,Alluvium,41.71395,-92.90447,06/30/2004 13:30:00,GWM,PHOSP-PHOSP,"Total Phosphorus, mixed forms (AS P)",Total,,,,0.09,mg/l,True,0.02,,,365.4,USGSGWM,Actual,GW,Water,,,"[]"
8666065,31500006,"Kellog 1, E",Jasper,07080106,Well,Alluvium,41.71395,-92.90447,06/30/2004 13:30:00,GWM,NIT-ORGN,Organic Nitrogen,Total,,,,0.1,mg/l,True,0.05,,,LAC10-107-06-2E,USGSGWM,Calculated,GW,Water,,,"[]"
8666065,31500001,Monroe 7,Jasper,07100008,Well,Pennsylvanian,41.51344,-93.10569,09/02/2004 15:45:00,GWM,NIT-AMM,Ammonia-nitrogen (AS N),Total,,,,1.6,mg/l,True,0.05,,,350.1,USGSGWM,Actual,GW,Water,,,"[]"
8666065,31500001,Monroe 7,Jasper,07100008,Well,Pennsylvanian,41.51344,-93.10569,09/02/2004 15:45:00,GWM,NIT-NO3-NO2,Nitrate + Nitrite (AS N),Total,,,,0.05,mg/l,False,0.05,,,353.2,USGSGWM,Actual,GW,Water,,,"[]"
8666065,31500001,Monroe 7,Jasper,07100008,Well,Pennsylvanian,41.51344,-93.10569,09/02/2004 15:45:00,GWM,14265-44-2,Orthophosphate (AS P),Dissolved,,,,0.02,mg/l,False,0.02,,,365.1,USGSGWM,Actual,GW,Water,,,"[]"
8666065,31500001,Monroe 7,Jasper,07100008,Well,Pennsylvanian,41.51344,-93.10569,09/02/2004 15:45:00,GWM,PHOSP-PHOSP,"Total Phosphorus, mixed forms (AS P)",Total,,,,0.02,mg/l,False,0.02,,,365.4,USGSGWM,Actual,GW,Water,,,"[]"
8666065,31500001,Monroe 7,Jasper,07100008,Well,Pennsylvanian,41.51344,-93.10569,09/02/2004 15:45:00,GWM,NIT-ORGN,Organic Nitrogen,Total,,,,0.08,mg/l,True,0.05,,,LAC10-107-06-2E,USGSGWM,Calculated,GW,Water,,,"[]"
8666065,31500002,Newton 13,Jasper,07080105,Well,Alluvium,41.65389,-93.11648,07/27/2004 13:45:00,GWM,NIT-AMM,Ammonia-nitrogen (AS N),Total,,,,0.05,mg/l,False,0.05,,,350.1,USGSGWM,Actual,GW,Water,,,"[]"
8666065,31500002,Newton 13,Jasper,07080105,Well,Alluvium,41.65389,-93.11648,07/27/2004 13:45:00,GWM,NIT-NO3-NO2,Nitrate + Nitrite (AS N),Total,,,,7.7,mg/l,True,0.05,,,353.2,USGSGWM,Actual,GW,Water,,,"[]"
8666065,31500002,Newton 13,Jasper,07080105,Well,Alluvium,41.65389,-93.11648,07/27/2004 13:45:00,GWM,14265-44-2,Orthophosphate (AS P),Dissolved,,,,0.1,mg/l,True,0.02,,,365.1,USGSGWM,Actual,GW,Water,,,"[]"
8666065,31500002,Newton 13,Jasper,07080105,Well,Alluvium,41.65389,-93.11648,07/27/2004 13:45:00,GWM,PHOSP-PHOSP,"Total Phosphorus, mixed forms (AS P)",Total,,,,0.09,mg/l,True,0.02,,,365.4,USGSGWM,Actual,GW,Water,,,"[]"
8666065,31500002,Newton 13,Jasper,07080105,Well,Alluvium,41.65389,-93.11648,07/27/2004 13:45:00,GWM,NIT-ORGN,Organic Nitrogen,Total,,,,0.09,mg/l,True,0.05,,,LAC10-107-06-2E,USGSGWM,Calculated,GW,Water,,,"[]"
8666065,31500004,Newton 8,Jasper,07080105,Well,Alluvium,41.65199,-93.11742,07/27/2004 12:30:00,GWM,NIT-AMM,Ammonia-nitrogen (AS N),Total,,,,0.09,mg/l,True,0.05,,,350.1,USGSGWM,Actual,GW,Water,,,"[]"
8666065,31500004,Newton 8,Jasper,07080105,Well,Alluvium,41.65199,-93.11742,07/27/2004 12:30:00,GWM,NIT-NO3-NO2,Nitrate + Nitrite (AS N),Total,,,,1.9,mg/l,True,0.05,,,353.2,USGSGWM,Actual,GW,Water,,,"[]"
8666065,31500004,Newton 8,Jasper,07080105,Well,Alluvium,41.65199,-93.11742,07/27/2004 12:30:00,GWM,14265-44-2,Orthophosphate (AS P),Dissolved,,,,0.02,mg/l,False,0.02,,,365.1,USGSGWM,Actual,GW,Water,,,"[]"
8666065,31500004,Newton 8,Jasper,07080105,Well,Alluvium,41.65199,-93.11742,07/27/2004 12:30:00,GWM,PHOSP-PHOSP,"Total Phosphorus, mixed forms (AS P)",Total,,,,0.03,mg/l,True,0.02,,,365.4,USGSGWM,Actual,GW,Water,,,"[]"
8666065,31500004,Newton 8,Jasper,07080105,Well,Alluvium,41.65199,-93.11742,07/27/2004 12:30:00,GWM,NIT-ORGN,Organic Nitrogen,Total,,,,0.12,mg/l,True,0.05,,,LAC10-107-06-2E,USGSGWM,Calculated,GW,Water,,,"[]"
8666065,31500005,Prairie City 1,Jasper,07080105,Well,Alluvium,41.673222,-93.261024,06/30/2004 11:30:00,GWM,NIT-AMM,Ammonia-nitrogen (AS N),Total,,,,0.11,mg/l,True,0.05,,,350.1,USGSGWM,Actual,GW,Water,,,"[]"
8666065,31500005,Prairie City 1,Jasper,07080105,Well,Alluvium,41.673222,-93.261024,06/30/2004 11:30:00,GWM,NIT-NO3-NO2,Nitrate + Nitrite (AS N),Total,,,,0.68,mg/l,True,0.05,,,353.2,USGSGWM,Actual,GW,Water,,,"[]"
8666065,31500005,Prairie City 1,Jasper,07080105,Well,Alluvium,41.673222,-93.261024,06/30/2004 11:30:00,GWM,14265-44-2,Orthophosphate (AS P),Dissolved,,,,0.05,mg/l,True,0.02,,,365.1,USGSGWM,Actual,GW,Water,,,"[]"
8666065,31500005,Prairie City 1,Jasper,07080105,Well,Alluvium,41.673222,-93.261024,06/30/2004 11:30:00,GWM,PHOSP-PHOSP,"Total Phosphorus, mixed forms (AS P)",Total,,,,0.07,mg/l,True,0.02,,,365.4,USGSGWM,Actual,GW,Water,,,"[]"
8666065,31500005,Prairie City 1,Jasper,07080105,Well,Alluvium,41.673222,-93.261024,06/30/2004 11:30:00,GWM,NIT-ORGN,Organic Nitrogen,Total,,,,0.1,mg/l,True,0.05,,,LAC10-107-06-2E,USGSGWM,Calculated,GW,Water,,,"[]"
8666065,31500002,Newton 13,Jasper,07080105,Well,Alluvium,41.65389,-93.11648,08/04/2005 13:05:00,GWM,NIT-AMM,Ammonia-nitrogen (AS N),Total,,,,0.05,mg/l,False,0.05,,,350.1,USGSGWM,Actual,GW,Water,,,"[]"
8666065,31500002,Newton 13,Jasper,07080105,Well,Alluvium,41.65389,-93.11648,08/04/2005 13:05:00,GWM,NIT-KJELD,Kjeldahl nitrogen (AS N),Total,,,,0.11,mg/l,True,0.1,,,351.2,USGSGWM,Actual,GW,Water,,,"[]"
8666065,31500002,Newton 13,Jasper,07080105,Well,Alluvium,41.65389,-93.11648,08/04/2005 13:05:00,GWM,NIT-NO3-NO2,Nitrate + Nitrite (AS N),Total,,,,9.1,mg/l,True,0.05,,,353.2,USGSGWM,Actual,GW,Water,,,"[]"
8666065,31500002,Newton 13,Jasper,07080105,Well,Alluvium,41.65389,-93.11648,08/04/2005 13:05:00,GWM,14265-44-2,Orthophosphate (AS P),Dissolved,,,,0.1,mg/l,True,0.02,,,365.1,USGSGWM,Actual,GW,Water,,,"[]"
8666065,31500002,Newton 13,Jasper,07080105,Well,Alluvium,41.65389,-93.11648,08/04/2005 13:05:00,GWM,PHOSP-PHOSP,"Total Phosphorus, mixed forms (AS P)",Total,,,,0.11,mg/l,True,0.02,,,365.4,USGSGWM,Actual,GW,Water,,,"[]"
8666065,31500002,Newton 13,Jasper,07080105,Well,Alluvium,41.65389,-93.11648,08/04/2005 13:05:00,GWM,NIT-ORGN,Organic Nitrogen,Total,,,,0.11,mg/l,True,0.1,,,LAC10-107-06-2E,USGSGWM,Calculated,GW,Water,,,"[]"
8666065,31500001,Monroe 7,Jasper,07100008,Well,Pennsylvanian,41.51344,-93.10569,08/04/2005 14:25:00,GWM,NIT-AMM,Ammonia-nitrogen (AS N),Total,,,,1.6,mg/l,True,0.05,,,350.1,USGSGWM,Actual,GW,Water,,,"[]"
8666065,31500001,Monroe 7,Jasper,07100008,Well,Pennsylvanian,41.51344,-93.10569,08/04/2005 14:25:00,GWM,NIT-KJELD,Kjeldahl nitrogen (AS N),Total,,,,1.7,mg/l,True,0.1,,,351.2,USGSGWM,Actual,GW,Water,,,"[]"
8666065,31500001,Monroe 7,Jasper,07100008,Well,Pennsylvanian,41.51344,-93.10569,08/04/2005 14:25:00,GWM,NIT-NO3-NO2,Nitrate + Nitrite (AS N),Total,,,,0.05,mg/l,False,0.05,,,353.2,USGSGWM,Actual,GW,Water,,,"[]"
8666065,31500001,Monroe 7,Jasper,07100008,Well,Pennsylvanian,41.51344,-93.10569,08/04/2005 14:25:00,GWM,14265-44-2,Orthophosphate (AS P),Dissolved,,,,0.02,mg/l,False,0.02,,,365.1,USGSGWM,Actual,GW,Water,,,"[]"
8666065,31500001,Monroe 7,Jasper,07100008,Well,Pennsylvanian,41.51344,-93.10569,08/04/2005 14:25:00,GWM,PHOSP-PHOSP,"Total Phosphorus, mixed forms (AS P)",Total,,,,0.04,mg/l,True,0.02,,,365.4,USGSGWM,Actual,GW,Water,,,"[]"
8666065,31500001,Monroe 7,Jasper,07100008,Well,Pennsylvanian,41.51344,-93.10569,08/04/2005 14:25:00,GWM,NIT-ORGN,Organic Nitrogen,Total,,,,0.13,mg/l,True,0.1,,,LAC10-107-06-2E,USGSGWM,Calculated,GW,Water,,,"[]"
8666065,31500002,Newton 13,Jasper,07080105,Well,Alluvium,41.65389,-93.11648,06/06/2006 12:00:00,GWM,NIT-AMM,Ammonia-nitrogen (AS N),Total,,,,0.05,mg/l,False,0.05,,,350.1,USGSGWM,Actual,GW,Water,,,"[]"
8666065,31500002,Newton 13,Jasper,07080105,Well,Alluvium,41.65389,-93.11648,06/06/2006 12:00:00,GWM,NIT-KJELD,Kjeldahl nitrogen (AS N),Total,,,,0.1,mg/l,False,0.1,,,351.2,USGSGWM,Actual,GW,Water,,,"[]"
8666065,31500002,Newton 13,Jasper,07080105,Well,Alluvium,41.65389,-93.11648,06/06/2006 12:00:00,GWM,NIT-NO3-NO2,Nitrate + Nitrite (AS N),Total,,,,6.2,mg/l,True,0.05,,,353.2,USGSGWM,Actual,GW,Water,,,"[]"
8666065,31500002,Newton 13,Jasper,07080105,Well,Alluvium,41.65389,-93.11648,06/06/2006 12:00:00,GWM,14265-44-2,Orthophosphate (AS P),Dissolved,,,,0.06,mg/l,True,0.02,,,365.1,USGSGWM,Actual,GW,Water,,,"[]"
8666065,31500002,Newton 13,Jasper,07080105,Well,Alluvium,41.65389,-93.11648,06/06/2006 12:00:00,GWM,PHOSP-PHOSP,"Total Phosphorus, mixed forms (AS P)",Total,,,,0.1,mg/l,True,0.02,,,365.4,USGSGWM,Actual,GW,Water,,,"[]"
8666065,31500002,Newton 13,Jasper,07080105,Well,Alluvium,41.65389,-93.11648,06/06/2006 12:00:00,GWM,NIT-ORGN,Organic Nitrogen,Total,,,,0.1,mg/l,False,0.1,,,LAC10-107-06-2E,USGSGWM,Calculated,GW,Water,,,"[]"
8666065,31500001,Monroe 7,Jasper,07100008,Well,Pennsylvanian,41.51344,-93.10569,08/02/2006 13:50:00,GWM,NIT-AMM,Ammonia-nitrogen (AS N),Total,,,,1.5,mg/l,True,0.05,,,350.1,USGSGWM,Actual,GW,Water,,,"[]"
8666065,31500001,Monroe 7,Jasper,07100008,Well,Pennsylvanian,41.51344,-93.10569,08/02/2006 13:50:00,GWM,NIT-KJELD,Kjeldahl nitrogen (AS N),Total,,,,1.6,mg/l,True,0.1,,,351.2,USGSGWM,Actual,GW,Water,,,"[]"
8666065,31500001,Monroe 7,Jasper,07100008,Well,Pennsylvanian,41.51344,-93.10569,08/02/2006 13:50:00,GWM,NIT-NO3-NO2,Nitrate + Nitrite (AS N),Total,,,,0.05,mg/l,False,0.05,,,353.2,USGSGWM,Actual,GW,Water,,,"[]"
8666065,31500001,Monroe 7,Jasper,07100008,Well,Pennsylvanian,41.51344,-93.10569,08/02/2006 13:50:00,GWM,14265-44-2,Orthophosphate (AS P),Dissolved,,,,0.02,mg/l,False,0.02,,,365.1,USGSGWM,Actual,GW,Water,,,"[]"
8666065,31500001,Monroe 7,Jasper,07100008,Well,Pennsylvanian,41.51344,-93.10569,08/02/2006 13:50:00,GWM,PHOSP-PHOSP,"Total Phosphorus, mixed forms (AS P)",Total,,,,0.04,mg/l,True,0.02,,,365.4,USGSGWM,Actual,GW,Water,,,"[]"
8666065,31500001,Monroe 7,Jasper,07100008,Well,Pennsylvanian,41.51344,-93.10569,08/02/2006 13:50:00,GWM,NIT-ORGN,Organic Nitrogen,Total,,,,0.1,mg/l,True,0.1,,,LAC10-107-06-2E,USGSGWM,Calculated,GW,Water,,,"[]"
8666065,31500007,Baxter 2,Jasper,07080105,Well,Alluvium,41.83189,-93.20594,08/14/2006 10:45:00,GWM,NIT-AMM,Ammonia-nitrogen (AS N),Total,,,,0.16,mg/l,True,0.05,,,350.1,USGSGWM,Actual,GW,Water,,,"[]"
8666065,31500007,Baxter 2,Jasper,07080105,Well,Alluvium,41.83189,-93.20594,08/14/2006 10:45:00,GWM,NIT-KJELD,Kjeldahl nitrogen (AS N),Total,,,,0.3,mg/l,True,0.1,,,351.2,USGSGWM,Actual,GW,Water,,,"[]"
8666065,31500007,Baxter 2,Jasper,07080105,Well,Alluvium,41.83189,-93.20594,08/14/2006 10:45:00,GWM,NIT-NO3-NO2,Nitrate + Nitrite (AS N),Total,,,,1.4,mg/l,True,0.05,,,353.2,USGSGWM,Actual,GW,Water,,,"[]"
8666065,31500007,Baxter 2,Jasper,07080105,Well,Alluvium,41.83189,-93.20594,08/14/2006 10:45:00,GWM,14265-44-2,Orthophosphate (AS P),Dissolved,,,,0.02,mg/l,False,0.02,,,365.1,USGSGWM,Actual,GW,Water,,,"[]"
8666065,31500007,Baxter 2,Jasper,07080105,Well,Alluvium,41.83189,-93.20594,08/14/2006 10:45:00,GWM,PHOSP-PHOSP,"Total Phosphorus, mixed forms (AS P)",Total,,,,0.06,mg/l,True,0.02,,,365.4,USGSGWM,Actual,GW,Water,,,"[]"
8666065,31500007,Baxter 2,Jasper,07080105,Well,Alluvium,41.83189,-93.20594,08/14/2006 10:45:00,GWM,NIT-ORGN,Organic Nitrogen,Total,,,,0.2,mg/l,True,0.1,,,LAC10-107-06-2E,USGSGWM,Calculated,GW,Water,,,"[]"
8666065,31500002,Newton 13,Jasper,07080105,Well,Alluvium,41.65389,-93.11648,09/18/2012 09:30:00,GWM,NIT-NO3-NO2,Nitrate + Nitrite (AS N),Total,,,,6.3,mg/l,True,0.1,,,LAC10-107-04-1J,GWMPWS,Actual,GW,Water,,,"[]"
8666065,31500002,Newton 13,Jasper,07080105,Well,Alluvium,41.65389,-93.11648,09/18/2012 09:30:00,GWM,NIT-AMM,Ammonia-nitrogen (AS N),Total,,,,0.05,mg/l,False,0.05,,,LAC10-107-06-1J,GWMPWS,Actual,GW,Water,,,"[]"
8666065,31500002,Newton 13,Jasper,07080105,Well,Alluvium,41.65389,-93.11648,09/18/2012 09:30:00,GWM,NIT-KJELD,Kjeldahl nitrogen (AS N),Total,,,,0.1,mg/l,False,0.1,,,LAC10-107-06-2E,GWMPWS,Actual,GW,Water,,,"[]"
8666065,31500002,Newton 13,Jasper,07080105,Well,Alluvium,41.65389,-93.11648,09/18/2012 09:30:00,GWM,14265-44-2,Orthophosphate (AS P),Dissolved,,,,0.09,mg/l,True,0.02,,,LAC10-115-01-1A,GWMPWS,Actual,GW,Water,,,"[]"
8666065,31500002,Newton 13,Jasper,07080105,Well,Alluvium,41.65389,-93.11648,09/18/2012 09:30:00,GWM,PHOSP-PHOSP,"Total Phosphorus, mixed forms (AS P)",Total,,,,0.08,mg/l,True,0.02,,,LAC10-115-01-1D,GWMPWS,Actual,GW,Water,,,"[]"
8666065,31500002,Newton 13,Jasper,07080105,Well,Alluvium,41.65389,-93.11648,10/17/2016 13:15:00,GWM,NIT-NO3-NO2,Nitrate + Nitrite (AS N),Total,,,,10,mg/l,True,0.1,,,LAC10-107-04-1J,GWM,Actual,GW,Water,,,"[]"
8666065,31500002,Newton 13,Jasper,07080105,Well,Alluvium,41.65389,-93.11648,10/17/2016 13:15:00,GWM,NIT-AMM,Ammonia-nitrogen (AS N),Total,,,,0.05,mg/l,False,0.05,,,LAC10-107-06-1J,GWM,Actual,GW,Water,,,"[]"
8666065,31500002,Newton 13,Jasper,07080105,Well,Alluvium,41.65389,-93.11648,11/18/2015 11:00:00,GWM,NIT-NO3-NO2,Nitrate + Nitrite (AS N),Total,,,,8.7,mg/l,True,0.1,,,LAC10-107-04-1J,GWM,Actual,GW,Water,,,"[]"
8666065,31500002,Newton 13,Jasper,07080105,Well,Alluvium,41.65389,-93.11648,11/18/2015 11:00:00,GWM,NIT-AMM,Ammonia-nitrogen (AS N),Total,,,,0.05,mg/l,False,0.05,,,LAC10-107-06-1J,GWM,Actual,GW,Water,,,"[]"
8666065,31500002,Newton 13,Jasper,07080105,Well,Alluvium,41.65389,-93.11648,11/18/2015 11:00:00,GWM,NIT-KJELD,Kjeldahl nitrogen (AS N),Total,,,,0.1,mg/l,False,0.1,,,LAC10-107-06-2E,GWM,Actual,GW,Water,,,"[]"
8666065,31500002,Newton 13,Jasper,07080105,Well,Alluvium,41.65389,-93.11648,11/18/2015 11:00:00,GWM,14265-44-2,Orthophosphate (AS P),Dissolved,,,,0.11,mg/l,True,0.02,,,LAC10-115-01-1A,GWM,Actual,GW,Water,,,"[]"
8666065,31500002,Newton 13,Jasper,07080105,Well,Alluvium,41.65389,-93.11648,11/18/2015 11:00:00,GWM,PHOSP-PHOSP,"Total Phosphorus, mixed forms (AS P)",Total,,,,0.12,mg/l,True,0.02,,,LAC10-115-01-1D,GWM,Actual,GW,Water,,,"[]"
8666065,31500002,Newton 13,Jasper,07080105,Well,Alluvium,41.65389,-93.11648,01/15/2015 12:30:00,GWM,NIT-NO3-NO2,Nitrate + Nitrite (AS N),Total,,,,8,mg/l,True,0.1,,,LAC10-107-04-1J,GWM,Actual,GW,Water,,,"[]"
8666065,31500002,Newton 13,Jasper,07080105,Well,Alluvium,41.65389,-93.11648,01/15/2015 12:30:00,GWM,NIT-AMM,Ammonia-nitrogen (AS N),Total,,,,0.05,mg/l,False,0.05,,,LAC10-107-06-1J,GWM,Actual,GW,Water,,,"[]"
8666065,31500002,Newton 13,Jasper,07080105,Well,Alluvium,41.65389,-93.11648,01/15/2015 12:30:00,GWM,NIT-KJELD,Kjeldahl nitrogen (AS N),Total,,,,0.1,mg/l,False,0.1,,,LAC10-107-06-2E,GWM,Actual,GW,Water,,,"[]"
8666065,31500002,Newton 13,Jasper,07080105,Well,Alluvium,41.65389,-93.11648,01/15/2015 12:30:00,GWM,14265-44-2,Orthophosphate (AS P),Dissolved,,,,0.11,mg/l,True,0.02,,,LAC10-115-01-1A,GWM,Actual,GW,Water,,,"[]"
8666065,31500002,Newton 13,Jasper,07080105,Well,Alluvium,41.65389,-93.11648,01/15/2015 12:30:00,GWM,PHOSP-PHOSP,"Total Phosphorus, mixed forms (AS P)",Total,,,,0.14,mg/l,True,0.02,,,LAC10-115-01-1D,GWM,Actual,GW,Water,,,"[]"
8666065,31500002,Newton 13,Jasper,07080105,Well,Alluvium,41.65389,-93.11648,10/24/2017 11:00:00,GWM,NIT-NO3-NO2,Nitrate + Nitrite (AS N),None,,,,9.8,mg/l,True,0.1,,,LAC10-107-06-1J,GWM,Actual,GW,Water,,Improper sample container was received for the test requested.,"[]"
8666065,31500002,Newton 13,Jasper,07080105,Well,Alluvium,41.65389,-93.11648,10/24/2017 11:00:00,GWM,NIT-AMM,Ammonia-nitrogen (AS N),None,,,,0.05,mg/l,False,0.05,,,LAC10-107-06-1J,GWM,Actual,GW,Water,,Improper sample container was received for the test requested.,"[]"
8666065,31500002,Newton 13,Jasper,07080105,Well,Alluvium,41.65389,-93.11648,11/27/2017 00:00:00,GWM,NIT-NO3-NO2,Nitrate + Nitrite,None,,,,2.15,mg/l,True,0.01,,0.01,353.2,GWM001,,GW,Water,,,"[]"
8666065,31500002,Newton 13,Jasper,07080105,Well,Alluvium,41.65389,-93.11648,12/18/2018 12:00:00,GWM,NIT-AMM,Ammonia-nitrogen (AS N),None,,,,0.05,mg/l,False,0.05,,,LAC10-107-06-1J,GWM,Actual,GW,Water,,,"[]"
8666065,31500002,Newton 13,Jasper,07080105,Well,Alluvium,41.65389,-93.11648,12/18/2018 12:00:00,GWM,NIT-NO3-NO2,Nitrate + Nitrite (AS N),None,,,,11,mg/l,True,0.5,,,LAC10-107-06-1J,GWM,Actual,GW,Water,,,"[]"
8666065,31500002,Newton 13,Jasper,07080105,Well,Alluvium,41.65389,-93.11648,12/18/2018 12:00:00,GWM,14265-44-2,Orthophosphate (AS P),Dissolved,,,,0.1,mg/l,True,0.02,,,LAC10-115-01-1A,GWM,Actual,GW,Water,,,"[]"
8666065,31500002,Newton 13,Jasper,07080105,Well,Alluvium,41.65389,-93.11648,11/26/2019 08:45:00,GWM,NIT-AMM,Ammonia-nitrogen (AS N),None,,,,0.05,mg/l,False,0.05,,,LAC10-107-06-1J,GWM,Actual,GW,Water,,,"[]"
8666065,31500002,Newton 13,Jasper,07080105,Well,Alluvium,41.65389,-93.11648,11/26/2019 08:45:00,GWM,NIT-NO3-NO2,Nitrate + Nitrite (AS N),None,,,,9.2,mg/l,True,0.1,,,LAC10-107-06-1J,GWM,Actual,GW,Water,,,"[]"
8666065,31500002,Newton 13,Jasper,07080105,Well,Alluvium,41.65389,-93.11648,05/02/2023 10:10:00,GWM,NIT-NO3-NO2,Nitrate + Nitrite (AS N),Total,,,,12,mg/l,True,0.1,,,LAC10-107-04-1J,GWM,Actual,GW,Water,,,"[]"
8666065,31500002,Newton 13,Jasper,07080105,Well,Alluvium,41.65389,-93.11648,05/02/2023 10:10:00,GWM,NIT-AMM,Ammonia-nitrogen (AS N),Total,,,,0.1,mg/l,False,0.1,,,LAC10-107-06-1J,GWM,Actual,GW,Water,,,"[]"
8666065,31500002,Newton 13,Jasper,07080105,Well,Alluvium,41.65389,-93.11648,02/08/2021 09:00:00,GWM,NIT-NO3-NO2,Nitrate + Nitrite (AS N),None,,,,14,mg/l,True,0.1,,,LAC10-107-06-1J,GWM,Actual,GW,Water,,,"[]"
8666065,31500002,Newton 13,Jasper,07080105,Well,Alluvium,41.65389,-93.11648,02/08/2021 09:00:00,GWM,NIT-AMM,Ammonia-nitrogen (AS N),None,,,,0.05,mg/l,False,0.05,,,LAC10-107-06-1J,GWM,Actual,GW,Water,,,"[]"
