facilityID,siteID,name,county,huc8,type,aquifer,latitude,longitude,sampleDate,projectCode,cas_rn,analyte,fraction,relDepth,sampDepth,sampDepthUnit,result,unit,detect,detectLimit,quantFlag,quantLimit,method,colMethod,resultType,matrix,medium,qualFlag,remark,xParams
8666065,31510001,Fairfield 94-1,Jefferson,07080107,Well,Cambrian-Ordovician,41.011225,-91.935943,08/01/2002 09:00:00,GWM,NIT-NO3-NO2,Nitrate + Nitrite (AS N),Total,,,,0.1,mg/l,False,0.1,,,353.2,USGSGWM,Actual,GW,Water,,,"[]"
8666065,31510001,Fairfield 94-1,Jefferson,07080107,Well,Cambrian-Ordovician,41.011225,-91.935943,08/01/2002 09:00:00,GWM,NIT-AMM,Ammonia-nitrogen (AS N),Total,,,,1.3,mg/l,True,0.05,,,LAC10-107-06-1J,USGSGWM,Actual,GW,Water,,,"[]"
8666065,31510001,Fairfield 94-1,Jefferson,07080107,Well,Cambrian-Ordovician,41.011225,-91.935943,08/01/2002 09:00:00,GWM,NIT-ORGN,Organic Nitrogen (AS N),Total,,,,0.18,mg/l,True,0.05,,,LAC10-107-06-2E,USGSGWM,Calculated,GW,Water,,,"[]"
8666065,31510001,Fairfield 94-1,Jefferson,07080107,Well,Cambrian-Ordovician,41.011225,-91.935943,08/01/2002 09:00:00,GWM,14265-44-2,Orthophosphate (AS P),Dissolved,,,,0.05,mg/l,False,0.05,,,LAC10-115-01-1A,USGSGWM,Actual,GW,Water,,,"[]"
8666065,31510001,Fairfield 94-1,Jefferson,07080107,Well,Cambrian-Ordovician,41.011225,-91.935943,08/01/2002 09:00:00,GWM,PHOSP-PHOSP,"Total Phosphorus, mixed forms (AS P)",Total,,,,0.05,mg/l,False,0.05,,,LAC10-115-01-1C,USGSGWM,Actual,GW,Water,,,"[]"
8666065,31510001,Fairfield 94-1,Jefferson,07080107,Well,Cambrian-Ordovician,41.011225,-91.935943,08/01/2002 09:00:00,GWM,NIT-KJELD,Kjeldahl nitrogen (AS N),Total,,,,1.5,mg/l,True,0.05,,,PAI DK03,USGSGWM,Actual,GW,Water,,,"[]"
8666065,31510001,Fairfield 94-1,Jefferson,07080107,Well,Cambrian-Ordovician,41.011225,-91.935943,08/22/2003 09:10:00,GWM,NIT-AMM,Ammonia-nitrogen (AS N),Total,,,,1.3,mg/l,True,0.05,,,350.1,USGSGWM,Actual,GW,Water,,,"[]"
8666065,31510001,Fairfield 94-1,Jefferson,07080107,Well,Cambrian-Ordovician,41.011225,-91.935943,08/22/2003 09:10:00,GWM,NIT-NO3-NO2,Nitrate + Nitrite (AS N),Total,,,,0.1,mg/l,False,0.1,,,353.2,USGSGWM,Actual,GW,Water,,,"[]"
8666065,31510001,Fairfield 94-1,Jefferson,07080107,Well,Cambrian-Ordovician,41.011225,-91.935943,08/22/2003 09:10:00,GWM,14265-44-2,Orthophosphate (AS P),Dissolved,,,,0.02,mg/l,False,0.02,,,365.1,USGSGWM,Actual,GW,Water,,,"[]"
8666065,31510001,Fairfield 94-1,Jefferson,07080107,Well,Cambrian-Ordovician,41.011225,-91.935943,08/22/2003 09:10:00,GWM,PHOSP-PHOSP,"Total Phosphorus, mixed forms (AS P)",Total,,,,0.02,mg/l,False,0.02,,,365.4,USGSGWM,Actual,GW,Water,,,"[]"
8666065,31510001,Fairfield 94-1,Jefferson,07080107,Well,Cambrian-Ordovician,41.011225,-91.935943,08/22/2003 09:10:00,GWM,NIT-ORGN,Organic Nitrogen (AS N),Total,,,,0.29,mg/l,True,0.05,,,LAC10-107-06-2E,USGSGWM,Calculated,GW,Water,,,"[]"
8666065,31510001,Fairfield 94-1,Jefferson,07080107,Well,Cambrian-Ordovician,41.011225,-91.935943,08/22/2003 09:10:00,GWM,NIT-KJELD,Kjeldahl nitrogen (AS N),Total,,,,1.6,mg/l,True,0.05,,,PAI DK03,USGSGWM,Actual,GW,Water,,,"[]"
8666065,31510001,Fairfield 94-1,Jefferson,07080107,Well,Cambrian-Ordovician,41.011225,-91.935943,07/19/2004 10:45:00,GWM,NIT-AMM,Ammonia-nitrogen (AS N),Total,,,,1.3,mg/l,True,0.05,,,350.1,USGSGWM,Actual,GW,Water,,,"[]"
8666065,31510001,Fairfield 94-1,Jefferson,07080107,Well,Cambrian-Ordovician,41.011225,-91.935943,07/19/2004 10:45:00,GWM,NIT-NO3-NO2,Nitrate + Nitrite (AS N),Total,,,,0.05,mg/l,False,0.05,,,353.2,USGSGWM,Actual,GW,Water,,,"[]"
8666065,31510001,Fairfield 94-1,Jefferson,07080107,Well,Cambrian-Ordovician,41.011225,-91.935943,07/19/2004 10:45:00,GWM,14265-44-2,Orthophosphate (AS P),Dissolved,,,,0.02,mg/l,False,0.02,,,365.1,USGSGWM,Actual,GW,Water,,,"[]"
8666065,31510001,Fairfield 94-1,Jefferson,07080107,Well,Cambrian-Ordovician,41.011225,-91.935943,07/19/2004 10:45:00,GWM,PHOSP-PHOSP,"Total Phosphorus, mixed forms (AS P)",Total,,,,0.02,mg/l,False,0.02,,,365.4,USGSGWM,Actual,GW,Water,,,"[]"
8666065,31510001,Fairfield 94-1,Jefferson,07080107,Well,Cambrian-Ordovician,41.011225,-91.935943,07/19/2004 10:45:00,GWM,NIT-ORGN,Organic Nitrogen,Total,,,,0.17,mg/l,True,0.05,,,LAC10-107-06-2E,USGSGWM,Calculated,GW,Water,,,"[]"
8666065,31510001,Fairfield 94-1,Jefferson,07080107,Well,Cambrian-Ordovician,41.011225,-91.935943,08/30/2005 14:25:00,GWM,NIT-AMM,Ammonia-nitrogen (AS N),Total,,,,1.3,mg/l,True,0.05,,,350.1,USGSGWM,Actual,GW,Water,,,"[]"
8666065,31510001,Fairfield 94-1,Jefferson,07080107,Well,Cambrian-Ordovician,41.011225,-91.935943,08/30/2005 14:25:00,GWM,NIT-KJELD,Kjeldahl nitrogen (AS N),Total,,,,1.3,mg/l,True,0.1,,,351.2,USGSGWM,Actual,GW,Water,,,"[]"
8666065,31510001,Fairfield 94-1,Jefferson,07080107,Well,Cambrian-Ordovician,41.011225,-91.935943,08/30/2005 14:25:00,GWM,NIT-NO3-NO2,Nitrate + Nitrite (AS N),Total,,,,0.05,mg/l,False,0.05,,,353.2,USGSGWM,Actual,GW,Water,,,"[]"
8666065,31510001,Fairfield 94-1,Jefferson,07080107,Well,Cambrian-Ordovician,41.011225,-91.935943,08/30/2005 14:25:00,GWM,14265-44-2,Orthophosphate (AS P),Dissolved,,,,0.02,mg/l,False,0.02,,,365.1,USGSGWM,Actual,GW,Water,,,"[]"
8666065,31510001,Fairfield 94-1,Jefferson,07080107,Well,Cambrian-Ordovician,41.011225,-91.935943,08/30/2005 14:25:00,GWM,PHOSP-PHOSP,"Total Phosphorus, mixed forms (AS P)",Total,,,,0.09,mg/l,True,0.02,,,365.4,USGSGWM,Actual,GW,Water,,,"[]"
8666065,31510001,Fairfield 94-1,Jefferson,07080107,Well,Cambrian-Ordovician,41.011225,-91.935943,08/30/2005 14:25:00,GWM,NIT-ORGN,Organic Nitrogen,Total,,,,0.1,mg/l,False,0.1,,,LAC10-107-06-2E,USGSGWM,Calculated,GW,Water,,,"[]"
8666065,31510001,Fairfield 94-1,Jefferson,07080107,Well,Cambrian-Ordovician,41.011225,-91.935943,07/06/2006 14:30:00,GWM,NIT-AMM,Ammonia-nitrogen (AS N),Total,,,,1.2,mg/l,True,0.05,,,350.1,USGSGWM,Actual,GW,Water,,,"[]"
8666065,31510001,Fairfield 94-1,Jefferson,07080107,Well,Cambrian-Ordovician,41.011225,-91.935943,07/06/2006 14:30:00,GWM,NIT-KJELD,Kjeldahl nitrogen (AS N),Total,,,,1.5,mg/l,True,0.1,,,351.2,USGSGWM,Actual,GW,Water,,,"[]"
8666065,31510001,Fairfield 94-1,Jefferson,07080107,Well,Cambrian-Ordovician,41.011225,-91.935943,07/06/2006 14:30:00,GWM,NIT-NO3-NO2,Nitrate + Nitrite (AS N),Total,,,,0.05,mg/l,False,0.05,,,353.2,USGSGWM,Actual,GW,Water,,,"[]"
8666065,31510001,Fairfield 94-1,Jefferson,07080107,Well,Cambrian-Ordovician,41.011225,-91.935943,07/06/2006 14:30:00,GWM,14265-44-2,Orthophosphate (AS P),Dissolved,,,,0.02,mg/l,False,0.02,,,365.1,USGSGWM,Actual,GW,Water,,,"[]"
8666065,31510001,Fairfield 94-1,Jefferson,07080107,Well,Cambrian-Ordovician,41.011225,-91.935943,07/06/2006 14:30:00,GWM,PHOSP-PHOSP,"Total Phosphorus, mixed forms (AS P)",Total,,,,0.02,mg/l,True,0.02,,,365.4,USGSGWM,Actual,GW,Water,,,"[]"
8666065,31510001,Fairfield 94-1,Jefferson,07080107,Well,Cambrian-Ordovician,41.011225,-91.935943,07/06/2006 14:30:00,GWM,NIT-ORGN,Organic Nitrogen,Total,,,,0.3,mg/l,True,0.1,,,LAC10-107-06-2E,USGSGWM,Calculated,GW,Water,,,"[]"
8666065,31510001,Fairfield 94-1,Jefferson,07080107,Well,Cambrian-Ordovician,41.011225,-91.935943,08/21/2012 08:30:00,GWM,NIT-NO3-NO2,Nitrate + Nitrite (AS N),Total,,,,0.1,mg/l,False,0.1,,,LAC10-107-04-1J,GWMPWS,Actual,GW,Water,,,"[]"
8666065,31510001,Fairfield 94-1,Jefferson,07080107,Well,Cambrian-Ordovician,41.011225,-91.935943,08/21/2012 08:30:00,GWM,NIT-AMM,Ammonia-nitrogen (AS N),Total,,,,1.2,mg/l,True,0.05,,,LAC10-107-06-1J,GWMPWS,Actual,GW,Water,,,"[]"
8666065,31510001,Fairfield 94-1,Jefferson,07080107,Well,Cambrian-Ordovician,41.011225,-91.935943,08/21/2012 08:30:00,GWM,NIT-KJELD,Kjeldahl nitrogen (AS N),Total,,,,1.5,mg/l,True,0.1,,,LAC10-107-06-2E,GWMPWS,Actual,GW,Water,,,"[]"
8666065,31510001,Fairfield 94-1,Jefferson,07080107,Well,Cambrian-Ordovician,41.011225,-91.935943,08/21/2012 08:30:00,GWM,14265-44-2,Orthophosphate (AS P),Dissolved,,,,0.02,mg/l,False,0.02,,,LAC10-115-01-1A,GWMPWS,Actual,GW,Water,,,"[]"
8666065,31510001,Fairfield 94-1,Jefferson,07080107,Well,Cambrian-Ordovician,41.011225,-91.935943,08/21/2012 08:30:00,GWM,PHOSP-PHOSP,"Total Phosphorus, mixed forms (AS P)",Total,,,,0.02,mg/l,False,0.02,,,LAC10-115-01-1D,GWMPWS,Actual,GW,Water,,,"[]"
8666065,31510001,Fairfield 94-1,Jefferson,07080107,Well,Cambrian-Ordovician,41.011225,-91.935943,10/12/2016 12:50:00,GWM,NIT-NO3-NO2,Nitrate + Nitrite (AS N),Total,,,,0.1,mg/l,False,0.1,,,LAC10-107-04-1J,GWM,Actual,GW,Water,,,"[]"
8666065,31510001,Fairfield 94-1,Jefferson,07080107,Well,Cambrian-Ordovician,41.011225,-91.935943,10/12/2016 12:50:00,GWM,NIT-AMM,Ammonia-nitrogen (AS N),Total,,,,1.4,mg/l,True,0.1,,,LAC10-107-06-1J,GWM,Actual,GW,Water,,,"[]"
8666065,31510001,Fairfield 94-1,Jefferson,07080107,Well,Cambrian-Ordovician,41.011225,-91.935943,04/03/2013 13:15:00,GWM,NIT-NO3-NO2,Nitrate + Nitrite (AS N),Total,,,,0.1,mg/l,False,0.1,,,LAC10-107-04-1J,GWM,Actual,GW,Water,,,"[]"
8666065,31510001,Fairfield 94-1,Jefferson,07080107,Well,Cambrian-Ordovician,41.011225,-91.935943,04/03/2013 13:15:00,GWM,NIT-AMM,Ammonia-nitrogen (AS N),Total,,,,1.4,mg/l,True,0.05,,,LAC10-107-06-1J,GWM,Actual,GW,Water,,,"[]"
8666065,31510001,Fairfield 94-1,Jefferson,07080107,Well,Cambrian-Ordovician,41.011225,-91.935943,04/03/2013 13:15:00,GWM,NIT-KJELD,Kjeldahl nitrogen (AS N),Total,,,,1.5,mg/l,True,0.1,,,LAC10-107-06-2E,GWM,Actual,GW,Water,,,"[]"
8666065,31510001,Fairfield 94-1,Jefferson,07080107,Well,Cambrian-Ordovician,41.011225,-91.935943,04/03/2013 13:15:00,GWM,14265-44-2,Orthophosphate (AS P),Dissolved,,,,0.02,mg/l,False,0.02,,,LAC10-115-01-1A,GWM,Actual,GW,Water,,,"[]"
8666065,31510001,Fairfield 94-1,Jefferson,07080107,Well,Cambrian-Ordovician,41.011225,-91.935943,04/03/2013 13:15:00,GWM,PHOSP-PHOSP,"Total Phosphorus, mixed forms (AS P)",Total,,,,0.02,mg/l,False,0.02,,,LAC10-115-01-1D,GWM,Actual,GW,Water,,,"[]"
8666065,31510001,Fairfield 94-1,Jefferson,07080107,Well,Cambrian-Ordovician,41.011225,-91.935943,11/13/2017 10:30:00,GWM,NIT-NO3-NO2,Nitrate + Nitrite (AS N),None,,,,0.1,mg/l,False,0.1,,,LAC10-107-06-1J,GWM,Actual,GW,Water,,,"[]"
8666065,31510001,Fairfield 94-1,Jefferson,07080107,Well,Cambrian-Ordovician,41.011225,-91.935943,11/13/2017 10:30:00,GWM,NIT-AMM,Ammonia-nitrogen (AS N),None,,,,1.4,mg/l,True,0.1,,,LAC10-107-06-1J,GWM,Actual,GW,Water,,,"[]"
