facilityID,siteID,name,county,huc8,type,aquifer,latitude,longitude,sampleDate,projectCode,cas_rn,analyte,fraction,relDepth,sampDepth,sampDepthUnit,result,unit,detect,detectLimit,quantFlag,quantLimit,method,colMethod,resultType,matrix,medium,qualFlag,remark,xParams
8666065,31520003,North Liberty 3,Johnson,07080209,Well,Silurian-Devonian,41.746,-91.59346,07/18/2003 11:00:00,GWM,NIT-AMM,Ammonia-nitrogen (AS N),Total,,,,1.6,mg/l,True,0.05,,,350.1,USGSGWM,Actual,GW,Water,,,"[]"
8666065,31520003,North Liberty 3,Johnson,07080209,Well,Silurian-Devonian,41.746,-91.59346,07/18/2003 11:00:00,GWM,NIT-NO3-NO2,Nitrate + Nitrite (AS N),Total,,,,0.1,mg/l,False,0.1,,,353.2,USGSGWM,Actual,GW,Water,,,"[]"
8666065,31520003,North Liberty 3,Johnson,07080209,Well,Silurian-Devonian,41.746,-91.59346,07/18/2003 11:00:00,GWM,14265-44-2,Orthophosphate (AS P),Dissolved,,,,0.02,mg/l,False,0.02,,,365.1,USGSGWM,Actual,GW,Water,,,"[]"
8666065,31520003,North Liberty 3,Johnson,07080209,Well,Silurian-Devonian,41.746,-91.59346,07/18/2003 11:00:00,GWM,PHOSP-PHOSP,"Total Phosphorus, mixed forms (AS P)",Total,,,,0.02,mg/l,False,0.02,,,365.4,USGSGWM,Actual,GW,Water,,,"[]"
8666065,31520003,North Liberty 3,Johnson,07080209,Well,Silurian-Devonian,41.746,-91.59346,07/18/2003 11:00:00,GWM,NIT-ORGN,Organic Nitrogen (AS N),Total,,,,0.05,mg/l,False,0.05,,,LAC10-107-06-2E,USGSGWM,Calculated,GW,Water,,,"[]"
8666065,31520003,North Liberty 3,Johnson,07080209,Well,Silurian-Devonian,41.746,-91.59346,07/18/2003 11:00:00,GWM,NIT-KJELD,Kjeldahl nitrogen (AS N),Total,,,,1.6,mg/l,True,0.05,,,PAI DK03,USGSGWM,Actual,GW,Water,,,"[]"
8666065,31520002,North Liberty 2,Johnson,07080209,Well,Silurian-Devonian,41.741764,-91.590969,07/18/2003 09:30:00,GWM,NIT-AMM,Ammonia-nitrogen (AS N),Total,,,,1.3,mg/l,True,0.05,,,350.1,USGSGWM,Actual,GW,Water,,,"[]"
8666065,31520002,North Liberty 2,Johnson,07080209,Well,Silurian-Devonian,41.741764,-91.590969,07/18/2003 09:30:00,GWM,NIT-NO3-NO2,Nitrate + Nitrite (AS N),Total,,,,0.2,mg/l,True,0.1,,,353.2,USGSGWM,Actual,GW,Water,,,"[]"
8666065,31520002,North Liberty 2,Johnson,07080209,Well,Silurian-Devonian,41.741764,-91.590969,07/18/2003 09:30:00,GWM,14265-44-2,Orthophosphate (AS P),Dissolved,,,,0.02,mg/l,False,0.02,,,365.1,USGSGWM,Actual,GW,Water,,,"[]"
8666065,31520002,North Liberty 2,Johnson,07080209,Well,Silurian-Devonian,41.741764,-91.590969,07/18/2003 09:30:00,GWM,PHOSP-PHOSP,"Total Phosphorus, mixed forms (AS P)",Total,,,,0.02,mg/l,False,0.02,,,365.4,USGSGWM,Actual,GW,Water,,,"[]"
8666065,31520002,North Liberty 2,Johnson,07080209,Well,Silurian-Devonian,41.741764,-91.590969,07/18/2003 09:30:00,GWM,NIT-ORGN,Organic Nitrogen (AS N),Total,,,,0.05,mg/l,False,0.05,,,LAC10-107-06-2E,USGSGWM,Calculated,GW,Water,,,"[]"
8666065,31520002,North Liberty 2,Johnson,07080209,Well,Silurian-Devonian,41.741764,-91.590969,07/18/2003 09:30:00,GWM,NIT-KJELD,Kjeldahl nitrogen (AS N),Total,,,,1.3,mg/l,True,0.05,,,PAI DK03,USGSGWM,Actual,GW,Water,,,"[]"
8666065,31520004,Solon 2,Johnson,07080208,Well,Silurian,41.799131,-91.492296,07/21/2003 08:30:00,GWM,NIT-AMM,Ammonia-nitrogen (AS N),Total,,,,0.07,mg/l,True,0.05,,,350.1,USGSGWM,Actual,GW,Water,,,"[]"
8666065,31520004,Solon 2,Johnson,07080208,Well,Silurian,41.799131,-91.492296,07/21/2003 08:30:00,GWM,NIT-NO3-NO2,Nitrate + Nitrite (AS N),Total,,,,0.1,mg/l,False,0.1,,,353.2,USGSGWM,Actual,GW,Water,,,"[]"
8666065,31520004,Solon 2,Johnson,07080208,Well,Silurian,41.799131,-91.492296,07/21/2003 08:30:00,GWM,14265-44-2,Orthophosphate (AS P),Dissolved,,,,0.02,mg/l,False,0.02,,,365.1,USGSGWM,Actual,GW,Water,,,"[]"
8666065,31520004,Solon 2,Johnson,07080208,Well,Silurian,41.799131,-91.492296,07/21/2003 08:30:00,GWM,PHOSP-PHOSP,"Total Phosphorus, mixed forms (AS P)",Total,,,,0.2,mg/l,True,0.02,,,365.4,USGSGWM,Actual,GW,Water,,,"[]"
8666065,31520004,Solon 2,Johnson,07080208,Well,Silurian,41.799131,-91.492296,07/21/2003 08:30:00,GWM,NIT-ORGN,Organic Nitrogen (AS N),Total,,,,0.05,mg/l,False,0.05,,,LAC10-107-06-2E,USGSGWM,Calculated,GW,Water,,,"[]"
8666065,31520004,Solon 2,Johnson,07080208,Well,Silurian,41.799131,-91.492296,07/21/2003 08:30:00,GWM,NIT-KJELD,Kjeldahl nitrogen (AS N),Total,,,,0.11,mg/l,True,0.05,,,PAI DK03,USGSGWM,Actual,GW,Water,,,"[]"
8666065,31520001,Coralville 7,Johnson,07080209,Well,Buried Sand Gravel,41.68629,-91.58491,08/14/2006 15:00:00,GWM,NIT-AMM,Ammonia-nitrogen (AS N),Total,,,,0.05,mg/l,True,0.05,,,350.1,USGSGWM,Actual,GW,Water,,,"[]"
8666065,31520001,Coralville 7,Johnson,07080209,Well,Buried Sand Gravel,41.68629,-91.58491,08/14/2006 15:00:00,GWM,NIT-KJELD,Kjeldahl nitrogen (AS N),Total,,,,0.2,mg/l,True,0.1,,,351.2,USGSGWM,Actual,GW,Water,,,"[]"
8666065,31520001,Coralville 7,Johnson,07080209,Well,Buried Sand Gravel,41.68629,-91.58491,08/14/2006 15:00:00,GWM,NIT-NO3-NO2,Nitrate + Nitrite (AS N),Total,,,,0.57,mg/l,True,0.05,,,353.2,USGSGWM,Actual,GW,Water,,,"[]"
8666065,31520001,Coralville 7,Johnson,07080209,Well,Buried Sand Gravel,41.68629,-91.58491,08/14/2006 15:00:00,GWM,14265-44-2,Orthophosphate (AS P),Dissolved,,,,0.02,mg/l,True,0.02,,,365.1,USGSGWM,Actual,GW,Water,,,"[]"
8666065,31520001,Coralville 7,Johnson,07080209,Well,Buried Sand Gravel,41.68629,-91.58491,08/14/2006 15:00:00,GWM,PHOSP-PHOSP,"Total Phosphorus, mixed forms (AS P)",Total,,,,0.06,mg/l,True,0.02,,,365.4,USGSGWM,Actual,GW,Water,,,"[]"
8666065,31520001,Coralville 7,Johnson,07080209,Well,Buried Sand Gravel,41.68629,-91.58491,08/14/2006 15:00:00,GWM,NIT-ORGN,Organic Nitrogen,Total,,,,0.2,mg/l,True,0.1,,,LAC10-107-06-2E,USGSGWM,Calculated,GW,Water,,,"[]"
8666065,31520005,Coralville 10,Johnson,07080209,Well,Cambrian-Ordovician,41.6957668019,-91.5836610349,10/03/2016 09:25:00,GWM,NIT-NO3-NO2,Nitrate + Nitrite (AS N),Total,,,,0.1,mg/l,False,0.1,,,LAC10-107-04-1J,GWM,Actual,GW,Water,,,"[]"
8666065,31520005,Coralville 10,Johnson,07080209,Well,Cambrian-Ordovician,41.6957668019,-91.5836610349,10/03/2016 09:25:00,GWM,NIT-AMM,Ammonia-nitrogen (AS N),Total,,,,1.4,mg/l,True,0.05,,,LAC10-107-06-1J,GWM,Actual,GW,Water,,,"[]"
8666065,31520007,Riverview Estates 1,Johnson,07080209,Well,Silurian-Devonian,41.715606536,-91.5378191416,10/05/2016 12:45:00,GWM,NIT-NO3-NO2,Nitrate + Nitrite (AS N),Total,,,,0.1,mg/l,False,0.1,,,LAC10-107-04-1J,GWM,Actual,GW,Water,,,"[]"
8666065,31520007,Riverview Estates 1,Johnson,07080209,Well,Silurian-Devonian,41.715606536,-91.5378191416,10/05/2016 12:45:00,GWM,NIT-AMM,Ammonia-nitrogen (AS N),Total,,,,1.3,mg/l,True,0.05,,,LAC10-107-06-1J,GWM,Actual,GW,Water,,,"[]"
8666065,31520006,Orchard View Estates 1,Johnson,07080209,Well,Silurian-Devonian,41.7202099705,-91.4684300574,10/05/2016 11:40:00,GWM,NIT-NO3-NO2,Nitrate + Nitrite (AS N),Total,,,,0.1,mg/l,False,0.1,,,LAC10-107-04-1J,GWM,Actual,GW,Water,,,"[]"
8666065,31520006,Orchard View Estates 1,Johnson,07080209,Well,Silurian-Devonian,41.7202099705,-91.4684300574,10/05/2016 11:40:00,GWM,NIT-AMM,Ammonia-nitrogen (AS N),Total,,,,0.41,mg/l,True,0.05,,,LAC10-107-06-1J,GWM,Actual,GW,Water,,,"[]"
8666065,31520007,Riverview Estates 1,Johnson,07080209,Well,Silurian-Devonian,41.715606536,-91.5378191416,12/02/2015 13:15:00,GWM,NIT-NO3-NO2,Nitrate + Nitrite (AS N),Total,,,,0.1,mg/l,False,0.1,,,LAC10-107-04-1J,GWM,Actual,GW,Water,,,"[]"
8666065,31520007,Riverview Estates 1,Johnson,07080209,Well,Silurian-Devonian,41.715606536,-91.5378191416,12/02/2015 13:15:00,GWM,NIT-AMM,Ammonia-nitrogen (AS N),Total,,,,1.3,mg/l,True,0.05,,,LAC10-107-06-1J,GWM,Actual,GW,Water,,,"[]"
8666065,31520007,Riverview Estates 1,Johnson,07080209,Well,Silurian-Devonian,41.715606536,-91.5378191416,12/02/2015 13:15:00,GWM,NIT-KJELD,Kjeldahl nitrogen (AS N),Total,,,,1.7,mg/l,True,0.1,,,LAC10-107-06-2E,GWM,Actual,GW,Water,,,"[]"
8666065,31520007,Riverview Estates 1,Johnson,07080209,Well,Silurian-Devonian,41.715606536,-91.5378191416,12/02/2015 13:15:00,GWM,14265-44-2,Orthophosphate (AS P),Dissolved,,,,0.02,mg/l,False,0.02,,,LAC10-115-01-1A,GWM,Actual,GW,Water,,,"[]"
8666065,31520007,Riverview Estates 1,Johnson,07080209,Well,Silurian-Devonian,41.715606536,-91.5378191416,12/02/2015 13:15:00,GWM,PHOSP-PHOSP,"Total Phosphorus, mixed forms (AS P)",Total,,,,0.02,mg/l,False,0.02,,,LAC10-115-01-1D,GWM,Actual,GW,Water,,,"[]"
8666065,31520006,Orchard View Estates 1,Johnson,07080209,Well,Silurian-Devonian,41.7202099705,-91.4684300574,12/09/2015 10:30:00,GWM,NIT-NO3-NO2,Nitrate + Nitrite (AS N),Total,,,,0.1,mg/l,False,0.1,,,LAC10-107-04-1J,GWM,Actual,GW,Water,,,"[]"
8666065,31520006,Orchard View Estates 1,Johnson,07080209,Well,Silurian-Devonian,41.7202099705,-91.4684300574,12/09/2015 10:30:00,GWM,NIT-AMM,Ammonia-nitrogen (AS N),Total,,,,0.34,mg/l,True,0.05,,,LAC10-107-06-1J,GWM,Actual,GW,Water,,,"[]"
8666065,31520006,Orchard View Estates 1,Johnson,07080209,Well,Silurian-Devonian,41.7202099705,-91.4684300574,12/09/2015 10:30:00,GWM,NIT-KJELD,Kjeldahl nitrogen (AS N),Total,,,,0.4,mg/l,True,0.1,,,LAC10-107-06-2E,GWM,Actual,GW,Water,,,"[]"
8666065,31520006,Orchard View Estates 1,Johnson,07080209,Well,Silurian-Devonian,41.7202099705,-91.4684300574,12/09/2015 10:30:00,GWM,14265-44-2,Orthophosphate (AS P),Dissolved,,,,0.02,mg/l,False,0.02,,,LAC10-115-01-1A,GWM,Actual,GW,Water,,,"[]"
8666065,31520006,Orchard View Estates 1,Johnson,07080209,Well,Silurian-Devonian,41.7202099705,-91.4684300574,12/09/2015 10:30:00,GWM,PHOSP-PHOSP,"Total Phosphorus, mixed forms (AS P)",Total,,,,0.06,mg/l,True,0.02,,,LAC10-115-01-1D,GWM,Actual,GW,Water,,,"[]"
8666065,31520006,Orchard View Estates 1,Johnson,07080209,Well,Silurian-Devonian,41.7202099705,-91.4684300574,03/04/2013 12:00:00,GWM,NIT-NO3-NO2,Nitrate + Nitrite (AS N),Total,,,,0.1,mg/l,False,0.1,,,LAC10-107-04-1J,GWM,Actual,GW,Water,,,"[]"
8666065,31520006,Orchard View Estates 1,Johnson,07080209,Well,Silurian-Devonian,41.7202099705,-91.4684300574,03/04/2013 12:00:00,GWM,NIT-AMM,Ammonia-nitrogen (AS N),Total,,,,0.55,mg/l,True,0.05,,,LAC10-107-06-1J,GWM,Actual,GW,Water,,,"[]"
8666065,31520006,Orchard View Estates 1,Johnson,07080209,Well,Silurian-Devonian,41.7202099705,-91.4684300574,03/04/2013 12:00:00,GWM,NIT-KJELD,Kjeldahl nitrogen (AS N),Total,,,,0.7,mg/l,True,0.1,,,LAC10-107-06-2E,GWM,Actual,GW,Water,,,"[]"
8666065,31520006,Orchard View Estates 1,Johnson,07080209,Well,Silurian-Devonian,41.7202099705,-91.4684300574,03/04/2013 12:00:00,GWM,14265-44-2,Orthophosphate (AS P),Dissolved,,,,0.02,mg/l,False,0.02,,,LAC10-115-01-1A,GWM,Actual,GW,Water,,,"[]"
8666065,31520006,Orchard View Estates 1,Johnson,07080209,Well,Silurian-Devonian,41.7202099705,-91.4684300574,03/04/2013 12:00:00,GWM,PHOSP-PHOSP,"Total Phosphorus, mixed forms (AS P)",Total,,,,0.02,mg/l,False,0.02,,,LAC10-115-01-1D,GWM,Actual,GW,Water,,,"[]"
8666065,31520007,Riverview Estates 1,Johnson,07080209,Well,Silurian-Devonian,41.715606536,-91.5378191416,03/04/2013 14:40:00,GWM,NIT-NO3-NO2,Nitrate + Nitrite (AS N),Total,,,,0.1,mg/l,False,0.1,,,LAC10-107-04-1J,GWM,Actual,GW,Water,,,"[]"
8666065,31520007,Riverview Estates 1,Johnson,07080209,Well,Silurian-Devonian,41.715606536,-91.5378191416,03/04/2013 14:40:00,GWM,NIT-AMM,Ammonia-nitrogen (AS N),Total,,,,1.7,mg/l,True,0.05,,,LAC10-107-06-1J,GWM,Actual,GW,Water,,,"[]"
8666065,31520007,Riverview Estates 1,Johnson,07080209,Well,Silurian-Devonian,41.715606536,-91.5378191416,03/04/2013 14:40:00,GWM,NIT-KJELD,Kjeldahl nitrogen (AS N),Total,,,,1.9,mg/l,True,0.1,,,LAC10-107-06-2E,GWM,Actual,GW,Water,,,"[]"
8666065,31520007,Riverview Estates 1,Johnson,07080209,Well,Silurian-Devonian,41.715606536,-91.5378191416,03/04/2013 14:40:00,GWM,14265-44-2,Orthophosphate (AS P),Dissolved,,,,0.05,mg/l,True,0.02,,,LAC10-115-01-1A,GWM,Actual,GW,Water,,,"[]"
8666065,31520007,Riverview Estates 1,Johnson,07080209,Well,Silurian-Devonian,41.715606536,-91.5378191416,03/04/2013 14:40:00,GWM,PHOSP-PHOSP,"Total Phosphorus, mixed forms (AS P)",Total,,,,0.02,mg/l,False,0.02,,,LAC10-115-01-1D,GWM,Actual,GW,Water,,,"[]"
8666065,31520005,Coralville 10,Johnson,07080209,Well,Cambrian-Ordovician,41.6957668019,-91.5836610349,05/01/2013 13:15:00,GWM,NIT-NO3-NO2,Nitrate + Nitrite (AS N),Total,,,,0.1,mg/l,False,0.1,,,LAC10-107-04-1J,GWM,Actual,GW,Water,,,"[]"
8666065,31520005,Coralville 10,Johnson,07080209,Well,Cambrian-Ordovician,41.6957668019,-91.5836610349,05/01/2013 13:15:00,GWM,NIT-AMM,Ammonia-nitrogen (AS N),Total,,,,1.2,mg/l,True,0.05,,,LAC10-107-06-1J,GWM,Actual,GW,Water,,,"[]"
8666065,31520005,Coralville 10,Johnson,07080209,Well,Cambrian-Ordovician,41.6957668019,-91.5836610349,05/01/2013 13:15:00,GWM,NIT-KJELD,Kjeldahl nitrogen (AS N),Total,,,,0.8,mg/l,True,0.1,,,LAC10-107-06-2E,GWM,Actual,GW,Water,,,"[]"
8666065,31520005,Coralville 10,Johnson,07080209,Well,Cambrian-Ordovician,41.6957668019,-91.5836610349,05/01/2013 13:15:00,GWM,14265-44-2,Orthophosphate (AS P),Dissolved,,,,0.02,mg/l,False,0.02,,,LAC10-115-01-1A,GWM,Actual,GW,Water,,,"[]"
8666065,31520005,Coralville 10,Johnson,07080209,Well,Cambrian-Ordovician,41.6957668019,-91.5836610349,05/01/2013 13:15:00,GWM,PHOSP-PHOSP,"Total Phosphorus, mixed forms (AS P)",Total,,,,0.03,mg/l,True,0.02,,,LAC10-115-01-1D,GWM,Actual,GW,Water,,,"[]"
8666065,31520005,Coralville 10,Johnson,07080209,Well,Cambrian-Ordovician,41.6957668019,-91.5836610349,12/28/2017 13:24:00,GWM,NIT-NO3-NO2,Nitrate + Nitrite (AS N),None,,,,0.1,mg/l,False,0.1,,,LAC10-107-06-1J,GWM,Actual,GW,Water,,,"[]"
8666065,31520005,Coralville 10,Johnson,07080209,Well,Cambrian-Ordovician,41.6957668019,-91.5836610349,12/28/2017 13:24:00,GWM,NIT-AMM,Ammonia-nitrogen (AS N),None,,,,1.4,mg/l,True,0.05,,,LAC10-107-06-1J,GWM,Actual,GW,Water,,,"[]"
8666065,31520007,Riverview Estates 1,Johnson,07080209,Well,Silurian-Devonian,41.715606536,-91.5378191416,01/04/2019 13:00:00,GWM,NIT-NO3-NO2,Nitrate + Nitrite (AS N),None,,,,0.1,mg/l,False,0.1,,,LAC10-107-06-1J,GWM,Actual,GW,Water,,,"[]"
8666065,31520007,Riverview Estates 1,Johnson,07080209,Well,Silurian-Devonian,41.715606536,-91.5378191416,01/04/2019 13:00:00,GWM,NIT-AMM,Ammonia-nitrogen (AS N),None,,,,1.7,mg/l,True,0.05,,,LAC10-107-06-1J,GWM,Actual,GW,Water,,,"[]"
8666065,31520006,Orchard View Estates 1,Johnson,07080209,Well,Silurian-Devonian,41.7202099705,-91.4684300574,01/15/2019 09:40:00,GWM,NIT-NO3-NO2,Nitrate + Nitrite (AS N),None,,,,0.1,mg/l,False,0.1,,,LAC10-107-06-1J,GWM,Actual,GW,Water,,,"[]"
8666065,31520006,Orchard View Estates 1,Johnson,07080209,Well,Silurian-Devonian,41.7202099705,-91.4684300574,01/15/2019 09:40:00,GWM,NIT-AMM,Ammonia-nitrogen (AS N),None,,,,0.5,mg/l,True,0.05,,,LAC10-107-06-1J,GWM,Actual,GW,Water,,,"[]"
8666065,31520006,Orchard View Estates 1,Johnson,07080209,Well,Silurian-Devonian,41.7202099705,-91.4684300574,01/15/2019 09:40:00,GWM,14265-44-2,Orthophosphate (AS P),Dissolved,,,,0.02,mg/l,False,0.02,,,LAC10-115-01-1A,GWM,Actual,GW,Water,,Sample was not field filtered per method and was filtered for analysis after receipt by the laboratory.,"[]"
8666065,31520005,Coralville 10,Johnson,07080209,Well,Cambrian-Ordovician,41.6957668019,-91.5836610349,01/16/2019 13:34:00,GWM,NIT-NO3-NO2,Nitrate + Nitrite (AS N),None,,,,0.1,mg/l,False,0.1,,,LAC10-107-06-1J,GWM,Actual,GW,Water,,"There was an error in sample collection date/time (e.g. missing, mismatched, postdated or incorrect).","[]"
8666065,31520005,Coralville 10,Johnson,07080209,Well,Cambrian-Ordovician,41.6957668019,-91.5836610349,01/16/2019 13:34:00,GWM,NIT-AMM,Ammonia-nitrogen (AS N),None,,,,1.3,mg/l,True,0.05,,,LAC10-107-06-1J,GWM,Actual,GW,Water,,"There was an error in sample collection date/time (e.g. missing, mismatched, postdated or incorrect).","[]"
8666065,31520005,Coralville 10,Johnson,07080209,Well,Cambrian-Ordovician,41.6957668019,-91.5836610349,01/16/2019 13:34:00,GWM,14265-44-2,Orthophosphate (AS P),Dissolved,,,,0.02,mg/l,False,0.02,,,LAC10-115-01-1A,GWM,Actual,GW,Water,,"There was an error in sample collection date/time (e.g. missing, mismatched, postdated or incorrect). Sample was not field filtered per method and was filtered for analysis after receipt by the laboratory.","[]"
