facilityID,siteID,name,county,huc8,type,aquifer,latitude,longitude,sampleDate,projectCode,cas_rn,analyte,fraction,relDepth,sampDepth,sampDepthUnit,result,unit,detect,detectLimit,quantFlag,quantLimit,method,colMethod,resultType,matrix,medium,qualFlag,remark,xParams
8666065,31530001,Monticello 4,Jones,07060006,Well,Silurian,42.24503,-91.20045,08/09/2002 13:30:00,GWM,NIT-NO3-NO2,Nitrate + Nitrite (AS N),Total,,,,3.7,mg/l,True,0.1,,,353.2,USGSGWM,Actual,GW,Water,,,"[]"
8666065,31530001,Monticello 4,Jones,07060006,Well,Silurian,42.24503,-91.20045,08/09/2002 13:30:00,GWM,NIT-AMM,Ammonia-nitrogen (AS N),Total,,,,0.05,mg/l,False,0.05,,,LAC10-107-06-1J,USGSGWM,Actual,GW,Water,,,"[]"
8666065,31530001,Monticello 4,Jones,07060006,Well,Silurian,42.24503,-91.20045,08/09/2002 13:30:00,GWM,NIT-ORGN,Organic Nitrogen (AS N),Total,,,,0.05,mg/l,False,0.05,,,LAC10-107-06-2E,USGSGWM,Calculated,GW,Water,,,"[]"
8666065,31530001,Monticello 4,Jones,07060006,Well,Silurian,42.24503,-91.20045,08/09/2002 13:30:00,GWM,14265-44-2,Orthophosphate (AS P),Dissolved,,,,0.05,mg/l,False,0.05,,,LAC10-115-01-1A,USGSGWM,Actual,GW,Water,,,"[]"
8666065,31530001,Monticello 4,Jones,07060006,Well,Silurian,42.24503,-91.20045,08/09/2002 13:30:00,GWM,PHOSP-PHOSP,"Total Phosphorus, mixed forms (AS P)",Total,,,,0.06,mg/l,True,0.05,,,LAC10-115-01-1C,USGSGWM,Actual,GW,Water,,,"[]"
8666065,31530001,Monticello 4,Jones,07060006,Well,Silurian,42.24503,-91.20045,08/09/2002 13:30:00,GWM,NIT-KJELD,Kjeldahl nitrogen (AS N),Total,,,,0.05,mg/l,False,0.05,,,PAI DK03,USGSGWM,Actual,GW,Water,,,"[]"
8666065,31530001,Monticello 4,Jones,07060006,Well,Silurian,42.24503,-91.20045,08/25/2003 11:00:00,GWM,NIT-AMM,Ammonia-nitrogen (AS N),Total,,,,0.05,mg/l,False,0.05,,,350.1,USGSGWM,Actual,GW,Water,,,"[]"
8666065,31530001,Monticello 4,Jones,07060006,Well,Silurian,42.24503,-91.20045,08/25/2003 11:00:00,GWM,NIT-NO3-NO2,Nitrate + Nitrite (AS N),Total,,,,3.4,mg/l,True,0.1,,,353.2,USGSGWM,Actual,GW,Water,,,"[]"
8666065,31530001,Monticello 4,Jones,07060006,Well,Silurian,42.24503,-91.20045,08/25/2003 11:00:00,GWM,14265-44-2,Orthophosphate (AS P),Dissolved,,,,0.02,mg/l,False,0.02,,,365.1,USGSGWM,Actual,GW,Water,,,"[]"
8666065,31530001,Monticello 4,Jones,07060006,Well,Silurian,42.24503,-91.20045,08/25/2003 11:00:00,GWM,PHOSP-PHOSP,"Total Phosphorus, mixed forms (AS P)",Total,,,,0.02,mg/l,False,0.02,,,365.4,USGSGWM,Actual,GW,Water,,,"[]"
8666065,31530001,Monticello 4,Jones,07060006,Well,Silurian,42.24503,-91.20045,08/25/2003 11:00:00,GWM,NIT-ORGN,Organic Nitrogen (AS N),Total,,,,0.05,mg/l,False,0.05,,,LAC10-107-06-2E,USGSGWM,Calculated,GW,Water,,,"[]"
8666065,31530001,Monticello 4,Jones,07060006,Well,Silurian,42.24503,-91.20045,08/25/2003 11:00:00,GWM,NIT-KJELD,Kjeldahl nitrogen (AS N),Total,,,,0.06,mg/l,True,0.05,,,PAI DK03,USGSGWM,Actual,GW,Water,,,"[]"
8666065,31530001,Monticello 4,Jones,07060006,Well,Silurian,42.24503,-91.20045,07/29/2004 15:30:00,GWM,NIT-AMM,Ammonia-nitrogen (AS N),Total,,,,0.05,mg/l,False,0.05,,,350.1,USGSGWM,Actual,GW,Water,,,"[]"
8666065,31530001,Monticello 4,Jones,07060006,Well,Silurian,42.24503,-91.20045,07/29/2004 15:30:00,GWM,NIT-NO3-NO2,Nitrate + Nitrite (AS N),Total,,,,4.1,mg/l,True,0.05,,,353.2,USGSGWM,Actual,GW,Water,,,"[]"
8666065,31530001,Monticello 4,Jones,07060006,Well,Silurian,42.24503,-91.20045,07/29/2004 15:30:00,GWM,14265-44-2,Orthophosphate (AS P),Dissolved,,,,0.02,mg/l,False,0.02,,,365.1,USGSGWM,Actual,GW,Water,,,"[]"
8666065,31530001,Monticello 4,Jones,07060006,Well,Silurian,42.24503,-91.20045,07/29/2004 15:30:00,GWM,PHOSP-PHOSP,"Total Phosphorus, mixed forms (AS P)",Total,,,,0.02,mg/l,False,0.02,,,365.4,USGSGWM,Actual,GW,Water,,,"[]"
8666065,31530001,Monticello 4,Jones,07060006,Well,Silurian,42.24503,-91.20045,07/29/2004 15:30:00,GWM,NIT-ORGN,Organic Nitrogen,Total,,,,0.12,mg/l,True,0.05,,,LAC10-107-06-2E,USGSGWM,Calculated,GW,Water,,,"[]"
8666065,31530002,Anamosa 5,Jones,07080103,Well,Cambrian-Ordovician,42.11419,-91.27627,07/29/2005 10:00:00,GWM,NIT-AMM,Ammonia-nitrogen (AS N),Total,,,,1,mg/l,True,0.05,,,350.1,USGSGWM,Actual,GW,Water,,,"[]"
8666065,31530002,Anamosa 5,Jones,07080103,Well,Cambrian-Ordovician,42.11419,-91.27627,07/29/2005 10:00:00,GWM,NIT-KJELD,Kjeldahl nitrogen (AS N),Total,,,,1.1,mg/l,True,0.1,,,351.2,USGSGWM,Actual,GW,Water,,,"[]"
8666065,31530002,Anamosa 5,Jones,07080103,Well,Cambrian-Ordovician,42.11419,-91.27627,07/29/2005 10:00:00,GWM,NIT-NO3-NO2,Nitrate + Nitrite (AS N),Total,,,,0.05,mg/l,False,0.05,,,353.2,USGSGWM,Actual,GW,Water,,,"[]"
8666065,31530002,Anamosa 5,Jones,07080103,Well,Cambrian-Ordovician,42.11419,-91.27627,07/29/2005 10:00:00,GWM,14265-44-2,Orthophosphate (AS P),Dissolved,,,,0.02,mg/l,False,0.02,,,365.1,USGSGWM,Actual,GW,Water,,,"[]"
8666065,31530002,Anamosa 5,Jones,07080103,Well,Cambrian-Ordovician,42.11419,-91.27627,07/29/2005 10:00:00,GWM,PHOSP-PHOSP,"Total Phosphorus, mixed forms (AS P)",Total,,,,0.49,mg/l,True,0.02,,,365.4,USGSGWM,Actual,GW,Water,,,"[]"
8666065,31530002,Anamosa 5,Jones,07080103,Well,Cambrian-Ordovician,42.11419,-91.27627,07/29/2005 10:00:00,GWM,NIT-ORGN,Organic Nitrogen,Total,,,,0.1,mg/l,False,0.1,,,LAC10-107-06-2E,USGSGWM,Calculated,GW,Water,,,"[]"
8666065,31530001,Monticello 4,Jones,07060006,Well,Silurian,42.24503,-91.20045,08/01/2005 15:20:00,GWM,NIT-AMM,Ammonia-nitrogen (AS N),Total,,,,0.05,mg/l,False,0.05,,,350.1,USGSGWM,Actual,GW,Water,,,"[]"
8666065,31530001,Monticello 4,Jones,07060006,Well,Silurian,42.24503,-91.20045,08/01/2005 15:20:00,GWM,NIT-KJELD,Kjeldahl nitrogen (AS N),Total,,,,0.1,mg/l,False,0.1,,,351.2,USGSGWM,Actual,GW,Water,,,"[]"
8666065,31530001,Monticello 4,Jones,07060006,Well,Silurian,42.24503,-91.20045,08/01/2005 15:20:00,GWM,NIT-NO3-NO2,Nitrate + Nitrite (AS N),Total,,,,4.1,mg/l,True,0.05,,,353.2,USGSGWM,Actual,GW,Water,,,"[]"
8666065,31530001,Monticello 4,Jones,07060006,Well,Silurian,42.24503,-91.20045,08/01/2005 15:20:00,GWM,14265-44-2,Orthophosphate (AS P),Dissolved,,,,0.02,mg/l,False,0.02,,,365.1,USGSGWM,Actual,GW,Water,,,"[]"
8666065,31530001,Monticello 4,Jones,07060006,Well,Silurian,42.24503,-91.20045,08/01/2005 15:20:00,GWM,PHOSP-PHOSP,"Total Phosphorus, mixed forms (AS P)",Total,,,,0.02,mg/l,True,0.02,,,365.4,USGSGWM,Actual,GW,Water,,,"[]"
8666065,31530001,Monticello 4,Jones,07060006,Well,Silurian,42.24503,-91.20045,08/01/2005 15:20:00,GWM,NIT-ORGN,Organic Nitrogen,Total,,,,0.1,mg/l,False,0.1,,,LAC10-107-06-2E,USGSGWM,Calculated,GW,Water,,,"[]"
8666065,31530001,Monticello 4,Jones,07060006,Well,Silurian,42.24503,-91.20045,06/13/2006 10:00:00,GWM,NIT-AMM,Ammonia-nitrogen (AS N),Total,,,,0.05,mg/l,False,0.05,,,350.1,USGSGWM,Actual,GW,Water,,,"[]"
8666065,31530001,Monticello 4,Jones,07060006,Well,Silurian,42.24503,-91.20045,06/13/2006 10:00:00,GWM,NIT-KJELD,Kjeldahl nitrogen (AS N),Total,,,,0.1,mg/l,False,0.1,,,351.2,USGSGWM,Actual,GW,Water,,,"[]"
8666065,31530001,Monticello 4,Jones,07060006,Well,Silurian,42.24503,-91.20045,06/13/2006 10:00:00,GWM,NIT-NO3-NO2,Nitrate + Nitrite (AS N),Total,,,,4,mg/l,True,0.05,,,353.2,USGSGWM,Actual,GW,Water,,,"[]"
8666065,31530001,Monticello 4,Jones,07060006,Well,Silurian,42.24503,-91.20045,06/13/2006 10:00:00,GWM,14265-44-2,Orthophosphate (AS P),Dissolved,,,,0.02,mg/l,False,0.02,,,365.1,USGSGWM,Actual,GW,Water,,,"[]"
8666065,31530001,Monticello 4,Jones,07060006,Well,Silurian,42.24503,-91.20045,06/13/2006 10:00:00,GWM,PHOSP-PHOSP,"Total Phosphorus, mixed forms (AS P)",Total,,,,0.04,mg/l,True,0.02,,,365.4,USGSGWM,Actual,GW,Water,,,"[]"
8666065,31530001,Monticello 4,Jones,07060006,Well,Silurian,42.24503,-91.20045,06/13/2006 10:00:00,GWM,NIT-ORGN,Organic Nitrogen,Total,,,,0.1,mg/l,False,0.1,,,LAC10-107-06-2E,USGSGWM,Calculated,GW,Water,,,"[]"
8666065,31530001,Monticello 4,Jones,07060006,Well,Silurian,42.24503,-91.20045,09/04/2012 11:00:00,GWM,NIT-NO3-NO2,Nitrate + Nitrite (AS N),Total,,,,4,mg/l,True,0.1,,,LAC10-107-04-1J,GWMPWS,Actual,GW,Water,,,"[]"
8666065,31530001,Monticello 4,Jones,07060006,Well,Silurian,42.24503,-91.20045,09/04/2012 11:00:00,GWM,NIT-AMM,Ammonia-nitrogen (AS N),Total,,,,0.05,mg/l,False,0.05,,,LAC10-107-06-1J,GWMPWS,Actual,GW,Water,,,"[]"
8666065,31530001,Monticello 4,Jones,07060006,Well,Silurian,42.24503,-91.20045,09/04/2012 11:00:00,GWM,NIT-KJELD,Kjeldahl nitrogen (AS N),Total,,,,0.1,mg/l,False,0.1,,,LAC10-107-06-2E,GWMPWS,Actual,GW,Water,,,"[]"
8666065,31530001,Monticello 4,Jones,07060006,Well,Silurian,42.24503,-91.20045,09/04/2012 11:00:00,GWM,14265-44-2,Orthophosphate (AS P),Dissolved,,,,0.02,mg/l,False,0.02,,,LAC10-115-01-1A,GWMPWS,Actual,GW,Water,,,"[]"
8666065,31530001,Monticello 4,Jones,07060006,Well,Silurian,42.24503,-91.20045,09/04/2012 11:00:00,GWM,PHOSP-PHOSP,"Total Phosphorus, mixed forms (AS P)",Total,,,,0.04,mg/l,True,0.02,,,LAC10-115-01-1D,GWMPWS,Actual,GW,Water,,,"[]"
8666065,31530003,Cascade 4,Jones,07060006,Well,Silurian,42.2927341732,-91.0232787918,11/08/2016 14:20:00,GWM,NIT-NO3-NO2,Nitrate + Nitrite (AS N),Total,,,,7.9,mg/l,True,0.1,,,LAC10-107-04-1J,GWM,Actual,GW,Water,,,"[]"
8666065,31530003,Cascade 4,Jones,07060006,Well,Silurian,42.2927341732,-91.0232787918,11/08/2016 14:20:00,GWM,NIT-AMM,Ammonia-nitrogen (AS N),Total,,,,0.05,mg/l,False,0.05,,,LAC10-107-06-1J,GWM,Actual,GW,Water,,,"[]"
8666065,31530003,Cascade 4,Jones,07060006,Well,Silurian,42.2927341732,-91.0232787918,11/09/2015 11:05:00,GWM,NIT-NO3-NO2,Nitrate + Nitrite (AS N),Total,,,,7.4,mg/l,True,0.1,,,LAC10-107-04-1J,GWM,Actual,GW,Water,,Missing information on request form. Failure to provide this information may result in delayed results or sample rejection.,"[]"
8666065,31530003,Cascade 4,Jones,07060006,Well,Silurian,42.2927341732,-91.0232787918,11/09/2015 11:05:00,GWM,NIT-AMM,Ammonia-nitrogen (AS N),Total,,,,0.05,mg/l,False,0.05,,,LAC10-107-06-1J,GWM,Actual,GW,Water,,Missing information on request form. Failure to provide this information may result in delayed results or sample rejection.,"[]"
8666065,31530003,Cascade 4,Jones,07060006,Well,Silurian,42.2927341732,-91.0232787918,11/09/2015 11:05:00,GWM,NIT-KJELD,Kjeldahl nitrogen (AS N),Total,,,,0.1,mg/l,False,0.1,,,LAC10-107-06-2E,GWM,Actual,GW,Water,,Missing information on request form. Failure to provide this information may result in delayed results or sample rejection.,"[]"
8666065,31530003,Cascade 4,Jones,07060006,Well,Silurian,42.2927341732,-91.0232787918,11/09/2015 11:05:00,GWM,14265-44-2,Orthophosphate (AS P),Dissolved,,,,0.02,mg/l,False,0.02,,,LAC10-115-01-1A,GWM,Actual,GW,Water,,Missing information on request form. Failure to provide this information may result in delayed results or sample rejection.,"[]"
8666065,31530003,Cascade 4,Jones,07060006,Well,Silurian,42.2927341732,-91.0232787918,11/09/2015 11:05:00,GWM,PHOSP-PHOSP,"Total Phosphorus, mixed forms (AS P)",Total,,,,0.05,mg/l,True,0.02,,,LAC10-115-01-1D,GWM,Actual,GW,Water,,Missing information on request form. Failure to provide this information may result in delayed results or sample rejection.,"[]"
8666065,31530003,Cascade 4,Jones,07060006,Well,Silurian,42.2927341732,-91.0232787918,12/10/2014 10:42:00,GWM,NIT-NO3-NO2,Nitrate + Nitrite (AS N),Total,,,,7.3,mg/l,True,0.1,,,LAC10-107-04-1J,GWM,Actual,GW,Water,,"There was an error in sample collection date/time (e.g. missing, mismatched, postdated or incorrect).","[]"
8666065,31530003,Cascade 4,Jones,07060006,Well,Silurian,42.2927341732,-91.0232787918,12/10/2014 10:42:00,GWM,NIT-AMM,Ammonia-nitrogen (AS N),Total,,,,0.05,mg/l,False,0.05,,,LAC10-107-06-1J,GWM,Actual,GW,Water,,"There was an error in sample collection date/time (e.g. missing, mismatched, postdated or incorrect).","[]"
8666065,31530003,Cascade 4,Jones,07060006,Well,Silurian,42.2927341732,-91.0232787918,12/10/2014 10:42:00,GWM,NIT-KJELD,Kjeldahl nitrogen (AS N),Total,,,,0.1,mg/l,False,0.1,,,LAC10-107-06-2E,GWM,Actual,GW,Water,,"There was an error in sample collection date/time (e.g. missing, mismatched, postdated or incorrect).","[]"
8666065,31530003,Cascade 4,Jones,07060006,Well,Silurian,42.2927341732,-91.0232787918,12/10/2014 10:42:00,GWM,14265-44-2,Orthophosphate (AS P),Dissolved,,,,0.02,mg/l,False,0.02,,,LAC10-115-01-1A,GWM,Actual,GW,Water,,"There was an error in sample collection date/time (e.g. missing, mismatched, postdated or incorrect).","[]"
8666065,31530003,Cascade 4,Jones,07060006,Well,Silurian,42.2927341732,-91.0232787918,12/10/2014 10:42:00,GWM,PHOSP-PHOSP,"Total Phosphorus, mixed forms (AS P)",Total,,,,0.14,mg/l,True,0.02,,,LAC10-115-01-1D,GWM,Actual,GW,Water,,"There was an error in sample collection date/time (e.g. missing, mismatched, postdated or incorrect).","[]"
8666065,31530003,Cascade 4,Jones,07060006,Well,Silurian,42.2927341732,-91.0232787918,03/13/2013 14:00:00,GWM,NIT-NO3-NO2,Nitrate + Nitrite (AS N),Total,,,,6.4,mg/l,True,0.1,,,LAC10-107-04-1J,GWM,Actual,GW,Water,,,"[]"
8666065,31530003,Cascade 4,Jones,07060006,Well,Silurian,42.2927341732,-91.0232787918,03/13/2013 14:00:00,GWM,NIT-AMM,Ammonia-nitrogen (AS N),Total,,,,0.05,mg/l,False,0.05,,,LAC10-107-06-1J,GWM,Actual,GW,Water,,,"[]"
8666065,31530003,Cascade 4,Jones,07060006,Well,Silurian,42.2927341732,-91.0232787918,03/13/2013 14:00:00,GWM,NIT-KJELD,Kjeldahl nitrogen (AS N),Total,,,,0.1,mg/l,False,0.1,,,LAC10-107-06-2E,GWM,Actual,GW,Water,,,"[]"
8666065,31530003,Cascade 4,Jones,07060006,Well,Silurian,42.2927341732,-91.0232787918,03/13/2013 14:00:00,GWM,14265-44-2,Orthophosphate (AS P),Dissolved,,,,0.02,mg/l,False,0.02,,,LAC10-115-01-1A,GWM,Actual,GW,Water,,,"[]"
8666065,31530003,Cascade 4,Jones,07060006,Well,Silurian,42.2927341732,-91.0232787918,03/13/2013 14:00:00,GWM,PHOSP-PHOSP,"Total Phosphorus, mixed forms (AS P)",Total,,,,0.03,mg/l,True,0.02,,,LAC10-115-01-1D,GWM,Actual,GW,Water,,,"[]"
8666065,31530003,Cascade 4,Jones,07060006,Well,Silurian,42.2927341732,-91.0232787918,11/14/2017 09:52:00,GWM,NIT-AMM,Ammonia-nitrogen (AS N),None,,,,0.05,mg/l,False,0.05,,,LAC10-107-06-1J,GWM,Actual,GW,Water,,,"[]"
8666065,31530003,Cascade 4,Jones,07060006,Well,Silurian,42.2927341732,-91.0232787918,11/14/2017 09:52:00,GWM,NIT-NO3-NO2,Nitrate + Nitrite (AS N),None,,,,7.7,mg/l,True,0.1,,,LAC10-107-06-1J,GWM,Actual,GW,Water,,,"[]"
8666065,31530001,Monticello 4,Jones,07060006,Well,Silurian,42.24503,-91.20045,11/29/2017 10:00:00,GWM,NIT-NO3-NO2,Nitrate + Nitrite (AS N),None,,,,4.1,mg/l,True,0.1,,,LAC10-107-06-1J,GWM,Actual,GW,Water,,,"[]"
8666065,31530001,Monticello 4,Jones,07060006,Well,Silurian,42.24503,-91.20045,11/29/2017 10:00:00,GWM,NIT-AMM,Ammonia-nitrogen (AS N),None,,,,0.05,mg/l,False,0.05,,,LAC10-107-06-1J,GWM,Actual,GW,Water,,,"[]"
8666065,31530003,Cascade 4,Jones,07060006,Well,Silurian,42.2927341732,-91.0232787918,11/27/2017 00:00:00,GWM,NIT-NO3-NO2,Nitrate + Nitrite,None,,,,8.74,mg/l,True,0.01,,0.01,353.2,GWM001,,GW,Water,,,"[]"
8666065,31530001,Monticello 4,Jones,07060006,Well,Silurian,42.24503,-91.20045,11/28/2017 00:00:00,GWM,NIT-NO3-NO2,Nitrate + Nitrite,None,,,,3.72,mg/l,True,0.01,,0.01,353.2,GWM001,,GW,Water,,,"[]"
8666065,31530003,Cascade 4,Jones,07060006,Well,Silurian,42.2927341732,-91.0232787918,12/18/2018 10:49:00,GWM,NIT-AMM,Ammonia-nitrogen (AS N),None,,,,0.05,mg/l,False,0.05,,,LAC10-107-06-1J,GWM,Actual,GW,Water,,,"[]"
8666065,31530003,Cascade 4,Jones,07060006,Well,Silurian,42.2927341732,-91.0232787918,12/18/2018 10:49:00,GWM,NIT-NO3-NO2,Nitrate + Nitrite (AS N),None,,,,8,mg/l,True,0.1,,,LAC10-107-06-1J,GWM,Actual,GW,Water,,,"[]"
8666065,31530003,Cascade 4,Jones,07060006,Well,Silurian,42.2927341732,-91.0232787918,12/18/2018 10:49:00,GWM,14265-44-2,Orthophosphate (AS P),Dissolved,,,,0.02,mg/l,True,0.02,,,LAC10-115-01-1A,GWM,Actual,GW,Water,,Sample was not field filtered per method and was filtered for analysis after receipt by the laboratory.,"[]"
8666065,31530001,Monticello 4,Jones,07060006,Well,Silurian,42.24503,-91.20045,12/19/2018 13:00:00,GWM,NIT-AMM,Ammonia-nitrogen (AS N),None,,,,0.05,mg/l,False,0.05,,,LAC10-107-06-1J,GWM,Actual,GW,Water,,,"[]"
8666065,31530001,Monticello 4,Jones,07060006,Well,Silurian,42.24503,-91.20045,12/19/2018 13:00:00,GWM,NIT-NO3-NO2,Nitrate + Nitrite (AS N),None,,,,4.9,mg/l,True,0.1,,,LAC10-107-06-1J,GWM,Actual,GW,Water,,,"[]"
8666065,31530001,Monticello 4,Jones,07060006,Well,Silurian,42.24503,-91.20045,12/19/2018 13:00:00,GWM,14265-44-2,Orthophosphate (AS P),Dissolved,,,,0.02,mg/l,False,0.02,,,LAC10-115-01-1A,GWM,Actual,GW,Water,,Sample was not field filtered per method and was filtered for analysis after receipt by the laboratory.,"[]"
8666065,35530001,White Oak Ck 25,Jones,07080103,Well,Silurian,41.96909,-91.26849,12/19/2018 14:30:00,GWM,NIT-NO3-NO2,Nitrate + Nitrite (AS N),Total,,,,0.1,mg/l,False,0.1,,,LAC10-107-04-1J,GWM,Actual,GW,Water,,,"[]"
8666065,35530001,White Oak Ck 25,Jones,07080103,Well,Silurian,41.96909,-91.26849,12/19/2018 14:30:00,GWM,NIT-AMM,Ammonia-nitrogen (AS N),Total,,,,0.17,mg/l,True,0.05,,,LAC10-107-06-1J,GWM,Actual,GW,Water,,,"[]"
8666065,35530001,White Oak Ck 25,Jones,07080103,Well,Silurian,41.96909,-91.26849,12/19/2018 14:30:00,GWM,14265-44-2,Orthophosphate (AS P),Dissolved,,,,0.02,mg/l,False,0.02,,,LAC10-115-01-1A,GWM,Actual,GW,Water,,Sample was not field filtered per method and was filtered for analysis after receipt by the laboratory.,"[]"
8666065,31530004,Monti-View 1,Jones,07060006,Well,Silurian,42.2472809146,-91.1741766325,12/10/2018 00:00:00,GWM,NIT-NO3-NO2,Nitrate + Nitrite,None,,,,10.1,mg/l,True,0.01,,0.01,353.2,GWM001,,GW,,,,"[]"
8666065,31530005,Monti-View 2,Jones,07060006,Well,Unknown,42.247115097,-91.1749127129,12/10/2018 00:00:00,GWM,NIT-NO3-NO2,Nitrate + Nitrite,None,,,,3.15,mg/l,True,0.01,,0.01,353.2,GWM001,,GW,,,,"[]"
8666065,31530003,Cascade 4,Jones,07060006,Well,Silurian,42.2927341732,-91.0232787918,11/18/2019 11:40:00,GWM,NIT-NO3-NO2,Nitrate + Nitrite (AS N),None,,,,8.3,mg/l,True,0.1,,,LAC10-107-06-1J,GWM,Actual,GW,Water,,,"[]"
8666065,31530003,Cascade 4,Jones,07060006,Well,Silurian,42.2927341732,-91.0232787918,11/18/2019 11:40:00,GWM,NIT-AMM,Ammonia-nitrogen (AS N),None,,,,0.05,mg/l,False,0.05,,,LAC10-107-06-1J,GWM,Actual,GW,Water,,,"[]"
8666065,31530001,Monticello 4,Jones,07060006,Well,Silurian,42.24503,-91.20045,02/04/2020 11:00:00,GWM,NIT-AMM,Ammonia-nitrogen (AS N),None,,,,0.05,mg/l,False,0.05,,,LAC10-107-06-1J,GWM,Actual,GW,Water,,,"[]"
8666065,31530001,Monticello 4,Jones,07060006,Well,Silurian,42.24503,-91.20045,02/04/2020 11:00:00,GWM,NIT-NO3-NO2,Nitrate + Nitrite (AS N),None,,,,4.2,mg/l,True,0.1,,,LAC10-107-06-1J,GWM,Actual,GW,Water,,,"[]"
8666065,31530001,Monticello 4,Jones,07060006,Well,Silurian,42.24503,-91.20045,01/25/2023 11:50:00,GWM,NIT-NO3-NO2,Nitrate + Nitrite (AS N),Total,,,,4.4,mg/l,True,0.1,,,LAC10-107-04-1J,GWM,Actual,GW,Water,,,"[]"
8666065,31530001,Monticello 4,Jones,07060006,Well,Silurian,42.24503,-91.20045,01/25/2023 11:50:00,GWM,NIT-AMM,Ammonia-nitrogen (AS N),Total,,,,0.1,mg/l,False,0.1,,,LAC10-107-06-1J,GWM,Actual,GW,Water,,,"[]"
8666065,31530001,Monticello 4,Jones,07060006,Well,Silurian,42.24503,-91.20045,03/02/2021 09:30:00,GWM,NIT-AMM,Ammonia-nitrogen (AS N),None,,,,0.05,mg/l,False,0.05,,,LAC10-107-06-1J,GWM,Actual,GW,Water,,,"[]"
8666065,31530001,Monticello 4,Jones,07060006,Well,Silurian,42.24503,-91.20045,03/02/2021 09:30:00,GWM,NIT-NO3-NO2,Nitrate + Nitrite (AS N),None,,,,3.8,mg/l,True,0.1,,,LAC10-107-06-1J,GWM,Actual,GW,Water,,,"[]"
8666065,31530003,Cascade 4,Jones,07060006,Well,Silurian,42.2927341732,-91.0232787918,03/09/2021 08:48:00,GWM,NIT-NO3-NO2,Nitrate + Nitrite (AS N),None,,,,6.5,mg/l,True,0.1,,,LAC10-107-06-1J,GWM,Actual,GW,Water,,,"[]"
8666065,31530003,Cascade 4,Jones,07060006,Well,Silurian,42.2927341732,-91.0232787918,03/09/2021 08:48:00,GWM,NIT-AMM,Ammonia-nitrogen (AS N),None,,,,0.05,mg/l,False,0.05,,,LAC10-107-06-1J,GWM,Actual,GW,Water,,,"[]"
