facilityID,siteID,name,county,huc8,type,aquifer,latitude,longitude,sampleDate,projectCode,cas_rn,analyte,fraction,relDepth,sampDepth,sampDepthUnit,result,unit,detect,detectLimit,quantFlag,quantLimit,method,colMethod,resultType,matrix,medium,qualFlag,remark,xParams
8666065,31540001,Keota 2,Keokuk,07080107,Well,Mississippian,41.360713,-91.952289,07/23/2002 10:00:00,GWM,NIT-NO3-NO2,Nitrate + Nitrite (AS N),Total,,,,0.1,mg/l,False,0.1,,,353.2,USGSGWM,Actual,GW,Water,,,"[]"
8666065,31540001,Keota 2,Keokuk,07080107,Well,Mississippian,41.360713,-91.952289,07/23/2002 10:00:00,GWM,NIT-AMM,Ammonia-nitrogen (AS N),Total,,,,0.71,mg/l,True,0.05,,,LAC10-107-06-1J,USGSGWM,Actual,GW,Water,,,"[]"
8666065,31540001,Keota 2,Keokuk,07080107,Well,Mississippian,41.360713,-91.952289,07/23/2002 10:00:00,GWM,NIT-ORGN,Organic Nitrogen (AS N),Total,,,,0.15,mg/l,True,0.05,,,LAC10-107-06-2E,USGSGWM,Calculated,GW,Water,,,"[]"
8666065,31540001,Keota 2,Keokuk,07080107,Well,Mississippian,41.360713,-91.952289,07/23/2002 10:00:00,GWM,14265-44-2,Orthophosphate (AS P),Dissolved,,,,0.05,mg/l,False,0.05,,,LAC10-115-01-1A,USGSGWM,Actual,GW,Water,,,"[]"
8666065,31540001,Keota 2,Keokuk,07080107,Well,Mississippian,41.360713,-91.952289,07/23/2002 10:00:00,GWM,PHOSP-PHOSP,"Total Phosphorus, mixed forms (AS P)",Total,,,,0.05,mg/l,False,0.05,,,LAC10-115-01-1C,USGSGWM,Actual,GW,Water,,,"[]"
8666065,31540001,Keota 2,Keokuk,07080107,Well,Mississippian,41.360713,-91.952289,07/23/2002 10:00:00,GWM,NIT-KJELD,Kjeldahl nitrogen (AS N),Total,,,,0.86,mg/l,True,0.05,,,PAI DK03,USGSGWM,Actual,GW,Water,,,"[]"
8666065,31540004,South English 1,Keokuk,07080106,Well,Mississippian,41.452376,-92.087816,09/16/2002 17:30:00,GWM,NIT-NO3-NO2,Nitrate + Nitrite (AS N),Total,,,,2.7,mg/l,True,0.1,,,353.2,USGSGWM,Actual,GW,Water,,,"[]"
8666065,31540004,South English 1,Keokuk,07080106,Well,Mississippian,41.452376,-92.087816,09/16/2002 17:30:00,GWM,NIT-AMM,Ammonia-nitrogen (AS N),Total,,,,0.05,mg/l,False,0.05,,,LAC10-107-06-1J,USGSGWM,Actual,GW,Water,,,"[]"
8666065,31540004,South English 1,Keokuk,07080106,Well,Mississippian,41.452376,-92.087816,09/16/2002 17:30:00,GWM,NIT-ORGN,Organic Nitrogen (AS N),Total,,,,0.13,mg/l,True,0.05,,,LAC10-107-06-2E,USGSGWM,Calculated,GW,Water,,,"[]"
8666065,31540004,South English 1,Keokuk,07080106,Well,Mississippian,41.452376,-92.087816,09/16/2002 17:30:00,GWM,14265-44-2,Orthophosphate (AS P),Dissolved,,,,0.05,mg/l,False,0.05,,,LAC10-115-01-1A,USGSGWM,Actual,GW,Water,,,"[]"
8666065,31540004,South English 1,Keokuk,07080106,Well,Mississippian,41.452376,-92.087816,09/16/2002 17:30:00,GWM,PHOSP-PHOSP,"Total Phosphorus, mixed forms (AS P)",Total,,,,0.05,mg/l,False,0.05,,,LAC10-115-01-1C,USGSGWM,Actual,GW,Water,,,"[]"
8666065,31540004,South English 1,Keokuk,07080106,Well,Mississippian,41.452376,-92.087816,09/16/2002 17:30:00,GWM,NIT-KJELD,Kjeldahl nitrogen (AS N),Total,,,,0.14,mg/l,True,0.05,,,PAI DK03,USGSGWM,Actual,GW,Water,,,"[]"
8666065,31540001,Keota 2,Keokuk,07080107,Well,Mississippian,41.360713,-91.952289,08/22/2003 13:45:00,GWM,NIT-AMM,Ammonia-nitrogen (AS N),Total,,,,0.64,mg/l,True,0.05,,,350.1,USGSGWM,Actual,GW,Water,,,"[]"
8666065,31540001,Keota 2,Keokuk,07080107,Well,Mississippian,41.360713,-91.952289,08/22/2003 13:45:00,GWM,NIT-NO3-NO2,Nitrate + Nitrite (AS N),Total,,,,0.1,mg/l,False,0.1,,,353.2,USGSGWM,Actual,GW,Water,,,"[]"
8666065,31540001,Keota 2,Keokuk,07080107,Well,Mississippian,41.360713,-91.952289,08/22/2003 13:45:00,GWM,14265-44-2,Orthophosphate (AS P),Dissolved,,,,0.02,mg/l,False,0.02,,,365.1,USGSGWM,Actual,GW,Water,,,"[]"
8666065,31540001,Keota 2,Keokuk,07080107,Well,Mississippian,41.360713,-91.952289,08/22/2003 13:45:00,GWM,PHOSP-PHOSP,"Total Phosphorus, mixed forms (AS P)",Total,,,,0.02,mg/l,False,0.02,,,365.4,USGSGWM,Actual,GW,Water,,,"[]"
8666065,31540001,Keota 2,Keokuk,07080107,Well,Mississippian,41.360713,-91.952289,08/22/2003 13:45:00,GWM,NIT-ORGN,Organic Nitrogen (AS N),Total,,,,0.11,mg/l,True,0.05,,,LAC10-107-06-2E,USGSGWM,Calculated,GW,Water,,,"[]"
8666065,31540001,Keota 2,Keokuk,07080107,Well,Mississippian,41.360713,-91.952289,08/22/2003 13:45:00,GWM,NIT-KJELD,Kjeldahl nitrogen (AS N),Total,,,,0.74,mg/l,True,0.05,,,PAI DK03,USGSGWM,Actual,GW,Water,,,"[]"
8666065,31540001,Keota 2,Keokuk,07080107,Well,Mississippian,41.360713,-91.952289,06/30/2004 11:30:00,GWM,NIT-AMM,Ammonia-nitrogen (AS N),Total,,,,0.65,mg/l,True,0.05,,,350.1,USGSGWM,Actual,GW,Water,,,"[]"
8666065,31540001,Keota 2,Keokuk,07080107,Well,Mississippian,41.360713,-91.952289,06/30/2004 11:30:00,GWM,NIT-NO3-NO2,Nitrate + Nitrite (AS N),Total,,,,0.05,mg/l,False,0.05,,,353.2,USGSGWM,Actual,GW,Water,,,"[]"
8666065,31540001,Keota 2,Keokuk,07080107,Well,Mississippian,41.360713,-91.952289,06/30/2004 11:30:00,GWM,14265-44-2,Orthophosphate (AS P),Dissolved,,,,0.02,mg/l,False,0.02,,,365.1,USGSGWM,Actual,GW,Water,,,"[]"
8666065,31540001,Keota 2,Keokuk,07080107,Well,Mississippian,41.360713,-91.952289,06/30/2004 11:30:00,GWM,PHOSP-PHOSP,"Total Phosphorus, mixed forms (AS P)",Total,,,,0.04,mg/l,True,0.02,,,365.4,USGSGWM,Actual,GW,Water,,,"[]"
8666065,31540001,Keota 2,Keokuk,07080107,Well,Mississippian,41.360713,-91.952289,06/30/2004 11:30:00,GWM,NIT-ORGN,Organic Nitrogen,Total,,,,0.18,mg/l,True,0.05,,,LAC10-107-06-2E,USGSGWM,Calculated,GW,Water,,,"[]"
8666065,31540001,Keota 2,Keokuk,07080107,Well,Mississippian,41.360713,-91.952289,07/25/2005 13:35:00,GWM,NIT-AMM,Ammonia-nitrogen (AS N),Total,,,,0.38,mg/l,True,0.05,,,350.1,USGSGWM,Actual,GW,Water,,,"[]"
8666065,31540001,Keota 2,Keokuk,07080107,Well,Mississippian,41.360713,-91.952289,07/25/2005 13:35:00,GWM,NIT-KJELD,Kjeldahl nitrogen (AS N),Total,,,,0.55,mg/l,True,0.1,,,351.2,USGSGWM,Actual,GW,Water,,,"[]"
8666065,31540001,Keota 2,Keokuk,07080107,Well,Mississippian,41.360713,-91.952289,07/25/2005 13:35:00,GWM,NIT-NO3-NO2,Nitrate + Nitrite (AS N),Total,,,,0.05,mg/l,False,0.05,,,353.2,USGSGWM,Actual,GW,Water,,,"[]"
8666065,31540001,Keota 2,Keokuk,07080107,Well,Mississippian,41.360713,-91.952289,07/25/2005 13:35:00,GWM,14265-44-2,Orthophosphate (AS P),Dissolved,,,,0.02,mg/l,False,0.02,,,365.1,USGSGWM,Actual,GW,Water,,,"[]"
8666065,31540001,Keota 2,Keokuk,07080107,Well,Mississippian,41.360713,-91.952289,07/25/2005 13:35:00,GWM,PHOSP-PHOSP,"Total Phosphorus, mixed forms (AS P)",Total,,,,0.04,mg/l,True,0.02,,,365.4,USGSGWM,Actual,GW,Water,,,"[]"
8666065,31540001,Keota 2,Keokuk,07080107,Well,Mississippian,41.360713,-91.952289,07/25/2005 13:35:00,GWM,NIT-ORGN,Organic Nitrogen,Total,,,,0.17,mg/l,True,0.1,,,LAC10-107-06-2E,USGSGWM,Calculated,GW,Water,,,"[]"
8666065,31540002,Richland 1,Keokuk,07080107,Well,Cambrian-Ordovician,41.186661,-91.993725,07/28/2005 14:30:00,GWM,NIT-AMM,Ammonia-nitrogen (AS N),Total,,,,1.2,mg/l,True,0.05,,,350.1,USGSGWM,Actual,GW,Water,,,"[]"
8666065,31540002,Richland 1,Keokuk,07080107,Well,Cambrian-Ordovician,41.186661,-91.993725,07/28/2005 14:30:00,GWM,NIT-KJELD,Kjeldahl nitrogen (AS N),Total,,,,1.4,mg/l,True,0.1,,,351.2,USGSGWM,Actual,GW,Water,,,"[]"
8666065,31540002,Richland 1,Keokuk,07080107,Well,Cambrian-Ordovician,41.186661,-91.993725,07/28/2005 14:30:00,GWM,NIT-NO3-NO2,Nitrate + Nitrite (AS N),Total,,,,0.05,mg/l,False,0.05,,,353.2,USGSGWM,Actual,GW,Water,,,"[]"
8666065,31540002,Richland 1,Keokuk,07080107,Well,Cambrian-Ordovician,41.186661,-91.993725,07/28/2005 14:30:00,GWM,14265-44-2,Orthophosphate (AS P),Dissolved,,,,0.02,mg/l,False,0.02,,,365.1,USGSGWM,Actual,GW,Water,,,"[]"
8666065,31540002,Richland 1,Keokuk,07080107,Well,Cambrian-Ordovician,41.186661,-91.993725,07/28/2005 14:30:00,GWM,PHOSP-PHOSP,"Total Phosphorus, mixed forms (AS P)",Total,,,,0.02,mg/l,True,0.02,,,365.4,USGSGWM,Actual,GW,Water,,,"[]"
8666065,31540002,Richland 1,Keokuk,07080107,Well,Cambrian-Ordovician,41.186661,-91.993725,07/28/2005 14:30:00,GWM,NIT-ORGN,Organic Nitrogen,Total,,,,0.16,mg/l,True,0.1,,,LAC10-107-06-2E,USGSGWM,Calculated,GW,Water,,,"[]"
8666065,31540001,Keota 2,Keokuk,07080107,Well,Mississippian,41.360713,-91.952289,06/12/2006 14:15:00,GWM,NIT-AMM,Ammonia-nitrogen (AS N),Total,,,,0.58,mg/l,True,0.05,,,350.1,USGSGWM,Actual,GW,Water,,,"[]"
8666065,31540001,Keota 2,Keokuk,07080107,Well,Mississippian,41.360713,-91.952289,06/12/2006 14:15:00,GWM,NIT-KJELD,Kjeldahl nitrogen (AS N),Total,,,,0.8,mg/l,True,0.1,,,351.2,USGSGWM,Actual,GW,Water,,,"[]"
8666065,31540001,Keota 2,Keokuk,07080107,Well,Mississippian,41.360713,-91.952289,06/12/2006 14:15:00,GWM,NIT-NO3-NO2,Nitrate + Nitrite (AS N),Total,,,,0.05,mg/l,False,0.05,,,353.2,USGSGWM,Actual,GW,Water,,,"[]"
8666065,31540001,Keota 2,Keokuk,07080107,Well,Mississippian,41.360713,-91.952289,06/12/2006 14:15:00,GWM,14265-44-2,Orthophosphate (AS P),Dissolved,,,,0.02,mg/l,False,0.02,,,365.1,USGSGWM,Actual,GW,Water,,,"[]"
8666065,31540001,Keota 2,Keokuk,07080107,Well,Mississippian,41.360713,-91.952289,06/12/2006 14:15:00,GWM,PHOSP-PHOSP,"Total Phosphorus, mixed forms (AS P)",Total,,,,0.02,mg/l,True,0.02,,,365.4,USGSGWM,Actual,GW,Water,,,"[]"
8666065,31540001,Keota 2,Keokuk,07080107,Well,Mississippian,41.360713,-91.952289,06/12/2006 14:15:00,GWM,NIT-ORGN,Organic Nitrogen,Total,,,,0.23,mg/l,True,0.1,,,LAC10-107-06-2E,USGSGWM,Calculated,GW,Water,,,"[]"
8666065,31540003,Sigourney 2,Keokuk,07080106,Well,Buried Sand Gravel,41.313174,-92.197785,08/03/2006 11:40:00,GWM,NIT-AMM,Ammonia-nitrogen (AS N),Total,,,,1.1,mg/l,True,0.05,,,350.1,USGSGWM,Actual,GW,Water,,,"[]"
8666065,31540003,Sigourney 2,Keokuk,07080106,Well,Buried Sand Gravel,41.313174,-92.197785,08/03/2006 11:40:00,GWM,NIT-KJELD,Kjeldahl nitrogen (AS N),Total,,,,1.2,mg/l,True,0.1,,,351.2,USGSGWM,Actual,GW,Water,,,"[]"
8666065,31540003,Sigourney 2,Keokuk,07080106,Well,Buried Sand Gravel,41.313174,-92.197785,08/03/2006 11:40:00,GWM,NIT-NO3-NO2,Nitrate + Nitrite (AS N),Total,,,,0.05,mg/l,False,0.05,,,353.2,USGSGWM,Actual,GW,Water,,,"[]"
8666065,31540003,Sigourney 2,Keokuk,07080106,Well,Buried Sand Gravel,41.313174,-92.197785,08/03/2006 11:40:00,GWM,14265-44-2,Orthophosphate (AS P),Dissolved,,,,0.02,mg/l,False,0.02,,,365.1,USGSGWM,Actual,GW,Water,,,"[]"
8666065,31540003,Sigourney 2,Keokuk,07080106,Well,Buried Sand Gravel,41.313174,-92.197785,08/03/2006 11:40:00,GWM,PHOSP-PHOSP,"Total Phosphorus, mixed forms (AS P)",Total,,,,0.23,mg/l,True,0.02,,,365.4,USGSGWM,Actual,GW,Water,,,"[]"
8666065,31540003,Sigourney 2,Keokuk,07080106,Well,Buried Sand Gravel,41.313174,-92.197785,08/03/2006 11:40:00,GWM,NIT-ORGN,Organic Nitrogen,Total,,,,0.1,mg/l,False,0.1,,,LAC10-107-06-2E,USGSGWM,Calculated,GW,Water,,,"[]"
8666065,31540001,Keota 2,Keokuk,07080107,Well,Mississippian,41.360713,-91.952289,09/11/2012 13:00:00,GWM,NIT-NO3-NO2,Nitrate + Nitrite (AS N),Total,,,,0.1,mg/l,False,0.1,,,LAC10-107-04-1J,GWMPWS,Actual,GW,Water,,,"[]"
8666065,31540001,Keota 2,Keokuk,07080107,Well,Mississippian,41.360713,-91.952289,09/11/2012 13:00:00,GWM,NIT-AMM,Ammonia-nitrogen (AS N),Total,,,,0.63,mg/l,True,0.05,,,LAC10-107-06-1J,GWMPWS,Actual,GW,Water,,,"[]"
8666065,31540001,Keota 2,Keokuk,07080107,Well,Mississippian,41.360713,-91.952289,09/11/2012 13:00:00,GWM,NIT-KJELD,Kjeldahl nitrogen (AS N),Total,,,,0.8,mg/l,True,0.1,,,LAC10-107-06-2E,GWMPWS,Actual,GW,Water,,,"[]"
8666065,31540001,Keota 2,Keokuk,07080107,Well,Mississippian,41.360713,-91.952289,09/11/2012 13:00:00,GWM,14265-44-2,Orthophosphate (AS P),Dissolved,,,,0.02,mg/l,False,0.02,,,LAC10-115-01-1A,GWMPWS,Actual,GW,Water,,,"[]"
8666065,31540001,Keota 2,Keokuk,07080107,Well,Mississippian,41.360713,-91.952289,09/11/2012 13:00:00,GWM,PHOSP-PHOSP,"Total Phosphorus, mixed forms (AS P)",Total,,,,0.04,mg/l,True,0.02,,,LAC10-115-01-1D,GWMPWS,Actual,GW,Water,,,"[]"
8666065,31540004,South English 1,Keokuk,07080106,Well,Mississippian,41.452376,-92.087816,10/11/2016 13:10:00,GWM,NIT-NO3-NO2,Nitrate + Nitrite (AS N),Total,,,,0.1,mg/l,False,0.1,,,LAC10-107-04-1J,GWM,Actual,GW,Water,,,"[]"
8666065,31540004,South English 1,Keokuk,07080106,Well,Mississippian,41.452376,-92.087816,10/11/2016 13:10:00,GWM,NIT-AMM,Ammonia-nitrogen (AS N),Total,,,,0.33,mg/l,True,0.05,,,LAC10-107-06-1J,GWM,Actual,GW,Water,,,"[]"
8666065,31540004,South English 1,Keokuk,07080106,Well,Mississippian,41.452376,-92.087816,01/20/2016 07:00:00,GWM,NIT-NO3-NO2,Nitrate + Nitrite (AS N),Total,,,,0.1,mg/l,False,0.1,,,LAC10-107-04-1J,GWM,Actual,GW,Water,,Sample exceeded required temperature upon receipt.,"[]"
8666065,31540004,South English 1,Keokuk,07080106,Well,Mississippian,41.452376,-92.087816,01/20/2016 07:00:00,GWM,NIT-AMM,Ammonia-nitrogen (AS N),Total,,,,0.26,mg/l,True,0.05,,,LAC10-107-06-1J,GWM,Actual,GW,Water,,Sample exceeded required temperature upon receipt.,"[]"
8666065,31540004,South English 1,Keokuk,07080106,Well,Mississippian,41.452376,-92.087816,01/20/2016 07:00:00,GWM,NIT-KJELD,Kjeldahl nitrogen (AS N),Total,,,,0.1,mg/l,True,0.1,,,LAC10-107-06-2E,GWM,Actual,GW,Water,,Sample exceeded required temperature upon receipt.,"[]"
8666065,31540004,South English 1,Keokuk,07080106,Well,Mississippian,41.452376,-92.087816,01/20/2016 07:00:00,GWM,14265-44-2,Orthophosphate (AS P),Dissolved,,,,0.02,mg/l,False,0.02,,,LAC10-115-01-1A,GWM,Actual,GW,Water,,Sample exceeded required temperature upon receipt.,"[]"
8666065,31540004,South English 1,Keokuk,07080106,Well,Mississippian,41.452376,-92.087816,01/20/2016 07:00:00,GWM,PHOSP-PHOSP,"Total Phosphorus, mixed forms (AS P)",Total,,,,0.06,mg/l,True,0.02,,,LAC10-115-01-1D,GWM,Actual,GW,Water,,Sample exceeded required temperature upon receipt.,"[]"
8666065,31540004,South English 1,Keokuk,07080106,Well,Mississippian,41.452376,-92.087816,04/15/2013 17:00:00,GWM,NIT-NO3-NO2,Nitrate + Nitrite (AS N),Total,,,,0.1,mg/l,False,0.1,,,LAC10-107-04-1J,GWM,Actual,GW,Water,,,"[]"
8666065,31540004,South English 1,Keokuk,07080106,Well,Mississippian,41.452376,-92.087816,04/15/2013 17:00:00,GWM,NIT-AMM,Ammonia-nitrogen (AS N),Total,,,,0.23,mg/l,True,0.05,,,LAC10-107-06-1J,GWM,Actual,GW,Water,,,"[]"
8666065,31540004,South English 1,Keokuk,07080106,Well,Mississippian,41.452376,-92.087816,04/15/2013 17:00:00,GWM,NIT-KJELD,Kjeldahl nitrogen (AS N),Total,,,,0.3,mg/l,True,0.1,,,LAC10-107-06-2E,GWM,Actual,GW,Water,,,"[]"
8666065,31540004,South English 1,Keokuk,07080106,Well,Mississippian,41.452376,-92.087816,04/15/2013 17:00:00,GWM,14265-44-2,Orthophosphate (AS P),Dissolved,,,,0.02,mg/l,True,0.02,,,LAC10-115-01-1A,GWM,Actual,GW,Water,,,"[]"
8666065,31540004,South English 1,Keokuk,07080106,Well,Mississippian,41.452376,-92.087816,04/15/2013 17:00:00,GWM,PHOSP-PHOSP,"Total Phosphorus, mixed forms (AS P)",Total,,,,0.07,mg/l,True,0.05,,,LAC10-115-01-1C,GWM,Actual,GW,Water,,,"[]"
8666065,31540005,Sigourney 02-5,Keokuk,07080106,Well,Mississippian,41.3525568826,-92.1979950594,11/28/2017 08:00:00,GWM,NIT-NO3-NO2,Nitrate + Nitrite (AS N),None,,,,0.1,mg/l,False,0.1,,,LAC10-107-06-1J,GWM,Actual,GW,Water,,,"[]"
8666065,31540005,Sigourney 02-5,Keokuk,07080106,Well,Mississippian,41.3525568826,-92.1979950594,11/28/2017 08:00:00,GWM,NIT-AMM,Ammonia-nitrogen (AS N),None,,,,0.39,mg/l,True,0.05,,,LAC10-107-06-1J,GWM,Actual,GW,Water,,,"[]"
8666065,31540001,Keota 2,Keokuk,07080107,Well,Mississippian,41.360713,-91.952289,12/05/2017 08:00:00,GWM,NIT-AMM,Ammonia-nitrogen (AS N),None,,,,0.84,mg/l,True,0.05,,,LAC10-107-06-1J,GWM,Actual,GW,Water,,,"[]"
8666065,31540001,Keota 2,Keokuk,07080107,Well,Mississippian,41.360713,-91.952289,12/05/2017 08:00:00,GWM,NIT-NO3-NO2,Nitrate + Nitrite (AS N),None,,,,0.1,mg/l,False,0.1,,,LAC10-107-06-1J,GWM,Actual,GW,Water,,,"[]"
8666065,31540005,Sigourney 02-5,Keokuk,07080106,Well,Mississippian,41.3525568826,-92.1979950594,01/15/2019 10:00:00,GWM,NIT-NO3-NO2,Nitrate + Nitrite (AS N),None,,,,0.1,mg/l,False,0.1,,,LAC10-107-06-1J,GWM,Actual,GW,Water,,,"[]"
8666065,31540005,Sigourney 02-5,Keokuk,07080106,Well,Mississippian,41.3525568826,-92.1979950594,01/15/2019 10:00:00,GWM,NIT-AMM,Ammonia-nitrogen (AS N),None,,,,0.38,mg/l,True,0.05,,,LAC10-107-06-1J,GWM,Actual,GW,Water,,,"[]"
8666065,31540005,Sigourney 02-5,Keokuk,07080106,Well,Mississippian,41.3525568826,-92.1979950594,01/15/2019 10:00:00,GWM,14265-44-2,Orthophosphate (AS P),Dissolved,,,,0.02,mg/l,False,0.02,,,LAC10-115-01-1A,GWM,Actual,GW,Water,,Sample was not field filtered per method and was filtered for analysis after receipt by the laboratory.,"[]"
