facilityID,siteID,name,county,huc8,type,aquifer,latitude,longitude,sampleDate,projectCode,cas_rn,analyte,fraction,relDepth,sampDepth,sampDepthUnit,result,unit,detect,detectLimit,quantFlag,quantLimit,method,colMethod,resultType,matrix,medium,qualFlag,remark,xParams
8666065,31550003,Algona 6,Kossuth,07100003,Well,Multiple Aquifers,43.07353,-94.240985,10/02/2002 09:45:00,GWM,NIT-NO3-NO2,Nitrate + Nitrite (AS N),Total,,,,0.1,mg/l,False,0.1,,,353.2,USGSGWM,Actual,GW,Water,,,"[]"
8666065,31550003,Algona 6,Kossuth,07100003,Well,Multiple Aquifers,43.07353,-94.240985,10/02/2002 09:45:00,GWM,14265-44-2,Orthophosphate (AS P),Dissolved,,,,0.09,mg/l,True,0.05,,,4500-P-E,USGSGWM,Actual,GW,Water,,,"[]"
8666065,31550003,Algona 6,Kossuth,07100003,Well,Multiple Aquifers,43.07353,-94.240985,10/02/2002 09:45:00,GWM,NIT-AMM,Ammonia-nitrogen (AS N),Total,,,,0.47,mg/l,True,0.05,,,LAC10-107-06-1J,USGSGWM,Actual,GW,Water,,,"[]"
8666065,31550003,Algona 6,Kossuth,07100003,Well,Multiple Aquifers,43.07353,-94.240985,10/02/2002 09:45:00,GWM,NIT-ORGN,Organic Nitrogen (AS N),Total,,,,0.09,mg/l,True,0.05,,,LAC10-107-06-2E,USGSGWM,Calculated,GW,Water,,,"[]"
8666065,31550003,Algona 6,Kossuth,07100003,Well,Multiple Aquifers,43.07353,-94.240985,10/02/2002 09:45:00,GWM,PHOSP-PHOSP,"Total Phosphorus, mixed forms (AS P)",Total,,,,0.16,mg/l,True,0.05,,,LAC10-115-01-1C,USGSGWM,Actual,GW,Water,,,"[]"
8666065,31550003,Algona 6,Kossuth,07100003,Well,Multiple Aquifers,43.07353,-94.240985,10/02/2002 09:45:00,GWM,NIT-KJELD,Kjeldahl nitrogen (AS N),Total,,,,0.56,mg/l,True,0.05,,,PAI DK03,USGSGWM,Actual,GW,Water,,,"[]"
8666065,31550002,Titonka 2,Kossuth,07100003,Well,Devonian,43.23834,-94.0377,07/23/2003 11:20:00,GWM,NIT-AMM,Ammonia-nitrogen (AS N),Total,,,,1.3,mg/l,True,0.05,,,350.1,USGSGWM,Actual,GW,Water,,,"[]"
8666065,31550002,Titonka 2,Kossuth,07100003,Well,Devonian,43.23834,-94.0377,07/23/2003 11:20:00,GWM,NIT-NO3-NO2,Nitrate + Nitrite (AS N),Total,,,,0.1,mg/l,False,0.1,,,353.2,USGSGWM,Actual,GW,Water,,,"[]"
8666065,31550002,Titonka 2,Kossuth,07100003,Well,Devonian,43.23834,-94.0377,07/23/2003 11:20:00,GWM,14265-44-2,Orthophosphate (AS P),Dissolved,,,,0.02,mg/l,False,0.02,,,365.1,USGSGWM,Actual,GW,Water,,,"[]"
8666065,31550002,Titonka 2,Kossuth,07100003,Well,Devonian,43.23834,-94.0377,07/23/2003 11:20:00,GWM,PHOSP-PHOSP,"Total Phosphorus, mixed forms (AS P)",Total,,,,0.02,mg/l,True,0.02,,,365.4,USGSGWM,Actual,GW,Water,,,"[]"
8666065,31550002,Titonka 2,Kossuth,07100003,Well,Devonian,43.23834,-94.0377,07/23/2003 11:20:00,GWM,NIT-ORGN,Organic Nitrogen (AS N),Total,,,,0.71,mg/l,True,0.05,,,LAC10-107-06-2E,USGSGWM,Calculated,GW,Water,,,"[]"
8666065,31550002,Titonka 2,Kossuth,07100003,Well,Devonian,43.23834,-94.0377,07/23/2003 11:20:00,GWM,NIT-KJELD,Kjeldahl nitrogen (AS N),Total,,,,2.1,mg/l,True,0.05,,,PAI DK03,USGSGWM,Actual,GW,Water,,,"[]"
8666065,31550001,Ledyard 1,Kossuth,07020009,Well,Devonian,43.421922,-94.160846,07/13/2005 15:45:00,GWM,NIT-AMM,Ammonia-nitrogen (AS N),Total,,,,1,mg/l,True,0.05,,,350.1,USGSGWM,Actual,GW,Water,,,"[]"
8666065,31550001,Ledyard 1,Kossuth,07020009,Well,Devonian,43.421922,-94.160846,07/13/2005 15:45:00,GWM,NIT-KJELD,Kjeldahl nitrogen (AS N),Total,,,,0.99,mg/l,True,0.1,,,351.2,USGSGWM,Actual,GW,Water,,,"[]"
8666065,31550001,Ledyard 1,Kossuth,07020009,Well,Devonian,43.421922,-94.160846,07/13/2005 15:45:00,GWM,NIT-NO3-NO2,Nitrate + Nitrite (AS N),Total,,,,0.05,mg/l,False,0.05,,,353.2,USGSGWM,Actual,GW,Water,,,"[]"
8666065,31550001,Ledyard 1,Kossuth,07020009,Well,Devonian,43.421922,-94.160846,07/13/2005 15:45:00,GWM,14265-44-2,Orthophosphate (AS P),Dissolved,,,,0.02,mg/l,False,0.02,,,365.1,USGSGWM,Actual,GW,Water,,,"[]"
8666065,31550001,Ledyard 1,Kossuth,07020009,Well,Devonian,43.421922,-94.160846,07/13/2005 15:45:00,GWM,PHOSP-PHOSP,"Total Phosphorus, mixed forms (AS P)",Total,,,,0.06,mg/l,True,0.02,,,365.4,USGSGWM,Actual,GW,Water,,,"[]"
8666065,31550001,Ledyard 1,Kossuth,07020009,Well,Devonian,43.421922,-94.160846,07/13/2005 15:45:00,GWM,NIT-ORGN,Organic Nitrogen,Total,,,,0.1,mg/l,False,0.1,,,LAC10-107-06-2E,USGSGWM,Calculated,GW,Water,,,"[]"
8666065,31550004,Algona 8,Kossuth,07100003,Well,Dakota,43.0730726458,-94.2397985692,11/01/2016 15:00:00,GWM,NIT-NO3-NO2,Nitrate + Nitrite (AS N),Total,,,,0.1,mg/l,False,0.1,,,LAC10-107-04-1J,GWM,Actual,GW,Water,,,"[]"
8666065,31550004,Algona 8,Kossuth,07100003,Well,Dakota,43.0730726458,-94.2397985692,11/01/2016 15:00:00,GWM,NIT-AMM,Ammonia-nitrogen (AS N),Total,,,,0.47,mg/l,True,0.05,,,LAC10-107-06-1J,GWM,Actual,GW,Water,,,"[]"
8666065,31550004,Algona 8,Kossuth,07100003,Well,Dakota,43.0730726458,-94.2397985692,12/15/2015 10:00:00,GWM,NIT-NO3-NO2,Nitrate + Nitrite (AS N),Total,,,,0.1,mg/l,False,0.1,,,LAC10-107-04-1J,GWM,Actual,GW,Water,,,"[]"
8666065,31550004,Algona 8,Kossuth,07100003,Well,Dakota,43.0730726458,-94.2397985692,12/15/2015 10:00:00,GWM,NIT-AMM,Ammonia-nitrogen (AS N),Total,,,,0.38,mg/l,True,0.05,,,LAC10-107-06-1J,GWM,Actual,GW,Water,,,"[]"
8666065,31550004,Algona 8,Kossuth,07100003,Well,Dakota,43.0730726458,-94.2397985692,12/15/2015 10:00:00,GWM,NIT-KJELD,Kjeldahl nitrogen (AS N),Total,,,,0.5,mg/l,True,0.1,,,LAC10-107-06-2E,GWM,Actual,GW,Water,,,"[]"
8666065,31550004,Algona 8,Kossuth,07100003,Well,Dakota,43.0730726458,-94.2397985692,12/15/2015 10:00:00,GWM,14265-44-2,Orthophosphate (AS P),Dissolved,,,,0.02,mg/l,False,0.02,,,LAC10-115-01-1A,GWM,Actual,GW,Water,,,"[]"
8666065,31550004,Algona 8,Kossuth,07100003,Well,Dakota,43.0730726458,-94.2397985692,12/15/2015 10:00:00,GWM,PHOSP-PHOSP,"Total Phosphorus, mixed forms (AS P)",Total,,,,0.14,mg/l,True,0.02,,,LAC10-115-01-1D,GWM,Actual,GW,Water,,,"[]"
8666065,31550004,Algona 8,Kossuth,07100003,Well,Dakota,43.0730726458,-94.2397985692,03/26/2013 14:15:00,GWM,NIT-NO3-NO2,Nitrate + Nitrite (AS N),Total,,,,0.1,mg/l,False,0.1,,,LAC10-107-04-1J,GWM,Actual,GW,Water,,,"[]"
8666065,31550004,Algona 8,Kossuth,07100003,Well,Dakota,43.0730726458,-94.2397985692,03/26/2013 14:15:00,GWM,NIT-AMM,Ammonia-nitrogen (AS N),Total,,,,0.72,mg/l,True,0.05,,,LAC10-107-06-1J,GWM,Actual,GW,Water,,,"[]"
8666065,31550004,Algona 8,Kossuth,07100003,Well,Dakota,43.0730726458,-94.2397985692,03/26/2013 14:15:00,GWM,NIT-KJELD,Kjeldahl nitrogen (AS N),Total,,,,0.8,mg/l,True,0.1,,,LAC10-107-06-2E,GWM,Actual,GW,Water,,,"[]"
8666065,31550004,Algona 8,Kossuth,07100003,Well,Dakota,43.0730726458,-94.2397985692,03/26/2013 14:15:00,GWM,14265-44-2,Orthophosphate (AS P),Dissolved,,,,0.08,mg/l,True,0.02,,,LAC10-115-01-1A,GWM,Actual,GW,Water,,,"[]"
8666065,31550004,Algona 8,Kossuth,07100003,Well,Dakota,43.0730726458,-94.2397985692,03/26/2013 14:15:00,GWM,PHOSP-PHOSP,"Total Phosphorus, mixed forms (AS P)",Total,,,,0.12,mg/l,True,0.02,,,LAC10-115-01-1D,GWM,Actual,GW,Water,,,"[]"
8666065,31550004,Algona 8,Kossuth,07100003,Well,Dakota,43.0730726458,-94.2397985692,12/05/2017 10:30:00,GWM,NIT-AMM,Ammonia-nitrogen (AS N),None,,,,0.56,mg/l,True,0.05,,,LAC10-107-06-1J,GWM,Actual,GW,Water,,,"[]"
8666065,31550004,Algona 8,Kossuth,07100003,Well,Dakota,43.0730726458,-94.2397985692,12/05/2017 10:30:00,GWM,NIT-NO3-NO2,Nitrate + Nitrite (AS N),None,,,,0.1,mg/l,False,0.1,,,LAC10-107-06-1J,GWM,Actual,GW,Water,,,"[]"
8666065,31550004,Algona 8,Kossuth,07100003,Well,Dakota,43.0730726458,-94.2397985692,12/05/2017 00:00:00,GWM,NIT-NO3-NO2,Nitrate + Nitrite,None,,,,0.01,mg/l,True,0.01,,0.01,353.2,GWM001,,GW,Water,,,"[]"
8666065,31550004,Algona 8,Kossuth,07100003,Well,Dakota,43.0730726458,-94.2397985692,01/02/2019 10:00:00,GWM,NIT-AMM,Ammonia-nitrogen (AS N),None,,,,0.67,mg/l,True,0.05,,,LAC10-107-06-1J,GWM,Actual,GW,Water,,,"[]"
8666065,31550004,Algona 8,Kossuth,07100003,Well,Dakota,43.0730726458,-94.2397985692,01/02/2019 10:00:00,GWM,NIT-NO3-NO2,Nitrate + Nitrite (AS N),None,,,,0.1,mg/l,False,0.1,,,LAC10-107-06-1J,GWM,Actual,GW,Water,,,"[]"
8666065,31550004,Algona 8,Kossuth,07100003,Well,Dakota,43.0730726458,-94.2397985692,01/02/2019 10:00:00,GWM,14265-44-2,Orthophosphate (AS P),Dissolved,,,,0.02,mg/l,False,0.02,,,LAC10-115-01-1A,GWM,Actual,GW,Water,,Sample was not field filtered per method and was filtered for analysis after receipt by the laboratory.,"[]"
8666065,31550004,Algona 8,Kossuth,07100003,Well,Dakota,43.0730726458,-94.2397985692,02/23/2021 10:00:00,GWM,NIT-NO3-NO2,Nitrate + Nitrite (AS N),None,,,,0.1,mg/l,False,0.1,,,LAC10-107-06-1J,GWM,Actual,GW,Water,,,"[]"
8666065,31550004,Algona 8,Kossuth,07100003,Well,Dakota,43.0730726458,-94.2397985692,02/23/2021 10:00:00,GWM,NIT-AMM,Ammonia-nitrogen (AS N),None,,,,0.44,mg/l,True,0.05,,,LAC10-107-06-1J,GWM,Actual,GW,Water,,,"[]"
8666065,31550004,Algona 8,Kossuth,07100003,Well,Dakota,43.0730726458,-94.2397985692,02/23/2021 10:00:00,GWM,14265-44-2,Orthophosphate (AS P),Dissolved,,,,0.02,mg/l,False,0.02,,,LAC10-115-01-1A,GWM,Actual,GW,Water,,,"[]"
8666065,31550005,Fenton 2,Kossuth,07100003,Well,Dakota,43.217561,-94.426777,03/02/2021 08:35:00,GWM,NIT-AMM,Ammonia-nitrogen (AS N),None,,,,0.84,mg/l,True,0.05,,,LAC10-107-06-1J,GWM,Actual,GW,Water,,,"[]"
8666065,31550005,Fenton 2,Kossuth,07100003,Well,Dakota,43.217561,-94.426777,03/02/2021 08:35:00,GWM,NIT-NO3-NO2,Nitrate + Nitrite (AS N),None,,,,0.1,mg/l,False,0.1,,,LAC10-107-06-1J,GWM,Actual,GW,Water,,,"[]"
8666065,31550005,Fenton 2,Kossuth,07100003,Well,Dakota,43.217561,-94.426777,03/02/2021 08:35:00,GWM,14265-44-2,Orthophosphate (AS P),Dissolved,,,,0.02,mg/l,False,0.02,,,LAC10-115-01-1A,GWM,Actual,GW,Water,,,"[]"
