facilityID,siteID,name,county,huc8,type,aquifer,latitude,longitude,sampleDate,projectCode,cas_rn,analyte,fraction,relDepth,sampDepth,sampDepthUnit,result,unit,detect,detectLimit,quantFlag,quantLimit,method,colMethod,resultType,matrix,medium,qualFlag,remark,xParams
8666065,31560001,Fort Madison 4,Lee,07080104,Well,Buried Sand Gravel,40.630369,-91.297525,08/01/2002 11:30:00,GWM,NIT-NO3-NO2,Nitrate + Nitrite (AS N),Total,,,,0.1,mg/l,False,0.1,,,353.2,USGSGWM,Actual,GW,Water,,,"[]"
8666065,31560001,Fort Madison 4,Lee,07080104,Well,Buried Sand Gravel,40.630369,-91.297525,08/01/2002 11:30:00,GWM,NIT-AMM,Ammonia-nitrogen (AS N),Total,,,,3.5,mg/l,True,0.05,,,LAC10-107-06-1J,USGSGWM,Actual,GW,Water,,,"[]"
8666065,31560001,Fort Madison 4,Lee,07080104,Well,Buried Sand Gravel,40.630369,-91.297525,08/01/2002 11:30:00,GWM,NIT-ORGN,Organic Nitrogen (AS N),Total,,,,0.6,mg/l,True,0.05,,,LAC10-107-06-2E,USGSGWM,Calculated,GW,Water,,,"[]"
8666065,31560001,Fort Madison 4,Lee,07080104,Well,Buried Sand Gravel,40.630369,-91.297525,08/01/2002 11:30:00,GWM,14265-44-2,Orthophosphate (AS P),Dissolved,,,,0.48,mg/l,True,0.05,,,LAC10-115-01-1A,USGSGWM,Actual,GW,Water,,,"[]"
8666065,31560001,Fort Madison 4,Lee,07080104,Well,Buried Sand Gravel,40.630369,-91.297525,08/01/2002 11:30:00,GWM,PHOSP-PHOSP,"Total Phosphorus, mixed forms (AS P)",Total,,,,1.5,mg/l,True,0.05,,,LAC10-115-01-1C,USGSGWM,Actual,GW,Water,,,"[]"
8666065,31560001,Fort Madison 4,Lee,07080104,Well,Buried Sand Gravel,40.630369,-91.297525,08/01/2002 11:30:00,GWM,NIT-KJELD,Kjeldahl nitrogen (AS N),Total,,,,4.1,mg/l,True,0.05,,,PAI DK03,USGSGWM,Actual,GW,Water,,,"[]"
8666065,31560001,Fort Madison 4,Lee,07080104,Well,Buried Sand Gravel,40.630369,-91.297525,08/11/2003 15:20:00,GWM,NIT-AMM,Ammonia-nitrogen (AS N),Total,,,,4.7,mg/l,True,0.05,,,350.1,USGSGWM,Actual,GW,Water,,,"[]"
8666065,31560001,Fort Madison 4,Lee,07080104,Well,Buried Sand Gravel,40.630369,-91.297525,08/11/2003 15:20:00,GWM,NIT-NO3-NO2,Nitrate + Nitrite (AS N),Total,,,,0.1,mg/l,False,0.1,,,353.2,USGSGWM,Actual,GW,Water,,,"[]"
8666065,31560001,Fort Madison 4,Lee,07080104,Well,Buried Sand Gravel,40.630369,-91.297525,08/11/2003 15:20:00,GWM,14265-44-2,Orthophosphate (AS P),Dissolved,,,,0.02,mg/l,False,0.02,,,365.1,USGSGWM,Actual,GW,Water,,,"[]"
8666065,31560001,Fort Madison 4,Lee,07080104,Well,Buried Sand Gravel,40.630369,-91.297525,08/11/2003 15:20:00,GWM,PHOSP-PHOSP,"Total Phosphorus, mixed forms (AS P)",Total,,,,1.5,mg/l,True,0.02,,,365.4,USGSGWM,Actual,GW,Water,,,"[]"
8666065,31560001,Fort Madison 4,Lee,07080104,Well,Buried Sand Gravel,40.630369,-91.297525,08/11/2003 15:20:00,GWM,NIT-ORGN,Organic Nitrogen (AS N),Total,,,,0.54,mg/l,True,0.05,,,LAC10-107-06-2E,USGSGWM,Calculated,GW,Water,,,"[]"
8666065,31560001,Fort Madison 4,Lee,07080104,Well,Buried Sand Gravel,40.630369,-91.297525,08/11/2003 15:20:00,GWM,NIT-KJELD,Kjeldahl nitrogen (AS N),Total,,,,5.3,mg/l,True,0.05,,,PAI DK03,USGSGWM,Actual,GW,Water,,,"[]"
8666065,31560002,Fort Madison 3,Lee,07080104,Well,Buried Sand Gravel,40.634413,-91.294553,09/22/2004 15:15:00,GWM,NIT-AMM,Ammonia-nitrogen (AS N),Total,,,,2,mg/l,True,0.05,,,350.1,USGSGWM,Actual,GW,Water,,,"[]"
8666065,31560002,Fort Madison 3,Lee,07080104,Well,Buried Sand Gravel,40.634413,-91.294553,09/22/2004 15:15:00,GWM,NIT-NO3-NO2,Nitrate + Nitrite (AS N),Total,,,,0.05,mg/l,False,0.05,,,353.2,USGSGWM,Actual,GW,Water,,,"[]"
8666065,31560002,Fort Madison 3,Lee,07080104,Well,Buried Sand Gravel,40.634413,-91.294553,09/22/2004 15:15:00,GWM,14265-44-2,Orthophosphate (AS P),Dissolved,,,,0.02,mg/l,False,0.02,,,365.1,USGSGWM,Actual,GW,Water,,,"[]"
8666065,31560002,Fort Madison 3,Lee,07080104,Well,Buried Sand Gravel,40.634413,-91.294553,09/22/2004 15:15:00,GWM,PHOSP-PHOSP,"Total Phosphorus, mixed forms (AS P)",Total,,,,0.24,mg/l,True,0.02,,,365.4,USGSGWM,Actual,GW,Water,,,"[]"
8666065,31560002,Fort Madison 3,Lee,07080104,Well,Buried Sand Gravel,40.634413,-91.294553,09/22/2004 15:15:00,GWM,NIT-ORGN,Organic Nitrogen,Total,,,,0.23,mg/l,True,0.05,,,LAC10-107-06-2E,USGSGWM,Calculated,GW,Water,,,"[]"
8666065,31560001,Fort Madison 4,Lee,07080104,Well,Buried Sand Gravel,40.630369,-91.297525,09/22/2004 17:00:00,GWM,NIT-AMM,Ammonia-nitrogen (AS N),Total,,,,4.3,mg/l,True,0.05,,,350.1,USGSGWM,Actual,GW,Water,,,"[]"
8666065,31560001,Fort Madison 4,Lee,07080104,Well,Buried Sand Gravel,40.630369,-91.297525,09/22/2004 17:00:00,GWM,NIT-NO3-NO2,Nitrate + Nitrite (AS N),Total,,,,0.05,mg/l,False,0.05,,,353.2,USGSGWM,Actual,GW,Water,,,"[]"
8666065,31560001,Fort Madison 4,Lee,07080104,Well,Buried Sand Gravel,40.630369,-91.297525,09/22/2004 17:00:00,GWM,14265-44-2,Orthophosphate (AS P),Dissolved,,,,0.02,mg/l,False,0.02,,,365.1,USGSGWM,Actual,GW,Water,,,"[]"
8666065,31560001,Fort Madison 4,Lee,07080104,Well,Buried Sand Gravel,40.630369,-91.297525,09/22/2004 17:00:00,GWM,PHOSP-PHOSP,"Total Phosphorus, mixed forms (AS P)",Total,,,,1.1,mg/l,True,0.05,,,365.4,USGSGWM,Actual,GW,Water,,,"[]"
8666065,31560001,Fort Madison 4,Lee,07080104,Well,Buried Sand Gravel,40.630369,-91.297525,09/22/2004 17:00:00,GWM,NIT-ORGN,Organic Nitrogen,Total,,,,0.5,mg/l,True,0.05,,,LAC10-107-06-2E,USGSGWM,Calculated,GW,Water,,,"[]"
8666065,31560001,Fort Madison 4,Lee,07080104,Well,Buried Sand Gravel,40.630369,-91.297525,09/16/2005 11:00:00,GWM,NIT-AMM,Ammonia-nitrogen (AS N),Total,,,,3.6,mg/l,True,0.05,,,350.1,USGSGWM,Actual,GW,Water,,,"[]"
8666065,31560001,Fort Madison 4,Lee,07080104,Well,Buried Sand Gravel,40.630369,-91.297525,09/16/2005 11:00:00,GWM,NIT-KJELD,Kjeldahl nitrogen (AS N),Total,,,,3.3,mg/l,True,0.1,,,351.2,USGSGWM,Actual,GW,Water,,,"[]"
8666065,31560001,Fort Madison 4,Lee,07080104,Well,Buried Sand Gravel,40.630369,-91.297525,09/16/2005 11:00:00,GWM,NIT-NO3-NO2,Nitrate + Nitrite (AS N),Total,,,,0.05,mg/l,False,0.05,,,353.2,USGSGWM,Actual,GW,Water,,,"[]"
8666065,31560001,Fort Madison 4,Lee,07080104,Well,Buried Sand Gravel,40.630369,-91.297525,09/16/2005 11:00:00,GWM,14265-44-2,Orthophosphate (AS P),Dissolved,,,,0.02,mg/l,False,0.02,,,365.1,USGSGWM,Actual,GW,Water,,,"[]"
8666065,31560001,Fort Madison 4,Lee,07080104,Well,Buried Sand Gravel,40.630369,-91.297525,09/16/2005 11:00:00,GWM,PHOSP-PHOSP,"Total Phosphorus, mixed forms (AS P)",Total,,,,0.68,mg/l,True,0.05,,,365.4,USGSGWM,Actual,GW,Water,,,"[]"
8666065,31560001,Fort Madison 4,Lee,07080104,Well,Buried Sand Gravel,40.630369,-91.297525,09/16/2005 11:00:00,GWM,NIT-ORGN,Organic Nitrogen,Total,,,,0.1,mg/l,False,0.1,,,LAC10-107-06-2E,USGSGWM,Calculated,GW,Water,,,"[]"
8666065,31560001,Fort Madison 4,Lee,07080104,Well,Buried Sand Gravel,40.630369,-91.297525,07/17/2006 13:30:00,GWM,NIT-AMM,Ammonia-nitrogen (AS N),Total,,,,3.2,mg/l,True,0.05,,,350.1,USGSGWM,Actual,GW,Water,,,"[]"
8666065,31560001,Fort Madison 4,Lee,07080104,Well,Buried Sand Gravel,40.630369,-91.297525,07/17/2006 13:30:00,GWM,NIT-KJELD,Kjeldahl nitrogen (AS N),Total,,,,3.3,mg/l,True,0.1,,,351.2,USGSGWM,Actual,GW,Water,,,"[]"
8666065,31560001,Fort Madison 4,Lee,07080104,Well,Buried Sand Gravel,40.630369,-91.297525,07/17/2006 13:30:00,GWM,NIT-NO3-NO2,Nitrate + Nitrite (AS N),Total,,,,0.05,mg/l,False,0.05,,,353.2,USGSGWM,Actual,GW,Water,,,"[]"
8666065,31560001,Fort Madison 4,Lee,07080104,Well,Buried Sand Gravel,40.630369,-91.297525,07/17/2006 13:30:00,GWM,14265-44-2,Orthophosphate (AS P),Dissolved,,,,0.02,mg/l,False,0.02,,,365.2,USGSGWM,Actual,GW,Water,,,"[]"
8666065,31560001,Fort Madison 4,Lee,07080104,Well,Buried Sand Gravel,40.630369,-91.297525,07/17/2006 13:30:00,GWM,PHOSP-PHOSP,"Total Phosphorus, mixed forms (AS P)",Total,,,,1.2,mg/l,True,0.05,,,365.4,USGSGWM,Actual,GW,Water,,,"[]"
8666065,31560001,Fort Madison 4,Lee,07080104,Well,Buried Sand Gravel,40.630369,-91.297525,07/17/2006 13:30:00,GWM,NIT-ORGN,Organic Nitrogen,Total,,,,0.1,mg/l,True,0.1,,,LAC10-107-06-2E,USGSGWM,Calculated,GW,Water,,,"[]"
