facilityID,siteID,name,county,huc8,type,aquifer,latitude,longitude,sampleDate,projectCode,cas_rn,analyte,fraction,relDepth,sampDepth,sampDepthUnit,result,unit,detect,detectLimit,quantFlag,quantLimit,method,colMethod,resultType,matrix,medium,qualFlag,remark,xParams
8666065,31580004,Grandview 3,Louisa,07080209,Well,Buried Sand Gravel,41.278403,-91.185169,08/01/2002 13:30:00,GWM,NIT-NO3-NO2,Nitrate + Nitrite (AS N),Total,,,,0.1,mg/l,False,0.1,,,353.2,USGSGWM,Actual,GW,Water,,,"[]"
8666065,31580004,Grandview 3,Louisa,07080209,Well,Buried Sand Gravel,41.278403,-91.185169,08/01/2002 13:30:00,GWM,NIT-AMM,Ammonia-nitrogen (AS N),Total,,,,0.73,mg/l,True,0.05,,,LAC10-107-06-1J,USGSGWM,Actual,GW,Water,,,"[]"
8666065,31580004,Grandview 3,Louisa,07080209,Well,Buried Sand Gravel,41.278403,-91.185169,08/01/2002 13:30:00,GWM,NIT-ORGN,Organic Nitrogen (AS N),Total,,,,0.09,mg/l,True,0.05,,,LAC10-107-06-2E,USGSGWM,Calculated,GW,Water,,,"[]"
8666065,31580004,Grandview 3,Louisa,07080209,Well,Buried Sand Gravel,41.278403,-91.185169,08/01/2002 13:30:00,GWM,14265-44-2,Orthophosphate (AS P),Dissolved,,,,0.09,mg/l,True,0.05,,,LAC10-115-01-1A,USGSGWM,Actual,GW,Water,,,"[]"
8666065,31580004,Grandview 3,Louisa,07080209,Well,Buried Sand Gravel,41.278403,-91.185169,08/01/2002 13:30:00,GWM,PHOSP-PHOSP,"Total Phosphorus, mixed forms (AS P)",Total,,,,0.79,mg/l,True,0.05,,,LAC10-115-01-1C,USGSGWM,Actual,GW,Water,,,"[]"
8666065,31580004,Grandview 3,Louisa,07080209,Well,Buried Sand Gravel,41.278403,-91.185169,08/01/2002 13:30:00,GWM,NIT-KJELD,Kjeldahl nitrogen (AS N),Total,,,,0.82,mg/l,True,0.05,,,PAI DK03,USGSGWM,Actual,GW,Water,,,"[]"
8666065,31580001,Grandview 2,Louisa,07080101,Well,Buried Sand Gravel,41.278699,-91.185186,08/14/2003 09:40:00,GWM,NIT-AMM,Ammonia-nitrogen (AS N),Total,,,,0.74,mg/l,True,0.05,,,350.1,USGSGWM,Actual,GW,Water,,,"[]"
8666065,31580001,Grandview 2,Louisa,07080101,Well,Buried Sand Gravel,41.278699,-91.185186,08/14/2003 09:40:00,GWM,NIT-NO3-NO2,Nitrate + Nitrite (AS N),Total,,,,0.1,mg/l,False,0.1,,,353.2,USGSGWM,Actual,GW,Water,,,"[]"
8666065,31580001,Grandview 2,Louisa,07080101,Well,Buried Sand Gravel,41.278699,-91.185186,08/14/2003 09:40:00,GWM,PHOSP-PHOSP,"Total Phosphorus, mixed forms (AS P)",Total,,,,0.26,mg/l,True,0.05,,,365.4,USGSGWM,Actual,GW,Water,,,"[]"
8666065,31580001,Grandview 2,Louisa,07080101,Well,Buried Sand Gravel,41.278699,-91.185186,08/14/2003 09:40:00,GWM,14265-44-2,Orthophosphate (AS P),Dissolved,,,,0.02,mg/l,False,0.02,,,4500-P-E,USGSGWM,Actual,GW,Water,,,"[]"
8666065,31580001,Grandview 2,Louisa,07080101,Well,Buried Sand Gravel,41.278699,-91.185186,08/14/2003 09:40:00,GWM,NIT-ORGN,Organic Nitrogen (AS N),Total,,,,0.05,mg/l,False,0.05,,,LAC10-107-06-2E,USGSGWM,Calculated,GW,Water,,,"[]"
8666065,31580001,Grandview 2,Louisa,07080101,Well,Buried Sand Gravel,41.278699,-91.185186,08/14/2003 09:40:00,GWM,NIT-KJELD,Kjeldahl nitrogen (AS N),Total,,,,0.74,mg/l,True,0.05,,,PAI DK03,USGSGWM,Actual,GW,Water,,,"[]"
8666065,31580001,Grandview 2,Louisa,07080101,Well,Buried Sand Gravel,41.278699,-91.185186,06/29/2004 10:15:00,GWM,NIT-AMM,Ammonia-nitrogen (AS N),Total,,,,0.67,mg/l,True,0.05,,,350.1,USGSGWM,Actual,GW,Water,,,"[]"
8666065,31580001,Grandview 2,Louisa,07080101,Well,Buried Sand Gravel,41.278699,-91.185186,06/29/2004 10:15:00,GWM,NIT-NO3-NO2,Nitrate + Nitrite (AS N),Total,,,,0.07,mg/l,True,0.05,,,353.2,USGSGWM,Actual,GW,Water,,,"[]"
8666065,31580001,Grandview 2,Louisa,07080101,Well,Buried Sand Gravel,41.278699,-91.185186,06/29/2004 10:15:00,GWM,14265-44-2,Orthophosphate (AS P),Dissolved,,,,0.07,mg/l,True,0.02,,,365.1,USGSGWM,Actual,GW,Water,,,"[]"
8666065,31580001,Grandview 2,Louisa,07080101,Well,Buried Sand Gravel,41.278699,-91.185186,06/29/2004 10:15:00,GWM,PHOSP-PHOSP,"Total Phosphorus, mixed forms (AS P)",Total,,,,0.28,mg/l,True,0.02,,,365.4,USGSGWM,Actual,GW,Water,,,"[]"
8666065,31580001,Grandview 2,Louisa,07080101,Well,Buried Sand Gravel,41.278699,-91.185186,06/29/2004 10:15:00,GWM,NIT-ORGN,Organic Nitrogen,Total,,,,0.12,mg/l,True,0.05,,,LAC10-107-06-2E,USGSGWM,Calculated,GW,Water,,,"[]"
8666065,31580001,Grandview 2,Louisa,07080101,Well,Buried Sand Gravel,41.278699,-91.185186,09/01/2005 14:20:00,GWM,NIT-AMM,Ammonia-nitrogen (AS N),Total,,,,0.75,mg/l,True,0.05,,,350.1,USGSGWM,Actual,GW,Water,,,"[]"
8666065,31580001,Grandview 2,Louisa,07080101,Well,Buried Sand Gravel,41.278699,-91.185186,09/01/2005 14:20:00,GWM,NIT-KJELD,Kjeldahl nitrogen (AS N),Total,,,,0.8,mg/l,True,0.1,,,351.2,USGSGWM,Actual,GW,Water,,,"[]"
8666065,31580001,Grandview 2,Louisa,07080101,Well,Buried Sand Gravel,41.278699,-91.185186,09/01/2005 14:20:00,GWM,NIT-NO3-NO2,Nitrate + Nitrite (AS N),Total,,,,0.05,mg/l,False,0.05,,,353.2,USGSGWM,Actual,GW,Water,,,"[]"
8666065,31580001,Grandview 2,Louisa,07080101,Well,Buried Sand Gravel,41.278699,-91.185186,09/01/2005 14:20:00,GWM,14265-44-2,Orthophosphate (AS P),Dissolved,,,,0.05,mg/l,True,0.02,,,365.1,USGSGWM,Actual,GW,Water,,,"[]"
8666065,31580001,Grandview 2,Louisa,07080101,Well,Buried Sand Gravel,41.278699,-91.185186,09/01/2005 14:20:00,GWM,PHOSP-PHOSP,"Total Phosphorus, mixed forms (AS P)",Total,,,,0.28,mg/l,True,0.02,,,365.4,USGSGWM,Actual,GW,Water,,,"[]"
8666065,31580001,Grandview 2,Louisa,07080101,Well,Buried Sand Gravel,41.278699,-91.185186,09/01/2005 14:20:00,GWM,NIT-ORGN,Organic Nitrogen,Total,,,,0.1,mg/l,False,0.1,,,LAC10-107-06-2E,USGSGWM,Calculated,GW,Water,,,"[]"
8666065,31580001,Grandview 2,Louisa,07080101,Well,Buried Sand Gravel,41.278699,-91.185186,06/07/2006 09:30:00,GWM,NIT-AMM,Ammonia-nitrogen (AS N),Total,,,,1.7,mg/l,True,0.05,,,350.1,USGSGWM,Actual,GW,Water,,,"[]"
8666065,31580001,Grandview 2,Louisa,07080101,Well,Buried Sand Gravel,41.278699,-91.185186,06/07/2006 09:30:00,GWM,NIT-KJELD,Kjeldahl nitrogen (AS N),Total,,,,1.7,mg/l,True,0.1,,,351.2,USGSGWM,Actual,GW,Water,,,"[]"
8666065,31580001,Grandview 2,Louisa,07080101,Well,Buried Sand Gravel,41.278699,-91.185186,06/07/2006 09:30:00,GWM,NIT-NO3-NO2,Nitrate + Nitrite (AS N),Total,,,,0.05,mg/l,False,0.05,,,353.2,USGSGWM,Actual,GW,Water,,,"[]"
8666065,31580001,Grandview 2,Louisa,07080101,Well,Buried Sand Gravel,41.278699,-91.185186,06/07/2006 09:30:00,GWM,14265-44-2,Orthophosphate (AS P),Dissolved,,,,0.02,mg/l,False,0.02,,,365.1,USGSGWM,Actual,GW,Water,,,"[]"
8666065,31580001,Grandview 2,Louisa,07080101,Well,Buried Sand Gravel,41.278699,-91.185186,06/07/2006 09:30:00,GWM,PHOSP-PHOSP,"Total Phosphorus, mixed forms (AS P)",Total,,,,0.17,mg/l,True,0.02,,,365.4,USGSGWM,Actual,GW,Water,,,"[]"
8666065,31580001,Grandview 2,Louisa,07080101,Well,Buried Sand Gravel,41.278699,-91.185186,06/07/2006 09:30:00,GWM,NIT-ORGN,Organic Nitrogen,Total,,,,0.1,mg/l,False,0.1,,,LAC10-107-06-2E,USGSGWM,Calculated,GW,Water,,,"[]"
8666065,31580002,Wapello 1,Louisa,07080209,Well,Alluvium,41.182137,-91.188066,07/27/2006 10:00:00,GWM,NIT-AMM,Ammonia-nitrogen (AS N),Total,,,,0.17,mg/l,True,0.05,,,350.1,USGSGWM,Actual,GW,Water,,,"[]"
8666065,31580002,Wapello 1,Louisa,07080209,Well,Alluvium,41.182137,-91.188066,07/27/2006 10:00:00,GWM,NIT-KJELD,Kjeldahl nitrogen (AS N),Total,,,,0.2,mg/l,True,0.1,,,351.2,USGSGWM,Actual,GW,Water,,,"[]"
8666065,31580002,Wapello 1,Louisa,07080209,Well,Alluvium,41.182137,-91.188066,07/27/2006 10:00:00,GWM,NIT-NO3-NO2,Nitrate + Nitrite (AS N),Total,,,,0.05,mg/l,False,0.05,,,353.2,USGSGWM,Actual,GW,Water,,,"[]"
8666065,31580002,Wapello 1,Louisa,07080209,Well,Alluvium,41.182137,-91.188066,07/27/2006 10:00:00,GWM,14265-44-2,Orthophosphate (AS P),Dissolved,,,,0.02,mg/l,False,0.02,,,365.1,USGSGWM,Actual,GW,Water,,,"[]"
8666065,31580002,Wapello 1,Louisa,07080209,Well,Alluvium,41.182137,-91.188066,07/27/2006 10:00:00,GWM,PHOSP-PHOSP,"Total Phosphorus, mixed forms (AS P)",Total,,,,0.14,mg/l,True,0.02,,,365.4,USGSGWM,Actual,GW,Water,,,"[]"
8666065,31580002,Wapello 1,Louisa,07080209,Well,Alluvium,41.182137,-91.188066,07/27/2006 10:00:00,GWM,NIT-ORGN,Organic Nitrogen,Total,,,,0.1,mg/l,False,0.1,,,LAC10-107-06-2E,USGSGWM,Calculated,GW,Water,,,"[]"
8666065,31580003,Columbus Junction 5,Louisa,07080209,Well,Buried Sand Gravel,41.280599,-91.355338,07/27/2006 10:45:00,GWM,NIT-AMM,Ammonia-nitrogen (AS N),Total,,,,1.1,mg/l,True,0.05,,,350.1,USGSGWM,Actual,GW,Water,,,"[]"
8666065,31580003,Columbus Junction 5,Louisa,07080209,Well,Buried Sand Gravel,41.280599,-91.355338,07/27/2006 10:45:00,GWM,NIT-KJELD,Kjeldahl nitrogen (AS N),Total,,,,1.3,mg/l,True,0.1,,,351.2,USGSGWM,Actual,GW,Water,,,"[]"
8666065,31580003,Columbus Junction 5,Louisa,07080209,Well,Buried Sand Gravel,41.280599,-91.355338,07/27/2006 10:45:00,GWM,NIT-NO3-NO2,Nitrate + Nitrite (AS N),Total,,,,0.05,mg/l,False,0.05,,,353.2,USGSGWM,Actual,GW,Water,,,"[]"
8666065,31580003,Columbus Junction 5,Louisa,07080209,Well,Buried Sand Gravel,41.280599,-91.355338,07/27/2006 10:45:00,GWM,14265-44-2,Orthophosphate (AS P),Dissolved,,,,0.02,mg/l,False,0.02,,,365.1,USGSGWM,Actual,GW,Water,,,"[]"
8666065,31580003,Columbus Junction 5,Louisa,07080209,Well,Buried Sand Gravel,41.280599,-91.355338,07/27/2006 10:45:00,GWM,PHOSP-PHOSP,"Total Phosphorus, mixed forms (AS P)",Total,,,,0.17,mg/l,True,0.02,,,365.4,USGSGWM,Actual,GW,Water,,,"[]"
8666065,31580003,Columbus Junction 5,Louisa,07080209,Well,Buried Sand Gravel,41.280599,-91.355338,07/27/2006 10:45:00,GWM,NIT-ORGN,Organic Nitrogen,Total,,,,0.2,mg/l,True,0.1,,,LAC10-107-06-2E,USGSGWM,Calculated,GW,Water,,,"[]"
