facilityID,siteID,name,county,huc8,type,aquifer,latitude,longitude,sampleDate,projectCode,cas_rn,analyte,fraction,relDepth,sampDepth,sampDepthUnit,result,unit,detect,detectLimit,quantFlag,quantLimit,method,colMethod,resultType,matrix,medium,qualFlag,remark,xParams
8666065,31590001,Russell 1,Lucas,10280201,Well,Cambrian-Ordovician,40.983172,-93.198567,08/19/2003 14:30:00,GWM,NIT-AMM,Ammonia-nitrogen (AS N),Total,,,,0.78,mg/l,True,0.05,,,350.1,USGSGWM,Actual,GW,Water,,,"[]"
8666065,31590001,Russell 1,Lucas,10280201,Well,Cambrian-Ordovician,40.983172,-93.198567,08/19/2003 14:30:00,GWM,NIT-NO3-NO2,Nitrate + Nitrite (AS N),Total,,,,0.1,mg/l,True,0.1,,,353.2,USGSGWM,Actual,GW,Water,,,"[]"
8666065,31590001,Russell 1,Lucas,10280201,Well,Cambrian-Ordovician,40.983172,-93.198567,08/19/2003 14:30:00,GWM,14265-44-2,Orthophosphate (AS P),Dissolved,,,,0.02,mg/l,False,0.02,,,365.1,USGSGWM,Actual,GW,Water,,,"[]"
8666065,31590001,Russell 1,Lucas,10280201,Well,Cambrian-Ordovician,40.983172,-93.198567,08/19/2003 14:30:00,GWM,PHOSP-PHOSP,"Total Phosphorus, mixed forms (AS P)",Total,,,,0.02,mg/l,False,0.02,,,365.4,USGSGWM,Actual,GW,Water,,,"[]"
8666065,31590001,Russell 1,Lucas,10280201,Well,Cambrian-Ordovician,40.983172,-93.198567,08/19/2003 14:30:00,GWM,NIT-ORGN,Organic Nitrogen (AS N),Total,,,,0.09,mg/l,True,0.05,,,LAC10-107-06-2E,USGSGWM,Calculated,GW,Water,,,"[]"
8666065,31590001,Russell 1,Lucas,10280201,Well,Cambrian-Ordovician,40.983172,-93.198567,08/19/2003 14:30:00,GWM,NIT-KJELD,Kjeldahl nitrogen (AS N),Total,,,,0.86,mg/l,True,0.05,,,PAI DK03,USGSGWM,Actual,GW,Water,,,"[]"
8666065,31590001,Russell 1,Lucas,10280201,Well,Cambrian-Ordovician,40.983172,-93.198567,08/16/2005 10:15:00,GWM,NIT-AMM,Ammonia-nitrogen (AS N),Total,,,,0.89,mg/l,True,0.05,,,350.1,USGSGWM,Actual,GW,Water,,,"[]"
8666065,31590001,Russell 1,Lucas,10280201,Well,Cambrian-Ordovician,40.983172,-93.198567,08/16/2005 10:15:00,GWM,NIT-KJELD,Kjeldahl nitrogen (AS N),Total,,,,0.96,mg/l,True,0.1,,,351.2,USGSGWM,Actual,GW,Water,,,"[]"
8666065,31590001,Russell 1,Lucas,10280201,Well,Cambrian-Ordovician,40.983172,-93.198567,08/16/2005 10:15:00,GWM,NIT-NO3-NO2,Nitrate + Nitrite (AS N),Total,,,,0.05,mg/l,False,0.05,,,353.2,USGSGWM,Actual,GW,Water,,,"[]"
8666065,31590001,Russell 1,Lucas,10280201,Well,Cambrian-Ordovician,40.983172,-93.198567,08/16/2005 10:15:00,GWM,14265-44-2,Orthophosphate (AS P),Dissolved,,,,0.02,mg/l,False,0.02,,,365.1,USGSGWM,Actual,GW,Water,,,"[]"
8666065,31590001,Russell 1,Lucas,10280201,Well,Cambrian-Ordovician,40.983172,-93.198567,08/16/2005 10:15:00,GWM,PHOSP-PHOSP,"Total Phosphorus, mixed forms (AS P)",Total,,,,0.02,mg/l,True,0.02,,,365.4,USGSGWM,Actual,GW,Water,,,"[]"
8666065,31590001,Russell 1,Lucas,10280201,Well,Cambrian-Ordovician,40.983172,-93.198567,08/16/2005 10:15:00,GWM,NIT-ORGN,Organic Nitrogen,Total,,,,0.1,mg/l,False,0.1,,,LAC10-107-06-2E,USGSGWM,Calculated,GW,Water,,,"[]"
8666065,31590001,Russell 1,Lucas,10280201,Well,Cambrian-Ordovician,40.983172,-93.198567,07/06/2006 11:30:00,GWM,NIT-AMM,Ammonia-nitrogen (AS N),Total,,,,0.87,mg/l,True,0.05,,,350.1,USGSGWM,Actual,GW,Water,,,"[]"
8666065,31590001,Russell 1,Lucas,10280201,Well,Cambrian-Ordovician,40.983172,-93.198567,07/06/2006 11:30:00,GWM,NIT-KJELD,Kjeldahl nitrogen (AS N),Total,,,,1.1,mg/l,True,0.1,,,351.2,USGSGWM,Actual,GW,Water,,,"[]"
8666065,31590001,Russell 1,Lucas,10280201,Well,Cambrian-Ordovician,40.983172,-93.198567,07/06/2006 11:30:00,GWM,NIT-NO3-NO2,Nitrate + Nitrite (AS N),Total,,,,0.05,mg/l,False,0.05,,,353.2,USGSGWM,Actual,GW,Water,,,"[]"
8666065,31590001,Russell 1,Lucas,10280201,Well,Cambrian-Ordovician,40.983172,-93.198567,07/06/2006 11:30:00,GWM,14265-44-2,Orthophosphate (AS P),Dissolved,,,,0.02,mg/l,False,0.02,,,365.1,USGSGWM,Actual,GW,Water,,,"[]"
8666065,31590001,Russell 1,Lucas,10280201,Well,Cambrian-Ordovician,40.983172,-93.198567,07/06/2006 11:30:00,GWM,PHOSP-PHOSP,"Total Phosphorus, mixed forms (AS P)",Total,,,,0.02,mg/l,False,0.02,,,365.4,USGSGWM,Actual,GW,Water,,,"[]"
8666065,31590001,Russell 1,Lucas,10280201,Well,Cambrian-Ordovician,40.983172,-93.198567,07/06/2006 11:30:00,GWM,NIT-ORGN,Organic Nitrogen,Total,,,,0.3,mg/l,True,0.1,,,LAC10-107-06-2E,USGSGWM,Calculated,GW,Water,,,"[]"
8666065,31590001,Russell 1,Lucas,10280201,Well,Cambrian-Ordovician,40.983172,-93.198567,10/29/2012 19:06:00,GWM,NIT-NO3-NO2,Nitrate + Nitrite (AS N),Total,,,,0.1,mg/l,False,0.1,,,LAC10-107-04-1J,GWMPWS,Actual,GW,Water,,,"[]"
8666065,31590001,Russell 1,Lucas,10280201,Well,Cambrian-Ordovician,40.983172,-93.198567,10/29/2012 19:06:00,GWM,NIT-AMM,Ammonia-nitrogen (AS N),Total,,,,0.86,mg/l,True,0.05,,,LAC10-107-06-1J,GWMPWS,Actual,GW,Water,,,"[]"
8666065,31590001,Russell 1,Lucas,10280201,Well,Cambrian-Ordovician,40.983172,-93.198567,10/29/2012 19:06:00,GWM,NIT-KJELD,Kjeldahl nitrogen (AS N),Total,,,,1.2,mg/l,True,0.1,,,LAC10-107-06-2E,GWMPWS,Actual,GW,Water,,,"[]"
8666065,31590001,Russell 1,Lucas,10280201,Well,Cambrian-Ordovician,40.983172,-93.198567,10/29/2012 19:06:00,GWM,14265-44-2,Orthophosphate (AS P),Dissolved,,,,0.02,mg/l,False,0.02,,,LAC10-115-01-1A,GWMPWS,Actual,GW,Water,,,"[]"
8666065,31590001,Russell 1,Lucas,10280201,Well,Cambrian-Ordovician,40.983172,-93.198567,10/29/2012 19:06:00,GWM,PHOSP-PHOSP,"Total Phosphorus, mixed forms (AS P)",Total,,,,0.02,mg/l,True,0.02,,,LAC10-115-01-1D,GWMPWS,Actual,GW,Water,,,"[]"
8666065,31590001,Russell 1,Lucas,10280201,Well,Cambrian-Ordovician,40.983172,-93.198567,03/02/2018 09:33:00,GWM,NIT-AMM,Ammonia-nitrogen (AS N),None,,,,0.85,mg/l,True,0.05,,,LAC10-107-06-1J,GWM,Actual,GW,Water,,,"[]"
8666065,31590001,Russell 1,Lucas,10280201,Well,Cambrian-Ordovician,40.983172,-93.198567,03/02/2018 09:33:00,GWM,NIT-NO3-NO2,Nitrate + Nitrite (AS N),None,,,,0.1,mg/l,False,0.1,,,LAC10-107-06-1J,GWM,Actual,GW,Water,,,"[]"
