facilityID,siteID,name,county,huc8,type,aquifer,latitude,longitude,sampleDate,projectCode,cas_rn,analyte,fraction,relDepth,sampDepth,sampDepthUnit,result,unit,detect,detectLimit,quantFlag,quantLimit,method,colMethod,resultType,matrix,medium,qualFlag,remark,xParams
8666065,31600001,Lester (4) 2 W,Lyon,10170204,Well,Alluvium,43.440415,-96.339415,07/30/2002 18:15:00,GWM,NIT-NO3-NO2,Nitrate + Nitrite (AS N),Total,,,,2.1,mg/l,True,0.1,,,353.2,USGSGWM,Actual,GW,Water,,,"[]"
8666065,31600001,Lester (4) 2 W,Lyon,10170204,Well,Alluvium,43.440415,-96.339415,07/30/2002 18:15:00,GWM,NIT-AMM,Ammonia-nitrogen (AS N),Total,,,,0.19,mg/l,True,0.05,,,LAC10-107-06-1J,USGSGWM,Actual,GW,Water,,,"[]"
8666065,31600001,Lester (4) 2 W,Lyon,10170204,Well,Alluvium,43.440415,-96.339415,07/30/2002 18:15:00,GWM,NIT-ORGN,Organic Nitrogen (AS N),Total,,,,0.06,mg/l,True,0.05,,,LAC10-107-06-2E,USGSGWM,Calculated,GW,Water,,,"[]"
8666065,31600001,Lester (4) 2 W,Lyon,10170204,Well,Alluvium,43.440415,-96.339415,07/30/2002 18:15:00,GWM,14265-44-2,Orthophosphate (AS P),Dissolved,,,,0.05,mg/l,False,0.05,,,LAC10-115-01-1A,USGSGWM,Actual,GW,Water,,,"[]"
8666065,31600001,Lester (4) 2 W,Lyon,10170204,Well,Alluvium,43.440415,-96.339415,07/30/2002 18:15:00,GWM,PHOSP-PHOSP,"Total Phosphorus, mixed forms (AS P)",Total,,,,0.05,mg/l,False,0.05,,,LAC10-115-01-1C,USGSGWM,Actual,GW,Water,,,"[]"
8666065,31600001,Lester (4) 2 W,Lyon,10170204,Well,Alluvium,43.440415,-96.339415,07/30/2002 18:15:00,GWM,NIT-KJELD,Kjeldahl nitrogen (AS N),Total,,,,0.25,mg/l,True,0.05,,,PAI DK03,USGSGWM,Actual,GW,Water,,,"[]"
8666065,31600001,Lester (4) 2 W,Lyon,10170204,Well,Alluvium,43.440415,-96.339415,07/28/2003 16:45:00,GWM,NIT-AMM,Ammonia-nitrogen (AS N),Total,,,,0.18,mg/l,True,0.05,,,350.1,USGSGWM,Actual,GW,Water,,,"[]"
8666065,31600001,Lester (4) 2 W,Lyon,10170204,Well,Alluvium,43.440415,-96.339415,07/28/2003 16:45:00,GWM,NIT-NO3-NO2,Nitrate + Nitrite (AS N),Total,,,,2.3,mg/l,True,0.1,,,353.2,USGSGWM,Actual,GW,Water,,,"[]"
8666065,31600001,Lester (4) 2 W,Lyon,10170204,Well,Alluvium,43.440415,-96.339415,07/28/2003 16:45:00,GWM,14265-44-2,Orthophosphate (AS P),Dissolved,,,,0.02,mg/l,False,0.02,,,365.1,USGSGWM,Actual,GW,Water,,,"[]"
8666065,31600001,Lester (4) 2 W,Lyon,10170204,Well,Alluvium,43.440415,-96.339415,07/28/2003 16:45:00,GWM,PHOSP-PHOSP,"Total Phosphorus, mixed forms (AS P)",Total,,,,0.08,mg/l,True,0.02,,,365.4,USGSGWM,Actual,GW,Water,,,"[]"
8666065,31600001,Lester (4) 2 W,Lyon,10170204,Well,Alluvium,43.440415,-96.339415,07/28/2003 16:45:00,GWM,NIT-ORGN,Organic Nitrogen (AS N),Total,,,,0.21,mg/l,True,0.05,,,LAC10-107-06-2E,USGSGWM,Calculated,GW,Water,,,"[]"
8666065,31600001,Lester (4) 2 W,Lyon,10170204,Well,Alluvium,43.440415,-96.339415,07/28/2003 16:45:00,GWM,NIT-KJELD,Kjeldahl nitrogen (AS N),Total,,,,0.41,mg/l,True,0.05,,,PAI DK03,USGSGWM,Actual,GW,Water,,,"[]"
8666065,31600003,George 2,Lyon,10170204,Well,Alluvium,43.33968,-96.00702,07/27/2004 16:00:00,GWM,NIT-AMM,Ammonia-nitrogen (AS N),Total,,,,0.05,mg/l,False,0.05,,,350.1,USGSGWM,Actual,GW,Water,,,"[]"
8666065,31600003,George 2,Lyon,10170204,Well,Alluvium,43.33968,-96.00702,07/27/2004 16:00:00,GWM,NIT-NO3-NO2,Nitrate + Nitrite (AS N),Total,,,,13,mg/l,True,0.05,,,353.2,USGSGWM,Actual,GW,Water,,,"[]"
8666065,31600003,George 2,Lyon,10170204,Well,Alluvium,43.33968,-96.00702,07/27/2004 16:00:00,GWM,14265-44-2,Orthophosphate (AS P),Dissolved,,,,0.07,mg/l,True,0.02,,,365.1,USGSGWM,Actual,GW,Water,,,"[]"
8666065,31600003,George 2,Lyon,10170204,Well,Alluvium,43.33968,-96.00702,07/27/2004 16:00:00,GWM,PHOSP-PHOSP,"Total Phosphorus, mixed forms (AS P)",Total,,,,0.07,mg/l,True,0.02,,,365.4,USGSGWM,Actual,GW,Water,,,"[]"
8666065,31600003,George 2,Lyon,10170204,Well,Alluvium,43.33968,-96.00702,07/27/2004 16:00:00,GWM,NIT-ORGN,Organic Nitrogen,Total,,,,0.15,mg/l,True,0.05,,,LAC10-107-06-2E,USGSGWM,Calculated,GW,Water,,,"[]"
8666065,31600002,Lester (3) 1 E,Lyon,10170204,Well,Alluvium,43.4337,-96.33114,07/27/2004 18:30:00,GWM,NIT-AMM,Ammonia-nitrogen (AS N),Total,,,,0.1,mg/l,True,0.05,,,350.1,USGSGWM,Actual,GW,Water,,,"[]"
8666065,31600002,Lester (3) 1 E,Lyon,10170204,Well,Alluvium,43.4337,-96.33114,07/27/2004 18:30:00,GWM,NIT-NO3-NO2,Nitrate + Nitrite (AS N),Total,,,,0.05,mg/l,False,0.05,,,353.2,USGSGWM,Actual,GW,Water,,,"[]"
8666065,31600002,Lester (3) 1 E,Lyon,10170204,Well,Alluvium,43.4337,-96.33114,07/27/2004 18:30:00,GWM,14265-44-2,Orthophosphate (AS P),Dissolved,,,,0.02,mg/l,False,0.02,,,365.1,USGSGWM,Actual,GW,Water,,,"[]"
8666065,31600002,Lester (3) 1 E,Lyon,10170204,Well,Alluvium,43.4337,-96.33114,07/27/2004 18:30:00,GWM,PHOSP-PHOSP,"Total Phosphorus, mixed forms (AS P)",Total,,,,0.08,mg/l,True,0.02,,,365.4,USGSGWM,Actual,GW,Water,,,"[]"
8666065,31600002,Lester (3) 1 E,Lyon,10170204,Well,Alluvium,43.4337,-96.33114,07/27/2004 18:30:00,GWM,NIT-ORGN,Organic Nitrogen,Total,,,,0.22,mg/l,True,0.05,,,LAC10-107-06-2E,USGSGWM,Calculated,GW,Water,,,"[]"
8666065,31600001,Lester (4) 2 W,Lyon,10170204,Well,Alluvium,43.440415,-96.339415,07/27/2004 19:30:00,GWM,NIT-AMM,Ammonia-nitrogen (AS N),Total,,,,0.14,mg/l,True,0.05,,,350.1,USGSGWM,Actual,GW,Water,,,"[]"
8666065,31600001,Lester (4) 2 W,Lyon,10170204,Well,Alluvium,43.440415,-96.339415,07/27/2004 19:30:00,GWM,NIT-NO3-NO2,Nitrate + Nitrite (AS N),Total,,,,2.9,mg/l,True,0.05,,,353.2,USGSGWM,Actual,GW,Water,,,"[]"
8666065,31600001,Lester (4) 2 W,Lyon,10170204,Well,Alluvium,43.440415,-96.339415,07/27/2004 19:30:00,GWM,14265-44-2,Orthophosphate (AS P),Dissolved,,,,0.02,mg/l,False,0.02,,,365.1,USGSGWM,Actual,GW,Water,,,"[]"
8666065,31600001,Lester (4) 2 W,Lyon,10170204,Well,Alluvium,43.440415,-96.339415,07/27/2004 19:30:00,GWM,PHOSP-PHOSP,"Total Phosphorus, mixed forms (AS P)",Total,,,,0.03,mg/l,True,0.02,,,365.4,USGSGWM,Actual,GW,Water,,,"[]"
8666065,31600001,Lester (4) 2 W,Lyon,10170204,Well,Alluvium,43.440415,-96.339415,07/27/2004 19:30:00,GWM,NIT-ORGN,Organic Nitrogen,Total,,,,0.19,mg/l,True,0.05,,,LAC10-107-06-2E,USGSGWM,Calculated,GW,Water,,,"[]"
8666065,31600001,Lester (4) 2 W,Lyon,10170204,Well,Alluvium,43.440415,-96.339415,07/11/2005 17:30:00,GWM,NIT-AMM,Ammonia-nitrogen (AS N),Total,,,,0.05,mg/l,False,0.05,,,350.1,USGSGWM,Actual,GW,Water,,,"[]"
8666065,31600001,Lester (4) 2 W,Lyon,10170204,Well,Alluvium,43.440415,-96.339415,07/11/2005 17:30:00,GWM,NIT-KJELD,Kjeldahl nitrogen (AS N),Total,,,,0.1,mg/l,False,0.1,,,351.2,USGSGWM,Actual,GW,Water,,,"[]"
8666065,31600001,Lester (4) 2 W,Lyon,10170204,Well,Alluvium,43.440415,-96.339415,07/11/2005 17:30:00,GWM,NIT-NO3-NO2,Nitrate + Nitrite (AS N),Total,,,,0.06,mg/l,True,0.05,,,353.2,USGSGWM,Actual,GW,Water,,,"[]"
8666065,31600001,Lester (4) 2 W,Lyon,10170204,Well,Alluvium,43.440415,-96.339415,07/11/2005 17:30:00,GWM,14265-44-2,Orthophosphate (AS P),Dissolved,,,,0.02,mg/l,False,0.02,,,365.1,USGSGWM,Actual,GW,Water,,,"[]"
8666065,31600001,Lester (4) 2 W,Lyon,10170204,Well,Alluvium,43.440415,-96.339415,07/11/2005 17:30:00,GWM,PHOSP-PHOSP,"Total Phosphorus, mixed forms (AS P)",Total,,,,0.1,mg/l,True,0.02,,,365.4,USGSGWM,Actual,GW,Water,,,"[]"
8666065,31600001,Lester (4) 2 W,Lyon,10170204,Well,Alluvium,43.440415,-96.339415,07/11/2005 17:30:00,GWM,NIT-ORGN,Organic Nitrogen,Total,,,,0.1,mg/l,False,0.1,,,LAC10-107-06-2E,USGSGWM,Calculated,GW,Water,,,"[]"
8666065,31600004,LS-Doon RWS 3,Lyon,10170204,Well,Alluvium,43.3023400007,-96.2337799998,10/25/2016 12:00:00,GWM,NIT-NO3-NO2,Nitrate + Nitrite (AS N),Total,,,,7.7,mg/l,True,0.1,,,LAC10-107-04-1J,GWM,Actual,GW,Water,,,"[]"
8666065,31600004,LS-Doon RWS 3,Lyon,10170204,Well,Alluvium,43.3023400007,-96.2337799998,10/25/2016 12:00:00,GWM,NIT-AMM,Ammonia-nitrogen (AS N),Total,,,,0.05,mg/l,False,0.05,,,LAC10-107-06-1J,GWM,Actual,GW,Water,,,"[]"
8666065,31600004,LS-Doon RWS 3,Lyon,10170204,Well,Alluvium,43.3023400007,-96.2337799998,01/04/2016 10:00:00,GWM,NIT-NO3-NO2,Nitrate + Nitrite (AS N),Total,,,,3.4,mg/l,True,0.1,,,LAC10-107-04-1J,GWM,Actual,GW,Water,,,"[]"
8666065,31600004,LS-Doon RWS 3,Lyon,10170204,Well,Alluvium,43.3023400007,-96.2337799998,01/04/2016 10:00:00,GWM,NIT-AMM,Ammonia-nitrogen (AS N),Total,,,,0.05,mg/l,False,0.05,,,LAC10-107-06-1J,GWM,Actual,GW,Water,,,"[]"
8666065,31600004,LS-Doon RWS 3,Lyon,10170204,Well,Alluvium,43.3023400007,-96.2337799998,01/04/2016 10:00:00,GWM,NIT-KJELD,Kjeldahl nitrogen (AS N),Total,,,,0.1,mg/l,False,0.1,,,LAC10-107-06-2E,GWM,Actual,GW,Water,,,"[]"
8666065,31600004,LS-Doon RWS 3,Lyon,10170204,Well,Alluvium,43.3023400007,-96.2337799998,01/04/2016 10:00:00,GWM,14265-44-2,Orthophosphate (AS P),Dissolved,,,,0.06,mg/l,True,0.02,,,LAC10-115-01-1A,GWM,Actual,GW,Water,,,"[]"
8666065,31600004,LS-Doon RWS 3,Lyon,10170204,Well,Alluvium,43.3023400007,-96.2337799998,01/04/2016 10:00:00,GWM,PHOSP-PHOSP,"Total Phosphorus, mixed forms (AS P)",Total,,,,0.08,mg/l,True,0.02,,,LAC10-115-01-1D,GWM,Actual,GW,Water,,,"[]"
8666065,31600004,LS-Doon RWS 3,Lyon,10170204,Well,Alluvium,43.3023400007,-96.2337799998,01/26/2015 10:00:00,GWM,NIT-NO3-NO2,Nitrate + Nitrite (AS N),Total,,,,1.9,mg/l,True,0.1,,,LAC10-107-04-1J,GWM,Actual,GW,Water,,,"[]"
8666065,31600004,LS-Doon RWS 3,Lyon,10170204,Well,Alluvium,43.3023400007,-96.2337799998,01/26/2015 10:00:00,GWM,NIT-AMM,Ammonia-nitrogen (AS N),Total,,,,0.05,mg/l,False,0.05,,,LAC10-107-06-1J,GWM,Actual,GW,Water,,,"[]"
8666065,31600004,LS-Doon RWS 3,Lyon,10170204,Well,Alluvium,43.3023400007,-96.2337799998,01/26/2015 10:00:00,GWM,NIT-KJELD,Kjeldahl nitrogen (AS N),Total,,,,0.1,mg/l,True,0.1,,,LAC10-107-06-2E,GWM,Actual,GW,Water,,,"[]"
8666065,31600004,LS-Doon RWS 3,Lyon,10170204,Well,Alluvium,43.3023400007,-96.2337799998,01/26/2015 10:00:00,GWM,14265-44-2,Orthophosphate (AS P),Dissolved,,,,0.07,mg/l,True,0.02,,,LAC10-115-01-1A,GWM,Actual,GW,Water,,,"[]"
8666065,31600004,LS-Doon RWS 3,Lyon,10170204,Well,Alluvium,43.3023400007,-96.2337799998,01/26/2015 10:00:00,GWM,PHOSP-PHOSP,"Total Phosphorus, mixed forms (AS P)",Total,,,,0.07,mg/l,True,0.02,,,LAC10-115-01-1D,GWM,Actual,GW,Water,,,"[]"
8666065,31600004,LS-Doon RWS 3,Lyon,10170204,Well,Alluvium,43.3023400007,-96.2337799998,04/02/2013 13:43:00,GWM,NIT-NO3-NO2,Nitrate + Nitrite (AS N),Total,,,,3.6,mg/l,True,0.1,,,LAC10-107-04-1J,GWM,Actual,GW,Water,,,"[]"
8666065,31600004,LS-Doon RWS 3,Lyon,10170204,Well,Alluvium,43.3023400007,-96.2337799998,04/02/2013 13:43:00,GWM,NIT-AMM,Ammonia-nitrogen (AS N),Total,,,,0.05,mg/l,False,0.05,,,LAC10-107-06-1J,GWM,Actual,GW,Water,,,"[]"
8666065,31600004,LS-Doon RWS 3,Lyon,10170204,Well,Alluvium,43.3023400007,-96.2337799998,04/02/2013 13:43:00,GWM,NIT-KJELD,Kjeldahl nitrogen (AS N),Total,,,,0.1,mg/l,True,0.1,,,LAC10-107-06-2E,GWM,Actual,GW,Water,,,"[]"
8666065,31600004,LS-Doon RWS 3,Lyon,10170204,Well,Alluvium,43.3023400007,-96.2337799998,04/02/2013 13:43:00,GWM,14265-44-2,Orthophosphate (AS P),Dissolved,,,,0.05,mg/l,True,0.02,,,LAC10-115-01-1A,GWM,Actual,GW,Water,,,"[]"
8666065,31600004,LS-Doon RWS 3,Lyon,10170204,Well,Alluvium,43.3023400007,-96.2337799998,04/02/2013 13:43:00,GWM,PHOSP-PHOSP,"Total Phosphorus, mixed forms (AS P)",Total,,,,0.06,mg/l,True,0.02,,,LAC10-115-01-1D,GWM,Actual,GW,Water,,,"[]"
8666065,31600004,LS-Doon RWS 3,Lyon,10170204,Well,Alluvium,43.3023400007,-96.2337799998,01/29/2018 09:50:00,GWM,NIT-NO3-NO2,Nitrate + Nitrite (AS N),None,,,,6.7,mg/l,True,0.1,,,LAC10-107-06-1J,GWM,Actual,GW,Water,,,"[]"
8666065,31600004,LS-Doon RWS 3,Lyon,10170204,Well,Alluvium,43.3023400007,-96.2337799998,01/29/2018 09:50:00,GWM,NIT-AMM,Ammonia-nitrogen (AS N),None,,,,0.05,mg/l,False,0.05,,,LAC10-107-06-1J,GWM,Actual,GW,Water,,,"[]"
8666065,31600004,LS-Doon RWS 3,Lyon,10170204,Well,Alluvium,43.3023400007,-96.2337799998,01/29/2018 00:00:00,GWM,NIT-NO3-NO2,Nitrate + Nitrite,None,,,,15.83,mg/l,True,0.01,,0.01,353.2,GWM001,,GW,Water,,,"[]"
8666065,31600005,LS-Doon RWS 4,Lyon,10170204,Well,Alluvium,43.29784,-96.2346,01/29/2018 00:00:00,GWM,NIT-NO3-NO2,Nitrate + Nitrite,None,,,,15.53,mg/l,True,0.01,,0.01,353.2,GWM001,,GW,Water,,,"[]"
8666065,31600006,LS-Doon RWS 12,Lyon,10170204,Well,Alluvium,43.3089330534,-96.2295890358,01/29/2018 00:00:00,GWM,NIT-NO3-NO2,Nitrate + Nitrite,None,,,,29.98,mg/l,True,0.01,,0.01,353.2,GWM001,,GW,Water,,,"[]"
8666065,31600004,LS-Doon RWS 3,Lyon,10170204,Well,Alluvium,43.3023400007,-96.2337799998,12/19/2018 10:00:00,GWM,NIT-AMM,Ammonia-nitrogen (AS N),None,,,,0.05,mg/l,False,0.05,,,LAC10-107-06-1J,GWM,Actual,GW,Water,,,"[]"
8666065,31600004,LS-Doon RWS 3,Lyon,10170204,Well,Alluvium,43.3023400007,-96.2337799998,12/19/2018 10:00:00,GWM,NIT-NO3-NO2,Nitrate + Nitrite (AS N),None,,,,5,mg/l,True,0.1,,,LAC10-107-06-1J,GWM,Actual,GW,Water,,,"[]"
8666065,31600004,LS-Doon RWS 3,Lyon,10170204,Well,Alluvium,43.3023400007,-96.2337799998,12/19/2018 10:00:00,GWM,14265-44-2,Orthophosphate (AS P),Dissolved,,,,0.06,mg/l,True,0.02,,,LAC10-115-01-1A,GWM,Actual,GW,Water,,Sample was not field filtered per method and was filtered for analysis after receipt by the laboratory.,"[]"
8666065,31600004,LS-Doon RWS 3,Lyon,10170204,Well,Alluvium,43.3023400007,-96.2337799998,04/04/2023 14:15:00,GWM,NIT-NO3-NO2,Nitrate + Nitrite (AS N),Total,,,,2.4,mg/l,True,0.1,,,LAC10-107-04-1J,GWM,Actual,GW,Water,,,"[]"
8666065,31600004,LS-Doon RWS 3,Lyon,10170204,Well,Alluvium,43.3023400007,-96.2337799998,04/04/2023 14:15:00,GWM,NIT-AMM,Ammonia-nitrogen (AS N),Total,,,,0.05,mg/l,False,0.05,,,LAC10-107-06-1J,GWM,Actual,GW,Water,,,"[]"
8666065,31600004,LS-Doon RWS 3,Lyon,10170204,Well,Alluvium,43.3023400007,-96.2337799998,01/26/2021 09:20:00,GWM,NIT-NO3-NO2,Nitrate + Nitrite (AS N),None,,,,5.5,mg/l,True,0.1,,,LAC10-107-06-1J,GWM,Actual,GW,Water,,,"[]"
8666065,31600004,LS-Doon RWS 3,Lyon,10170204,Well,Alluvium,43.3023400007,-96.2337799998,01/26/2021 09:20:00,GWM,NIT-AMM,Ammonia-nitrogen (AS N),None,,,,0.05,mg/l,False,0.05,,,LAC10-107-06-1J,GWM,Actual,GW,Water,,,"[]"
8666065,31600007,Lyon-Sioux RWS L-2,Lyon,10170203,Well,Dakota,43.45351,-96.439094,02/08/2021 09:00:00,GWM,NIT-NO3-NO2,Nitrate + Nitrite (AS N),None,,,,0.1,mg/l,False,0.1,,,LAC10-107-06-1J,GWM,Actual,GW,Water,,,"[]"
8666065,31600007,Lyon-Sioux RWS L-2,Lyon,10170203,Well,Dakota,43.45351,-96.439094,02/08/2021 09:00:00,GWM,NIT-AMM,Ammonia-nitrogen (AS N),None,,,,0.81,mg/l,True,0.05,,,LAC10-107-06-1J,GWM,Actual,GW,Water,,,"[]"
8666065,31600007,Lyon-Sioux RWS L-2,Lyon,10170203,Well,Dakota,43.45351,-96.439094,02/08/2021 09:00:00,GWM,14265-44-2,Orthophosphate (AS P),Dissolved,,,,0.02,mg/l,False,0.02,,,LAC10-115-01-1A,GWM,Actual,GW,Water,,,"[]"
