facilityID,siteID,name,county,huc8,type,aquifer,latitude,longitude,sampleDate,projectCode,cas_rn,analyte,fraction,relDepth,sampDepth,sampDepthUnit,result,unit,detect,detectLimit,quantFlag,quantLimit,method,colMethod,resultType,matrix,medium,qualFlag,remark,xParams
8666065,31620002,Tracy 1,Mahaska,07100009,Well,Mississippian,41.28072,-92.87051,09/26/2002 15:45:00,GWM,NIT-NO3-NO2,Nitrate + Nitrite (AS N),Total,,,,0.1,mg/l,False,0.1,,,353.2,USGSGWM,Actual,GW,Water,,,"[]"
8666065,31620002,Tracy 1,Mahaska,07100009,Well,Mississippian,41.28072,-92.87051,09/26/2002 15:45:00,GWM,14265-44-2,Orthophosphate (AS P),Dissolved,,,,0.05,mg/l,False,0.05,,,4500-P-E,USGSGWM,Actual,GW,Water,,,"[]"
8666065,31620002,Tracy 1,Mahaska,07100009,Well,Mississippian,41.28072,-92.87051,09/26/2002 15:45:00,GWM,NIT-AMM,Ammonia-nitrogen (AS N),Total,,,,0.05,mg/l,False,0.05,,,LAC10-107-06-1J,USGSGWM,Actual,GW,Water,,,"[]"
8666065,31620002,Tracy 1,Mahaska,07100009,Well,Mississippian,41.28072,-92.87051,09/26/2002 15:45:00,GWM,NIT-ORGN,Organic Nitrogen (AS N),Total,,,,0.11,mg/l,True,0.05,,,LAC10-107-06-2E,USGSGWM,Calculated,GW,Water,,,"[]"
8666065,31620002,Tracy 1,Mahaska,07100009,Well,Mississippian,41.28072,-92.87051,09/26/2002 15:45:00,GWM,PHOSP-PHOSP,"Total Phosphorus, mixed forms (AS P)",Total,,,,0.07,mg/l,True,0.05,,,LAC10-115-01-1C,USGSGWM,Actual,GW,Water,,,"[]"
8666065,31620002,Tracy 1,Mahaska,07100009,Well,Mississippian,41.28072,-92.87051,09/26/2002 15:45:00,GWM,NIT-KJELD,Kjeldahl nitrogen (AS N),Total,,,,0.11,mg/l,True,0.05,,,PAI DK03,USGSGWM,Actual,GW,Water,,,"[]"
8666065,31620001,Oskaloosa 22,Mahaska,07080105,Well,Alluvium,41.3548,-92.65683,07/01/2004 11:30:00,GWM,NIT-AMM,Ammonia-nitrogen (AS N),Total,,,,0.05,mg/l,False,0.05,,,350.1,USGSGWM,Actual,GW,Water,,,"[]"
8666065,31620001,Oskaloosa 22,Mahaska,07080105,Well,Alluvium,41.3548,-92.65683,07/01/2004 11:30:00,GWM,NIT-NO3-NO2,Nitrate + Nitrite (AS N),Total,,,,2.9,mg/l,True,0.05,,,353.2,USGSGWM,Actual,GW,Water,,,"[]"
8666065,31620001,Oskaloosa 22,Mahaska,07080105,Well,Alluvium,41.3548,-92.65683,07/01/2004 11:30:00,GWM,14265-44-2,Orthophosphate (AS P),Dissolved,,,,0.11,mg/l,True,0.02,,,365.1,USGSGWM,Actual,GW,Water,,,"[]"
8666065,31620001,Oskaloosa 22,Mahaska,07080105,Well,Alluvium,41.3548,-92.65683,07/01/2004 11:30:00,GWM,PHOSP-PHOSP,"Total Phosphorus, mixed forms (AS P)",Total,,,,0.19,mg/l,True,0.02,,,365.4,USGSGWM,Actual,GW,Water,,,"[]"
8666065,31620001,Oskaloosa 22,Mahaska,07080105,Well,Alluvium,41.3548,-92.65683,07/01/2004 11:30:00,GWM,NIT-ORGN,Organic Nitrogen,Total,,,,0.3,mg/l,True,0.05,,,LAC10-107-06-2E,USGSGWM,Calculated,GW,Water,,,"[]"
8666065,31620004,Oskaloosa 26,Mahaska,07080105,Well,Alluvium,41.3540400378,-92.6536899938,10/19/2016 12:30:00,GWM,NIT-NO3-NO2,Nitrate + Nitrite (AS N),Total,,,,1.5,mg/l,True,0.1,,,LAC10-107-04-1J,GWM,Actual,GW,Water,,,"[]"
8666065,31620004,Oskaloosa 26,Mahaska,07080105,Well,Alluvium,41.3540400378,-92.6536899938,10/19/2016 12:30:00,GWM,NIT-AMM,Ammonia-nitrogen (AS N),Total,,,,0.05,mg/l,False,0.05,,,LAC10-107-06-1J,GWM,Actual,GW,Water,,,"[]"
8666065,31620003,Fremont 2-88,Mahaska,07080107,Well,Buried Sand Gravel,41.2109299739,-92.4387499448,10/19/2016 14:00:00,GWM,NIT-NO3-NO2,Nitrate + Nitrite (AS N),Total,,,,0.1,mg/l,False,0.1,,,LAC10-107-04-1J,GWM,Actual,GW,Water,,,"[]"
8666065,31620003,Fremont 2-88,Mahaska,07080107,Well,Buried Sand Gravel,41.2109299739,-92.4387499448,10/19/2016 14:00:00,GWM,NIT-AMM,Ammonia-nitrogen (AS N),Total,,,,0.34,mg/l,True,0.05,,,LAC10-107-06-1J,GWM,Actual,GW,Water,,,"[]"
8666065,31620003,Fremont 2-88,Mahaska,07080107,Well,Buried Sand Gravel,41.2109299739,-92.4387499448,02/02/2016 15:15:00,GWM,NIT-NO3-NO2,Nitrate + Nitrite (AS N),Total,,,,0.63,mg/l,True,0.1,,,LAC10-107-04-1J,GWM,Actual,GW,Water,,,"[]"
8666065,31620003,Fremont 2-88,Mahaska,07080107,Well,Buried Sand Gravel,41.2109299739,-92.4387499448,02/02/2016 15:15:00,GWM,NIT-AMM,Ammonia-nitrogen (AS N),Total,,,,0.05,mg/l,False,0.05,,,LAC10-107-06-1J,GWM,Actual,GW,Water,,,"[]"
8666065,31620003,Fremont 2-88,Mahaska,07080107,Well,Buried Sand Gravel,41.2109299739,-92.4387499448,02/02/2016 15:15:00,GWM,NIT-KJELD,Kjeldahl nitrogen (AS N),Total,,,,0.1,mg/l,False,0.1,,,LAC10-107-06-2E,GWM,Actual,GW,Water,,,"[]"
8666065,31620003,Fremont 2-88,Mahaska,07080107,Well,Buried Sand Gravel,41.2109299739,-92.4387499448,02/02/2016 15:15:00,GWM,14265-44-2,Orthophosphate (AS P),Dissolved,,,,0.02,mg/l,False,0.02,,,LAC10-115-01-1A,GWM,Actual,GW,Water,,,"[]"
8666065,31620003,Fremont 2-88,Mahaska,07080107,Well,Buried Sand Gravel,41.2109299739,-92.4387499448,02/02/2016 15:15:00,GWM,PHOSP-PHOSP,"Total Phosphorus, mixed forms (AS P)",Total,,,,0.16,mg/l,True,0.02,,,LAC10-115-01-1D,GWM,Actual,GW,Water,,,"[]"
8666065,31620003,Fremont 2-88,Mahaska,07080107,Well,Buried Sand Gravel,41.2109299739,-92.4387499448,04/15/2013 15:20:00,GWM,NIT-NO3-NO2,Nitrate + Nitrite (AS N),Total,,,,0.1,mg/l,False,0.1,,,LAC10-107-04-1J,GWM,Actual,GW,Water,,,"[]"
8666065,31620003,Fremont 2-88,Mahaska,07080107,Well,Buried Sand Gravel,41.2109299739,-92.4387499448,04/15/2013 15:20:00,GWM,NIT-AMM,Ammonia-nitrogen (AS N),Total,,,,0.34,mg/l,True,0.05,,,LAC10-107-06-1J,GWM,Actual,GW,Water,,,"[]"
8666065,31620003,Fremont 2-88,Mahaska,07080107,Well,Buried Sand Gravel,41.2109299739,-92.4387499448,04/15/2013 15:20:00,GWM,NIT-KJELD,Kjeldahl nitrogen (AS N),Total,,,,0.5,mg/l,True,0.1,,,LAC10-107-06-2E,GWM,Actual,GW,Water,,,"[]"
8666065,31620003,Fremont 2-88,Mahaska,07080107,Well,Buried Sand Gravel,41.2109299739,-92.4387499448,04/15/2013 15:20:00,GWM,14265-44-2,Orthophosphate (AS P),Dissolved,,,,0.03,mg/l,True,0.02,,,LAC10-115-01-1A,GWM,Actual,GW,Water,,,"[]"
8666065,31620003,Fremont 2-88,Mahaska,07080107,Well,Buried Sand Gravel,41.2109299739,-92.4387499448,04/15/2013 15:20:00,GWM,PHOSP-PHOSP,"Total Phosphorus, mixed forms (AS P)",Total,,,,0.04,mg/l,True,0.02,,,LAC10-115-01-1D,GWM,Actual,GW,Water,,,"[]"
8666065,31620004,Oskaloosa 26,Mahaska,07080105,Well,Alluvium,41.3540400378,-92.6536899938,11/13/2017 13:28:00,GWM,NIT-NO3-NO2,Nitrate + Nitrite (AS N),None,,,,0.6,mg/l,True,0.1,,,LAC10-107-06-1J,GWM,Actual,GW,Water,,,"[]"
8666065,31620004,Oskaloosa 26,Mahaska,07080105,Well,Alluvium,41.3540400378,-92.6536899938,11/13/2017 13:28:00,GWM,NIT-AMM,Ammonia-nitrogen (AS N),None,,,,0.05,mg/l,True,0.05,,,LAC10-107-06-1J,GWM,Actual,GW,Water,,,"[]"
8666065,31620003,Fremont 2-88,Mahaska,07080107,Well,Buried Sand Gravel,41.2109299739,-92.4387499448,03/06/2018 11:45:00,GWM,NIT-AMM,Ammonia-nitrogen (AS N),None,,,,0.33,mg/l,True,0.05,,,LAC10-107-06-1J,GWM,Actual,GW,Water,,,"[]"
8666065,31620003,Fremont 2-88,Mahaska,07080107,Well,Buried Sand Gravel,41.2109299739,-92.4387499448,03/06/2018 11:45:00,GWM,NIT-NO3-NO2,Nitrate + Nitrite (AS N),None,,,,0.1,mg/l,False,0.1,,,LAC10-107-06-1J,GWM,Actual,GW,Water,,,"[]"
8666065,31620004,Oskaloosa 26,Mahaska,07080105,Well,Alluvium,41.3540400378,-92.6536899938,12/18/2017 00:00:00,GWM,NIT-NO3-NO2,Nitrate + Nitrite,None,,,,0.68,mg/l,True,0.01,,0.01,353.2,GWM001,,GW,Water,,,"[]"
8666065,31620004,Oskaloosa 26,Mahaska,07080105,Well,Alluvium,41.3540400378,-92.6536899938,03/11/2019 11:00:00,GWM,NIT-NO3-NO2,Nitrate + Nitrite (AS N),None,,,,3,mg/l,True,0.1,,,LAC10-107-06-1J,GWM,Actual,GW,Water,,,"[]"
8666065,31620004,Oskaloosa 26,Mahaska,07080105,Well,Alluvium,41.3540400378,-92.6536899938,03/11/2019 11:00:00,GWM,NIT-AMM,Ammonia-nitrogen (AS N),None,,,,0.05,mg/l,False,0.05,,,LAC10-107-06-1J,GWM,Actual,GW,Water,,,"[]"
8666065,31620004,Oskaloosa 26,Mahaska,07080105,Well,Alluvium,41.3540400378,-92.6536899938,03/11/2019 11:00:00,GWM,14265-44-2,Orthophosphate (AS P),Dissolved,,,,0.03,mg/l,True,0.02,,,LAC10-115-01-1A,GWM,Actual,GW,Water,,,"[]"
