facilityID,siteID,name,county,huc8,type,aquifer,latitude,longitude,sampleDate,projectCode,cas_rn,analyte,fraction,relDepth,sampDepth,sampDepthUnit,result,unit,detect,detectLimit,quantFlag,quantLimit,method,colMethod,resultType,matrix,medium,qualFlag,remark,xParams
8666065,31630001,Pella 2,Marion,07100009,Well,Alluvium,41.368513,-92.97054,07/01/2004 09:30:00,GWM,NIT-AMM,Ammonia-nitrogen (AS N),Total,,,,0.05,mg/l,False,0.05,,,350.1,USGSGWM,Actual,GW,Water,,,"[]"
8666065,31630001,Pella 2,Marion,07100009,Well,Alluvium,41.368513,-92.97054,07/01/2004 09:30:00,GWM,NIT-NO3-NO2,Nitrate + Nitrite (AS N),Total,,,,6.4,mg/l,True,0.05,,,353.2,USGSGWM,Actual,GW,Water,,,"[]"
8666065,31630001,Pella 2,Marion,07100009,Well,Alluvium,41.368513,-92.97054,07/01/2004 09:30:00,GWM,14265-44-2,Orthophosphate (AS P),Dissolved,,,,0.03,mg/l,True,0.02,,,365.1,USGSGWM,Actual,GW,Water,,,"[]"
8666065,31630001,Pella 2,Marion,07100009,Well,Alluvium,41.368513,-92.97054,07/01/2004 09:30:00,GWM,PHOSP-PHOSP,"Total Phosphorus, mixed forms (AS P)",Total,,,,0.06,mg/l,True,0.02,,,365.4,USGSGWM,Actual,GW,Water,,,"[]"
8666065,31630001,Pella 2,Marion,07100009,Well,Alluvium,41.368513,-92.97054,07/01/2004 09:30:00,GWM,NIT-ORGN,Organic Nitrogen,Total,,,,0.19,mg/l,True,0.05,,,LAC10-107-06-2E,USGSGWM,Calculated,GW,Water,,,"[]"
8666065,31630003,Pleasantville 1,Marion,07100008,Well,Cambrian-Ordovician,41.385909,-93.268522,07/28/2005 09:30:00,GWM,NIT-AMM,Ammonia-nitrogen (AS N),Total,,,,1.1,mg/l,True,0.05,,,350.1,USGSGWM,Actual,GW,Water,,,"[]"
8666065,31630003,Pleasantville 1,Marion,07100008,Well,Cambrian-Ordovician,41.385909,-93.268522,07/28/2005 09:30:00,GWM,NIT-KJELD,Kjeldahl nitrogen (AS N),Total,,,,1.1,mg/l,True,0.1,,,351.2,USGSGWM,Actual,GW,Water,,,"[]"
8666065,31630003,Pleasantville 1,Marion,07100008,Well,Cambrian-Ordovician,41.385909,-93.268522,07/28/2005 09:30:00,GWM,NIT-NO3-NO2,Nitrate + Nitrite (AS N),Total,,,,0.05,mg/l,False,0.05,,,353.2,USGSGWM,Actual,GW,Water,,,"[]"
8666065,31630003,Pleasantville 1,Marion,07100008,Well,Cambrian-Ordovician,41.385909,-93.268522,07/28/2005 09:30:00,GWM,14265-44-2,Orthophosphate (AS P),Dissolved,,,,0.02,mg/l,False,0.02,,,365.1,USGSGWM,Actual,GW,Water,,,"[]"
8666065,31630003,Pleasantville 1,Marion,07100008,Well,Cambrian-Ordovician,41.385909,-93.268522,07/28/2005 09:30:00,GWM,PHOSP-PHOSP,"Total Phosphorus, mixed forms (AS P)",Total,,,,0.02,mg/l,True,0.02,,,365.4,USGSGWM,Actual,GW,Water,,,"[]"
8666065,31630003,Pleasantville 1,Marion,07100008,Well,Cambrian-Ordovician,41.385909,-93.268522,07/28/2005 09:30:00,GWM,NIT-ORGN,Organic Nitrogen,Total,,,,0.1,mg/l,False,0.1,,,LAC10-107-06-2E,USGSGWM,Calculated,GW,Water,,,"[]"
8666065,31630004,Harvey 1,Marion,07100009,Well,Buried Sand Gravel,41.31545,-92.92281,04/11/2023 09:18:00,GWM,NIT-NO3-NO2,Nitrate + Nitrite (AS N),Total,,,,0.1,mg/l,False,0.1,,,LAC10-107-04-1J,GWM,Actual,GW,Water,,,"[]"
8666065,31630004,Harvey 1,Marion,07100009,Well,Buried Sand Gravel,41.31545,-92.92281,04/11/2023 09:18:00,GWM,NIT-AMM,Ammonia-nitrogen (AS N),Total,,,,0.1,mg/l,True,0.1,,,LAC10-107-06-1J,GWM,Actual,GW,Water,,,"[]"
