facilityID,siteID,name,county,huc8,type,aquifer,latitude,longitude,sampleDate,projectCode,cas_rn,analyte,fraction,relDepth,sampDepth,sampDepthUnit,result,unit,detect,detectLimit,quantFlag,quantLimit,method,colMethod,resultType,matrix,medium,qualFlag,remark,xParams
8666065,31640001,Marshalltown 8,Marshall,07080208,Well,Buried Sand Gravel,42.068297,-92.915964,07/30/2002 12:15:00,GWM,NIT-NO3-NO2,Nitrate + Nitrite (AS N),Total,,,,0.1,mg/l,False,0.1,,,353.2,USGSGWM,Actual,GW,Water,,,"[]"
8666065,31640001,Marshalltown 8,Marshall,07080208,Well,Buried Sand Gravel,42.068297,-92.915964,07/30/2002 12:15:00,GWM,NIT-AMM,Ammonia-nitrogen (AS N),Total,,,,1.2,mg/l,True,0.05,,,LAC10-107-06-1J,USGSGWM,Actual,GW,Water,,,"[]"
8666065,31640001,Marshalltown 8,Marshall,07080208,Well,Buried Sand Gravel,42.068297,-92.915964,07/30/2002 12:15:00,GWM,NIT-ORGN,Organic Nitrogen (AS N),Total,,,,0.23,mg/l,True,0.05,,,LAC10-107-06-2E,USGSGWM,Calculated,GW,Water,,,"[]"
8666065,31640001,Marshalltown 8,Marshall,07080208,Well,Buried Sand Gravel,42.068297,-92.915964,07/30/2002 12:15:00,GWM,14265-44-2,Orthophosphate (AS P),Dissolved,,,,0.05,mg/l,False,0.05,,,LAC10-115-01-1A,USGSGWM,Actual,GW,Water,,,"[]"
8666065,31640001,Marshalltown 8,Marshall,07080208,Well,Buried Sand Gravel,42.068297,-92.915964,07/30/2002 12:15:00,GWM,PHOSP-PHOSP,"Total Phosphorus, mixed forms (AS P)",Total,,,,0.08,mg/l,True,0.05,,,LAC10-115-01-1C,USGSGWM,Actual,GW,Water,,,"[]"
8666065,31640001,Marshalltown 8,Marshall,07080208,Well,Buried Sand Gravel,42.068297,-92.915964,07/30/2002 12:15:00,GWM,NIT-KJELD,Kjeldahl nitrogen (AS N),Total,,,,1.4,mg/l,True,0.05,,,PAI DK03,USGSGWM,Actual,GW,Water,,,"[]"
8666065,31640002,Marshalltown 14,Marshall,07080208,Well,Mississippian,42.064464,-92.923529,07/30/2002 11:40:00,GWM,NIT-NO3-NO2,Nitrate + Nitrite (AS N),Total,,,,3.5,mg/l,True,0.1,,,353.2,USGSGWM,Actual,GW,Water,,,"[]"
8666065,31640002,Marshalltown 14,Marshall,07080208,Well,Mississippian,42.064464,-92.923529,07/30/2002 11:40:00,GWM,NIT-AMM,Ammonia-nitrogen (AS N),Total,,,,0.05,mg/l,False,0.05,,,LAC10-107-06-1J,USGSGWM,Actual,GW,Water,,,"[]"
8666065,31640002,Marshalltown 14,Marshall,07080208,Well,Mississippian,42.064464,-92.923529,07/30/2002 11:40:00,GWM,NIT-ORGN,Organic Nitrogen (AS N),Total,,,,0.54,mg/l,True,0.05,,,LAC10-107-06-2E,USGSGWM,Calculated,GW,Water,,,"[]"
8666065,31640002,Marshalltown 14,Marshall,07080208,Well,Mississippian,42.064464,-92.923529,07/30/2002 11:40:00,GWM,14265-44-2,Orthophosphate (AS P),Dissolved,,,,0.05,mg/l,False,0.05,,,LAC10-115-01-1A,USGSGWM,Actual,GW,Water,,,"[]"
8666065,31640002,Marshalltown 14,Marshall,07080208,Well,Mississippian,42.064464,-92.923529,07/30/2002 11:40:00,GWM,PHOSP-PHOSP,"Total Phosphorus, mixed forms (AS P)",Total,,,,0.07,mg/l,True,0.05,,,LAC10-115-01-1C,USGSGWM,Actual,GW,Water,,,"[]"
8666065,31640002,Marshalltown 14,Marshall,07080208,Well,Mississippian,42.064464,-92.923529,07/30/2002 11:40:00,GWM,NIT-KJELD,Kjeldahl nitrogen (AS N),Total,,,,0.55,mg/l,True,0.05,,,PAI DK03,USGSGWM,Actual,GW,Water,,,"[]"
8666065,31640005,Ferguson 1,Marshall,07080208,Well,Mississippian,41.9361,-92.86521,09/11/2002 16:45:00,GWM,NIT-NO3-NO2,Nitrate + Nitrite (AS N),Total,,,,0.7,mg/l,True,0.1,,,353.2,USGSGWM,Actual,GW,Water,,,"[]"
8666065,31640005,Ferguson 1,Marshall,07080208,Well,Mississippian,41.9361,-92.86521,09/11/2002 16:45:00,GWM,NIT-AMM,Ammonia-nitrogen (AS N),Total,,,,1.6,mg/l,True,0.05,,,LAC10-107-06-1J,USGSGWM,Actual,GW,Water,,,"[]"
8666065,31640005,Ferguson 1,Marshall,07080208,Well,Mississippian,41.9361,-92.86521,09/11/2002 16:45:00,GWM,NIT-ORGN,Organic Nitrogen (AS N),Total,,,,0.4,mg/l,True,0.05,,,LAC10-107-06-2E,USGSGWM,Calculated,GW,Water,,,"[]"
8666065,31640005,Ferguson 1,Marshall,07080208,Well,Mississippian,41.9361,-92.86521,09/11/2002 16:45:00,GWM,14265-44-2,Orthophosphate (AS P),Dissolved,,,,0.05,mg/l,False,0.05,,,LAC10-115-01-1A,USGSGWM,Actual,GW,Water,,,"[]"
8666065,31640005,Ferguson 1,Marshall,07080208,Well,Mississippian,41.9361,-92.86521,09/11/2002 16:45:00,GWM,PHOSP-PHOSP,"Total Phosphorus, mixed forms (AS P)",Total,,,,0.36,mg/l,True,0.05,,,LAC10-115-01-1C,USGSGWM,Actual,GW,Water,,,"[]"
8666065,31640005,Ferguson 1,Marshall,07080208,Well,Mississippian,41.9361,-92.86521,09/11/2002 16:45:00,GWM,NIT-KJELD,Kjeldahl nitrogen (AS N),Total,,,,2,mg/l,True,0.05,,,PAI DK03,USGSGWM,Actual,GW,Water,,,"[]"
8666065,31640006,Le Grand 2,Marshall,07080208,Well,Mississippian,42.00573,-92.78201,10/02/2002 09:45:00,GWM,NIT-NO3-NO2,Nitrate + Nitrite (AS N),Total,,,,7.5,mg/l,True,0.1,,,353.2,USGSGWM,Actual,GW,Water,,,"[]"
8666065,31640006,Le Grand 2,Marshall,07080208,Well,Mississippian,42.00573,-92.78201,10/02/2002 09:45:00,GWM,14265-44-2,Orthophosphate (AS P),Dissolved,,,,0.07,mg/l,True,0.05,,,4500-P-E,USGSGWM,Actual,GW,Water,,,"[]"
8666065,31640006,Le Grand 2,Marshall,07080208,Well,Mississippian,42.00573,-92.78201,10/02/2002 09:45:00,GWM,NIT-AMM,Ammonia-nitrogen (AS N),Total,,,,0.05,mg/l,False,0.05,,,LAC10-107-06-1J,USGSGWM,Actual,GW,Water,,,"[]"
8666065,31640006,Le Grand 2,Marshall,07080208,Well,Mississippian,42.00573,-92.78201,10/02/2002 09:45:00,GWM,NIT-ORGN,Organic Nitrogen (AS N),Total,,,,0.56,mg/l,True,0.05,,,LAC10-107-06-2E,USGSGWM,Calculated,GW,Water,,,"[]"
8666065,31640006,Le Grand 2,Marshall,07080208,Well,Mississippian,42.00573,-92.78201,10/02/2002 09:45:00,GWM,PHOSP-PHOSP,"Total Phosphorus, mixed forms (AS P)",Total,,,,0.11,mg/l,True,0.05,,,LAC10-115-01-1C,USGSGWM,Actual,GW,Water,,,"[]"
8666065,31640006,Le Grand 2,Marshall,07080208,Well,Mississippian,42.00573,-92.78201,10/02/2002 09:45:00,GWM,NIT-KJELD,Kjeldahl nitrogen (AS N),Total,,,,0.56,mg/l,True,0.05,,,PAI DK03,USGSGWM,Actual,GW,Water,,,"[]"
8666065,31640001,Marshalltown 8,Marshall,07080208,Well,Buried Sand Gravel,42.068297,-92.915964,08/27/2003 16:00:00,GWM,NIT-AMM,Ammonia-nitrogen (AS N),Total,,,,1.1,mg/l,True,0.05,,,350.1,USGSGWM,Actual,GW,Water,,,"[]"
8666065,31640001,Marshalltown 8,Marshall,07080208,Well,Buried Sand Gravel,42.068297,-92.915964,08/27/2003 16:00:00,GWM,NIT-NO3-NO2,Nitrate + Nitrite (AS N),Total,,,,0.1,mg/l,False,0.1,,,353.2,USGSGWM,Actual,GW,Water,,,"[]"
8666065,31640001,Marshalltown 8,Marshall,07080208,Well,Buried Sand Gravel,42.068297,-92.915964,08/27/2003 16:00:00,GWM,14265-44-2,Orthophosphate (AS P),Dissolved,,,,0.02,mg/l,False,0.02,,,365.1,USGSGWM,Actual,GW,Water,,,"[]"
8666065,31640001,Marshalltown 8,Marshall,07080208,Well,Buried Sand Gravel,42.068297,-92.915964,08/27/2003 16:00:00,GWM,PHOSP-PHOSP,"Total Phosphorus, mixed forms (AS P)",Total,,,,0.04,mg/l,True,0.02,,,365.4,USGSGWM,Actual,GW,Water,,,"[]"
8666065,31640001,Marshalltown 8,Marshall,07080208,Well,Buried Sand Gravel,42.068297,-92.915964,08/27/2003 16:00:00,GWM,NIT-ORGN,Organic Nitrogen (AS N),Total,,,,0.17,mg/l,True,0.05,,,LAC10-107-06-2E,USGSGWM,Calculated,GW,Water,,,"[]"
8666065,31640001,Marshalltown 8,Marshall,07080208,Well,Buried Sand Gravel,42.068297,-92.915964,08/27/2003 16:00:00,GWM,NIT-KJELD,Kjeldahl nitrogen (AS N),Total,,,,1.3,mg/l,True,0.05,,,PAI DK03,USGSGWM,Actual,GW,Water,,,"[]"
8666065,31640002,Marshalltown 14,Marshall,07080208,Well,Mississippian,42.064464,-92.923529,08/27/2003 15:00:00,GWM,NIT-AMM,Ammonia-nitrogen (AS N),Total,,,,0.05,mg/l,False,0.05,,,350.1,USGSGWM,Actual,GW,Water,,,"[]"
8666065,31640002,Marshalltown 14,Marshall,07080208,Well,Mississippian,42.064464,-92.923529,08/27/2003 15:00:00,GWM,NIT-NO3-NO2,Nitrate + Nitrite (AS N),Total,,,,2.8,mg/l,True,0.1,,,353.2,USGSGWM,Actual,GW,Water,,,"[]"
8666065,31640002,Marshalltown 14,Marshall,07080208,Well,Mississippian,42.064464,-92.923529,08/27/2003 15:00:00,GWM,14265-44-2,Orthophosphate (AS P),Dissolved,,,,0.04,mg/l,True,0.02,,,365.1,USGSGWM,Actual,GW,Water,,,"[]"
8666065,31640002,Marshalltown 14,Marshall,07080208,Well,Mississippian,42.064464,-92.923529,08/27/2003 15:00:00,GWM,PHOSP-PHOSP,"Total Phosphorus, mixed forms (AS P)",Total,,,,0.03,mg/l,True,0.02,,,365.4,USGSGWM,Actual,GW,Water,,,"[]"
8666065,31640002,Marshalltown 14,Marshall,07080208,Well,Mississippian,42.064464,-92.923529,08/27/2003 15:00:00,GWM,NIT-ORGN,Organic Nitrogen (AS N),Total,,,,0.19,mg/l,True,0.05,,,LAC10-107-06-2E,USGSGWM,Calculated,GW,Water,,,"[]"
8666065,31640002,Marshalltown 14,Marshall,07080208,Well,Mississippian,42.064464,-92.923529,08/27/2003 15:00:00,GWM,NIT-KJELD,Kjeldahl nitrogen (AS N),Total,,,,0.19,mg/l,True,0.05,,,PAI DK03,USGSGWM,Actual,GW,Water,,,"[]"
8666065,31640003,Albion 3,Marshall,07080208,Well,Alluvium,42.102241,-92.99561,09/02/2004 09:30:00,GWM,NIT-AMM,Ammonia-nitrogen (AS N),Total,,,,0.05,mg/l,False,0.05,,,350.1,USGSGWM,Actual,GW,Water,,,"[]"
8666065,31640003,Albion 3,Marshall,07080208,Well,Alluvium,42.102241,-92.99561,09/02/2004 09:30:00,GWM,NIT-KJELD,Kjeldahl nitrogen (AS N),Total,,,,0.05,mg/l,True,0.05,,,351.1,USGSGWM,Actual,GW,Water,,,"[]"
8666065,31640003,Albion 3,Marshall,07080208,Well,Alluvium,42.102241,-92.99561,09/02/2004 09:30:00,GWM,NIT-NO3-NO2,Nitrate + Nitrite (AS N),Total,,,,3.4,mg/l,True,0.05,,,353.2,USGSGWM,Actual,GW,Water,,,"[]"
8666065,31640003,Albion 3,Marshall,07080208,Well,Alluvium,42.102241,-92.99561,09/02/2004 09:30:00,GWM,14265-44-2,Orthophosphate (AS P),Dissolved,,,,0.03,mg/l,True,0.02,,,365.1,USGSGWM,Actual,GW,Water,,,"[]"
8666065,31640003,Albion 3,Marshall,07080208,Well,Alluvium,42.102241,-92.99561,09/02/2004 09:30:00,GWM,PHOSP-PHOSP,"Total Phosphorus, mixed forms (AS P)",Total,,,,0.04,mg/l,True,0.02,,,365.4,USGSGWM,Actual,GW,Water,,,"[]"
8666065,31640003,Albion 3,Marshall,07080208,Well,Alluvium,42.102241,-92.99561,09/02/2004 09:30:00,GWM,NIT-ORGN,Organic Nitrogen,Total,,,,0.05,mg/l,False,0.05,,,LAC10-107-06-2E,USGSGWM,Calculated,GW,Water,,,"[]"
8666065,31640002,Marshalltown 14,Marshall,07080208,Well,Mississippian,42.064464,-92.923529,07/14/2004 11:00:00,GWM,NIT-AMM,Ammonia-nitrogen (AS N),Total,,,,0.05,mg/l,False,0.05,,,350.1,USGSGWM,Actual,GW,Water,,,"[]"
8666065,31640002,Marshalltown 14,Marshall,07080208,Well,Mississippian,42.064464,-92.923529,07/14/2004 11:00:00,GWM,NIT-NO3-NO2,Nitrate + Nitrite (AS N),Total,,,,1.2,mg/l,True,0.05,,,353.2,USGSGWM,Actual,GW,Water,,,"[]"
8666065,31640002,Marshalltown 14,Marshall,07080208,Well,Mississippian,42.064464,-92.923529,07/14/2004 11:00:00,GWM,14265-44-2,Orthophosphate (AS P),Dissolved,,,,0.04,mg/l,True,0.02,,,365.1,USGSGWM,Actual,GW,Water,,,"[]"
8666065,31640002,Marshalltown 14,Marshall,07080208,Well,Mississippian,42.064464,-92.923529,07/14/2004 11:00:00,GWM,PHOSP-PHOSP,"Total Phosphorus, mixed forms (AS P)",Total,,,,0.05,mg/l,True,0.02,,,365.4,USGSGWM,Actual,GW,Water,,,"[]"
8666065,31640002,Marshalltown 14,Marshall,07080208,Well,Mississippian,42.064464,-92.923529,07/14/2004 11:00:00,GWM,NIT-ORGN,Organic Nitrogen,Total,,,,0.12,mg/l,True,0.05,,,LAC10-107-06-2E,USGSGWM,Calculated,GW,Water,,,"[]"
8666065,31640001,Marshalltown 8,Marshall,07080208,Well,Buried Sand Gravel,42.068297,-92.915964,07/14/2004 11:30:00,GWM,NIT-AMM,Ammonia-nitrogen (AS N),Total,,,,0.97,mg/l,True,0.05,,,350.1,USGSGWM,Actual,GW,Water,,,"[]"
8666065,31640001,Marshalltown 8,Marshall,07080208,Well,Buried Sand Gravel,42.068297,-92.915964,07/14/2004 11:30:00,GWM,NIT-NO3-NO2,Nitrate + Nitrite (AS N),Total,,,,0.05,mg/l,False,0.05,,,353.2,USGSGWM,Actual,GW,Water,,,"[]"
8666065,31640001,Marshalltown 8,Marshall,07080208,Well,Buried Sand Gravel,42.068297,-92.915964,07/14/2004 11:30:00,GWM,14265-44-2,Orthophosphate (AS P),Dissolved,,,,0.02,mg/l,False,0.02,,,365.1,USGSGWM,Actual,GW,Water,,,"[]"
8666065,31640001,Marshalltown 8,Marshall,07080208,Well,Buried Sand Gravel,42.068297,-92.915964,07/14/2004 11:30:00,GWM,PHOSP-PHOSP,"Total Phosphorus, mixed forms (AS P)",Total,,,,0.08,mg/l,True,0.02,,,365.4,USGSGWM,Actual,GW,Water,,,"[]"
8666065,31640001,Marshalltown 8,Marshall,07080208,Well,Buried Sand Gravel,42.068297,-92.915964,07/14/2004 11:30:00,GWM,NIT-ORGN,Organic Nitrogen,Total,,,,0.4,mg/l,True,0.05,,,LAC10-107-06-2E,USGSGWM,Calculated,GW,Water,,,"[]"
8666065,31640001,Marshalltown 8,Marshall,07080208,Well,Buried Sand Gravel,42.068297,-92.915964,07/21/2005 14:20:00,GWM,NIT-AMM,Ammonia-nitrogen (AS N),Total,,,,1,mg/l,True,0.05,,,350.1,USGSGWM,Actual,GW,Water,,,"[]"
8666065,31640001,Marshalltown 8,Marshall,07080208,Well,Buried Sand Gravel,42.068297,-92.915964,07/21/2005 14:20:00,GWM,NIT-KJELD,Kjeldahl nitrogen (AS N),Total,,,,1.3,mg/l,True,0.1,,,351.2,USGSGWM,Actual,GW,Water,,,"[]"
8666065,31640001,Marshalltown 8,Marshall,07080208,Well,Buried Sand Gravel,42.068297,-92.915964,07/21/2005 14:20:00,GWM,NIT-NO3-NO2,Nitrate + Nitrite (AS N),Total,,,,0.05,mg/l,False,0.05,,,353.2,USGSGWM,Actual,GW,Water,,,"[]"
8666065,31640001,Marshalltown 8,Marshall,07080208,Well,Buried Sand Gravel,42.068297,-92.915964,07/21/2005 14:20:00,GWM,14265-44-2,Orthophosphate (AS P),Dissolved,,,,0.02,mg/l,False,0.02,,,365.1,USGSGWM,Actual,GW,Water,,,"[]"
8666065,31640001,Marshalltown 8,Marshall,07080208,Well,Buried Sand Gravel,42.068297,-92.915964,07/21/2005 14:20:00,GWM,PHOSP-PHOSP,"Total Phosphorus, mixed forms (AS P)",Total,,,,0.07,mg/l,True,0.02,,,365.4,USGSGWM,Actual,GW,Water,,,"[]"
8666065,31640001,Marshalltown 8,Marshall,07080208,Well,Buried Sand Gravel,42.068297,-92.915964,07/21/2005 14:20:00,GWM,NIT-ORGN,Organic Nitrogen,Total,,,,0.23,mg/l,True,0.1,,,LAC10-107-06-2E,USGSGWM,Calculated,GW,Water,,,"[]"
8666065,31640002,Marshalltown 14,Marshall,07080208,Well,Mississippian,42.064464,-92.923529,07/21/2005 13:40:00,GWM,NIT-AMM,Ammonia-nitrogen (AS N),Total,,,,0.05,mg/l,False,0.05,,,350.1,USGSGWM,Actual,GW,Water,,,"[]"
8666065,31640002,Marshalltown 14,Marshall,07080208,Well,Mississippian,42.064464,-92.923529,07/21/2005 13:40:00,GWM,NIT-KJELD,Kjeldahl nitrogen (AS N),Total,,,,0.29,mg/l,True,0.1,,,351.2,USGSGWM,Actual,GW,Water,,,"[]"
8666065,31640002,Marshalltown 14,Marshall,07080208,Well,Mississippian,42.064464,-92.923529,07/21/2005 13:40:00,GWM,NIT-NO3-NO2,Nitrate + Nitrite (AS N),Total,,,,1.9,mg/l,True,0.05,,,353.2,USGSGWM,Actual,GW,Water,,,"[]"
8666065,31640002,Marshalltown 14,Marshall,07080208,Well,Mississippian,42.064464,-92.923529,07/21/2005 13:40:00,GWM,14265-44-2,Orthophosphate (AS P),Dissolved,,,,0.04,mg/l,True,0.02,,,365.1,USGSGWM,Actual,GW,Water,,,"[]"
8666065,31640002,Marshalltown 14,Marshall,07080208,Well,Mississippian,42.064464,-92.923529,07/21/2005 13:40:00,GWM,PHOSP-PHOSP,"Total Phosphorus, mixed forms (AS P)",Total,,,,0.06,mg/l,True,0.02,,,365.4,USGSGWM,Actual,GW,Water,,,"[]"
8666065,31640002,Marshalltown 14,Marshall,07080208,Well,Mississippian,42.064464,-92.923529,07/21/2005 13:40:00,GWM,NIT-ORGN,Organic Nitrogen,Total,,,,0.29,mg/l,True,0.1,,,LAC10-107-06-2E,USGSGWM,Calculated,GW,Water,,,"[]"
8666065,31640001,Marshalltown 8,Marshall,07080208,Well,Buried Sand Gravel,42.068297,-92.915964,08/03/2006 11:20:00,GWM,NIT-AMM,Ammonia-nitrogen (AS N),Total,,,,1,mg/l,True,0.05,,,350.1,USGSGWM,Actual,GW,Water,,,"[]"
8666065,31640001,Marshalltown 8,Marshall,07080208,Well,Buried Sand Gravel,42.068297,-92.915964,08/03/2006 11:20:00,GWM,NIT-KJELD,Kjeldahl nitrogen (AS N),Total,,,,1,mg/l,True,0.1,,,351.2,USGSGWM,Actual,GW,Water,,,"[]"
8666065,31640001,Marshalltown 8,Marshall,07080208,Well,Buried Sand Gravel,42.068297,-92.915964,08/03/2006 11:20:00,GWM,NIT-NO3-NO2,Nitrate + Nitrite (AS N),Total,,,,0.05,mg/l,False,0.05,,,353.2,USGSGWM,Actual,GW,Water,,,"[]"
8666065,31640001,Marshalltown 8,Marshall,07080208,Well,Buried Sand Gravel,42.068297,-92.915964,08/03/2006 11:20:00,GWM,14265-44-2,Orthophosphate (AS P),Dissolved,,,,0.02,mg/l,False,0.02,,,365.1,USGSGWM,Actual,GW,Water,,,"[]"
8666065,31640001,Marshalltown 8,Marshall,07080208,Well,Buried Sand Gravel,42.068297,-92.915964,08/03/2006 11:20:00,GWM,PHOSP-PHOSP,"Total Phosphorus, mixed forms (AS P)",Total,,,,0.09,mg/l,True,0.02,,,365.4,USGSGWM,Actual,GW,Water,,,"[]"
8666065,31640001,Marshalltown 8,Marshall,07080208,Well,Buried Sand Gravel,42.068297,-92.915964,08/03/2006 11:20:00,GWM,NIT-ORGN,Organic Nitrogen,Total,,,,0.1,mg/l,False,0.1,,,LAC10-107-06-2E,USGSGWM,Calculated,GW,Water,,,"[]"
8666065,31640002,Marshalltown 14,Marshall,07080208,Well,Mississippian,42.064464,-92.923529,08/03/2006 10:20:00,GWM,NIT-AMM,Ammonia-nitrogen (AS N),Total,,,,0.05,mg/l,False,0.05,,,350.1,USGSGWM,Actual,GW,Water,,,"[]"
8666065,31640002,Marshalltown 14,Marshall,07080208,Well,Mississippian,42.064464,-92.923529,08/03/2006 10:20:00,GWM,NIT-KJELD,Kjeldahl nitrogen (AS N),Total,,,,0.1,mg/l,True,0.1,,,351.2,USGSGWM,Actual,GW,Water,,,"[]"
8666065,31640002,Marshalltown 14,Marshall,07080208,Well,Mississippian,42.064464,-92.923529,08/03/2006 10:20:00,GWM,NIT-NO3-NO2,Nitrate + Nitrite (AS N),Total,,,,0.18,mg/l,True,0.05,,,353.2,USGSGWM,Actual,GW,Water,,,"[]"
8666065,31640002,Marshalltown 14,Marshall,07080208,Well,Mississippian,42.064464,-92.923529,08/03/2006 10:20:00,GWM,14265-44-2,Orthophosphate (AS P),Dissolved,,,,0.03,mg/l,True,0.02,,,365.1,USGSGWM,Actual,GW,Water,,,"[]"
8666065,31640002,Marshalltown 14,Marshall,07080208,Well,Mississippian,42.064464,-92.923529,08/03/2006 10:20:00,GWM,PHOSP-PHOSP,"Total Phosphorus, mixed forms (AS P)",Total,,,,0.07,mg/l,True,0.02,,,365.4,USGSGWM,Actual,GW,Water,,,"[]"
8666065,31640002,Marshalltown 14,Marshall,07080208,Well,Mississippian,42.064464,-92.923529,08/03/2006 10:20:00,GWM,NIT-ORGN,Organic Nitrogen,Total,,,,0.1,mg/l,True,0.1,,,LAC10-107-06-2E,USGSGWM,Calculated,GW,Water,,,"[]"
8666065,31640007,Marshalltown 5,Marshall,07080208,Well,Buried Sand Gravel,42.0723943723,-92.92454413,02/08/2017 13:00:00,GWM,NIT-NO3-NO2,Nitrate + Nitrite (AS N),Total,,,,0.1,mg/l,False,0.1,,,LAC10-107-04-1J,GWM,Actual,GW,Water,,,"[]"
8666065,31640007,Marshalltown 5,Marshall,07080208,Well,Buried Sand Gravel,42.0723943723,-92.92454413,02/08/2017 13:00:00,GWM,NIT-AMM,Ammonia-nitrogen (AS N),Total,,,,2.2,mg/l,True,0.1,,,LAC10-107-06-1J,GWM,Actual,GW,Water,,,"[]"
8666065,31640007,Marshalltown 5,Marshall,07080208,Well,Buried Sand Gravel,42.0723943723,-92.92454413,12/02/2015 13:00:00,GWM,NIT-NO3-NO2,Nitrate + Nitrite (AS N),Total,,,,0.1,mg/l,False,0.1,,,LAC10-107-04-1J,GWM,Actual,GW,Water,,,"[]"
8666065,31640007,Marshalltown 5,Marshall,07080208,Well,Buried Sand Gravel,42.0723943723,-92.92454413,12/02/2015 13:00:00,GWM,NIT-AMM,Ammonia-nitrogen (AS N),Total,,,,2,mg/l,True,0.05,,,LAC10-107-06-1J,GWM,Actual,GW,Water,,,"[]"
8666065,31640007,Marshalltown 5,Marshall,07080208,Well,Buried Sand Gravel,42.0723943723,-92.92454413,12/02/2015 13:00:00,GWM,NIT-KJELD,Kjeldahl nitrogen (AS N),Total,,,,1.7,mg/l,True,0.1,,,LAC10-107-06-2E,GWM,Actual,GW,Water,,,"[]"
8666065,31640007,Marshalltown 5,Marshall,07080208,Well,Buried Sand Gravel,42.0723943723,-92.92454413,12/02/2015 13:00:00,GWM,14265-44-2,Orthophosphate (AS P),Dissolved,,,,0.02,mg/l,False,0.02,,,LAC10-115-01-1A,GWM,Actual,GW,Water,,,"[]"
8666065,31640007,Marshalltown 5,Marshall,07080208,Well,Buried Sand Gravel,42.0723943723,-92.92454413,12/02/2015 13:00:00,GWM,PHOSP-PHOSP,"Total Phosphorus, mixed forms (AS P)",Total,,,,0.1,mg/l,True,0.02,,,LAC10-115-01-1D,GWM,Actual,GW,Water,,,"[]"
8666065,31640007,Marshalltown 5,Marshall,07080208,Well,Buried Sand Gravel,42.0723943723,-92.92454413,04/15/2013 14:15:00,GWM,NIT-NO3-NO2,Nitrate + Nitrite (AS N),Total,,,,3,mg/l,True,0.1,,,LAC10-107-04-1J,GWM,Actual,GW,Water,,,"[]"
8666065,31640007,Marshalltown 5,Marshall,07080208,Well,Buried Sand Gravel,42.0723943723,-92.92454413,04/15/2013 14:15:00,GWM,NIT-AMM,Ammonia-nitrogen (AS N),Total,,,,2.2,mg/l,True,0.05,,,LAC10-107-06-1J,GWM,Actual,GW,Water,,,"[]"
8666065,31640007,Marshalltown 5,Marshall,07080208,Well,Buried Sand Gravel,42.0723943723,-92.92454413,04/15/2013 14:15:00,GWM,NIT-KJELD,Kjeldahl nitrogen (AS N),Total,,,,2,mg/l,True,0.1,,,LAC10-107-06-2E,GWM,Actual,GW,Water,,,"[]"
8666065,31640007,Marshalltown 5,Marshall,07080208,Well,Buried Sand Gravel,42.0723943723,-92.92454413,04/15/2013 14:15:00,GWM,14265-44-2,Orthophosphate (AS P),Dissolved,,,,0.03,mg/l,True,0.02,,,LAC10-115-01-1A,GWM,Actual,GW,Water,,,"[]"
8666065,31640007,Marshalltown 5,Marshall,07080208,Well,Buried Sand Gravel,42.0723943723,-92.92454413,04/15/2013 14:15:00,GWM,PHOSP-PHOSP,"Total Phosphorus, mixed forms (AS P)",Total,,,,0.06,mg/l,True,0.05,,,LAC10-115-01-1C,GWM,Actual,GW,Water,,,"[]"
8666065,31640001,Marshalltown 8,Marshall,07080208,Well,Buried Sand Gravel,42.068297,-92.915964,01/29/2018 10:30:00,GWM,NIT-NO3-NO2,Nitrate + Nitrite (AS N),None,,,,0.1,mg/l,False,0.1,,,LAC10-107-06-1J,GWM,Actual,GW,Water,,,"[]"
8666065,31640001,Marshalltown 8,Marshall,07080208,Well,Buried Sand Gravel,42.068297,-92.915964,01/29/2018 10:30:00,GWM,NIT-AMM,Ammonia-nitrogen (AS N),None,,,,1.2,mg/l,True,0.05,,,LAC10-107-06-1J,GWM,Actual,GW,Water,,,"[]"
8666065,31640008,Marshalltown 6,Marshall,07080208,Well,Mississippian,42.0668876382,-92.9235210361,01/29/2018 10:40:00,GWM,NIT-NO3-NO2,Nitrate + Nitrite (AS N),None,,,,0.2,mg/l,False,0.2,,,LAC10-107-06-1J,GWM,Actual,GW,Water,,,"[]"
8666065,31640008,Marshalltown 6,Marshall,07080208,Well,Mississippian,42.0668876382,-92.9235210361,01/29/2018 10:40:00,GWM,NIT-AMM,Ammonia-nitrogen (AS N),None,,,,0.16,mg/l,True,0.05,,,LAC10-107-06-1J,GWM,Actual,GW,Water,,,"[]"
8666065,31640007,Marshalltown 5,Marshall,07080208,Well,Buried Sand Gravel,42.0723943723,-92.92454413,01/09/2019 11:20:00,GWM,NIT-AMM,Ammonia-nitrogen (AS N),None,,,,1.8,mg/l,True,0.1,,,LAC10-107-06-1J,GWM,Actual,GW,Water,,,"[]"
8666065,31640007,Marshalltown 5,Marshall,07080208,Well,Buried Sand Gravel,42.0723943723,-92.92454413,01/09/2019 11:20:00,GWM,NIT-NO3-NO2,Nitrate + Nitrite (AS N),None,,,,0.1,mg/l,False,0.1,,,LAC10-107-06-1J,GWM,Actual,GW,Water,,,"[]"
8666065,31640007,Marshalltown 5,Marshall,07080208,Well,Buried Sand Gravel,42.0723943723,-92.92454413,01/09/2019 11:20:00,GWM,14265-44-2,Orthophosphate (AS P),Dissolved,,,,0.02,mg/l,False,0.02,,,LAC10-115-01-1A,GWM,Actual,GW,Water,,Sample was not field filtered per method and was filtered for analysis after receipt by the laboratory.,"[]"
