facilityID,siteID,name,county,huc8,type,aquifer,latitude,longitude,sampleDate,projectCode,cas_rn,analyte,fraction,relDepth,sampDepth,sampDepthUnit,result,unit,detect,detectLimit,quantFlag,quantLimit,method,colMethod,resultType,matrix,medium,qualFlag,remark,xParams
8666065,31650001,Silver City 3,Mills,10240002,Well,Alluvium,41.11618,-95.63402,08/14/2002 09:00:00,GWM,NIT-NO3-NO2,Nitrate + Nitrite (AS N),Total,,,,0.1,mg/l,False,0.1,,,353.2,USGSGWM,Actual,GW,Water,,,"[]"
8666065,31650001,Silver City 3,Mills,10240002,Well,Alluvium,41.11618,-95.63402,08/14/2002 09:00:00,GWM,NIT-AMM,Ammonia-nitrogen (AS N),Total,,,,0.22,mg/l,True,0.05,,,LAC10-107-06-1J,USGSGWM,Actual,GW,Water,,,"[]"
8666065,31650001,Silver City 3,Mills,10240002,Well,Alluvium,41.11618,-95.63402,08/14/2002 09:00:00,GWM,NIT-ORGN,Organic Nitrogen (AS N),Total,,,,1.8,mg/l,True,0.05,,,LAC10-107-06-2E,USGSGWM,Calculated,GW,Water,,,"[]"
8666065,31650001,Silver City 3,Mills,10240002,Well,Alluvium,41.11618,-95.63402,08/14/2002 09:00:00,GWM,14265-44-2,Orthophosphate (AS P),Dissolved,,,,0.05,mg/l,False,0.05,,,LAC10-115-01-1A,USGSGWM,Actual,GW,Water,,,"[]"
8666065,31650001,Silver City 3,Mills,10240002,Well,Alluvium,41.11618,-95.63402,08/14/2002 09:00:00,GWM,PHOSP-PHOSP,"Total Phosphorus, mixed forms (AS P)",Total,,,,0.22,mg/l,True,0.05,,,LAC10-115-01-1C,USGSGWM,Actual,GW,Water,,,"[]"
8666065,31650001,Silver City 3,Mills,10240002,Well,Alluvium,41.11618,-95.63402,08/14/2002 09:00:00,GWM,NIT-KJELD,Kjeldahl nitrogen (AS N),Total,,,,2,mg/l,True,0.05,,,PAI DK03,USGSGWM,Actual,GW,Water,,,"[]"
8666065,31650001,Silver City 3,Mills,10240002,Well,Alluvium,41.11618,-95.63402,07/17/2003 09:15:00,GWM,NIT-AMM,Ammonia-nitrogen (AS N),Total,,,,0.16,mg/l,True,0.05,,,350.1,USGSGWM,Actual,GW,Water,,,"[]"
8666065,31650001,Silver City 3,Mills,10240002,Well,Alluvium,41.11618,-95.63402,07/17/2003 09:15:00,GWM,NIT-NO3-NO2,Nitrate + Nitrite (AS N),Total,,,,0.1,mg/l,False,0.1,,,353.2,USGSGWM,Actual,GW,Water,,,"[]"
8666065,31650001,Silver City 3,Mills,10240002,Well,Alluvium,41.11618,-95.63402,07/17/2003 09:15:00,GWM,14265-44-2,Orthophosphate (AS P),Dissolved,,,,0.02,mg/l,False,0.02,,,365.1,USGSGWM,Actual,GW,Water,,,"[]"
8666065,31650001,Silver City 3,Mills,10240002,Well,Alluvium,41.11618,-95.63402,07/17/2003 09:15:00,GWM,PHOSP-PHOSP,"Total Phosphorus, mixed forms (AS P)",Total,,,,0.22,mg/l,True,0.02,,,365.4,USGSGWM,Actual,GW,Water,,,"[]"
8666065,31650001,Silver City 3,Mills,10240002,Well,Alluvium,41.11618,-95.63402,07/17/2003 09:15:00,GWM,NIT-ORGN,Organic Nitrogen (AS N),Total,,,,0.11,mg/l,True,0.05,,,LAC10-107-06-2E,USGSGWM,Calculated,GW,Water,,,"[]"
8666065,31650001,Silver City 3,Mills,10240002,Well,Alluvium,41.11618,-95.63402,07/17/2003 09:15:00,GWM,NIT-KJELD,Kjeldahl nitrogen (AS N),Total,,,,0.27,mg/l,True,0.05,,,PAI DK03,USGSGWM,Actual,GW,Water,,,"[]"
8666065,31650002,Malvern 11,Mills,10240002,Well,Alluvium,41.00199,-95.55145,07/01/2004 11:30:00,GWM,NIT-AMM,Ammonia-nitrogen (AS N),Total,,,,0.48,mg/l,True,0.05,,,350.1,USGSGWM,Actual,GW,Water,,,"[]"
8666065,31650002,Malvern 11,Mills,10240002,Well,Alluvium,41.00199,-95.55145,07/01/2004 11:30:00,GWM,NIT-NO3-NO2,Nitrate + Nitrite (AS N),Total,,,,0.05,mg/l,False,0.05,,,353.2,USGSGWM,Actual,GW,Water,,,"[]"
8666065,31650002,Malvern 11,Mills,10240002,Well,Alluvium,41.00199,-95.55145,07/01/2004 11:30:00,GWM,14265-44-2,Orthophosphate (AS P),Dissolved,,,,0.04,mg/l,True,0.02,,,365.1,USGSGWM,Actual,GW,Water,,,"[]"
8666065,31650002,Malvern 11,Mills,10240002,Well,Alluvium,41.00199,-95.55145,07/01/2004 11:30:00,GWM,PHOSP-PHOSP,"Total Phosphorus, mixed forms (AS P)",Total,,,,0.27,mg/l,True,0.02,,,365.4,USGSGWM,Actual,GW,Water,,,"[]"
8666065,31650002,Malvern 11,Mills,10240002,Well,Alluvium,41.00199,-95.55145,07/01/2004 11:30:00,GWM,NIT-ORGN,Organic Nitrogen,Total,,,,0.14,mg/l,True,0.05,,,LAC10-107-06-2E,USGSGWM,Calculated,GW,Water,,,"[]"
8666065,31650001,Silver City 3,Mills,10240002,Well,Alluvium,41.11618,-95.63402,06/30/2004 09:00:00,GWM,NIT-AMM,Ammonia-nitrogen (AS N),Total,,,,0.21,mg/l,True,0.05,,,350.1,USGSGWM,Actual,GW,Water,,,"[]"
8666065,31650001,Silver City 3,Mills,10240002,Well,Alluvium,41.11618,-95.63402,06/30/2004 09:00:00,GWM,NIT-NO3-NO2,Nitrate + Nitrite (AS N),Total,,,,0.05,mg/l,False,0.05,,,353.2,USGSGWM,Actual,GW,Water,,,"[]"
8666065,31650001,Silver City 3,Mills,10240002,Well,Alluvium,41.11618,-95.63402,06/30/2004 09:00:00,GWM,14265-44-2,Orthophosphate (AS P),Dissolved,,,,0.02,mg/l,False,0.02,,,365.1,USGSGWM,Actual,GW,Water,,,"[]"
8666065,31650001,Silver City 3,Mills,10240002,Well,Alluvium,41.11618,-95.63402,06/30/2004 09:00:00,GWM,PHOSP-PHOSP,"Total Phosphorus, mixed forms (AS P)",Total,,,,0.22,mg/l,True,0.02,,,365.4,USGSGWM,Actual,GW,Water,,,"[]"
8666065,31650001,Silver City 3,Mills,10240002,Well,Alluvium,41.11618,-95.63402,06/30/2004 09:00:00,GWM,NIT-ORGN,Organic Nitrogen,Total,,,,0.15,mg/l,True,0.05,,,LAC10-107-06-2E,USGSGWM,Calculated,GW,Water,,,"[]"
8666065,31650003,Hastings 1,Mills,10240002,Well,Alluvium,41.02081,-95.50058,07/08/2004 16:00:00,GWM,NIT-AMM,Ammonia-nitrogen (AS N),Total,,,,0.05,mg/l,False,0.05,,,350.1,USGSGWM,Actual,GW,Water,,,"[]"
8666065,31650003,Hastings 1,Mills,10240002,Well,Alluvium,41.02081,-95.50058,07/08/2004 16:00:00,GWM,NIT-NO3-NO2,Nitrate + Nitrite (AS N),Total,,,,9.1,mg/l,True,0.05,,,353.2,USGSGWM,Actual,GW,Water,,,"[]"
8666065,31650003,Hastings 1,Mills,10240002,Well,Alluvium,41.02081,-95.50058,07/08/2004 16:00:00,GWM,14265-44-2,Orthophosphate (AS P),Dissolved,,,,0.17,mg/l,True,0.02,,,365.1,USGSGWM,Actual,GW,Water,,,"[]"
8666065,31650003,Hastings 1,Mills,10240002,Well,Alluvium,41.02081,-95.50058,07/08/2004 16:00:00,GWM,PHOSP-PHOSP,"Total Phosphorus, mixed forms (AS P)",Total,,,,0.16,mg/l,True,0.02,,,365.4,USGSGWM,Actual,GW,Water,,,"[]"
8666065,31650003,Hastings 1,Mills,10240002,Well,Alluvium,41.02081,-95.50058,07/08/2004 16:00:00,GWM,NIT-ORGN,Organic Nitrogen,Total,,,,0.05,mg/l,False,0.05,,,LAC10-107-06-2E,USGSGWM,Calculated,GW,Water,,,"[]"
8666065,31650001,Silver City 3,Mills,10240002,Well,Alluvium,41.11618,-95.63402,06/30/2005 08:20:00,GWM,NIT-AMM,Ammonia-nitrogen (AS N),Total,,,,0.2,mg/l,True,0.05,,,350.1,USGSGWM,Actual,GW,Water,,,"[]"
8666065,31650001,Silver City 3,Mills,10240002,Well,Alluvium,41.11618,-95.63402,06/30/2005 08:20:00,GWM,NIT-KJELD,Kjeldahl nitrogen (AS N),Total,,,,0.38,mg/l,True,0.1,,,351.2,USGSGWM,Actual,GW,Water,,,"[]"
8666065,31650001,Silver City 3,Mills,10240002,Well,Alluvium,41.11618,-95.63402,06/30/2005 08:20:00,GWM,NIT-NO3-NO2,Nitrate + Nitrite (AS N),Total,,,,0.05,mg/l,False,0.05,,,353.2,USGSGWM,Actual,GW,Water,,,"[]"
8666065,31650001,Silver City 3,Mills,10240002,Well,Alluvium,41.11618,-95.63402,06/30/2005 08:20:00,GWM,14265-44-2,Orthophosphate (AS P),Dissolved,,,,0.02,mg/l,False,0.02,,,365.1,USGSGWM,Actual,GW,Water,,,"[]"
8666065,31650001,Silver City 3,Mills,10240002,Well,Alluvium,41.11618,-95.63402,06/30/2005 08:20:00,GWM,PHOSP-PHOSP,"Total Phosphorus, mixed forms (AS P)",Total,,,,0.24,mg/l,True,0.02,,,365.4,USGSGWM,Actual,GW,Water,,,"[]"
8666065,31650001,Silver City 3,Mills,10240002,Well,Alluvium,41.11618,-95.63402,06/30/2005 08:20:00,GWM,NIT-ORGN,Organic Nitrogen,Total,,,,0.18,mg/l,True,0.1,,,LAC10-107-06-2E,USGSGWM,Calculated,GW,Water,,,"[]"
8666065,31650001,Silver City 3,Mills,10240002,Well,Alluvium,41.11618,-95.63402,07/24/2006 09:30:00,GWM,NIT-AMM,Ammonia-nitrogen (AS N),Total,,,,0.16,mg/l,True,0.05,,,350.1,USGSGWM,Actual,GW,Water,,,"[]"
8666065,31650001,Silver City 3,Mills,10240002,Well,Alluvium,41.11618,-95.63402,07/24/2006 09:30:00,GWM,NIT-KJELD,Kjeldahl nitrogen (AS N),Total,,,,0.4,mg/l,True,0.1,,,351.2,USGSGWM,Actual,GW,Water,,,"[]"
8666065,31650001,Silver City 3,Mills,10240002,Well,Alluvium,41.11618,-95.63402,07/24/2006 09:30:00,GWM,NIT-NO3-NO2,Nitrate + Nitrite (AS N),Total,,,,0.05,mg/l,False,0.05,,,353.2,USGSGWM,Actual,GW,Water,,,"[]"
8666065,31650001,Silver City 3,Mills,10240002,Well,Alluvium,41.11618,-95.63402,07/24/2006 09:30:00,GWM,14265-44-2,Orthophosphate (AS P),Dissolved,,,,0.02,mg/l,False,0.02,,,365.1,USGSGWM,Actual,GW,Water,,,"[]"
8666065,31650001,Silver City 3,Mills,10240002,Well,Alluvium,41.11618,-95.63402,07/24/2006 09:30:00,GWM,PHOSP-PHOSP,"Total Phosphorus, mixed forms (AS P)",Total,,,,0.22,mg/l,True,0.02,,,365.4,USGSGWM,Actual,GW,Water,,,"[]"
8666065,31650001,Silver City 3,Mills,10240002,Well,Alluvium,41.11618,-95.63402,07/24/2006 09:30:00,GWM,NIT-ORGN,Organic Nitrogen,Total,,,,0.2,mg/l,True,0.1,,,LAC10-107-06-2E,USGSGWM,Calculated,GW,Water,,,"[]"
8666065,31650005,Emerson 2,Mills,10240002,Well,Buried Sand Gravel,41.02019,-95.4084,08/02/2006 13:30:00,GWM,NIT-AMM,Ammonia-nitrogen (AS N),Total,,,,0.05,mg/l,False,0.05,,,350.1,USGSGWM,Actual,GW,Water,,,"[]"
8666065,31650005,Emerson 2,Mills,10240002,Well,Buried Sand Gravel,41.02019,-95.4084,08/02/2006 13:30:00,GWM,NIT-KJELD,Kjeldahl nitrogen (AS N),Total,,,,0.1,mg/l,True,0.1,,,351.2,USGSGWM,Actual,GW,Water,,,"[]"
8666065,31650005,Emerson 2,Mills,10240002,Well,Buried Sand Gravel,41.02019,-95.4084,08/02/2006 13:30:00,GWM,NIT-NO3-NO2,Nitrate + Nitrite (AS N),Total,,,,8.8,mg/l,True,0.05,,,353.2,USGSGWM,Actual,GW,Water,,,"[]"
8666065,31650005,Emerson 2,Mills,10240002,Well,Buried Sand Gravel,41.02019,-95.4084,08/02/2006 13:30:00,GWM,14265-44-2,Orthophosphate (AS P),Dissolved,,,,0.03,mg/l,True,0.02,,,365.1,USGSGWM,Actual,GW,Water,,,"[]"
8666065,31650005,Emerson 2,Mills,10240002,Well,Buried Sand Gravel,41.02019,-95.4084,08/02/2006 13:30:00,GWM,PHOSP-PHOSP,"Total Phosphorus, mixed forms (AS P)",Total,,,,0.04,mg/l,True,0.02,,,365.4,USGSGWM,Actual,GW,Water,,,"[]"
8666065,31650005,Emerson 2,Mills,10240002,Well,Buried Sand Gravel,41.02019,-95.4084,08/02/2006 13:30:00,GWM,NIT-ORGN,Organic Nitrogen,Total,,,,0.1,mg/l,False,0.1,,,LAC10-107-06-2E,USGSGWM,Calculated,GW,Water,,,"[]"
8666065,31650006,Glenwood 2,Mills,10240001,Well,Alluvium,41.020415,-95.780092,08/01/2006 11:45:00,GWM,NIT-AMM,Ammonia-nitrogen (AS N),Total,,,,0.23,mg/l,True,0.05,,,350.1,USGSGWM,Actual,GW,Water,,,"[]"
8666065,31650006,Glenwood 2,Mills,10240001,Well,Alluvium,41.020415,-95.780092,08/01/2006 11:45:00,GWM,NIT-KJELD,Kjeldahl nitrogen (AS N),Total,,,,0.4,mg/l,True,0.1,,,351.2,USGSGWM,Actual,GW,Water,,,"[]"
8666065,31650006,Glenwood 2,Mills,10240001,Well,Alluvium,41.020415,-95.780092,08/01/2006 11:45:00,GWM,NIT-NO3-NO2,Nitrate + Nitrite (AS N),Total,,,,0.05,mg/l,False,0.05,,,353.2,USGSGWM,Actual,GW,Water,,,"[]"
8666065,31650006,Glenwood 2,Mills,10240001,Well,Alluvium,41.020415,-95.780092,08/01/2006 11:45:00,GWM,14265-44-2,Orthophosphate (AS P),Dissolved,,,,0.02,mg/l,False,0.02,,,365.1,USGSGWM,Actual,GW,Water,,,"[]"
8666065,31650006,Glenwood 2,Mills,10240001,Well,Alluvium,41.020415,-95.780092,08/01/2006 11:45:00,GWM,PHOSP-PHOSP,"Total Phosphorus, mixed forms (AS P)",Total,,,,0.35,mg/l,True,0.02,,,365.4,USGSGWM,Actual,GW,Water,,,"[]"
8666065,31650006,Glenwood 2,Mills,10240001,Well,Alluvium,41.020415,-95.780092,08/01/2006 11:45:00,GWM,NIT-ORGN,Organic Nitrogen,Total,,,,0.2,mg/l,True,0.1,,,LAC10-107-06-2E,USGSGWM,Calculated,GW,Water,,,"[]"
8666065,31650004,Malvern 4,Mills,10240002,Well,Alluvium,41.008704,-95.592854,08/01/2006 13:30:00,GWM,NIT-AMM,Ammonia-nitrogen (AS N),Total,,,,0.05,mg/l,False,0.05,,,350.1,USGSGWM,Actual,GW,Water,,,"[]"
8666065,31650004,Malvern 4,Mills,10240002,Well,Alluvium,41.008704,-95.592854,08/01/2006 13:30:00,GWM,NIT-KJELD,Kjeldahl nitrogen (AS N),Total,,,,0.1,mg/l,False,0.1,,,351.2,USGSGWM,Actual,GW,Water,,,"[]"
8666065,31650004,Malvern 4,Mills,10240002,Well,Alluvium,41.008704,-95.592854,08/01/2006 13:30:00,GWM,NIT-NO3-NO2,Nitrate + Nitrite (AS N),Total,,,,5.7,mg/l,True,0.05,,,353.2,USGSGWM,Actual,GW,Water,,,"[]"
8666065,31650004,Malvern 4,Mills,10240002,Well,Alluvium,41.008704,-95.592854,08/01/2006 13:30:00,GWM,14265-44-2,Orthophosphate (AS P),Dissolved,,,,0.08,mg/l,True,0.02,,,365.1,USGSGWM,Actual,GW,Water,,,"[]"
8666065,31650004,Malvern 4,Mills,10240002,Well,Alluvium,41.008704,-95.592854,08/01/2006 13:30:00,GWM,PHOSP-PHOSP,"Total Phosphorus, mixed forms (AS P)",Total,,,,0.11,mg/l,True,0.02,,,365.4,USGSGWM,Actual,GW,Water,,,"[]"
8666065,31650004,Malvern 4,Mills,10240002,Well,Alluvium,41.008704,-95.592854,08/01/2006 13:30:00,GWM,NIT-ORGN,Organic Nitrogen,Total,,,,0.1,mg/l,False,0.1,,,LAC10-107-06-2E,USGSGWM,Calculated,GW,Water,,,"[]"
8666065,31650001,Silver City 3,Mills,10240002,Well,Alluvium,41.11618,-95.63402,09/25/2012 10:00:00,GWM,NIT-NO3-NO2,Nitrate + Nitrite (AS N),Total,,,,0.1,mg/l,False,0.1,,,LAC10-107-04-1J,GWMPWS,Actual,GW,Water,,,"[]"
8666065,31650001,Silver City 3,Mills,10240002,Well,Alluvium,41.11618,-95.63402,09/25/2012 10:00:00,GWM,NIT-AMM,Ammonia-nitrogen (AS N),Total,,,,0.05,mg/l,False,0.05,,,LAC10-107-06-1J,GWMPWS,Actual,GW,Water,,,"[]"
8666065,31650001,Silver City 3,Mills,10240002,Well,Alluvium,41.11618,-95.63402,09/25/2012 10:00:00,GWM,NIT-KJELD,Kjeldahl nitrogen (AS N),Total,,,,0.1,mg/l,False,0.1,,,LAC10-107-06-2E,GWMPWS,Actual,GW,Water,,,"[]"
8666065,31650001,Silver City 3,Mills,10240002,Well,Alluvium,41.11618,-95.63402,09/25/2012 10:00:00,GWM,14265-44-2,Orthophosphate (AS P),Dissolved,,,,0.02,mg/l,True,0.02,,,LAC10-115-01-1A,GWMPWS,Actual,GW,Water,,,"[]"
8666065,31650001,Silver City 3,Mills,10240002,Well,Alluvium,41.11618,-95.63402,09/25/2012 10:00:00,GWM,PHOSP-PHOSP,"Total Phosphorus, mixed forms (AS P)",Total,,,,0.05,mg/l,True,0.02,,,LAC10-115-01-1D,GWMPWS,Actual,GW,Water,,,"[]"
8666065,31650001,Silver City 3,Mills,10240002,Well,Alluvium,41.11618,-95.63402,02/06/2018 11:00:00,GWM,NIT-NO3-NO2,Nitrate + Nitrite (AS N),None,,,,0.2,mg/l,False,0.2,,,LAC10-107-06-1J,GWM,Actual,GW,Water,,Sample exceeded required temperature upon receipt.,"[]"
8666065,31650001,Silver City 3,Mills,10240002,Well,Alluvium,41.11618,-95.63402,02/06/2018 11:00:00,GWM,NIT-AMM,Ammonia-nitrogen (AS N),None,,,,0.24,mg/l,True,0.05,,,LAC10-107-06-1J,GWM,Actual,GW,Water,,Sample exceeded required temperature upon receipt.,"[]"
8666065,31650001,Silver City 3,Mills,10240002,Well,Alluvium,41.11618,-95.63402,01/28/2019 10:30:00,GWM,NIT-NO3-NO2,Nitrate + Nitrite (AS N),None,,,,0.1,mg/l,False,0.1,,,LAC10-107-06-1J,GWM,Actual,GW,Water,,,"[]"
8666065,31650001,Silver City 3,Mills,10240002,Well,Alluvium,41.11618,-95.63402,01/28/2019 10:30:00,GWM,NIT-AMM,Ammonia-nitrogen (AS N),None,,,,0.2,mg/l,True,0.05,,,LAC10-107-06-1J,GWM,Actual,GW,Water,,,"[]"
8666065,31650001,Silver City 3,Mills,10240002,Well,Alluvium,41.11618,-95.63402,01/28/2019 10:30:00,GWM,14265-44-2,Orthophosphate (AS P),Dissolved,,,,0.02,mg/l,False,0.02,,,LAC10-115-01-1A,GWM,Actual,GW,Water,,Sample was not field filtered per method and was filtered for analysis after receipt by the laboratory.,"[]"
8666065,31650003,Hastings 1,Mills,10240002,Well,Alluvium,41.02081,-95.50058,01/14/2019 00:00:00,GWM,NIT-NO3-NO2,Nitrate + Nitrite,None,,,,3.17,mg/l,True,0.01,,0.01,353.2,GWM001,,GW,,,,"[]"
8666065,31650001,Silver City 3,Mills,10240002,Well,Alluvium,41.11618,-95.63402,01/23/2020 10:25:00,GWM,NIT-NO3-NO2,Nitrate + Nitrite (AS N),None,,,,0.1,mg/l,False,0.1,,,LAC10-107-06-1J,GWM,Actual,GW,Water,,,"[]"
8666065,31650001,Silver City 3,Mills,10240002,Well,Alluvium,41.11618,-95.63402,01/23/2020 10:25:00,GWM,NIT-AMM,Ammonia-nitrogen (AS N),None,,,,0.24,mg/l,True,0.05,,,LAC10-107-06-1J,GWM,Actual,GW,Water,,,"[]"
8666065,31650001,Silver City 3,Mills,10240002,Well,Alluvium,41.11618,-95.63402,04/25/2023 11:20:00,GWM,NIT-NO3-NO2,Nitrate + Nitrite (AS N),Total,,,,0.1,mg/l,False,0.1,,,LAC10-107-04-1J,GWM,Actual,GW,Water,,,"[]"
8666065,31650001,Silver City 3,Mills,10240002,Well,Alluvium,41.11618,-95.63402,04/25/2023 11:20:00,GWM,NIT-AMM,Ammonia-nitrogen (AS N),Total,,,,0.24,mg/l,True,0.1,,,LAC10-107-06-1J,GWM,Actual,GW,Water,,,"[]"
8666065,31650001,Silver City 3,Mills,10240002,Well,Alluvium,41.11618,-95.63402,03/29/2021 10:00:00,GWM,NIT-NO3-NO2,Nitrate + Nitrite (AS N),None,,,,0.1,mg/l,False,0.1,,,LAC10-107-06-1J,GWM,Actual,GW,Water,,,"[]"
8666065,31650001,Silver City 3,Mills,10240002,Well,Alluvium,41.11618,-95.63402,03/29/2021 10:00:00,GWM,NIT-AMM,Ammonia-nitrogen (AS N),None,,,,0.25,mg/l,True,0.05,,,LAC10-107-06-1J,GWM,Actual,GW,Water,,,"[]"
