facilityID,siteID,name,county,huc8,type,aquifer,latitude,longitude,sampleDate,projectCode,cas_rn,analyte,fraction,relDepth,sampDepth,sampDepthUnit,result,unit,detect,detectLimit,quantFlag,quantLimit,method,colMethod,resultType,matrix,medium,qualFlag,remark,xParams
8666065,31670001,Mapleton 5,Monona,10230005,Well,Alluvium,42.16767,-95.798505,07/31/2002 13:15:00,GWM,NIT-NO3-NO2,Nitrate + Nitrite (AS N),Total,,,,11,mg/l,True,0.1,,,353.2,USGSGWM,Actual,GW,Water,,,"[]"
8666065,31670001,Mapleton 5,Monona,10230005,Well,Alluvium,42.16767,-95.798505,07/31/2002 13:15:00,GWM,NIT-AMM,Ammonia-nitrogen (AS N),Total,,,,0.05,mg/l,False,0.05,,,LAC10-107-06-1J,USGSGWM,Actual,GW,Water,,,"[]"
8666065,31670001,Mapleton 5,Monona,10230005,Well,Alluvium,42.16767,-95.798505,07/31/2002 13:15:00,GWM,NIT-ORGN,Organic Nitrogen (AS N),Total,,,,0.05,mg/l,False,0.05,,,LAC10-107-06-2E,USGSGWM,Calculated,GW,Water,,,"[]"
8666065,31670001,Mapleton 5,Monona,10230005,Well,Alluvium,42.16767,-95.798505,07/31/2002 13:15:00,GWM,14265-44-2,Orthophosphate (AS P),Dissolved,,,,0.06,mg/l,True,0.05,,,LAC10-115-01-1A,USGSGWM,Actual,GW,Water,,,"[]"
8666065,31670001,Mapleton 5,Monona,10230005,Well,Alluvium,42.16767,-95.798505,07/31/2002 13:15:00,GWM,PHOSP-PHOSP,"Total Phosphorus, mixed forms (AS P)",Total,,,,0.09,mg/l,True,0.05,,,LAC10-115-01-1C,USGSGWM,Actual,GW,Water,,,"[]"
8666065,31670001,Mapleton 5,Monona,10230005,Well,Alluvium,42.16767,-95.798505,07/31/2002 13:15:00,GWM,NIT-KJELD,Kjeldahl nitrogen (AS N),Total,,,,0.05,mg/l,False,0.05,,,PAI DK03,USGSGWM,Actual,GW,Water,,,"[]"
8666065,31670001,Mapleton 5,Monona,10230005,Well,Alluvium,42.16767,-95.798505,07/30/2003 10:30:00,GWM,NIT-AMM,Ammonia-nitrogen (AS N),Total,,,,0.05,mg/l,False,0.05,,,350.1,USGSGWM,Actual,GW,Water,,,"[]"
8666065,31670001,Mapleton 5,Monona,10230005,Well,Alluvium,42.16767,-95.798505,07/30/2003 10:30:00,GWM,NIT-NO3-NO2,Nitrate + Nitrite (AS N),Total,,,,10,mg/l,True,0.1,,,353.2,USGSGWM,Actual,GW,Water,,,"[]"
8666065,31670001,Mapleton 5,Monona,10230005,Well,Alluvium,42.16767,-95.798505,07/30/2003 10:30:00,GWM,14265-44-2,Orthophosphate (AS P),Dissolved,,,,0.08,mg/l,True,0.02,,,365.1,USGSGWM,Actual,GW,Water,,,"[]"
8666065,31670001,Mapleton 5,Monona,10230005,Well,Alluvium,42.16767,-95.798505,07/30/2003 10:30:00,GWM,PHOSP-PHOSP,"Total Phosphorus, mixed forms (AS P)",Total,,,,0.02,mg/l,False,0.02,,,365.4,USGSGWM,Actual,GW,Water,,,"[]"
8666065,31670001,Mapleton 5,Monona,10230005,Well,Alluvium,42.16767,-95.798505,07/30/2003 10:30:00,GWM,NIT-ORGN,Organic Nitrogen (AS N),Total,,,,0.05,mg/l,False,0.05,,,LAC10-107-06-2E,USGSGWM,Calculated,GW,Water,,,"[]"
8666065,31670001,Mapleton 5,Monona,10230005,Well,Alluvium,42.16767,-95.798505,07/30/2003 10:30:00,GWM,NIT-KJELD,Kjeldahl nitrogen (AS N),Total,,,,0.05,mg/l,False,0.05,,,PAI DK03,USGSGWM,Actual,GW,Water,,,"[]"
8666065,31670001,Mapleton 5,Monona,10230005,Well,Alluvium,42.16767,-95.798505,07/22/2004 17:00:00,GWM,NIT-AMM,Ammonia-nitrogen (AS N),Total,,,,0.05,mg/l,False,0.05,,,350.1,USGSGWM,Actual,GW,Water,,,"[]"
8666065,31670001,Mapleton 5,Monona,10230005,Well,Alluvium,42.16767,-95.798505,07/22/2004 17:00:00,GWM,NIT-NO3-NO2,Nitrate + Nitrite (AS N),Total,,,,9.7,mg/l,True,0.05,,,353.2,USGSGWM,Actual,GW,Water,,,"[]"
8666065,31670001,Mapleton 5,Monona,10230005,Well,Alluvium,42.16767,-95.798505,07/22/2004 17:00:00,GWM,14265-44-2,Orthophosphate (AS P),Dissolved,,,,0.07,mg/l,True,0.02,,,365.1,USGSGWM,Actual,GW,Water,,,"[]"
8666065,31670001,Mapleton 5,Monona,10230005,Well,Alluvium,42.16767,-95.798505,07/22/2004 17:00:00,GWM,PHOSP-PHOSP,"Total Phosphorus, mixed forms (AS P)",Total,,,,0.07,mg/l,True,0.02,,,365.4,USGSGWM,Actual,GW,Water,,,"[]"
8666065,31670001,Mapleton 5,Monona,10230005,Well,Alluvium,42.16767,-95.798505,07/22/2004 17:00:00,GWM,NIT-ORGN,Organic Nitrogen,Total,,,,0.07,mg/l,True,0.05,,,LAC10-107-06-2E,USGSGWM,Calculated,GW,Water,,,"[]"
8666065,31670002,Whiting 1,Monona,10230001,Well,Alluvium,42.126516,-96.149728,08/12/2004 13:00:00,GWM,NIT-AMM,Ammonia-nitrogen (AS N),Total,,,,0.85,mg/l,True,0.05,,,350.1,USGSGWM,Actual,GW,Water,,,"[]"
8666065,31670002,Whiting 1,Monona,10230001,Well,Alluvium,42.126516,-96.149728,08/12/2004 13:00:00,GWM,NIT-KJELD,Kjeldahl nitrogen (AS N),Total,,,,0.9,mg/l,True,0.05,,,351.1,USGSGWM,Actual,GW,Water,,,"[]"
8666065,31670002,Whiting 1,Monona,10230001,Well,Alluvium,42.126516,-96.149728,08/12/2004 13:00:00,GWM,NIT-NO3-NO2,Nitrate + Nitrite (AS N),Total,,,,0.05,mg/l,False,0.05,,,353.2,USGSGWM,Actual,GW,Water,,,"[]"
8666065,31670002,Whiting 1,Monona,10230001,Well,Alluvium,42.126516,-96.149728,08/12/2004 13:00:00,GWM,14265-44-2,Orthophosphate (AS P),Dissolved,,,,0.02,mg/l,False,0.02,,,365.1,USGSGWM,Actual,GW,Water,,,"[]"
8666065,31670002,Whiting 1,Monona,10230001,Well,Alluvium,42.126516,-96.149728,08/12/2004 13:00:00,GWM,PHOSP-PHOSP,"Total Phosphorus, mixed forms (AS P)",Total,,,,0.09,mg/l,True,0.02,,,365.4,USGSGWM,Actual,GW,Water,,,"[]"
8666065,31670002,Whiting 1,Monona,10230001,Well,Alluvium,42.126516,-96.149728,08/12/2004 13:00:00,GWM,NIT-ORGN,Organic Nitrogen,Total,,,,0.05,mg/l,True,0.05,,,LAC10-107-06-2E,USGSGWM,Calculated,GW,Water,,,"[]"
8666065,31670001,Mapleton 5,Monona,10230005,Well,Alluvium,42.16767,-95.798505,07/07/2005 09:00:00,GWM,NIT-AMM,Ammonia-nitrogen (AS N),Total,,,,0.05,mg/l,False,0.05,,,350.1,USGSGWM,Actual,GW,Water,,,"[]"
8666065,31670001,Mapleton 5,Monona,10230005,Well,Alluvium,42.16767,-95.798505,07/07/2005 09:00:00,GWM,NIT-KJELD,Kjeldahl nitrogen (AS N),Total,,,,0.1,mg/l,True,0.1,,,351.2,USGSGWM,Actual,GW,Water,,,"[]"
8666065,31670001,Mapleton 5,Monona,10230005,Well,Alluvium,42.16767,-95.798505,07/07/2005 09:00:00,GWM,NIT-NO3-NO2,Nitrate + Nitrite (AS N),Total,,,,8.8,mg/l,True,0.05,,,353.2,USGSGWM,Actual,GW,Water,,,"[]"
8666065,31670001,Mapleton 5,Monona,10230005,Well,Alluvium,42.16767,-95.798505,07/07/2005 09:00:00,GWM,14265-44-2,Orthophosphate (AS P),Dissolved,,,,0.07,mg/l,True,0.02,,,365.1,USGSGWM,Actual,GW,Water,,,"[]"
8666065,31670001,Mapleton 5,Monona,10230005,Well,Alluvium,42.16767,-95.798505,07/07/2005 09:00:00,GWM,PHOSP-PHOSP,"Total Phosphorus, mixed forms (AS P)",Total,,,,0.09,mg/l,True,0.02,,,365.4,USGSGWM,Actual,GW,Water,,,"[]"
8666065,31670001,Mapleton 5,Monona,10230005,Well,Alluvium,42.16767,-95.798505,07/07/2005 09:00:00,GWM,NIT-ORGN,Organic Nitrogen,Total,,,,0.1,mg/l,False,0.1,,,LAC10-107-06-2E,USGSGWM,Calculated,GW,Water,,,"[]"
8666065,31670003,Soldier 4,Monona,10230001,Well,Buried Sand Gravel,41.98381,-95.78287,08/01/2006 14:40:00,GWM,NIT-AMM,Ammonia-nitrogen (AS N),Total,,,,2,mg/l,True,0.05,,,350.1,USGSGWM,Actual,GW,Water,,,"[]"
8666065,31670003,Soldier 4,Monona,10230001,Well,Buried Sand Gravel,41.98381,-95.78287,08/01/2006 14:40:00,GWM,NIT-KJELD,Kjeldahl nitrogen (AS N),Total,,,,1.6,mg/l,True,0.1,,,351.2,USGSGWM,Actual,GW,Water,,,"[]"
8666065,31670003,Soldier 4,Monona,10230001,Well,Buried Sand Gravel,41.98381,-95.78287,08/01/2006 14:40:00,GWM,NIT-NO3-NO2,Nitrate + Nitrite (AS N),Total,,,,0.05,mg/l,False,0.05,,,353.2,USGSGWM,Actual,GW,Water,,,"[]"
8666065,31670003,Soldier 4,Monona,10230001,Well,Buried Sand Gravel,41.98381,-95.78287,08/01/2006 14:40:00,GWM,14265-44-2,Orthophosphate (AS P),Dissolved,,,,0.02,mg/l,False,0.02,,,365.1,USGSGWM,Actual,GW,Water,,,"[]"
8666065,31670003,Soldier 4,Monona,10230001,Well,Buried Sand Gravel,41.98381,-95.78287,08/01/2006 14:40:00,GWM,PHOSP-PHOSP,"Total Phosphorus, mixed forms (AS P)",Total,,,,0.09,mg/l,True,0.02,,,365.4,USGSGWM,Actual,GW,Water,,,"[]"
8666065,31670003,Soldier 4,Monona,10230001,Well,Buried Sand Gravel,41.98381,-95.78287,08/01/2006 14:40:00,GWM,NIT-ORGN,Organic Nitrogen,Total,,,,0.1,mg/l,False,0.1,,,LAC10-107-06-2E,USGSGWM,Calculated,GW,Water,,,"[]"
8666065,31670004,Onawa 2,Monona,10230004,Well,Alluvium,42.026158,-96.094336,08/10/2006 10:30:00,GWM,NIT-AMM,Ammonia-nitrogen (AS N),Total,,,,0.53,mg/l,True,0.05,,,350.1,USGSGWM,Actual,GW,Water,,,"[]"
8666065,31670004,Onawa 2,Monona,10230004,Well,Alluvium,42.026158,-96.094336,08/10/2006 10:30:00,GWM,NIT-KJELD,Kjeldahl nitrogen (AS N),Total,,,,0.6,mg/l,True,0.1,,,351.2,USGSGWM,Actual,GW,Water,,,"[]"
8666065,31670004,Onawa 2,Monona,10230004,Well,Alluvium,42.026158,-96.094336,08/10/2006 10:30:00,GWM,NIT-NO3-NO2,Nitrate + Nitrite (AS N),Total,,,,0.05,mg/l,False,0.05,,,353.2,USGSGWM,Actual,GW,Water,,,"[]"
8666065,31670004,Onawa 2,Monona,10230004,Well,Alluvium,42.026158,-96.094336,08/10/2006 10:30:00,GWM,PHOSP-PHOSP,"Total Phosphorus, mixed forms (AS P)",Total,,,,0.08,mg/l,True,0.02,,,365.4,USGSGWM,Actual,GW,Water,,,"[]"
8666065,31670004,Onawa 2,Monona,10230004,Well,Alluvium,42.026158,-96.094336,08/10/2006 10:30:00,GWM,14265-44-2,Orthophosphate (AS P),Dissolved,,,,0.03,mg/l,True,0.02,,,4500-P-E,USGSGWM,Actual,GW,Water,,,"[]"
8666065,31670004,Onawa 2,Monona,10230004,Well,Alluvium,42.026158,-96.094336,08/10/2006 10:30:00,GWM,NIT-ORGN,Organic Nitrogen,Total,,,,0.1,mg/l,False,0.1,,,LAC10-107-06-2E,USGSGWM,Calculated,GW,Water,,,"[]"
8666065,31670005,Castana 2,Monona,07080209,Well,Silurian,41.688635,-91.550225,08/10/2006 12:30:00,GWM,NIT-AMM,Ammonia-nitrogen (AS N),Total,,,,0.05,mg/l,False,0.05,,,350.1,USGSGWM,Actual,GW,Water,,,"[]"
8666065,31670005,Castana 2,Monona,07080209,Well,Silurian,41.688635,-91.550225,08/10/2006 12:30:00,GWM,NIT-KJELD,Kjeldahl nitrogen (AS N),Total,,,,0.2,mg/l,True,0.1,,,351.2,USGSGWM,Actual,GW,Water,,,"[]"
8666065,31670005,Castana 2,Monona,07080209,Well,Silurian,41.688635,-91.550225,08/10/2006 12:30:00,GWM,NIT-NO3-NO2,Nitrate + Nitrite (AS N),Total,,,,11,mg/l,True,0.05,,,353.2,USGSGWM,Actual,GW,Water,,,"[]"
8666065,31670005,Castana 2,Monona,07080209,Well,Silurian,41.688635,-91.550225,08/10/2006 12:30:00,GWM,PHOSP-PHOSP,"Total Phosphorus, mixed forms (AS P)",Total,,,,0.04,mg/l,True,0.02,,,365.4,USGSGWM,Actual,GW,Water,,,"[]"
8666065,31670005,Castana 2,Monona,07080209,Well,Silurian,41.688635,-91.550225,08/10/2006 12:30:00,GWM,14265-44-2,Orthophosphate (AS P),Dissolved,,,,0.05,mg/l,True,0.02,,,4500-P-E,USGSGWM,Actual,GW,Water,,,"[]"
8666065,31670005,Castana 2,Monona,07080209,Well,Silurian,41.688635,-91.550225,08/10/2006 12:30:00,GWM,NIT-ORGN,Organic Nitrogen,Total,,,,0.2,mg/l,True,0.1,,,LAC10-107-06-2E,USGSGWM,Calculated,GW,Water,,,"[]"
8666065,31670001,Mapleton 5,Monona,10230005,Well,Alluvium,42.16767,-95.798505,08/10/2006 14:10:00,GWM,NIT-AMM,Ammonia-nitrogen (AS N),Total,,,,0.05,mg/l,False,0.05,,,350.1,USGSGWM,Actual,GW,Water,,,"[]"
8666065,31670001,Mapleton 5,Monona,10230005,Well,Alluvium,42.16767,-95.798505,08/10/2006 14:10:00,GWM,NIT-KJELD,Kjeldahl nitrogen (AS N),Total,,,,0.1,mg/l,False,0.1,,,351.2,USGSGWM,Actual,GW,Water,,,"[]"
8666065,31670001,Mapleton 5,Monona,10230005,Well,Alluvium,42.16767,-95.798505,08/10/2006 14:10:00,GWM,NIT-NO3-NO2,Nitrate + Nitrite (AS N),Total,,,,9.6,mg/l,True,0.05,,,353.2,USGSGWM,Actual,GW,Water,,,"[]"
8666065,31670001,Mapleton 5,Monona,10230005,Well,Alluvium,42.16767,-95.798505,08/10/2006 14:10:00,GWM,PHOSP-PHOSP,"Total Phosphorus, mixed forms (AS P)",Total,,,,0.07,mg/l,True,0.02,,,365.4,USGSGWM,Actual,GW,Water,,,"[]"
8666065,31670001,Mapleton 5,Monona,10230005,Well,Alluvium,42.16767,-95.798505,08/10/2006 14:10:00,GWM,14265-44-2,Orthophosphate (AS P),Dissolved,,,,0.05,mg/l,True,0.02,,,4500-P-E,USGSGWM,Actual,GW,Water,,,"[]"
8666065,31670001,Mapleton 5,Monona,10230005,Well,Alluvium,42.16767,-95.798505,08/10/2006 14:10:00,GWM,NIT-ORGN,Organic Nitrogen,Total,,,,0.1,mg/l,False,0.1,,,LAC10-107-06-2E,USGSGWM,Calculated,GW,Water,,,"[]"
8666065,31670001,Mapleton 5,Monona,10230005,Well,Alluvium,42.16767,-95.798505,08/28/2012 08:10:00,GWM,NIT-NO3-NO2,Nitrate + Nitrite (AS N),Total,,,,12,mg/l,True,0.1,,,LAC10-107-04-1J,GWMPWS,Actual,GW,Water,,,"[]"
8666065,31670001,Mapleton 5,Monona,10230005,Well,Alluvium,42.16767,-95.798505,08/28/2012 08:10:00,GWM,NIT-AMM,Ammonia-nitrogen (AS N),Total,,,,0.05,mg/l,False,0.05,,,LAC10-107-06-1J,GWMPWS,Actual,GW,Water,,,"[]"
8666065,31670001,Mapleton 5,Monona,10230005,Well,Alluvium,42.16767,-95.798505,08/28/2012 08:10:00,GWM,NIT-KJELD,Kjeldahl nitrogen (AS N),Total,,,,0.1,mg/l,True,0.1,,,LAC10-107-06-2E,GWMPWS,Actual,GW,Water,,,"[]"
8666065,31670001,Mapleton 5,Monona,10230005,Well,Alluvium,42.16767,-95.798505,08/28/2012 08:10:00,GWM,14265-44-2,Orthophosphate (AS P),Dissolved,,,,0.08,mg/l,True,0.02,,,LAC10-115-01-1A,GWMPWS,Actual,GW,Water,,,"[]"
8666065,31670001,Mapleton 5,Monona,10230005,Well,Alluvium,42.16767,-95.798505,08/28/2012 08:10:00,GWM,PHOSP-PHOSP,"Total Phosphorus, mixed forms (AS P)",Total,,,,0.08,mg/l,True,0.02,,,LAC10-115-01-1D,GWMPWS,Actual,GW,Water,,,"[]"
8666065,31670001,Mapleton 5,Monona,10230005,Well,Alluvium,42.16767,-95.798505,12/05/2016 13:35:00,GWM,NIT-NO3-NO2,Nitrate + Nitrite (AS N),Total,,,,13,mg/l,True,1,,,LAC10-107-04-1J,GWM,Actual,GW,Water,,,"[]"
8666065,31670001,Mapleton 5,Monona,10230005,Well,Alluvium,42.16767,-95.798505,12/05/2016 13:35:00,GWM,NIT-AMM,Ammonia-nitrogen (AS N),Total,,,,0.05,mg/l,False,0.05,,,LAC10-107-06-1J,GWM,Actual,GW,Water,,,"[]"
8666065,31670001,Mapleton 5,Monona,10230005,Well,Alluvium,42.16767,-95.798505,11/16/2015 09:00:00,GWM,NIT-NO3-NO2,Nitrate + Nitrite (AS N),Total,,,,12,mg/l,True,0.1,,,LAC10-107-04-1J,GWM,Actual,GW,Water,,,"[]"
8666065,31670001,Mapleton 5,Monona,10230005,Well,Alluvium,42.16767,-95.798505,11/16/2015 09:00:00,GWM,NIT-AMM,Ammonia-nitrogen (AS N),Total,,,,0.05,mg/l,False,0.05,,,LAC10-107-06-1J,GWM,Actual,GW,Water,,,"[]"
8666065,31670001,Mapleton 5,Monona,10230005,Well,Alluvium,42.16767,-95.798505,11/16/2015 09:00:00,GWM,NIT-KJELD,Kjeldahl nitrogen (AS N),Total,,,,0.1,mg/l,False,0.1,,,LAC10-107-06-2E,GWM,Actual,GW,Water,,,"[]"
8666065,31670001,Mapleton 5,Monona,10230005,Well,Alluvium,42.16767,-95.798505,11/16/2015 09:00:00,GWM,14265-44-2,Orthophosphate (AS P),Dissolved,,,,0.07,mg/l,True,0.02,,,LAC10-115-01-1A,GWM,Actual,GW,Water,,,"[]"
8666065,31670001,Mapleton 5,Monona,10230005,Well,Alluvium,42.16767,-95.798505,11/16/2015 09:00:00,GWM,PHOSP-PHOSP,"Total Phosphorus, mixed forms (AS P)",Total,,,,0.12,mg/l,True,0.02,,,LAC10-115-01-1D,GWM,Actual,GW,Water,,,"[]"
8666065,31670001,Mapleton 5,Monona,10230005,Well,Alluvium,42.16767,-95.798505,01/26/2015 08:30:00,GWM,14265-44-2,Orthophosphate (AS P),Dissolved,,,,0.08,mg/l,True,0.02,,,4500-P-E,GWM,Actual,GW,Water,,No sample information form received.,"[]"
8666065,31670001,Mapleton 5,Monona,10230005,Well,Alluvium,42.16767,-95.798505,01/26/2015 08:30:00,GWM,NIT-NO3-NO2,Nitrate + Nitrite (AS N),Total,,,,14,mg/l,True,0.1,,,LAC10-107-04-1J,GWM,Actual,GW,Water,,No sample information form received.,"[]"
8666065,31670001,Mapleton 5,Monona,10230005,Well,Alluvium,42.16767,-95.798505,01/26/2015 08:30:00,GWM,NIT-AMM,Ammonia-nitrogen (AS N),Total,,,,0.05,mg/l,False,0.05,,,LAC10-107-06-1J,GWM,Actual,GW,Water,,No sample information form received.,"[]"
8666065,31670001,Mapleton 5,Monona,10230005,Well,Alluvium,42.16767,-95.798505,01/26/2015 08:30:00,GWM,NIT-KJELD,Kjeldahl nitrogen (AS N),Total,,,,0.1,mg/l,False,0.1,,,LAC10-107-06-2E,GWM,Actual,GW,Water,,No sample information form received.,"[]"
8666065,31670001,Mapleton 5,Monona,10230005,Well,Alluvium,42.16767,-95.798505,01/26/2015 08:30:00,GWM,PHOSP-PHOSP,"Total Phosphorus, mixed forms (AS P)",Total,,,,0.09,mg/l,True,0.02,,,LAC10-115-01-1D,GWM,Actual,GW,Water,,No sample information form received.,"[]"
8666065,31670001,Mapleton 5,Monona,10230005,Well,Alluvium,42.16767,-95.798505,10/25/2017 08:00:00,GWM,NIT-NO3-NO2,Nitrate + Nitrite (AS N),None,,,,12,mg/l,True,1,,,LAC10-107-06-1J,GWM,Actual,GW,Water,,,"[]"
8666065,31670001,Mapleton 5,Monona,10230005,Well,Alluvium,42.16767,-95.798505,10/25/2017 08:00:00,GWM,NIT-AMM,Ammonia-nitrogen (AS N),None,,,,0.05,mg/l,False,0.05,,,LAC10-107-06-1J,GWM,Actual,GW,Water,,,"[]"
8666065,31670001,Mapleton 5,Monona,10230005,Well,Alluvium,42.16767,-95.798505,11/27/2017 00:00:00,GWM,NIT-NO3-NO2,Nitrate + Nitrite,None,,,,6.93,mg/l,True,0.01,,0.01,353.2,GWM001,,GW,Water,,,"[]"
8666065,31670001,Mapleton 5,Monona,10230005,Well,Alluvium,42.16767,-95.798505,12/19/2018 08:42:00,GWM,NIT-AMM,Ammonia-nitrogen (AS N),None,,,,0.05,mg/l,False,0.05,,,LAC10-107-06-1J,GWM,Actual,GW,Water,,,"[]"
8666065,31670001,Mapleton 5,Monona,10230005,Well,Alluvium,42.16767,-95.798505,12/19/2018 08:42:00,GWM,NIT-NO3-NO2,Nitrate + Nitrite (AS N),None,,,,12,mg/l,True,0.5,,,LAC10-107-06-1J,GWM,Actual,GW,Water,,,"[]"
8666065,31670001,Mapleton 5,Monona,10230005,Well,Alluvium,42.16767,-95.798505,12/19/2018 08:42:00,GWM,14265-44-2,Orthophosphate (AS P),Dissolved,,,,0.06,mg/l,True,0.02,,,LAC10-115-01-1A,GWM,Actual,GW,Water,,Sample was not field filtered per method and was filtered for analysis after receipt by the laboratory.,"[]"
8666065,31670001,Mapleton 5,Monona,10230005,Well,Alluvium,42.16767,-95.798505,12/10/2019 09:15:00,GWM,NIT-NO3-NO2,Nitrate + Nitrite (AS N),None,,,,12,mg/l,True,0.1,,,LAC10-107-06-1J,GWM,Actual,GW,Water,,,"[]"
8666065,31670001,Mapleton 5,Monona,10230005,Well,Alluvium,42.16767,-95.798505,12/10/2019 09:15:00,GWM,NIT-AMM,Ammonia-nitrogen (AS N),None,,,,0.05,mg/l,False,0.05,,,LAC10-107-06-1J,GWM,Actual,GW,Water,,,"[]"
8666065,31670001,Mapleton 5,Monona,10230005,Well,Alluvium,42.16767,-95.798505,05/15/2023 13:10:00,GWM,NIT-NO3-NO2,Nitrate + Nitrite (AS N),Total,,,,14,mg/l,True,0.1,,,LAC10-107-04-1J,GWM,Actual,GW,Water,,,"[]"
8666065,31670001,Mapleton 5,Monona,10230005,Well,Alluvium,42.16767,-95.798505,05/15/2023 13:10:00,GWM,NIT-AMM,Ammonia-nitrogen (AS N),Total,,,,0.1,mg/l,False,0.1,,,LAC10-107-06-1J,GWM,Actual,GW,Water,,,"[]"
8666065,31670001,Mapleton 5,Monona,10230005,Well,Alluvium,42.16767,-95.798505,01/25/2021 09:15:00,GWM,NIT-NO3-NO2,Nitrate + Nitrite (AS N),None,,,,13,mg/l,True,0.1,,,LAC10-107-06-1J,GWM,Actual,GW,Water,,,"[]"
8666065,31670001,Mapleton 5,Monona,10230005,Well,Alluvium,42.16767,-95.798505,01/25/2021 09:15:00,GWM,NIT-AMM,Ammonia-nitrogen (AS N),None,,,,0.05,mg/l,False,0.05,,,LAC10-107-06-1J,GWM,Actual,GW,Water,,,"[]"
