facilityID,siteID,name,county,huc8,type,aquifer,latitude,longitude,sampleDate,projectCode,cas_rn,analyte,fraction,relDepth,sampDepth,sampDepthUnit,result,unit,detect,detectLimit,quantFlag,quantLimit,method,colMethod,resultType,matrix,medium,qualFlag,remark,xParams
8666065,31690001,Stanton 1,Montgomery,10240005,Well,Dakota,40.982257,-95.103825,08/07/2002 11:45:00,GWM,NIT-NO3-NO2,Nitrate + Nitrite (AS N),Total,,,,0.1,mg/l,False,0.1,,,353.2,USGSGWM,Actual,GW,Water,,,"[]"
8666065,31690001,Stanton 1,Montgomery,10240005,Well,Dakota,40.982257,-95.103825,08/07/2002 11:45:00,GWM,NIT-AMM,Ammonia-nitrogen (AS N),Total,,,,0.47,mg/l,True,0.05,,,LAC10-107-06-1J,USGSGWM,Actual,GW,Water,,,"[]"
8666065,31690001,Stanton 1,Montgomery,10240005,Well,Dakota,40.982257,-95.103825,08/07/2002 11:45:00,GWM,NIT-ORGN,Organic Nitrogen (AS N),Total,,,,0.17,mg/l,True,0.05,,,LAC10-107-06-2E,USGSGWM,Calculated,GW,Water,,,"[]"
8666065,31690001,Stanton 1,Montgomery,10240005,Well,Dakota,40.982257,-95.103825,08/07/2002 11:45:00,GWM,14265-44-2,Orthophosphate (AS P),Dissolved,,,,0.05,mg/l,False,0.05,,,LAC10-115-01-1A,USGSGWM,Actual,GW,Water,,,"[]"
8666065,31690001,Stanton 1,Montgomery,10240005,Well,Dakota,40.982257,-95.103825,08/07/2002 11:45:00,GWM,PHOSP-PHOSP,"Total Phosphorus, mixed forms (AS P)",Total,,,,0.1,mg/l,True,0.05,,,LAC10-115-01-1C,USGSGWM,Actual,GW,Water,,,"[]"
8666065,31690001,Stanton 1,Montgomery,10240005,Well,Dakota,40.982257,-95.103825,08/07/2002 11:45:00,GWM,NIT-KJELD,Kjeldahl nitrogen (AS N),Total,,,,0.64,mg/l,True,0.05,,,PAI DK03,USGSGWM,Actual,GW,Water,,,"[]"
8666065,31690004,Red Oak 4-2,Montgomery,10240003,Well,Dakota,41.030908,-95.184629,09/06/2002 11:00:00,GWM,NIT-NO3-NO2,Nitrate + Nitrite (AS N),Total,,,,5.2,mg/l,True,0.1,,,353.2,USGSGWM,Actual,GW,Water,,,"[]"
8666065,31690004,Red Oak 4-2,Montgomery,10240003,Well,Dakota,41.030908,-95.184629,09/06/2002 11:00:00,GWM,NIT-AMM,Ammonia-nitrogen (AS N),Total,,,,0.05,mg/l,False,0.05,,,LAC10-107-06-1J,USGSGWM,Actual,GW,Water,,,"[]"
8666065,31690004,Red Oak 4-2,Montgomery,10240003,Well,Dakota,41.030908,-95.184629,09/06/2002 11:00:00,GWM,NIT-ORGN,Organic Nitrogen (AS N),Total,,,,0.05,mg/l,False,0.05,,,LAC10-107-06-2E,USGSGWM,Calculated,GW,Water,,,"[]"
8666065,31690004,Red Oak 4-2,Montgomery,10240003,Well,Dakota,41.030908,-95.184629,09/06/2002 11:00:00,GWM,14265-44-2,Orthophosphate (AS P),Dissolved,,,,0.05,mg/l,False,0.05,,,LAC10-115-01-1A,USGSGWM,Actual,GW,Water,,,"[]"
8666065,31690004,Red Oak 4-2,Montgomery,10240003,Well,Dakota,41.030908,-95.184629,09/06/2002 11:00:00,GWM,PHOSP-PHOSP,"Total Phosphorus, mixed forms (AS P)",Total,,,,0.06,mg/l,True,0.05,,,LAC10-115-01-1C,USGSGWM,Actual,GW,Water,,,"[]"
8666065,31690004,Red Oak 4-2,Montgomery,10240003,Well,Dakota,41.030908,-95.184629,09/06/2002 11:00:00,GWM,NIT-KJELD,Kjeldahl nitrogen (AS N),Total,,,,0.05,mg/l,False,0.05,,,PAI DK03,USGSGWM,Actual,GW,Water,,,"[]"
8666065,31690003,Red Oak 2,Montgomery,10240003,Well,Multiple Aquifers,41.018404,-95.199009,09/06/2002 09:30:00,GWM,NIT-NO3-NO2,Nitrate + Nitrite (AS N),Total,,,,5.4,mg/l,True,0.1,,,353.2,USGSGWM,Actual,GW,Water,,,"[]"
8666065,31690003,Red Oak 2,Montgomery,10240003,Well,Multiple Aquifers,41.018404,-95.199009,09/06/2002 09:30:00,GWM,NIT-AMM,Ammonia-nitrogen (AS N),Total,,,,0.05,mg/l,False,0.05,,,LAC10-107-06-1J,USGSGWM,Actual,GW,Water,,,"[]"
8666065,31690003,Red Oak 2,Montgomery,10240003,Well,Multiple Aquifers,41.018404,-95.199009,09/06/2002 09:30:00,GWM,NIT-ORGN,Organic Nitrogen (AS N),Total,,,,0.07,mg/l,True,0.05,,,LAC10-107-06-2E,USGSGWM,Calculated,GW,Water,,,"[]"
8666065,31690003,Red Oak 2,Montgomery,10240003,Well,Multiple Aquifers,41.018404,-95.199009,09/06/2002 09:30:00,GWM,14265-44-2,Orthophosphate (AS P),Dissolved,,,,0.05,mg/l,False,0.05,,,LAC10-115-01-1A,USGSGWM,Actual,GW,Water,,,"[]"
8666065,31690003,Red Oak 2,Montgomery,10240003,Well,Multiple Aquifers,41.018404,-95.199009,09/06/2002 09:30:00,GWM,PHOSP-PHOSP,"Total Phosphorus, mixed forms (AS P)",Total,,,,0.05,mg/l,False,0.05,,,LAC10-115-01-1C,USGSGWM,Actual,GW,Water,,,"[]"
8666065,31690003,Red Oak 2,Montgomery,10240003,Well,Multiple Aquifers,41.018404,-95.199009,09/06/2002 09:30:00,GWM,NIT-KJELD,Kjeldahl nitrogen (AS N),Total,,,,0.07,mg/l,True,0.05,,,PAI DK03,USGSGWM,Actual,GW,Water,,,"[]"
8666065,31690001,Stanton 1,Montgomery,10240005,Well,Dakota,40.982257,-95.103825,07/18/2003 09:15:00,GWM,NIT-AMM,Ammonia-nitrogen (AS N),Total,,,,0.49,mg/l,True,0.05,,,350.1,USGSGWM,Actual,GW,Water,,,"[]"
8666065,31690001,Stanton 1,Montgomery,10240005,Well,Dakota,40.982257,-95.103825,07/18/2003 09:15:00,GWM,NIT-NO3-NO2,Nitrate + Nitrite (AS N),Total,,,,0.1,mg/l,False,0.1,,,353.2,USGSGWM,Actual,GW,Water,,,"[]"
8666065,31690001,Stanton 1,Montgomery,10240005,Well,Dakota,40.982257,-95.103825,07/18/2003 09:15:00,GWM,14265-44-2,Orthophosphate (AS P),Dissolved,,,,0.02,mg/l,False,0.02,,,365.1,USGSGWM,Actual,GW,Water,,,"[]"
8666065,31690001,Stanton 1,Montgomery,10240005,Well,Dakota,40.982257,-95.103825,07/18/2003 09:15:00,GWM,PHOSP-PHOSP,"Total Phosphorus, mixed forms (AS P)",Total,,,,0.03,mg/l,True,0.02,,,365.4,USGSGWM,Actual,GW,Water,,,"[]"
8666065,31690001,Stanton 1,Montgomery,10240005,Well,Dakota,40.982257,-95.103825,07/18/2003 09:15:00,GWM,NIT-ORGN,Organic Nitrogen (AS N),Total,,,,0.05,mg/l,False,0.05,,,LAC10-107-06-2E,USGSGWM,Calculated,GW,Water,,,"[]"
8666065,31690001,Stanton 1,Montgomery,10240005,Well,Dakota,40.982257,-95.103825,07/18/2003 09:15:00,GWM,NIT-KJELD,Kjeldahl nitrogen (AS N),Total,,,,0.51,mg/l,True,0.05,,,PAI DK03,USGSGWM,Actual,GW,Water,,,"[]"
8666065,31690002,Red Oak West,Montgomery,10240003,Well,Alluvium,41.015872,-95.246609,07/13/2004 11:00:00,GWM,NIT-AMM,Ammonia-nitrogen (AS N),Total,,,,0.05,mg/l,False,0.05,,,350.1,USGSGWM,Actual,GW,Water,,,"[]"
8666065,31690002,Red Oak West,Montgomery,10240003,Well,Alluvium,41.015872,-95.246609,07/13/2004 11:00:00,GWM,NIT-NO3-NO2,Nitrate + Nitrite (AS N),Total,,,,6.1,mg/l,True,0.05,,,353.2,USGSGWM,Actual,GW,Water,,,"[]"
8666065,31690002,Red Oak West,Montgomery,10240003,Well,Alluvium,41.015872,-95.246609,07/13/2004 11:00:00,GWM,14265-44-2,Orthophosphate (AS P),Dissolved,,,,0.02,mg/l,False,0.02,,,365.1,USGSGWM,Actual,GW,Water,,,"[]"
8666065,31690002,Red Oak West,Montgomery,10240003,Well,Alluvium,41.015872,-95.246609,07/13/2004 11:00:00,GWM,PHOSP-PHOSP,"Total Phosphorus, mixed forms (AS P)",Total,,,,0.02,mg/l,False,0.02,,,365.4,USGSGWM,Actual,GW,Water,,,"[]"
8666065,31690002,Red Oak West,Montgomery,10240003,Well,Alluvium,41.015872,-95.246609,07/13/2004 11:00:00,GWM,NIT-ORGN,Organic Nitrogen,Total,,,,0.05,mg/l,False,0.05,,,LAC10-107-06-2E,USGSGWM,Calculated,GW,Water,,,"[]"
8666065,31690001,Stanton 1,Montgomery,10240005,Well,Dakota,40.982257,-95.103825,07/13/2004 13:00:00,GWM,NIT-AMM,Ammonia-nitrogen (AS N),Total,,,,0.47,mg/l,True,0.05,,,350.1,USGSGWM,Actual,GW,Water,,,"[]"
8666065,31690001,Stanton 1,Montgomery,10240005,Well,Dakota,40.982257,-95.103825,07/13/2004 13:00:00,GWM,NIT-NO3-NO2,Nitrate + Nitrite (AS N),Total,,,,0.05,mg/l,False,0.05,,,353.2,USGSGWM,Actual,GW,Water,,,"[]"
8666065,31690001,Stanton 1,Montgomery,10240005,Well,Dakota,40.982257,-95.103825,07/13/2004 13:00:00,GWM,14265-44-2,Orthophosphate (AS P),Dissolved,,,,0.02,mg/l,False,0.02,,,365.1,USGSGWM,Actual,GW,Water,,,"[]"
8666065,31690001,Stanton 1,Montgomery,10240005,Well,Dakota,40.982257,-95.103825,07/13/2004 13:00:00,GWM,PHOSP-PHOSP,"Total Phosphorus, mixed forms (AS P)",Total,,,,0.04,mg/l,True,0.02,,,365.4,USGSGWM,Actual,GW,Water,,,"[]"
8666065,31690001,Stanton 1,Montgomery,10240005,Well,Dakota,40.982257,-95.103825,07/13/2004 13:00:00,GWM,NIT-ORGN,Organic Nitrogen,Total,,,,0.15,mg/l,True,0.05,,,LAC10-107-06-2E,USGSGWM,Calculated,GW,Water,,,"[]"
8666065,31690001,Stanton 1,Montgomery,10240005,Well,Dakota,40.982257,-95.103825,07/08/2005 13:40:00,GWM,NIT-AMM,Ammonia-nitrogen (AS N),Total,,,,0.5,mg/l,True,0.05,,,350.1,USGSGWM,Actual,GW,Water,,,"[]"
8666065,31690001,Stanton 1,Montgomery,10240005,Well,Dakota,40.982257,-95.103825,07/08/2005 13:40:00,GWM,NIT-KJELD,Kjeldahl nitrogen (AS N),Total,,,,0.57,mg/l,True,0.1,,,351.2,USGSGWM,Actual,GW,Water,,,"[]"
8666065,31690001,Stanton 1,Montgomery,10240005,Well,Dakota,40.982257,-95.103825,07/08/2005 13:40:00,GWM,NIT-NO3-NO2,Nitrate + Nitrite (AS N),Total,,,,0.05,mg/l,False,0.05,,,353.2,USGSGWM,Actual,GW,Water,,,"[]"
8666065,31690001,Stanton 1,Montgomery,10240005,Well,Dakota,40.982257,-95.103825,07/08/2005 13:40:00,GWM,14265-44-2,Orthophosphate (AS P),Dissolved,,,,0.02,mg/l,False,0.02,,,365.1,USGSGWM,Actual,GW,Water,,,"[]"
8666065,31690001,Stanton 1,Montgomery,10240005,Well,Dakota,40.982257,-95.103825,07/08/2005 13:40:00,GWM,PHOSP-PHOSP,"Total Phosphorus, mixed forms (AS P)",Total,,,,0.06,mg/l,True,0.02,,,365.4,USGSGWM,Actual,GW,Water,,,"[]"
8666065,31690001,Stanton 1,Montgomery,10240005,Well,Dakota,40.982257,-95.103825,07/08/2005 13:40:00,GWM,NIT-ORGN,Organic Nitrogen,Total,,,,0.1,mg/l,False,0.1,,,LAC10-107-06-2E,USGSGWM,Calculated,GW,Water,,,"[]"
8666065,31690001,Stanton 1,Montgomery,10240005,Well,Dakota,40.982257,-95.103825,07/24/2006 13:30:00,GWM,NIT-AMM,Ammonia-nitrogen (AS N),Total,,,,0.43,mg/l,True,0.05,,,350.1,USGSGWM,Actual,GW,Water,,,"[]"
8666065,31690001,Stanton 1,Montgomery,10240005,Well,Dakota,40.982257,-95.103825,07/24/2006 13:30:00,GWM,NIT-KJELD,Kjeldahl nitrogen (AS N),Total,,,,0.6,mg/l,True,0.1,,,351.2,USGSGWM,Actual,GW,Water,,,"[]"
8666065,31690001,Stanton 1,Montgomery,10240005,Well,Dakota,40.982257,-95.103825,07/24/2006 13:30:00,GWM,NIT-NO3-NO2,Nitrate + Nitrite (AS N),Total,,,,0.05,mg/l,False,0.05,,,353.2,USGSGWM,Actual,GW,Water,,,"[]"
8666065,31690001,Stanton 1,Montgomery,10240005,Well,Dakota,40.982257,-95.103825,07/24/2006 13:30:00,GWM,14265-44-2,Orthophosphate (AS P),Dissolved,,,,0.02,mg/l,False,0.02,,,365.1,USGSGWM,Actual,GW,Water,,,"[]"
8666065,31690001,Stanton 1,Montgomery,10240005,Well,Dakota,40.982257,-95.103825,07/24/2006 13:30:00,GWM,PHOSP-PHOSP,"Total Phosphorus, mixed forms (AS P)",Total,,,,0.05,mg/l,True,0.02,,,365.4,USGSGWM,Actual,GW,Water,,,"[]"
8666065,31690001,Stanton 1,Montgomery,10240005,Well,Dakota,40.982257,-95.103825,07/24/2006 13:30:00,GWM,NIT-ORGN,Organic Nitrogen,Total,,,,0.1,mg/l,True,0.1,,,LAC10-107-06-2E,USGSGWM,Calculated,GW,Water,,,"[]"
8666065,31690001,Stanton 1,Montgomery,10240005,Well,Dakota,40.982257,-95.103825,09/18/2012 08:00:00,GWM,NIT-NO3-NO2,Nitrate + Nitrite (AS N),Total,,,,0.1,mg/l,False,0.1,,,LAC10-107-04-1J,GWMPWS,Actual,GW,Water,,,"[]"
8666065,31690001,Stanton 1,Montgomery,10240005,Well,Dakota,40.982257,-95.103825,09/18/2012 08:00:00,GWM,NIT-AMM,Ammonia-nitrogen (AS N),Total,,,,0.35,mg/l,True,0.05,,,LAC10-107-06-1J,GWMPWS,Actual,GW,Water,,,"[]"
8666065,31690001,Stanton 1,Montgomery,10240005,Well,Dakota,40.982257,-95.103825,09/18/2012 08:00:00,GWM,NIT-KJELD,Kjeldahl nitrogen (AS N),Total,,,,0.2,mg/l,True,0.1,,,LAC10-107-06-2E,GWMPWS,Actual,GW,Water,,,"[]"
8666065,31690001,Stanton 1,Montgomery,10240005,Well,Dakota,40.982257,-95.103825,09/18/2012 08:00:00,GWM,14265-44-2,Orthophosphate (AS P),Dissolved,,,,0.02,mg/l,False,0.02,,,LAC10-115-01-1A,GWMPWS,Actual,GW,Water,,,"[]"
8666065,31690001,Stanton 1,Montgomery,10240005,Well,Dakota,40.982257,-95.103825,09/18/2012 08:00:00,GWM,PHOSP-PHOSP,"Total Phosphorus, mixed forms (AS P)",Total,,,,0.06,mg/l,True,0.02,,,LAC10-115-01-1D,GWMPWS,Actual,GW,Water,,,"[]"
8666065,31690001,Stanton 1,Montgomery,10240005,Well,Dakota,40.982257,-95.103825,01/30/2018 09:00:00,GWM,NIT-NO3-NO2,Nitrate + Nitrite (AS N),None,,,,0.2,mg/l,False,0.2,,,LAC10-107-06-1J,GWM,Actual,GW,Water,,,"[]"
8666065,31690001,Stanton 1,Montgomery,10240005,Well,Dakota,40.982257,-95.103825,01/30/2018 09:00:00,GWM,NIT-AMM,Ammonia-nitrogen (AS N),None,,,,0.47,mg/l,True,0.05,,,LAC10-107-06-1J,GWM,Actual,GW,Water,,,"[]"
8666065,31690005,Elliot 1,Montgomery,10240003,Well,Dakota,41.1490569485,-95.1620108513,12/11/2018 00:00:00,GWM,NIT-NO3-NO2,Nitrate + Nitrite,None,,,,0.46,mg/l,True,0.01,,0.01,353.2,GWM001,,GW,,,,"[]"
8666065,31690006,Elliot 2,Montgomery,10240003,Well,Multiple Aquifers,41.1470248051,-95.1566016295,12/11/2018 00:00:00,GWM,NIT-NO3-NO2,Nitrate + Nitrite,None,,,,0.18,mg/l,True,0.01,,0.01,353.2,GWM001,,GW,,,,"[]"
8666065,31690004,Red Oak 4-2,Montgomery,10240003,Well,Dakota,41.030908,-95.184629,03/01/2021 12:15:00,GWM,NIT-AMM,Ammonia-nitrogen (AS N),None,,,,0.05,mg/l,False,0.05,,,LAC10-107-06-1J,GWM,Actual,GW,Water,,,"[]"
8666065,31690004,Red Oak 4-2,Montgomery,10240003,Well,Dakota,41.030908,-95.184629,03/01/2021 12:15:00,GWM,NIT-NO3-NO2,Nitrate + Nitrite (AS N),None,,,,3,mg/l,True,0.1,,,LAC10-107-06-1J,GWM,Actual,GW,Water,,,"[]"
8666065,31690004,Red Oak 4-2,Montgomery,10240003,Well,Dakota,41.030908,-95.184629,03/01/2021 12:15:00,GWM,14265-44-2,Orthophosphate (AS P),Dissolved,,,,0.04,mg/l,True,0.02,,,LAC10-115-01-1A,GWM,Actual,GW,Water,,,"[]"
8666065,31690001,Stanton 1,Montgomery,10240005,Well,Dakota,40.982257,-95.103825,03/02/2021 08:30:00,GWM,NIT-AMM,Ammonia-nitrogen (AS N),None,,,,0.44,mg/l,True,0.05,,,LAC10-107-06-1J,GWM,Actual,GW,Water,,,"[]"
8666065,31690001,Stanton 1,Montgomery,10240005,Well,Dakota,40.982257,-95.103825,03/02/2021 08:30:00,GWM,NIT-NO3-NO2,Nitrate + Nitrite (AS N),None,,,,0.1,mg/l,False,0.1,,,LAC10-107-06-1J,GWM,Actual,GW,Water,,,"[]"
8666065,31690001,Stanton 1,Montgomery,10240005,Well,Dakota,40.982257,-95.103825,03/02/2021 08:30:00,GWM,14265-44-2,Orthophosphate (AS P),Dissolved,,,,0.02,mg/l,False,0.02,,,LAC10-115-01-1A,GWM,Actual,GW,Water,,,"[]"
