facilityID,siteID,name,county,huc8,type,aquifer,latitude,longitude,sampleDate,projectCode,cas_rn,analyte,fraction,relDepth,sampDepth,sampDepthUnit,result,unit,detect,detectLimit,quantFlag,quantLimit,method,colMethod,resultType,matrix,medium,qualFlag,remark,xParams
8666065,31700001,Stockton 1,Muscatine,07080206,Well,Silurian-Devonian,41.59082,-90.855925,07/24/2002 09:20:00,GWM,NIT-NO3-NO2,Nitrate + Nitrite (AS N),Total,,,,0.1,mg/l,False,0.1,,,353.2,USGSGWM,Actual,GW,Water,,,"[]"
8666065,31700001,Stockton 1,Muscatine,07080206,Well,Silurian-Devonian,41.59082,-90.855925,07/24/2002 09:20:00,GWM,NIT-AMM,Ammonia-nitrogen (AS N),Total,,,,0.06,mg/l,True,0.05,,,LAC10-107-06-1J,USGSGWM,Actual,GW,Water,,,"[]"
8666065,31700001,Stockton 1,Muscatine,07080206,Well,Silurian-Devonian,41.59082,-90.855925,07/24/2002 09:20:00,GWM,NIT-ORGN,Organic Nitrogen (AS N),Total,,,,0.15,mg/l,True,0.05,,,LAC10-107-06-2E,USGSGWM,Calculated,GW,Water,,,"[]"
8666065,31700001,Stockton 1,Muscatine,07080206,Well,Silurian-Devonian,41.59082,-90.855925,07/24/2002 09:20:00,GWM,14265-44-2,Orthophosphate (AS P),Dissolved,,,,0.05,mg/l,False,0.05,,,LAC10-115-01-1A,USGSGWM,Actual,GW,Water,,,"[]"
8666065,31700001,Stockton 1,Muscatine,07080206,Well,Silurian-Devonian,41.59082,-90.855925,07/24/2002 09:20:00,GWM,PHOSP-PHOSP,"Total Phosphorus, mixed forms (AS P)",Total,,,,0.1,mg/l,True,0.05,,,LAC10-115-01-1C,USGSGWM,Actual,GW,Water,,,"[]"
8666065,31700001,Stockton 1,Muscatine,07080206,Well,Silurian-Devonian,41.59082,-90.855925,07/24/2002 09:20:00,GWM,NIT-KJELD,Kjeldahl nitrogen (AS N),Total,,,,0.21,mg/l,True,0.05,,,PAI DK03,USGSGWM,Actual,GW,Water,,,"[]"
8666065,31700004,Wilton 1,Muscatine,07080206,Well,Silurian,41.58835,-91.02525,08/06/2003 15:00:00,GWM,NIT-AMM,Ammonia-nitrogen (AS N),Total,,,,0.05,mg/l,False,0.05,,,350.1,USGSGWM,Actual,GW,Water,,,"[]"
8666065,31700004,Wilton 1,Muscatine,07080206,Well,Silurian,41.58835,-91.02525,08/06/2003 15:00:00,GWM,NIT-NO3-NO2,Nitrate + Nitrite (AS N),Total,,,,0.2,mg/l,True,0.1,,,353.2,USGSGWM,Actual,GW,Water,,,"[]"
8666065,31700004,Wilton 1,Muscatine,07080206,Well,Silurian,41.58835,-91.02525,08/06/2003 15:00:00,GWM,14265-44-2,Orthophosphate (AS P),Dissolved,,,,0.02,mg/l,False,0.02,,,365.1,USGSGWM,Actual,GW,Water,,,"[]"
8666065,31700004,Wilton 1,Muscatine,07080206,Well,Silurian,41.58835,-91.02525,08/06/2003 15:00:00,GWM,PHOSP-PHOSP,"Total Phosphorus, mixed forms (AS P)",Total,,,,0.07,mg/l,True,0.02,,,365.4,USGSGWM,Actual,GW,Water,,,"[]"
8666065,31700004,Wilton 1,Muscatine,07080206,Well,Silurian,41.58835,-91.02525,08/06/2003 15:00:00,GWM,NIT-ORGN,Organic Nitrogen (AS N),Total,,,,0.05,mg/l,False,0.05,,,LAC10-107-06-2E,USGSGWM,Calculated,GW,Water,,,"[]"
8666065,31700004,Wilton 1,Muscatine,07080206,Well,Silurian,41.58835,-91.02525,08/06/2003 15:00:00,GWM,NIT-KJELD,Kjeldahl nitrogen (AS N),Total,,,,0.05,mg/l,False,0.05,,,PAI DK03,USGSGWM,Actual,GW,Water,,,"[]"
8666065,31700001,Stockton 1,Muscatine,07080206,Well,Silurian-Devonian,41.59082,-90.855925,08/26/2003 17:15:00,GWM,NIT-AMM,Ammonia-nitrogen (AS N),Total,,,,0.06,mg/l,True,0.05,,,350.1,USGSGWM,Actual,GW,Water,,,"[]"
8666065,31700001,Stockton 1,Muscatine,07080206,Well,Silurian-Devonian,41.59082,-90.855925,08/26/2003 17:15:00,GWM,NIT-NO3-NO2,Nitrate + Nitrite (AS N),Total,,,,0.1,mg/l,False,0.1,,,353.2,USGSGWM,Actual,GW,Water,,,"[]"
8666065,31700001,Stockton 1,Muscatine,07080206,Well,Silurian-Devonian,41.59082,-90.855925,08/26/2003 17:15:00,GWM,14265-44-2,Orthophosphate (AS P),Dissolved,,,,0.02,mg/l,False,0.02,,,365.1,USGSGWM,Actual,GW,Water,,,"[]"
8666065,31700001,Stockton 1,Muscatine,07080206,Well,Silurian-Devonian,41.59082,-90.855925,08/26/2003 17:15:00,GWM,PHOSP-PHOSP,"Total Phosphorus, mixed forms (AS P)",Total,,,,0.06,mg/l,True,0.02,,,365.4,USGSGWM,Actual,GW,Water,,,"[]"
8666065,31700001,Stockton 1,Muscatine,07080206,Well,Silurian-Devonian,41.59082,-90.855925,08/26/2003 17:15:00,GWM,NIT-ORGN,Organic Nitrogen (AS N),Total,,,,0.06,mg/l,True,0.05,,,LAC10-107-06-2E,USGSGWM,Calculated,GW,Water,,,"[]"
8666065,31700001,Stockton 1,Muscatine,07080206,Well,Silurian-Devonian,41.59082,-90.855925,08/26/2003 17:15:00,GWM,NIT-KJELD,Kjeldahl nitrogen (AS N),Total,,,,0.12,mg/l,True,0.05,,,PAI DK03,USGSGWM,Actual,GW,Water,,,"[]"
8666065,31700002,Muscatine 20,Muscatine,07080101,Well,Alluvium,41.390223,-91.070318,06/29/2004 11:30:00,GWM,NIT-AMM,Ammonia-nitrogen (AS N),Total,,,,0.05,mg/l,False,0.05,,,350.1,USGSGWM,Actual,GW,Water,,,"[]"
8666065,31700002,Muscatine 20,Muscatine,07080101,Well,Alluvium,41.390223,-91.070318,06/29/2004 11:30:00,GWM,NIT-NO3-NO2,Nitrate + Nitrite (AS N),Total,,,,0.16,mg/l,True,0.05,,,353.2,USGSGWM,Actual,GW,Water,,,"[]"
8666065,31700002,Muscatine 20,Muscatine,07080101,Well,Alluvium,41.390223,-91.070318,06/29/2004 11:30:00,GWM,14265-44-2,Orthophosphate (AS P),Dissolved,,,,0.02,mg/l,False,0.02,,,365.1,USGSGWM,Actual,GW,Water,,,"[]"
8666065,31700002,Muscatine 20,Muscatine,07080101,Well,Alluvium,41.390223,-91.070318,06/29/2004 11:30:00,GWM,PHOSP-PHOSP,"Total Phosphorus, mixed forms (AS P)",Total,,,,0.16,mg/l,True,0.02,,,365.4,USGSGWM,Actual,GW,Water,,,"[]"
8666065,31700002,Muscatine 20,Muscatine,07080101,Well,Alluvium,41.390223,-91.070318,06/29/2004 11:30:00,GWM,NIT-ORGN,Organic Nitrogen,Total,,,,0.12,mg/l,True,0.05,,,LAC10-107-06-2E,USGSGWM,Calculated,GW,Water,,,"[]"
8666065,31700001,Stockton 1,Muscatine,07080206,Well,Silurian-Devonian,41.59082,-90.855925,07/08/2004 13:30:00,GWM,NIT-AMM,Ammonia-nitrogen (AS N),Total,,,,0.05,mg/l,False,0.05,,,350.1,USGSGWM,Actual,GW,Water,,,"[]"
8666065,31700001,Stockton 1,Muscatine,07080206,Well,Silurian-Devonian,41.59082,-90.855925,07/08/2004 13:30:00,GWM,NIT-NO3-NO2,Nitrate + Nitrite (AS N),Total,,,,0.05,mg/l,False,0.05,,,353.2,USGSGWM,Actual,GW,Water,,,"[]"
8666065,31700001,Stockton 1,Muscatine,07080206,Well,Silurian-Devonian,41.59082,-90.855925,07/08/2004 13:30:00,GWM,14265-44-2,Orthophosphate (AS P),Dissolved,,,,0.02,mg/l,False,0.02,,,365.1,USGSGWM,Actual,GW,Water,,,"[]"
8666065,31700001,Stockton 1,Muscatine,07080206,Well,Silurian-Devonian,41.59082,-90.855925,07/08/2004 13:30:00,GWM,PHOSP-PHOSP,"Total Phosphorus, mixed forms (AS P)",Total,,,,3,mg/l,True,0.02,,,365.4,USGSGWM,Actual,GW,Water,,,"[]"
8666065,31700001,Stockton 1,Muscatine,07080206,Well,Silurian-Devonian,41.59082,-90.855925,07/08/2004 13:30:00,GWM,NIT-ORGN,Organic Nitrogen,Total,,,,0.05,mg/l,False,0.05,,,LAC10-107-06-2E,USGSGWM,Calculated,GW,Water,,,"[]"
8666065,31700001,Stockton 1,Muscatine,07080206,Well,Silurian-Devonian,41.59082,-90.855925,08/31/2005 09:55:00,GWM,NIT-AMM,Ammonia-nitrogen (AS N),Total,,,,0.11,mg/l,True,0.05,,,350.1,USGSGWM,Actual,GW,Water,,,"[]"
8666065,31700001,Stockton 1,Muscatine,07080206,Well,Silurian-Devonian,41.59082,-90.855925,08/31/2005 09:55:00,GWM,NIT-KJELD,Kjeldahl nitrogen (AS N),Total,,,,0.19,mg/l,True,0.1,,,351.2,USGSGWM,Actual,GW,Water,,,"[]"
8666065,31700001,Stockton 1,Muscatine,07080206,Well,Silurian-Devonian,41.59082,-90.855925,08/31/2005 09:55:00,GWM,NIT-NO3-NO2,Nitrate + Nitrite (AS N),Total,,,,0.05,mg/l,False,0.05,,,353.2,USGSGWM,Actual,GW,Water,,,"[]"
8666065,31700001,Stockton 1,Muscatine,07080206,Well,Silurian-Devonian,41.59082,-90.855925,08/31/2005 09:55:00,GWM,14265-44-2,Orthophosphate (AS P),Dissolved,,,,0.02,mg/l,False,0.02,,,365.1,USGSGWM,Actual,GW,Water,,,"[]"
8666065,31700001,Stockton 1,Muscatine,07080206,Well,Silurian-Devonian,41.59082,-90.855925,08/31/2005 09:55:00,GWM,PHOSP-PHOSP,"Total Phosphorus, mixed forms (AS P)",Total,,,,0.05,mg/l,True,0.02,,,365.4,USGSGWM,Actual,GW,Water,,,"[]"
8666065,31700001,Stockton 1,Muscatine,07080206,Well,Silurian-Devonian,41.59082,-90.855925,08/31/2005 09:55:00,GWM,NIT-ORGN,Organic Nitrogen,Total,,,,0.1,mg/l,False,0.1,,,LAC10-107-06-2E,USGSGWM,Calculated,GW,Water,,,"[]"
8666065,31700003,Wilton 3,Muscatine,07080206,Well,Buried Sand Gravel,41.581645,-91.024674,07/19/2006 10:30:00,GWM,NIT-AMM,Ammonia-nitrogen (AS N),Total,,,,0.17,mg/l,True,0.05,,,350.1,USGSGWM,Actual,GW,Water,,,"[]"
8666065,31700003,Wilton 3,Muscatine,07080206,Well,Buried Sand Gravel,41.581645,-91.024674,07/19/2006 10:30:00,GWM,NIT-KJELD,Kjeldahl nitrogen (AS N),Total,,,,0.1,mg/l,True,0.1,,,351.2,USGSGWM,Actual,GW,Water,,,"[]"
8666065,31700003,Wilton 3,Muscatine,07080206,Well,Buried Sand Gravel,41.581645,-91.024674,07/19/2006 10:30:00,GWM,NIT-NO3-NO2,Nitrate + Nitrite (AS N),Total,,,,0.05,mg/l,False,0.05,,,353.2,USGSGWM,Actual,GW,Water,,,"[]"
8666065,31700003,Wilton 3,Muscatine,07080206,Well,Buried Sand Gravel,41.581645,-91.024674,07/19/2006 10:30:00,GWM,14265-44-2,Orthophosphate (AS P),Dissolved,,,,0.02,mg/l,False,0.02,,,365.2,USGSGWM,Actual,GW,Water,,,"[]"
8666065,31700003,Wilton 3,Muscatine,07080206,Well,Buried Sand Gravel,41.581645,-91.024674,07/19/2006 10:30:00,GWM,PHOSP-PHOSP,"Total Phosphorus, mixed forms (AS P)",Total,,,,0.21,mg/l,True,0.02,,,365.4,USGSGWM,Actual,GW,Water,,,"[]"
8666065,31700003,Wilton 3,Muscatine,07080206,Well,Buried Sand Gravel,41.581645,-91.024674,07/19/2006 10:30:00,GWM,NIT-ORGN,Organic Nitrogen,Total,,,,0.1,mg/l,False,0.1,,,LAC10-107-06-2E,USGSGWM,Calculated,GW,Water,,,"[]"
8666065,31700001,Stockton 1,Muscatine,07080206,Well,Silurian-Devonian,41.59082,-90.855925,07/18/2006 10:00:00,GWM,NIT-AMM,Ammonia-nitrogen (AS N),Total,,,,0.05,mg/l,False,0.05,,,350.1,USGSGWM,Actual,GW,Water,,,"[]"
8666065,31700001,Stockton 1,Muscatine,07080206,Well,Silurian-Devonian,41.59082,-90.855925,07/18/2006 10:00:00,GWM,NIT-KJELD,Kjeldahl nitrogen (AS N),Total,,,,0.1,mg/l,False,0.1,,,351.2,USGSGWM,Actual,GW,Water,,,"[]"
8666065,31700001,Stockton 1,Muscatine,07080206,Well,Silurian-Devonian,41.59082,-90.855925,07/18/2006 10:00:00,GWM,NIT-NO3-NO2,Nitrate + Nitrite (AS N),Total,,,,0.05,mg/l,False,0.05,,,353.2,USGSGWM,Actual,GW,Water,,,"[]"
8666065,31700001,Stockton 1,Muscatine,07080206,Well,Silurian-Devonian,41.59082,-90.855925,07/18/2006 10:00:00,GWM,14265-44-2,Orthophosphate (AS P),Dissolved,,,,0.02,mg/l,False,0.02,,,365.2,USGSGWM,Actual,GW,Water,,,"[]"
8666065,31700001,Stockton 1,Muscatine,07080206,Well,Silurian-Devonian,41.59082,-90.855925,07/18/2006 10:00:00,GWM,PHOSP-PHOSP,"Total Phosphorus, mixed forms (AS P)",Total,,,,0.08,mg/l,True,0.02,,,365.4,USGSGWM,Actual,GW,Water,,,"[]"
8666065,31700001,Stockton 1,Muscatine,07080206,Well,Silurian-Devonian,41.59082,-90.855925,07/18/2006 10:00:00,GWM,NIT-ORGN,Organic Nitrogen,Total,,,,0.1,mg/l,False,0.1,,,LAC10-107-06-2E,USGSGWM,Calculated,GW,Water,,,"[]"
8666065,31700001,Stockton 1,Muscatine,07080206,Well,Silurian-Devonian,41.59082,-90.855925,11/27/2017 09:00:00,GWM,NIT-NO3-NO2,Nitrate + Nitrite (AS N),None,,,,0.1,mg/l,False,0.1,,,LAC10-107-06-1J,GWM,Actual,GW,Water,,,"[]"
8666065,31700001,Stockton 1,Muscatine,07080206,Well,Silurian-Devonian,41.59082,-90.855925,11/27/2017 09:00:00,GWM,NIT-AMM,Ammonia-nitrogen (AS N),None,,,,0.07,mg/l,True,0.05,,,LAC10-107-06-1J,GWM,Actual,GW,Water,,,"[]"
