facilityID,siteID,name,county,huc8,type,aquifer,latitude,longitude,sampleDate,projectCode,cas_rn,analyte,fraction,relDepth,sampDepth,sampDepthUnit,result,unit,detect,detectLimit,quantFlag,quantLimit,method,colMethod,resultType,matrix,medium,qualFlag,remark,xParams
8666065,31710003,Sheldon 5,O Brien,10230002,Well,Alluvium,43.19938,-95.84187,07/30/2002 13:00:00,GWM,NIT-NO3-NO2,Nitrate + Nitrite (AS N),Total,,,,0.1,mg/l,False,0.1,,,353.2,USGSGWM,Actual,GW,Water,,,"[]"
8666065,31710003,Sheldon 5,O Brien,10230002,Well,Alluvium,43.19938,-95.84187,07/30/2002 13:00:00,GWM,NIT-AMM,Ammonia-nitrogen (AS N),Total,,,,0.24,mg/l,True,0.05,,,LAC10-107-06-1J,USGSGWM,Actual,GW,Water,,,"[]"
8666065,31710003,Sheldon 5,O Brien,10230002,Well,Alluvium,43.19938,-95.84187,07/30/2002 13:00:00,GWM,NIT-ORGN,Organic Nitrogen (AS N),Total,,,,0.11,mg/l,True,0.05,,,LAC10-107-06-2E,USGSGWM,Calculated,GW,Water,,,"[]"
8666065,31710003,Sheldon 5,O Brien,10230002,Well,Alluvium,43.19938,-95.84187,07/30/2002 13:00:00,GWM,14265-44-2,Orthophosphate (AS P),Dissolved,,,,0.05,mg/l,False,0.05,,,LAC10-115-01-1A,USGSGWM,Actual,GW,Water,,,"[]"
8666065,31710003,Sheldon 5,O Brien,10230002,Well,Alluvium,43.19938,-95.84187,07/30/2002 13:00:00,GWM,PHOSP-PHOSP,"Total Phosphorus, mixed forms (AS P)",Total,,,,0.18,mg/l,True,0.05,,,LAC10-115-01-1C,USGSGWM,Actual,GW,Water,,,"[]"
8666065,31710003,Sheldon 5,O Brien,10230002,Well,Alluvium,43.19938,-95.84187,07/30/2002 13:00:00,GWM,NIT-KJELD,Kjeldahl nitrogen (AS N),Total,,,,0.35,mg/l,True,0.05,,,PAI DK03,USGSGWM,Actual,GW,Water,,,"[]"
8666065,31710006,Sutherland 2,O Brien,10230003,Well,Multiple Aquifers,42.97408,-95.50018,09/23/2002 10:30:00,GWM,NIT-NO3-NO2,Nitrate + Nitrite (AS N),Total,,,,0.1,mg/l,False,0.1,,,353.2,USGSGWM,Actual,GW,Water,,,"[]"
8666065,31710006,Sutherland 2,O Brien,10230003,Well,Multiple Aquifers,42.97408,-95.50018,09/23/2002 10:30:00,GWM,NIT-AMM,Ammonia-nitrogen (AS N),Total,,,,1.2,mg/l,True,0.05,,,LAC10-107-06-1J,USGSGWM,Actual,GW,Water,,,"[]"
8666065,31710006,Sutherland 2,O Brien,10230003,Well,Multiple Aquifers,42.97408,-95.50018,09/23/2002 10:30:00,GWM,NIT-ORGN,Organic Nitrogen (AS N),Total,,,,0.09,mg/l,True,0.05,,,LAC10-107-06-2E,USGSGWM,Calculated,GW,Water,,,"[]"
8666065,31710006,Sutherland 2,O Brien,10230003,Well,Multiple Aquifers,42.97408,-95.50018,09/23/2002 10:30:00,GWM,14265-44-2,Orthophosphate (AS P),Dissolved,,,,0.05,mg/l,False,0.05,,,LAC10-115-01-1A,USGSGWM,Actual,GW,Water,,,"[]"
8666065,31710006,Sutherland 2,O Brien,10230003,Well,Multiple Aquifers,42.97408,-95.50018,09/23/2002 10:30:00,GWM,PHOSP-PHOSP,"Total Phosphorus, mixed forms (AS P)",Total,,,,0.06,mg/l,True,0.05,,,LAC10-115-01-1C,USGSGWM,Actual,GW,Water,,,"[]"
8666065,31710006,Sutherland 2,O Brien,10230003,Well,Multiple Aquifers,42.97408,-95.50018,09/23/2002 10:30:00,GWM,NIT-KJELD,Kjeldahl nitrogen (AS N),Total,,,,1.3,mg/l,True,0.05,,,PAI DK03,USGSGWM,Actual,GW,Water,,,"[]"
8666065,31710001,Sheldon 6,O Brien,10230002,Well,Alluvium,43.20024,-95.8408,07/28/2003 14:30:00,GWM,NIT-AMM,Ammonia-nitrogen (AS N),Total,,,,0.05,mg/l,False,0.05,,,350.1,USGSGWM,Actual,GW,Water,,,"[]"
8666065,31710001,Sheldon 6,O Brien,10230002,Well,Alluvium,43.20024,-95.8408,07/28/2003 14:30:00,GWM,NIT-NO3-NO2,Nitrate + Nitrite (AS N),Total,,,,1.2,mg/l,True,0.1,,,353.2,USGSGWM,Actual,GW,Water,,,"[]"
8666065,31710001,Sheldon 6,O Brien,10230002,Well,Alluvium,43.20024,-95.8408,07/28/2003 14:30:00,GWM,14265-44-2,Orthophosphate (AS P),Dissolved,,,,0.02,mg/l,False,0.02,,,365.1,USGSGWM,Actual,GW,Water,,,"[]"
8666065,31710001,Sheldon 6,O Brien,10230002,Well,Alluvium,43.20024,-95.8408,07/28/2003 14:30:00,GWM,PHOSP-PHOSP,"Total Phosphorus, mixed forms (AS P)",Total,,,,0.04,mg/l,True,0.02,,,365.4,USGSGWM,Actual,GW,Water,,,"[]"
8666065,31710001,Sheldon 6,O Brien,10230002,Well,Alluvium,43.20024,-95.8408,07/28/2003 14:30:00,GWM,NIT-ORGN,Organic Nitrogen (AS N),Total,,,,0.27,mg/l,True,0.05,,,LAC10-107-06-2E,USGSGWM,Calculated,GW,Water,,,"[]"
8666065,31710001,Sheldon 6,O Brien,10230002,Well,Alluvium,43.20024,-95.8408,07/28/2003 14:30:00,GWM,NIT-KJELD,Kjeldahl nitrogen (AS N),Total,,,,0.3,mg/l,True,0.05,,,PAI DK03,USGSGWM,Actual,GW,Water,,,"[]"
8666065,31710002,Paullina 4,O Brien,10230003,Well,Alluvium,43.00343,-95.64958,07/27/2004 13:30:00,GWM,NIT-AMM,Ammonia-nitrogen (AS N),Total,,,,0.05,mg/l,False,0.05,,,350.1,USGSGWM,Actual,GW,Water,,,"[]"
8666065,31710002,Paullina 4,O Brien,10230003,Well,Alluvium,43.00343,-95.64958,07/27/2004 13:30:00,GWM,NIT-NO3-NO2,Nitrate + Nitrite (AS N),Total,,,,0.9,mg/l,True,0.05,,,353.2,USGSGWM,Actual,GW,Water,,,"[]"
8666065,31710002,Paullina 4,O Brien,10230003,Well,Alluvium,43.00343,-95.64958,07/27/2004 13:30:00,GWM,14265-44-2,Orthophosphate (AS P),Dissolved,,,,0.02,mg/l,False,0.02,,,365.1,USGSGWM,Actual,GW,Water,,,"[]"
8666065,31710002,Paullina 4,O Brien,10230003,Well,Alluvium,43.00343,-95.64958,07/27/2004 13:30:00,GWM,PHOSP-PHOSP,"Total Phosphorus, mixed forms (AS P)",Total,,,,0.02,mg/l,False,0.02,,,365.4,USGSGWM,Actual,GW,Water,,,"[]"
8666065,31710002,Paullina 4,O Brien,10230003,Well,Alluvium,43.00343,-95.64958,07/27/2004 13:30:00,GWM,NIT-ORGN,Organic Nitrogen,Total,,,,0.12,mg/l,True,0.05,,,LAC10-107-06-2E,USGSGWM,Calculated,GW,Water,,,"[]"
8666065,31710001,Sheldon 6,O Brien,10230002,Well,Alluvium,43.20024,-95.8408,07/28/2004 07:30:00,GWM,NIT-AMM,Ammonia-nitrogen (AS N),Total,,,,0.08,mg/l,True,0.05,,,350.1,USGSGWM,Actual,GW,Water,,,"[]"
8666065,31710001,Sheldon 6,O Brien,10230002,Well,Alluvium,43.20024,-95.8408,07/28/2004 07:30:00,GWM,NIT-NO3-NO2,Nitrate + Nitrite (AS N),Total,,,,0.93,mg/l,True,0.05,,,353.2,USGSGWM,Actual,GW,Water,,,"[]"
8666065,31710001,Sheldon 6,O Brien,10230002,Well,Alluvium,43.20024,-95.8408,07/28/2004 07:30:00,GWM,14265-44-2,Orthophosphate (AS P),Dissolved,,,,0.02,mg/l,True,0.02,,,365.1,USGSGWM,Actual,GW,Water,,,"[]"
8666065,31710001,Sheldon 6,O Brien,10230002,Well,Alluvium,43.20024,-95.8408,07/28/2004 07:30:00,GWM,PHOSP-PHOSP,"Total Phosphorus, mixed forms (AS P)",Total,,,,0.05,mg/l,True,0.02,,,365.4,USGSGWM,Actual,GW,Water,,,"[]"
8666065,31710001,Sheldon 6,O Brien,10230002,Well,Alluvium,43.20024,-95.8408,07/28/2004 07:30:00,GWM,NIT-ORGN,Organic Nitrogen,Total,,,,0.16,mg/l,True,0.05,,,LAC10-107-06-2E,USGSGWM,Calculated,GW,Water,,,"[]"
8666065,31710003,Sheldon 5,O Brien,10230002,Well,Alluvium,43.19938,-95.84187,07/12/2005 08:00:00,GWM,NIT-AMM,Ammonia-nitrogen (AS N),Total,,,,0.19,mg/l,True,0.05,,,350.1,USGSGWM,Actual,GW,Water,,,"[]"
8666065,31710003,Sheldon 5,O Brien,10230002,Well,Alluvium,43.19938,-95.84187,07/12/2005 08:00:00,GWM,NIT-KJELD,Kjeldahl nitrogen (AS N),Total,,,,0.32,mg/l,True,0.1,,,351.2,USGSGWM,Actual,GW,Water,,,"[]"
8666065,31710003,Sheldon 5,O Brien,10230002,Well,Alluvium,43.19938,-95.84187,07/12/2005 08:00:00,GWM,NIT-NO3-NO2,Nitrate + Nitrite (AS N),Total,,,,0.05,mg/l,False,0.05,,,353.2,USGSGWM,Actual,GW,Water,,,"[]"
8666065,31710003,Sheldon 5,O Brien,10230002,Well,Alluvium,43.19938,-95.84187,07/12/2005 08:00:00,GWM,14265-44-2,Orthophosphate (AS P),Dissolved,,,,0.02,mg/l,True,0.02,,,365.1,USGSGWM,Actual,GW,Water,,,"[]"
8666065,31710003,Sheldon 5,O Brien,10230002,Well,Alluvium,43.19938,-95.84187,07/12/2005 08:00:00,GWM,PHOSP-PHOSP,"Total Phosphorus, mixed forms (AS P)",Total,,,,0.13,mg/l,True,0.02,,,365.4,USGSGWM,Actual,GW,Water,,,"[]"
8666065,31710003,Sheldon 5,O Brien,10230002,Well,Alluvium,43.19938,-95.84187,07/12/2005 08:00:00,GWM,NIT-ORGN,Organic Nitrogen,Total,,,,0.13,mg/l,True,0.05,,,LAC10-107-06-2E,USGSGWM,Calculated,GW,Water,,,"[]"
8666065,31710004,Sanborn 1,O Brien,10230002,Well,Buried Sand Gravel,43.17901,-95.69451,06/20/2006 12:30:00,GWM,NIT-AMM,Ammonia-nitrogen (AS N),Total,,,,0.05,mg/l,False,0.05,,,350.1,USGSGWM,Actual,GW,Water,,,"[]"
8666065,31710004,Sanborn 1,O Brien,10230002,Well,Buried Sand Gravel,43.17901,-95.69451,06/20/2006 12:30:00,GWM,NIT-KJELD,Kjeldahl nitrogen (AS N),Total,,,,0.2,mg/l,True,0.1,,,351.2,USGSGWM,Actual,GW,Water,,,"[]"
8666065,31710004,Sanborn 1,O Brien,10230002,Well,Buried Sand Gravel,43.17901,-95.69451,06/20/2006 12:30:00,GWM,NIT-NO3-NO2,Nitrate + Nitrite (AS N),Total,,,,0.77,mg/l,True,0.05,,,353.2,USGSGWM,Actual,GW,Water,,,"[]"
8666065,31710004,Sanborn 1,O Brien,10230002,Well,Buried Sand Gravel,43.17901,-95.69451,06/20/2006 12:30:00,GWM,14265-44-2,Orthophosphate (AS P),Dissolved,,,,0.02,mg/l,False,0.02,,,365.1,USGSGWM,Actual,GW,Water,,,"[]"
8666065,31710004,Sanborn 1,O Brien,10230002,Well,Buried Sand Gravel,43.17901,-95.69451,06/20/2006 12:30:00,GWM,PHOSP-PHOSP,"Total Phosphorus, mixed forms (AS P)",Total,,,,0.04,mg/l,True,0.02,,,365.4,USGSGWM,Actual,GW,Water,,,"[]"
8666065,31710004,Sanborn 1,O Brien,10230002,Well,Buried Sand Gravel,43.17901,-95.69451,06/20/2006 12:30:00,GWM,NIT-ORGN,Organic Nitrogen,Total,,,,0.2,mg/l,True,0.1,,,LAC10-107-06-2E,USGSGWM,Calculated,GW,Water,,,"[]"
8666065,31710005,Primghar 8,O Brien,10230003,Well,Dakota,43.08553,-95.627199,06/20/2006 11:00:00,GWM,NIT-AMM,Ammonia-nitrogen (AS N),Total,,,,1.1,mg/l,True,0.05,,,350.1,USGSGWM,Actual,GW,Water,,,"[]"
8666065,31710005,Primghar 8,O Brien,10230003,Well,Dakota,43.08553,-95.627199,06/20/2006 11:00:00,GWM,NIT-KJELD,Kjeldahl nitrogen (AS N),Total,,,,1.6,mg/l,True,0.1,,,351.2,USGSGWM,Actual,GW,Water,,,"[]"
8666065,31710005,Primghar 8,O Brien,10230003,Well,Dakota,43.08553,-95.627199,06/20/2006 11:00:00,GWM,NIT-NO3-NO2,Nitrate + Nitrite (AS N),Total,,,,0.05,mg/l,False,0.05,,,353.2,USGSGWM,Actual,GW,Water,,,"[]"
8666065,31710005,Primghar 8,O Brien,10230003,Well,Dakota,43.08553,-95.627199,06/20/2006 11:00:00,GWM,14265-44-2,Orthophosphate (AS P),Dissolved,,,,0.02,mg/l,False,0.02,,,365.1,USGSGWM,Actual,GW,Water,,,"[]"
8666065,31710005,Primghar 8,O Brien,10230003,Well,Dakota,43.08553,-95.627199,06/20/2006 11:00:00,GWM,PHOSP-PHOSP,"Total Phosphorus, mixed forms (AS P)",Total,,,,0.04,mg/l,True,0.02,,,365.4,USGSGWM,Actual,GW,Water,,,"[]"
8666065,31710005,Primghar 8,O Brien,10230003,Well,Dakota,43.08553,-95.627199,06/20/2006 11:00:00,GWM,NIT-ORGN,Organic Nitrogen,Total,,,,0.5,mg/l,True,0.1,,,LAC10-107-06-2E,USGSGWM,Calculated,GW,Water,,,"[]"
8666065,31710001,Sheldon 6,O Brien,10230002,Well,Alluvium,43.20024,-95.8408,08/08/2006 12:10:00,GWM,NIT-AMM,Ammonia-nitrogen (AS N),Total,,,,0.05,mg/l,False,0.05,,,350.1,USGSGWM,Actual,GW,Water,,,"[]"
8666065,31710001,Sheldon 6,O Brien,10230002,Well,Alluvium,43.20024,-95.8408,08/08/2006 12:10:00,GWM,NIT-KJELD,Kjeldahl nitrogen (AS N),Total,,,,0.3,mg/l,True,0.1,,,351.2,USGSGWM,Actual,GW,Water,,,"[]"
8666065,31710001,Sheldon 6,O Brien,10230002,Well,Alluvium,43.20024,-95.8408,08/08/2006 12:10:00,GWM,NIT-NO3-NO2,Nitrate + Nitrite (AS N),Total,,,,1.4,mg/l,True,0.05,,,353.2,USGSGWM,Actual,GW,Water,,,"[]"
8666065,31710001,Sheldon 6,O Brien,10230002,Well,Alluvium,43.20024,-95.8408,08/08/2006 12:10:00,GWM,14265-44-2,Orthophosphate (AS P),Dissolved,,,,0.02,mg/l,False,0.02,,,365.1,USGSGWM,Actual,GW,Water,,,"[]"
8666065,31710001,Sheldon 6,O Brien,10230002,Well,Alluvium,43.20024,-95.8408,08/08/2006 12:10:00,GWM,PHOSP-PHOSP,"Total Phosphorus, mixed forms (AS P)",Total,,,,0.07,mg/l,True,0.02,,,365.4,USGSGWM,Actual,GW,Water,,,"[]"
8666065,31710001,Sheldon 6,O Brien,10230002,Well,Alluvium,43.20024,-95.8408,08/08/2006 12:10:00,GWM,NIT-ORGN,Organic Nitrogen,Total,,,,0.32,mg/l,True,0.05,,,LAC10-107-06-2E,USGSGWM,Calculated,GW,Water,,,"[]"
8666065,31710001,Sheldon 6,O Brien,10230002,Well,Alluvium,43.20024,-95.8408,10/02/2012 10:00:00,GWM,NIT-NO3-NO2,Nitrate + Nitrite (AS N),Total,,,,0.13,mg/l,True,0.1,,,LAC10-107-04-1J,GWMPWS,Actual,GW,Water,,,"[]"
8666065,31710001,Sheldon 6,O Brien,10230002,Well,Alluvium,43.20024,-95.8408,10/02/2012 10:00:00,GWM,NIT-AMM,Ammonia-nitrogen (AS N),Total,,,,0.05,mg/l,False,0.05,,,LAC10-107-06-1J,GWMPWS,Actual,GW,Water,,,"[]"
8666065,31710001,Sheldon 6,O Brien,10230002,Well,Alluvium,43.20024,-95.8408,10/02/2012 10:00:00,GWM,NIT-KJELD,Kjeldahl nitrogen (AS N),Total,,,,0.2,mg/l,True,0.1,,,LAC10-107-06-2E,GWMPWS,Actual,GW,Water,,,"[]"
8666065,31710001,Sheldon 6,O Brien,10230002,Well,Alluvium,43.20024,-95.8408,10/02/2012 10:00:00,GWM,14265-44-2,Orthophosphate (AS P),Dissolved,,,,0.03,mg/l,True,0.02,,,LAC10-115-01-1A,GWMPWS,Actual,GW,Water,,,"[]"
8666065,31710001,Sheldon 6,O Brien,10230002,Well,Alluvium,43.20024,-95.8408,10/02/2012 10:00:00,GWM,PHOSP-PHOSP,"Total Phosphorus, mixed forms (AS P)",Total,,,,0.05,mg/l,True,0.02,,,LAC10-115-01-1D,GWMPWS,Actual,GW,Water,,,"[]"
8666065,31710005,Primghar 8,O Brien,10230003,Well,Dakota,43.08553,-95.627199,10/18/2016 11:30:00,GWM,NIT-NO3-NO2,Nitrate + Nitrite (AS N),Total,,,,0.1,mg/l,False,0.1,,,LAC10-107-04-1J,GWM,Actual,GW,Water,,,"[]"
8666065,31710005,Primghar 8,O Brien,10230003,Well,Dakota,43.08553,-95.627199,10/18/2016 11:30:00,GWM,NIT-AMM,Ammonia-nitrogen (AS N),Total,,,,1.1,mg/l,True,0.05,,,LAC10-107-06-1J,GWM,Actual,GW,Water,,,"[]"
8666065,31710001,Sheldon 6,O Brien,10230002,Well,Alluvium,43.20024,-95.8408,10/25/2016 13:30:00,GWM,NIT-NO3-NO2,Nitrate + Nitrite (AS N),Total,,,,0.39,mg/l,True,0.1,,,LAC10-107-04-1J,GWM,Actual,GW,Water,,,"[]"
8666065,31710001,Sheldon 6,O Brien,10230002,Well,Alluvium,43.20024,-95.8408,10/25/2016 13:30:00,GWM,NIT-AMM,Ammonia-nitrogen (AS N),Total,,,,0.05,mg/l,False,0.05,,,LAC10-107-06-1J,GWM,Actual,GW,Water,,,"[]"
8666065,31710001,Sheldon 6,O Brien,10230002,Well,Alluvium,43.20024,-95.8408,12/08/2015 13:00:00,GWM,NIT-NO3-NO2,Nitrate + Nitrite (AS N),Total,,,,1.1,mg/l,True,0.1,,,LAC10-107-04-1J,GWM,Actual,GW,Water,,,"[]"
8666065,31710001,Sheldon 6,O Brien,10230002,Well,Alluvium,43.20024,-95.8408,12/08/2015 13:00:00,GWM,NIT-AMM,Ammonia-nitrogen (AS N),Total,,,,0.05,mg/l,False,0.05,,,LAC10-107-06-1J,GWM,Actual,GW,Water,,,"[]"
8666065,31710001,Sheldon 6,O Brien,10230002,Well,Alluvium,43.20024,-95.8408,12/08/2015 13:00:00,GWM,NIT-KJELD,Kjeldahl nitrogen (AS N),Total,,,,0.2,mg/l,True,0.1,,,LAC10-107-06-2E,GWM,Actual,GW,Water,,,"[]"
8666065,31710001,Sheldon 6,O Brien,10230002,Well,Alluvium,43.20024,-95.8408,12/08/2015 13:00:00,GWM,14265-44-2,Orthophosphate (AS P),Dissolved,,,,0.02,mg/l,False,0.02,,,LAC10-115-01-1A,GWM,Actual,GW,Water,,,"[]"
8666065,31710001,Sheldon 6,O Brien,10230002,Well,Alluvium,43.20024,-95.8408,12/08/2015 13:00:00,GWM,PHOSP-PHOSP,"Total Phosphorus, mixed forms (AS P)",Total,,,,0.06,mg/l,True,0.02,,,LAC10-115-01-1D,GWM,Actual,GW,Water,,,"[]"
8666065,31710001,Sheldon 6,O Brien,10230002,Well,Alluvium,43.20024,-95.8408,01/12/2015 10:32:00,GWM,NIT-NO3-NO2,Nitrate + Nitrite (AS N),Total,,,,1.8,mg/l,True,0.1,,,LAC10-107-04-1J,GWM,Actual,GW,Water,,,"[]"
8666065,31710001,Sheldon 6,O Brien,10230002,Well,Alluvium,43.20024,-95.8408,01/12/2015 10:32:00,GWM,NIT-AMM,Ammonia-nitrogen (AS N),Total,,,,0.07,mg/l,True,0.05,,,LAC10-107-06-1J,GWM,Actual,GW,Water,,,"[]"
8666065,31710001,Sheldon 6,O Brien,10230002,Well,Alluvium,43.20024,-95.8408,01/12/2015 10:32:00,GWM,NIT-KJELD,Kjeldahl nitrogen (AS N),Total,,,,0.4,mg/l,True,0.1,,,LAC10-107-06-2E,GWM,Actual,GW,Water,,,"[]"
8666065,31710001,Sheldon 6,O Brien,10230002,Well,Alluvium,43.20024,-95.8408,01/12/2015 10:32:00,GWM,14265-44-2,Orthophosphate (AS P),Dissolved,,,,0.02,mg/l,False,0.02,,,LAC10-115-01-1A,GWM,Actual,GW,Water,,,"[]"
8666065,31710001,Sheldon 6,O Brien,10230002,Well,Alluvium,43.20024,-95.8408,01/12/2015 10:32:00,GWM,PHOSP-PHOSP,"Total Phosphorus, mixed forms (AS P)",Total,,,,0.05,mg/l,True,0.02,,,LAC10-115-01-1D,GWM,Actual,GW,Water,,,"[]"
8666065,31710005,Primghar 8,O Brien,10230003,Well,Dakota,43.08553,-95.627199,04/03/2013 13:30:00,GWM,NIT-NO3-NO2,Nitrate + Nitrite (AS N),Total,,,,0.1,mg/l,False,0.1,,,LAC10-107-04-1J,GWM,Actual,GW,Water,,,"[]"
8666065,31710005,Primghar 8,O Brien,10230003,Well,Dakota,43.08553,-95.627199,04/03/2013 13:30:00,GWM,NIT-AMM,Ammonia-nitrogen (AS N),Total,,,,1.3,mg/l,True,0.05,,,LAC10-107-06-1J,GWM,Actual,GW,Water,,,"[]"
8666065,31710005,Primghar 8,O Brien,10230003,Well,Dakota,43.08553,-95.627199,04/03/2013 13:30:00,GWM,NIT-KJELD,Kjeldahl nitrogen (AS N),Total,,,,1.4,mg/l,True,0.1,,,LAC10-107-06-2E,GWM,Actual,GW,Water,,,"[]"
8666065,31710005,Primghar 8,O Brien,10230003,Well,Dakota,43.08553,-95.627199,04/03/2013 13:30:00,GWM,14265-44-2,Orthophosphate (AS P),Dissolved,,,,0.1,mg/l,True,0.02,,,LAC10-115-01-1A,GWM,Actual,GW,Water,,,"[]"
8666065,31710005,Primghar 8,O Brien,10230003,Well,Dakota,43.08553,-95.627199,04/03/2013 13:30:00,GWM,PHOSP-PHOSP,"Total Phosphorus, mixed forms (AS P)",Total,,,,0.11,mg/l,True,0.02,,,LAC10-115-01-1D,GWM,Actual,GW,Water,,,"[]"
8666065,31710001,Sheldon 6,O Brien,10230002,Well,Alluvium,43.20024,-95.8408,11/27/2017 08:40:00,GWM,NIT-NO3-NO2,Nitrate + Nitrite (AS N),None,,,,0.1,mg/l,False,0.1,,,LAC10-107-06-1J,GWM,Actual,GW,Water,,,"[]"
8666065,31710001,Sheldon 6,O Brien,10230002,Well,Alluvium,43.20024,-95.8408,11/27/2017 08:40:00,GWM,NIT-AMM,Ammonia-nitrogen (AS N),None,,,,0.05,mg/l,False,0.05,,,LAC10-107-06-1J,GWM,Actual,GW,Water,,,"[]"
8666065,31710005,Primghar 8,O Brien,10230003,Well,Dakota,43.08553,-95.627199,11/29/2017 10:00:00,GWM,NIT-AMM,Ammonia-nitrogen (AS N),None,,,,1.4,mg/l,True,0.05,,,LAC10-107-06-1J,GWM,Actual,GW,Water,,,"[]"
8666065,31710005,Primghar 8,O Brien,10230003,Well,Dakota,43.08553,-95.627199,11/29/2017 10:00:00,GWM,NIT-NO3-NO2,Nitrate + Nitrite (AS N),None,,,,0.1,mg/l,False,0.1,,,LAC10-107-06-1J,GWM,Actual,GW,Water,,,"[]"
8666065,31710001,Sheldon 6,O Brien,10230002,Well,Alluvium,43.20024,-95.8408,11/27/2017 00:00:00,GWM,NIT-NO3-NO2,Nitrate + Nitrite,None,,,,0.11,mg/l,True,0.01,,0.01,353.2,GWM001,,GW,Water,,,"[]"
8666065,31710001,Sheldon 6,O Brien,10230002,Well,Alluvium,43.20024,-95.8408,12/12/2018 10:30:00,GWM,NIT-AMM,Ammonia-nitrogen (AS N),None,,,,0.09,mg/l,True,0.05,,,LAC10-107-06-1J,GWM,Actual,GW,Water,,,"[]"
8666065,31710001,Sheldon 6,O Brien,10230002,Well,Alluvium,43.20024,-95.8408,12/12/2018 10:30:00,GWM,NIT-NO3-NO2,Nitrate + Nitrite (AS N),None,,,,0.61,mg/l,True,0.1,,,LAC10-107-06-1J,GWM,Actual,GW,Water,,,"[]"
8666065,31710001,Sheldon 6,O Brien,10230002,Well,Alluvium,43.20024,-95.8408,12/12/2018 10:30:00,GWM,14265-44-2,Orthophosphate (AS P),Dissolved,,,,0.02,mg/l,True,0.02,,,LAC10-115-01-1A,GWM,Actual,GW,Water,,,"[]"
8666065,31710001,Sheldon 6,O Brien,10230002,Well,Alluvium,43.20024,-95.8408,12/03/2019 10:00:00,GWM,NIT-AMM,Ammonia-nitrogen (AS N),None,,,,0.05,mg/l,False,0.05,,,LAC10-107-06-1J,GWM,Actual,GW,Water,,,"[]"
8666065,31710001,Sheldon 6,O Brien,10230002,Well,Alluvium,43.20024,-95.8408,12/03/2019 10:00:00,GWM,NIT-NO3-NO2,Nitrate + Nitrite (AS N),None,,,,0.97,mg/l,True,0.1,,,LAC10-107-06-1J,GWM,Actual,GW,Water,,,"[]"
8666065,31710001,Sheldon 6,O Brien,10230002,Well,Alluvium,43.20024,-95.8408,04/04/2023 13:08:00,GWM,NIT-NO3-NO2,Nitrate + Nitrite (AS N),Total,,,,0.71,mg/l,True,0.1,,,LAC10-107-04-1J,GWM,Actual,GW,Water,,,"[]"
8666065,31710001,Sheldon 6,O Brien,10230002,Well,Alluvium,43.20024,-95.8408,04/04/2023 13:08:00,GWM,NIT-AMM,Ammonia-nitrogen (AS N),Total,,,,0.05,mg/l,False,0.05,,,LAC10-107-06-1J,GWM,Actual,GW,Water,,,"[]"
8666065,31710008,Hartley 4,O Brien,10230003,Well,Dakota,43.17829,-95.4745,02/09/2021 07:59:00,GWM,NIT-NO3-NO2,Nitrate + Nitrite (AS N),None,,,,0.1,mg/l,False,0.1,,,LAC10-107-06-1J,GWM,Actual,GW,Water,,,"[]"
8666065,31710008,Hartley 4,O Brien,10230003,Well,Dakota,43.17829,-95.4745,02/09/2021 07:59:00,GWM,NIT-AMM,Ammonia-nitrogen (AS N),None,,,,1.4,mg/l,True,0.05,,,LAC10-107-06-1J,GWM,Actual,GW,Water,,,"[]"
8666065,31710008,Hartley 4,O Brien,10230003,Well,Dakota,43.17829,-95.4745,02/09/2021 07:59:00,GWM,14265-44-2,Orthophosphate (AS P),Dissolved,,,,0.02,mg/l,False,0.02,,,LAC10-115-01-1A,GWM,Actual,GW,Water,,,"[]"
8666065,31710001,Sheldon 6,O Brien,10230002,Well,Alluvium,43.20024,-95.8408,03/02/2021 13:32:00,GWM,NIT-AMM,Ammonia-nitrogen (AS N),None,,,,0.05,mg/l,False,0.05,,,LAC10-107-06-1J,GWM,Actual,GW,Water,,,"[]"
8666065,31710001,Sheldon 6,O Brien,10230002,Well,Alluvium,43.20024,-95.8408,03/02/2021 13:32:00,GWM,NIT-NO3-NO2,Nitrate + Nitrite (AS N),None,,,,0.9,mg/l,True,0.1,,,LAC10-107-06-1J,GWM,Actual,GW,Water,,,"[]"
8666065,31710007,Sheldon 15,O Brien,10230002,Well,Dakota,43.1943,-95.84944,03/02/2021 13:06:00,GWM,NIT-AMM,Ammonia-nitrogen (AS N),None,,,,2.8,mg/l,True,0.05,,,LAC10-107-06-1J,GWM,Actual,GW,Water,,,"[]"
8666065,31710007,Sheldon 15,O Brien,10230002,Well,Dakota,43.1943,-95.84944,03/02/2021 13:06:00,GWM,NIT-NO3-NO2,Nitrate + Nitrite (AS N),None,,,,0.1,mg/l,False,0.1,,,LAC10-107-06-1J,GWM,Actual,GW,Water,,,"[]"
8666065,31710007,Sheldon 15,O Brien,10230002,Well,Dakota,43.1943,-95.84944,03/02/2021 13:06:00,GWM,14265-44-2,Orthophosphate (AS P),Dissolved,,,,0.02,mg/l,False,0.02,,,LAC10-115-01-1A,GWM,Actual,GW,Water,,,"[]"
8666065,31710005,Primghar 8,O Brien,10230003,Well,Dakota,43.08553,-95.627199,05/03/2021 08:20:00,GWM,NIT-AMM,Ammonia-nitrogen (AS N),None,,,,1.2,mg/l,True,0.05,,,LAC10-107-06-1J,GWM,Actual,GW,Water,,,"[]"
8666065,31710005,Primghar 8,O Brien,10230003,Well,Dakota,43.08553,-95.627199,05/03/2021 08:20:00,GWM,NIT-NO3-NO2,Nitrate + Nitrite (AS N),None,,,,0.1,mg/l,False,0.1,,,LAC10-107-06-1J,GWM,Actual,GW,Water,,,"[]"
8666065,31710005,Primghar 8,O Brien,10230003,Well,Dakota,43.08553,-95.627199,05/03/2021 08:20:00,GWM,14265-44-2,Orthophosphate (AS P),Dissolved,,,,0.02,mg/l,False,0.02,,,LAC10-115-01-1A,GWM,Actual,GW,Water,,,"[]"
