facilityID,siteID,name,county,huc8,type,aquifer,latitude,longitude,sampleDate,projectCode,cas_rn,analyte,fraction,relDepth,sampDepth,sampDepthUnit,result,unit,detect,detectLimit,quantFlag,quantLimit,method,colMethod,resultType,matrix,medium,qualFlag,remark,xParams
8666065,31720001,Ocheyedan 1,Osceola,10230003,Well,Alluvium,43.38729,-95.5339,08/31/2004 09:15:00,GWM,NIT-AMM,Ammonia-nitrogen (AS N),Total,,,,0.05,mg/l,False,0.05,,,350.1,USGSGWM,Actual,GW,Water,,,"[]"
8666065,31720001,Ocheyedan 1,Osceola,10230003,Well,Alluvium,43.38729,-95.5339,08/31/2004 09:15:00,GWM,NIT-KJELD,Kjeldahl nitrogen (AS N),Total,,,,0.11,mg/l,True,0.05,,,351.1,USGSGWM,Actual,GW,Water,,,"[]"
8666065,31720001,Ocheyedan 1,Osceola,10230003,Well,Alluvium,43.38729,-95.5339,08/31/2004 09:15:00,GWM,NIT-NO3-NO2,Nitrate + Nitrite (AS N),Total,,,,1.3,mg/l,True,0.05,,,353.2,USGSGWM,Actual,GW,Water,,,"[]"
8666065,31720001,Ocheyedan 1,Osceola,10230003,Well,Alluvium,43.38729,-95.5339,08/31/2004 09:15:00,GWM,14265-44-2,Orthophosphate (AS P),Dissolved,,,,0.03,mg/l,True,0.02,,,365.1,USGSGWM,Actual,GW,Water,,,"[]"
8666065,31720001,Ocheyedan 1,Osceola,10230003,Well,Alluvium,43.38729,-95.5339,08/31/2004 09:15:00,GWM,PHOSP-PHOSP,"Total Phosphorus, mixed forms (AS P)",Total,,,,0.02,mg/l,True,0.02,,,365.4,USGSGWM,Actual,GW,Water,,,"[]"
8666065,31720001,Ocheyedan 1,Osceola,10230003,Well,Alluvium,43.38729,-95.5339,08/31/2004 09:15:00,GWM,NIT-ORGN,Organic Nitrogen,Total,,,,0.11,mg/l,True,0.05,,,LAC10-107-06-2E,USGSGWM,Calculated,GW,Water,,,"[]"
8666065,31720002,Osceola RWS North D-7,Osceola,10230003,Well,Alluvium,43.3145,-95.480667,04/04/2023 11:45:00,GWM,NIT-NO3-NO2,Nitrate + Nitrite (AS N),Total,,,,0.1,mg/l,False,0.1,,,LAC10-107-04-1J,GWM,Actual,GW,Water,,,"[]"
8666065,31720002,Osceola RWS North D-7,Osceola,10230003,Well,Alluvium,43.3145,-95.480667,04/04/2023 11:45:00,GWM,NIT-AMM,Ammonia-nitrogen (AS N),Total,,,,0.07,mg/l,True,0.05,,,LAC10-107-06-1J,GWM,Actual,GW,Water,,,"[]"
8666065,31720003,Osceola Rural Water System North DS-2,Osceola,10230003,Well,Dakota,43.31395,-95.476247,03/03/2021 09:00:00,GWM,NIT-AMM,Ammonia-nitrogen (AS N),None,,,,1.3,mg/l,True,0.05,,,LAC10-107-06-1J,GWM,Actual,GW,Water,,,"[]"
8666065,31720003,Osceola Rural Water System North DS-2,Osceola,10230003,Well,Dakota,43.31395,-95.476247,03/03/2021 09:00:00,GWM,NIT-NO3-NO2,Nitrate + Nitrite (AS N),None,,,,0.1,mg/l,False,0.1,,,LAC10-107-06-1J,GWM,Actual,GW,Water,,,"[]"
8666065,31720003,Osceola Rural Water System North DS-2,Osceola,10230003,Well,Dakota,43.31395,-95.476247,03/03/2021 09:00:00,GWM,14265-44-2,Orthophosphate (AS P),Dissolved,,,,0.02,mg/l,True,0.02,,,LAC10-115-01-1A,GWM,Actual,GW,Water,,,"[]"
