facilityID,siteID,name,county,huc8,type,aquifer,latitude,longitude,sampleDate,projectCode,cas_rn,analyte,fraction,relDepth,sampDepth,sampDepthUnit,result,unit,detect,detectLimit,quantFlag,quantLimit,method,colMethod,resultType,matrix,medium,qualFlag,remark,xParams
8666065,31730001,Shambaugh 3,Page,10240009,Well,Alluvium,40.652458,-95.03157,08/08/2002 07:30:00,GWM,NIT-NO3-NO2,Nitrate + Nitrite (AS N),Total,,,,0.1,mg/l,False,0.1,,,353.2,USGSGWM,Actual,GW,Water,,,"[]"
8666065,31730001,Shambaugh 3,Page,10240009,Well,Alluvium,40.652458,-95.03157,08/08/2002 07:30:00,GWM,NIT-AMM,Ammonia-nitrogen (AS N),Total,,,,0.05,mg/l,False,0.05,,,LAC10-107-06-1J,USGSGWM,Actual,GW,Water,,,"[]"
8666065,31730001,Shambaugh 3,Page,10240009,Well,Alluvium,40.652458,-95.03157,08/08/2002 07:30:00,GWM,NIT-ORGN,Organic Nitrogen (AS N),Total,,,,0.18,mg/l,True,0.05,,,LAC10-107-06-2E,USGSGWM,Calculated,GW,Water,,,"[]"
8666065,31730001,Shambaugh 3,Page,10240009,Well,Alluvium,40.652458,-95.03157,08/08/2002 07:30:00,GWM,14265-44-2,Orthophosphate (AS P),Dissolved,,,,0.05,mg/l,False,0.05,,,LAC10-115-01-1A,USGSGWM,Actual,GW,Water,,,"[]"
8666065,31730001,Shambaugh 3,Page,10240009,Well,Alluvium,40.652458,-95.03157,08/08/2002 07:30:00,GWM,PHOSP-PHOSP,"Total Phosphorus, mixed forms (AS P)",Total,,,,0.45,mg/l,True,0.05,,,LAC10-115-01-1C,USGSGWM,Actual,GW,Water,,,"[]"
8666065,31730001,Shambaugh 3,Page,10240009,Well,Alluvium,40.652458,-95.03157,08/08/2002 07:30:00,GWM,NIT-KJELD,Kjeldahl nitrogen (AS N),Total,,,,0.18,mg/l,True,0.05,,,PAI DK03,USGSGWM,Actual,GW,Water,,,"[]"
8666065,31730001,Shambaugh 3,Page,10240009,Well,Alluvium,40.652458,-95.03157,07/18/2003 07:30:00,GWM,NIT-AMM,Ammonia-nitrogen (AS N),Total,,,,0.05,mg/l,False,0.05,,,350.1,USGSGWM,Actual,GW,Water,,,"[]"
8666065,31730001,Shambaugh 3,Page,10240009,Well,Alluvium,40.652458,-95.03157,07/18/2003 07:30:00,GWM,NIT-NO3-NO2,Nitrate + Nitrite (AS N),Total,,,,0.1,mg/l,False,0.1,,,353.2,USGSGWM,Actual,GW,Water,,,"[]"
8666065,31730001,Shambaugh 3,Page,10240009,Well,Alluvium,40.652458,-95.03157,07/18/2003 07:30:00,GWM,14265-44-2,Orthophosphate (AS P),Dissolved,,,,0.02,mg/l,False,0.02,,,365.1,USGSGWM,Actual,GW,Water,,,"[]"
8666065,31730001,Shambaugh 3,Page,10240009,Well,Alluvium,40.652458,-95.03157,07/18/2003 07:30:00,GWM,PHOSP-PHOSP,"Total Phosphorus, mixed forms (AS P)",Total,,,,0.81,mg/l,True,0.02,,,365.4,USGSGWM,Actual,GW,Water,,,"[]"
8666065,31730001,Shambaugh 3,Page,10240009,Well,Alluvium,40.652458,-95.03157,07/18/2003 07:30:00,GWM,NIT-ORGN,Organic Nitrogen (AS N),Total,,,,0.14,mg/l,True,0.05,,,LAC10-107-06-2E,USGSGWM,Calculated,GW,Water,,,"[]"
8666065,31730001,Shambaugh 3,Page,10240009,Well,Alluvium,40.652458,-95.03157,07/18/2003 07:30:00,GWM,NIT-KJELD,Kjeldahl nitrogen (AS N),Total,,,,0.16,mg/l,True,0.05,,,PAI DK03,USGSGWM,Actual,GW,Water,,,"[]"
8666065,31730003,Clarinda 2,Page,07100005,Well,Buried Sand Gravel,42.589197,-93.940839,07/14/2004 10:30:00,GWM,NIT-AMM,Ammonia-nitrogen (AS N),Total,,,,0.05,mg/l,False,0.05,,,350.1,USGSGWM,Actual,GW,Water,,,"[]"
8666065,31730003,Clarinda 2,Page,07100005,Well,Buried Sand Gravel,42.589197,-93.940839,07/14/2004 10:30:00,GWM,NIT-NO3-NO2,Nitrate + Nitrite (AS N),Total,,,,8.6,mg/l,True,0.05,,,353.2,USGSGWM,Actual,GW,Water,,,"[]"
8666065,31730003,Clarinda 2,Page,07100005,Well,Buried Sand Gravel,42.589197,-93.940839,07/14/2004 10:30:00,GWM,14265-44-2,Orthophosphate (AS P),Dissolved,,,,0.1,mg/l,True,0.02,,,365.1,USGSGWM,Actual,GW,Water,,,"[]"
8666065,31730003,Clarinda 2,Page,07100005,Well,Buried Sand Gravel,42.589197,-93.940839,07/14/2004 10:30:00,GWM,PHOSP-PHOSP,"Total Phosphorus, mixed forms (AS P)",Total,,,,0.11,mg/l,True,0.02,,,365.4,USGSGWM,Actual,GW,Water,,,"[]"
8666065,31730003,Clarinda 2,Page,07100005,Well,Buried Sand Gravel,42.589197,-93.940839,07/14/2004 10:30:00,GWM,NIT-ORGN,Organic Nitrogen,Total,,,,0.08,mg/l,True,0.05,,,LAC10-107-06-2E,USGSGWM,Calculated,GW,Water,,,"[]"
8666065,31730002,Essex 5,Page,10240003,Well,Alluvium,40.83242,-95.31156,07/14/2004 15:00:00,GWM,NIT-AMM,Ammonia-nitrogen (AS N),Total,,,,0.05,mg/l,False,0.05,,,350.1,USGSGWM,Actual,GW,Water,,,"[]"
8666065,31730002,Essex 5,Page,10240003,Well,Alluvium,40.83242,-95.31156,07/14/2004 15:00:00,GWM,NIT-NO3-NO2,Nitrate + Nitrite (AS N),Total,,,,1.2,mg/l,True,0.05,,,353.2,USGSGWM,Actual,GW,Water,,,"[]"
8666065,31730002,Essex 5,Page,10240003,Well,Alluvium,40.83242,-95.31156,07/14/2004 15:00:00,GWM,14265-44-2,Orthophosphate (AS P),Dissolved,,,,0.02,mg/l,False,0.02,,,365.1,USGSGWM,Actual,GW,Water,,,"[]"
8666065,31730002,Essex 5,Page,10240003,Well,Alluvium,40.83242,-95.31156,07/14/2004 15:00:00,GWM,PHOSP-PHOSP,"Total Phosphorus, mixed forms (AS P)",Total,,,,0.07,mg/l,True,0.02,,,365.4,USGSGWM,Actual,GW,Water,,,"[]"
8666065,31730002,Essex 5,Page,10240003,Well,Alluvium,40.83242,-95.31156,07/14/2004 15:00:00,GWM,NIT-ORGN,Organic Nitrogen,Total,,,,0.07,mg/l,True,0.05,,,LAC10-107-06-2E,USGSGWM,Calculated,GW,Water,,,"[]"
8666065,31730001,Shambaugh 3,Page,10240009,Well,Alluvium,40.652458,-95.03157,07/14/2004 07:30:00,GWM,NIT-AMM,Ammonia-nitrogen (AS N),Total,,,,0.05,mg/l,False,0.05,,,350.1,USGSGWM,Actual,GW,Water,,,"[]"
8666065,31730001,Shambaugh 3,Page,10240009,Well,Alluvium,40.652458,-95.03157,07/14/2004 07:30:00,GWM,NIT-NO3-NO2,Nitrate + Nitrite (AS N),Total,,,,0.05,mg/l,False,0.05,,,353.2,USGSGWM,Actual,GW,Water,,,"[]"
8666065,31730001,Shambaugh 3,Page,10240009,Well,Alluvium,40.652458,-95.03157,07/14/2004 07:30:00,GWM,14265-44-2,Orthophosphate (AS P),Dissolved,,,,0.02,mg/l,False,0.02,,,365.1,USGSGWM,Actual,GW,Water,,,"[]"
8666065,31730001,Shambaugh 3,Page,10240009,Well,Alluvium,40.652458,-95.03157,07/14/2004 07:30:00,GWM,PHOSP-PHOSP,"Total Phosphorus, mixed forms (AS P)",Total,,,,0.39,mg/l,True,0.02,,,365.4,USGSGWM,Actual,GW,Water,,,"[]"
8666065,31730001,Shambaugh 3,Page,10240009,Well,Alluvium,40.652458,-95.03157,07/14/2004 07:30:00,GWM,NIT-ORGN,Organic Nitrogen,Total,,,,0.14,mg/l,True,0.05,,,LAC10-107-06-2E,USGSGWM,Calculated,GW,Water,,,"[]"
8666065,31730001,Shambaugh 3,Page,10240009,Well,Alluvium,40.652458,-95.03157,07/15/2005 13:00:00,GWM,NIT-AMM,Ammonia-nitrogen (AS N),Total,,,,0.05,mg/l,True,0.05,,,350.1,USGSGWM,Actual,GW,Water,,,"[]"
8666065,31730001,Shambaugh 3,Page,10240009,Well,Alluvium,40.652458,-95.03157,07/15/2005 13:00:00,GWM,NIT-KJELD,Kjeldahl nitrogen (AS N),Total,,,,0.13,mg/l,True,0.1,,,351.2,USGSGWM,Actual,GW,Water,,,"[]"
8666065,31730001,Shambaugh 3,Page,10240009,Well,Alluvium,40.652458,-95.03157,07/15/2005 13:00:00,GWM,NIT-NO3-NO2,Nitrate + Nitrite (AS N),Total,,,,0.05,mg/l,False,0.05,,,353.2,USGSGWM,Actual,GW,Water,,,"[]"
8666065,31730001,Shambaugh 3,Page,10240009,Well,Alluvium,40.652458,-95.03157,07/15/2005 13:00:00,GWM,14265-44-2,Orthophosphate (AS P),Dissolved,,,,0.02,mg/l,False,0.02,,,365.1,USGSGWM,Actual,GW,Water,,,"[]"
8666065,31730001,Shambaugh 3,Page,10240009,Well,Alluvium,40.652458,-95.03157,07/15/2005 13:00:00,GWM,PHOSP-PHOSP,"Total Phosphorus, mixed forms (AS P)",Total,,,,0.43,mg/l,True,0.02,,,365.4,USGSGWM,Actual,GW,Water,,,"[]"
8666065,31730001,Shambaugh 3,Page,10240009,Well,Alluvium,40.652458,-95.03157,07/15/2005 13:00:00,GWM,NIT-ORGN,Organic Nitrogen,Total,,,,0.1,mg/l,False,0.1,,,LAC10-107-06-2E,USGSGWM,Calculated,GW,Water,,,"[]"
8666065,31730001,Shambaugh 3,Page,10240009,Well,Alluvium,40.652458,-95.03157,07/25/2006 10:30:00,GWM,NIT-AMM,Ammonia-nitrogen (AS N),Total,,,,0.08,mg/l,True,0.05,,,350.1,USGSGWM,Actual,GW,Water,,,"[]"
8666065,31730001,Shambaugh 3,Page,10240009,Well,Alluvium,40.652458,-95.03157,07/25/2006 10:30:00,GWM,NIT-KJELD,Kjeldahl nitrogen (AS N),Total,,,,0.2,mg/l,True,0.1,,,351.2,USGSGWM,Actual,GW,Water,,,"[]"
8666065,31730001,Shambaugh 3,Page,10240009,Well,Alluvium,40.652458,-95.03157,07/25/2006 10:30:00,GWM,NIT-NO3-NO2,Nitrate + Nitrite (AS N),Total,,,,0.05,mg/l,False,0.05,,,353.2,USGSGWM,Actual,GW,Water,,,"[]"
8666065,31730001,Shambaugh 3,Page,10240009,Well,Alluvium,40.652458,-95.03157,07/25/2006 10:30:00,GWM,14265-44-2,Orthophosphate (AS P),Dissolved,,,,0.02,mg/l,False,0.02,,,365.1,USGSGWM,Actual,GW,Water,,,"[]"
8666065,31730001,Shambaugh 3,Page,10240009,Well,Alluvium,40.652458,-95.03157,07/25/2006 10:30:00,GWM,PHOSP-PHOSP,"Total Phosphorus, mixed forms (AS P)",Total,,,,0.44,mg/l,True,0.02,,,365.4,USGSGWM,Actual,GW,Water,,,"[]"
8666065,31730001,Shambaugh 3,Page,10240009,Well,Alluvium,40.652458,-95.03157,07/25/2006 10:30:00,GWM,NIT-ORGN,Organic Nitrogen,Total,,,,0.1,mg/l,False,0.1,,,LAC10-107-06-2E,USGSGWM,Calculated,GW,Water,,,"[]"
8666065,31730001,Shambaugh 3,Page,10240009,Well,Alluvium,40.652458,-95.03157,10/03/2012 08:00:00,GWM,NIT-NO3-NO2,Nitrate + Nitrite (AS N),Total,,,,0.1,mg/l,False,0.1,,,LAC10-107-04-1J,GWMPWS,Actual,GW,Water,,,"[]"
8666065,31730001,Shambaugh 3,Page,10240009,Well,Alluvium,40.652458,-95.03157,10/03/2012 08:00:00,GWM,NIT-AMM,Ammonia-nitrogen (AS N),Total,,,,0.05,mg/l,False,0.05,,,LAC10-107-06-1J,GWMPWS,Actual,GW,Water,,,"[]"
8666065,31730001,Shambaugh 3,Page,10240009,Well,Alluvium,40.652458,-95.03157,10/03/2012 08:00:00,GWM,NIT-KJELD,Kjeldahl nitrogen (AS N),Total,,,,0.2,mg/l,True,0.1,,,LAC10-107-06-2E,GWMPWS,Actual,GW,Water,,,"[]"
8666065,31730001,Shambaugh 3,Page,10240009,Well,Alluvium,40.652458,-95.03157,10/03/2012 08:00:00,GWM,14265-44-2,Orthophosphate (AS P),Dissolved,,,,0.02,mg/l,True,0.02,,,LAC10-115-01-1A,GWMPWS,Actual,GW,Water,,,"[]"
8666065,31730001,Shambaugh 3,Page,10240009,Well,Alluvium,40.652458,-95.03157,10/03/2012 08:00:00,GWM,PHOSP-PHOSP,"Total Phosphorus, mixed forms (AS P)",Total,,,,0.43,mg/l,True,0.02,,,LAC10-115-01-1D,GWMPWS,Actual,GW,Water,,,"[]"
