facilityID,siteID,name,county,huc8,type,aquifer,latitude,longitude,sampleDate,projectCode,cas_rn,analyte,fraction,relDepth,sampDepth,sampDepthUnit,result,unit,detect,detectLimit,quantFlag,quantLimit,method,colMethod,resultType,matrix,medium,qualFlag,remark,xParams
8666065,31740001,West Bend 2,Palo Alto,07100002,Well,Dakota,42.95897,-94.45153,08/21/2002 13:30:00,GWM,NIT-NO3-NO2,Nitrate + Nitrite (AS N),Total,,,,0.1,mg/l,False,0.1,,,353.2,USGSGWM,Actual,GW,Water,,,"[]"
8666065,31740001,West Bend 2,Palo Alto,07100002,Well,Dakota,42.95897,-94.45153,08/21/2002 13:30:00,GWM,NIT-AMM,Ammonia-nitrogen (AS N),Total,,,,0.8,mg/l,True,0.05,,,LAC10-107-06-1J,USGSGWM,Actual,GW,Water,,,"[]"
8666065,31740001,West Bend 2,Palo Alto,07100002,Well,Dakota,42.95897,-94.45153,08/21/2002 13:30:00,GWM,NIT-ORGN,Organic Nitrogen (AS N),Total,,,,0.05,mg/l,False,0.05,,,LAC10-107-06-2E,USGSGWM,Calculated,GW,Water,,,"[]"
8666065,31740001,West Bend 2,Palo Alto,07100002,Well,Dakota,42.95897,-94.45153,08/21/2002 13:30:00,GWM,14265-44-2,Orthophosphate (AS P),Dissolved,,,,0.05,mg/l,False,0.05,,,LAC10-115-01-1A,USGSGWM,Actual,GW,Water,,,"[]"
8666065,31740001,West Bend 2,Palo Alto,07100002,Well,Dakota,42.95897,-94.45153,08/21/2002 13:30:00,GWM,PHOSP-PHOSP,"Total Phosphorus, mixed forms (AS P)",Total,,,,0.25,mg/l,True,0.05,,,LAC10-115-01-1C,USGSGWM,Actual,GW,Water,,,"[]"
8666065,31740001,West Bend 2,Palo Alto,07100002,Well,Dakota,42.95897,-94.45153,08/21/2002 13:30:00,GWM,NIT-KJELD,Kjeldahl nitrogen (AS N),Total,,,,0.76,mg/l,True,0.05,,,PAI DK03,USGSGWM,Actual,GW,Water,,,"[]"
8666065,31740004,Ayrshire 4,Palo Alto,07100002,Well,Buried Sand Gravel,43.03815,-94.83266,09/25/2002 12:45:00,GWM,NIT-NO3-NO2,Nitrate + Nitrite (AS N),Total,,,,0.1,mg/l,False,0.1,,,353.2,USGSGWM,Actual,GW,Water,,,"[]"
8666065,31740004,Ayrshire 4,Palo Alto,07100002,Well,Buried Sand Gravel,43.03815,-94.83266,09/25/2002 12:45:00,GWM,14265-44-2,Orthophosphate (AS P),Dissolved,,,,0.05,mg/l,False,0.05,,,4500-P-E,USGSGWM,Actual,GW,Water,,,"[]"
8666065,31740004,Ayrshire 4,Palo Alto,07100002,Well,Buried Sand Gravel,43.03815,-94.83266,09/25/2002 12:45:00,GWM,NIT-AMM,Ammonia-nitrogen (AS N),Total,,,,3,mg/l,True,0.05,,,LAC10-107-06-1J,USGSGWM,Actual,GW,Water,,,"[]"
8666065,31740004,Ayrshire 4,Palo Alto,07100002,Well,Buried Sand Gravel,43.03815,-94.83266,09/25/2002 12:45:00,GWM,NIT-ORGN,Organic Nitrogen (AS N),Total,,,,0.52,mg/l,True,0.05,,,LAC10-107-06-2E,USGSGWM,Calculated,GW,Water,,,"[]"
8666065,31740004,Ayrshire 4,Palo Alto,07100002,Well,Buried Sand Gravel,43.03815,-94.83266,09/25/2002 12:45:00,GWM,PHOSP-PHOSP,"Total Phosphorus, mixed forms (AS P)",Total,,,,0.16,mg/l,True,0.05,,,LAC10-115-01-1C,USGSGWM,Actual,GW,Water,,,"[]"
8666065,31740004,Ayrshire 4,Palo Alto,07100002,Well,Buried Sand Gravel,43.03815,-94.83266,09/25/2002 12:45:00,GWM,NIT-KJELD,Kjeldahl nitrogen (AS N),Total,,,,3.5,mg/l,True,0.05,,,PAI DK03,USGSGWM,Actual,GW,Water,,,"[]"
8666065,31740005,Ruthven 2,Palo Alto,10230003,Well,Buried Sand Gravel,43.129153,-94.903761,09/25/2002 10:50:00,GWM,NIT-NO3-NO2,Nitrate + Nitrite (AS N),Total,,,,0.1,mg/l,False,0.1,,,353.2,USGSGWM,Actual,GW,Water,,,"[]"
8666065,31740005,Ruthven 2,Palo Alto,10230003,Well,Buried Sand Gravel,43.129153,-94.903761,09/25/2002 10:50:00,GWM,14265-44-2,Orthophosphate (AS P),Dissolved,,,,0.05,mg/l,False,0.05,,,4500-P-E,USGSGWM,Actual,GW,Water,,,"[]"
8666065,31740005,Ruthven 2,Palo Alto,10230003,Well,Buried Sand Gravel,43.129153,-94.903761,09/25/2002 10:50:00,GWM,NIT-AMM,Ammonia-nitrogen (AS N),Total,,,,1.4,mg/l,True,0.05,,,LAC10-107-06-1J,USGSGWM,Actual,GW,Water,,,"[]"
8666065,31740005,Ruthven 2,Palo Alto,10230003,Well,Buried Sand Gravel,43.129153,-94.903761,09/25/2002 10:50:00,GWM,NIT-ORGN,Organic Nitrogen (AS N),Total,,,,0.18,mg/l,True,0.05,,,LAC10-107-06-2E,USGSGWM,Calculated,GW,Water,,,"[]"
8666065,31740005,Ruthven 2,Palo Alto,10230003,Well,Buried Sand Gravel,43.129153,-94.903761,09/25/2002 10:50:00,GWM,PHOSP-PHOSP,"Total Phosphorus, mixed forms (AS P)",Total,,,,0.05,mg/l,True,0.05,,,LAC10-115-01-1C,USGSGWM,Actual,GW,Water,,,"[]"
8666065,31740005,Ruthven 2,Palo Alto,10230003,Well,Buried Sand Gravel,43.129153,-94.903761,09/25/2002 10:50:00,GWM,NIT-KJELD,Kjeldahl nitrogen (AS N),Total,,,,1.6,mg/l,True,0.05,,,PAI DK03,USGSGWM,Actual,GW,Water,,,"[]"
8666065,31740001,West Bend 2,Palo Alto,07100002,Well,Dakota,42.95897,-94.45153,07/23/2003 13:40:00,GWM,NIT-AMM,Ammonia-nitrogen (AS N),Total,,,,0.63,mg/l,True,0.05,,,350.1,USGSGWM,Actual,GW,Water,,,"[]"
8666065,31740001,West Bend 2,Palo Alto,07100002,Well,Dakota,42.95897,-94.45153,07/23/2003 13:40:00,GWM,NIT-NO3-NO2,Nitrate + Nitrite (AS N),Total,,,,0.1,mg/l,False,0.1,,,353.2,USGSGWM,Actual,GW,Water,,,"[]"
8666065,31740001,West Bend 2,Palo Alto,07100002,Well,Dakota,42.95897,-94.45153,07/23/2003 13:40:00,GWM,14265-44-2,Orthophosphate (AS P),Dissolved,,,,0.02,mg/l,False,0.02,,,365.1,USGSGWM,Actual,GW,Water,,,"[]"
8666065,31740001,West Bend 2,Palo Alto,07100002,Well,Dakota,42.95897,-94.45153,07/23/2003 13:40:00,GWM,PHOSP-PHOSP,"Total Phosphorus, mixed forms (AS P)",Total,,,,0.33,mg/l,True,0.02,,,365.4,USGSGWM,Actual,GW,Water,,,"[]"
8666065,31740001,West Bend 2,Palo Alto,07100002,Well,Dakota,42.95897,-94.45153,07/23/2003 13:40:00,GWM,NIT-ORGN,Organic Nitrogen (AS N),Total,,,,0.39,mg/l,True,0.05,,,LAC10-107-06-2E,USGSGWM,Calculated,GW,Water,,,"[]"
8666065,31740001,West Bend 2,Palo Alto,07100002,Well,Dakota,42.95897,-94.45153,07/23/2003 13:40:00,GWM,NIT-KJELD,Kjeldahl nitrogen (AS N),Total,,,,1,mg/l,True,0.05,,,PAI DK03,USGSGWM,Actual,GW,Water,,,"[]"
8666065,31740001,West Bend 2,Palo Alto,07100002,Well,Dakota,42.95897,-94.45153,06/30/2004 11:25:00,GWM,NIT-AMM,Ammonia-nitrogen (AS N),Total,,,,0.58,mg/l,True,0.05,,,350.1,USGSGWM,Actual,GW,Water,,,"[]"
8666065,31740001,West Bend 2,Palo Alto,07100002,Well,Dakota,42.95897,-94.45153,06/30/2004 11:25:00,GWM,NIT-NO3-NO2,Nitrate + Nitrite (AS N),Total,,,,0.05,mg/l,False,0.05,,,353.2,USGSGWM,Actual,GW,Water,,,"[]"
8666065,31740001,West Bend 2,Palo Alto,07100002,Well,Dakota,42.95897,-94.45153,06/30/2004 11:25:00,GWM,14265-44-2,Orthophosphate (AS P),Dissolved,,,,0.02,mg/l,False,0.02,,,365.1,USGSGWM,Actual,GW,Water,,,"[]"
8666065,31740001,West Bend 2,Palo Alto,07100002,Well,Dakota,42.95897,-94.45153,06/30/2004 11:25:00,GWM,PHOSP-PHOSP,"Total Phosphorus, mixed forms (AS P)",Total,,,,0.33,mg/l,True,0.02,,,365.4,USGSGWM,Actual,GW,Water,,,"[]"
8666065,31740001,West Bend 2,Palo Alto,07100002,Well,Dakota,42.95897,-94.45153,06/30/2004 11:25:00,GWM,NIT-ORGN,Organic Nitrogen,Total,,,,0.31,mg/l,True,0.05,,,LAC10-107-06-2E,USGSGWM,Calculated,GW,Water,,,"[]"
8666065,31740001,West Bend 2,Palo Alto,07100002,Well,Dakota,42.95897,-94.45153,07/12/2005 10:45:00,GWM,NIT-AMM,Ammonia-nitrogen (AS N),Total,,,,0.67,mg/l,True,0.05,,,350.1,USGSGWM,Actual,GW,Water,,,"[]"
8666065,31740001,West Bend 2,Palo Alto,07100002,Well,Dakota,42.95897,-94.45153,07/12/2005 10:45:00,GWM,NIT-KJELD,Kjeldahl nitrogen (AS N),Total,,,,0.68,mg/l,True,0.1,,,351.2,USGSGWM,Actual,GW,Water,,,"[]"
8666065,31740001,West Bend 2,Palo Alto,07100002,Well,Dakota,42.95897,-94.45153,07/12/2005 10:45:00,GWM,NIT-NO3-NO2,Nitrate + Nitrite (AS N),Total,,,,0.05,mg/l,False,0.05,,,353.2,USGSGWM,Actual,GW,Water,,,"[]"
8666065,31740001,West Bend 2,Palo Alto,07100002,Well,Dakota,42.95897,-94.45153,07/12/2005 10:45:00,GWM,14265-44-2,Orthophosphate (AS P),Dissolved,,,,0.08,mg/l,True,0.02,,,365.1,USGSGWM,Actual,GW,Water,,,"[]"
8666065,31740001,West Bend 2,Palo Alto,07100002,Well,Dakota,42.95897,-94.45153,07/12/2005 10:45:00,GWM,PHOSP-PHOSP,"Total Phosphorus, mixed forms (AS P)",Total,,,,0.32,mg/l,True,0.02,,,365.4,USGSGWM,Actual,GW,Water,,,"[]"
8666065,31740001,West Bend 2,Palo Alto,07100002,Well,Dakota,42.95897,-94.45153,07/12/2005 10:45:00,GWM,NIT-ORGN,Organic Nitrogen,Total,,,,0.32,mg/l,True,0.1,,,LAC10-107-06-2E,USGSGWM,Calculated,GW,Water,,,"[]"
8666065,31740003,Emmetsburg 1,Palo Alto,07100002,Well,Alluvium,43.10721,-94.68797,06/21/2006 08:00:00,GWM,NIT-AMM,Ammonia-nitrogen (AS N),Total,,,,0.64,mg/l,True,0.05,,,350.1,USGSGWM,Actual,GW,Water,,,"[]"
8666065,31740003,Emmetsburg 1,Palo Alto,07100002,Well,Alluvium,43.10721,-94.68797,06/21/2006 08:00:00,GWM,NIT-KJELD,Kjeldahl nitrogen (AS N),Total,,,,1,mg/l,True,0.1,,,351.2,USGSGWM,Actual,GW,Water,,,"[]"
8666065,31740003,Emmetsburg 1,Palo Alto,07100002,Well,Alluvium,43.10721,-94.68797,06/21/2006 08:00:00,GWM,NIT-NO3-NO2,Nitrate + Nitrite (AS N),Total,,,,0.35,mg/l,True,0.05,,,353.2,USGSGWM,Actual,GW,Water,,,"[]"
8666065,31740003,Emmetsburg 1,Palo Alto,07100002,Well,Alluvium,43.10721,-94.68797,06/21/2006 08:00:00,GWM,14265-44-2,Orthophosphate (AS P),Dissolved,,,,0.02,mg/l,False,0.02,,,365.1,USGSGWM,Actual,GW,Water,,,"[]"
8666065,31740003,Emmetsburg 1,Palo Alto,07100002,Well,Alluvium,43.10721,-94.68797,06/21/2006 08:00:00,GWM,PHOSP-PHOSP,"Total Phosphorus, mixed forms (AS P)",Total,,,,0.08,mg/l,True,0.02,,,365.4,USGSGWM,Actual,GW,Water,,,"[]"
8666065,31740003,Emmetsburg 1,Palo Alto,07100002,Well,Alluvium,43.10721,-94.68797,06/21/2006 08:00:00,GWM,NIT-ORGN,Organic Nitrogen,Total,,,,0.4,mg/l,True,0.1,,,LAC10-107-06-2E,USGSGWM,Calculated,GW,Water,,,"[]"
8666065,31740001,West Bend 2,Palo Alto,07100002,Well,Dakota,42.95897,-94.45153,07/03/2006 08:00:00,GWM,NIT-AMM,Ammonia-nitrogen (AS N),Total,,,,0.62,mg/l,True,0.05,,,350.1,USGSGWM,Actual,GW,Water,,,"[]"
8666065,31740001,West Bend 2,Palo Alto,07100002,Well,Dakota,42.95897,-94.45153,07/03/2006 08:00:00,GWM,NIT-KJELD,Kjeldahl nitrogen (AS N),Total,,,,0.7,mg/l,True,0.1,,,351.2,USGSGWM,Actual,GW,Water,,,"[]"
8666065,31740001,West Bend 2,Palo Alto,07100002,Well,Dakota,42.95897,-94.45153,07/03/2006 08:00:00,GWM,NIT-NO3-NO2,Nitrate + Nitrite (AS N),Total,,,,0.05,mg/l,False,0.05,,,353.2,USGSGWM,Actual,GW,Water,,,"[]"
8666065,31740001,West Bend 2,Palo Alto,07100002,Well,Dakota,42.95897,-94.45153,07/03/2006 08:00:00,GWM,14265-44-2,Orthophosphate (AS P),Dissolved,,,,0.02,mg/l,False,0.02,,,365.1,USGSGWM,Actual,GW,Water,,,"[]"
8666065,31740001,West Bend 2,Palo Alto,07100002,Well,Dakota,42.95897,-94.45153,07/03/2006 08:00:00,GWM,PHOSP-PHOSP,"Total Phosphorus, mixed forms (AS P)",Total,,,,0.26,mg/l,True,0.02,,,365.4,USGSGWM,Actual,GW,Water,,,"[]"
8666065,31740001,West Bend 2,Palo Alto,07100002,Well,Dakota,42.95897,-94.45153,07/03/2006 08:00:00,GWM,NIT-ORGN,Organic Nitrogen,Total,,,,0.1,mg/l,True,0.1,,,LAC10-107-06-2E,USGSGWM,Calculated,GW,Water,,,"[]"
8666065,31740001,West Bend 2,Palo Alto,07100002,Well,Dakota,42.95897,-94.45153,09/20/2012 10:55:00,GWM,NIT-NO3-NO2,Nitrate + Nitrite (AS N),Total,,,,0.1,mg/l,False,0.1,,,LAC10-107-04-1J,GWMPWS,Actual,GW,Water,,,"[]"
8666065,31740001,West Bend 2,Palo Alto,07100002,Well,Dakota,42.95897,-94.45153,09/20/2012 10:55:00,GWM,NIT-AMM,Ammonia-nitrogen (AS N),Total,,,,0.61,mg/l,True,0.05,,,LAC10-107-06-1J,GWMPWS,Actual,GW,Water,,,"[]"
8666065,31740001,West Bend 2,Palo Alto,07100002,Well,Dakota,42.95897,-94.45153,09/20/2012 10:55:00,GWM,NIT-KJELD,Kjeldahl nitrogen (AS N),Total,,,,0.5,mg/l,True,0.1,,,LAC10-107-06-2E,GWMPWS,Actual,GW,Water,,,"[]"
8666065,31740001,West Bend 2,Palo Alto,07100002,Well,Dakota,42.95897,-94.45153,09/20/2012 10:55:00,GWM,14265-44-2,Orthophosphate (AS P),Dissolved,,,,0.02,mg/l,True,0.02,,,LAC10-115-01-1A,GWMPWS,Actual,GW,Water,,,"[]"
8666065,31740001,West Bend 2,Palo Alto,07100002,Well,Dakota,42.95897,-94.45153,09/20/2012 10:55:00,GWM,PHOSP-PHOSP,"Total Phosphorus, mixed forms (AS P)",Total,,,,0.31,mg/l,True,0.02,,,LAC10-115-01-1D,GWMPWS,Actual,GW,Water,,,"[]"
8666065,31740001,West Bend 2,Palo Alto,07100002,Well,Dakota,42.95897,-94.45153,12/05/2017 10:30:00,GWM,NIT-AMM,Ammonia-nitrogen (AS N),None,,,,0.85,mg/l,True,0.05,,,LAC10-107-06-1J,GWM,Actual,GW,Water,,,"[]"
8666065,31740001,West Bend 2,Palo Alto,07100002,Well,Dakota,42.95897,-94.45153,12/05/2017 10:30:00,GWM,NIT-NO3-NO2,Nitrate + Nitrite (AS N),None,,,,0.1,mg/l,False,0.1,,,LAC10-107-06-1J,GWM,Actual,GW,Water,,,"[]"
8666065,31740006,Ruthven 3,Palo Alto,10230003,Well,Dakota,43.128944,-94.90356,02/09/2021 10:05:00,GWM,NIT-NO3-NO2,Nitrate + Nitrite (AS N),None,,,,0.1,mg/l,False,0.1,,,LAC10-107-06-1J,GWM,Actual,GW,Water,,Missing information on request form. Failure to provide this information may result in delayed results or sample rejection.,"[]"
8666065,31740006,Ruthven 3,Palo Alto,10230003,Well,Dakota,43.128944,-94.90356,02/09/2021 10:05:00,GWM,NIT-AMM,Ammonia-nitrogen (AS N),None,,,,1.3,mg/l,True,0.05,,,LAC10-107-06-1J,GWM,Actual,GW,Water,,Missing information on request form. Failure to provide this information may result in delayed results or sample rejection.,"[]"
8666065,31740006,Ruthven 3,Palo Alto,10230003,Well,Dakota,43.128944,-94.90356,02/09/2021 10:05:00,GWM,14265-44-2,Orthophosphate (AS P),Dissolved,,,,0.02,mg/l,False,0.02,,,LAC10-115-01-1A,GWM,Actual,GW,Water,,Missing information on request form. Failure to provide this information may result in delayed results or sample rejection.,"[]"
8666065,31740008,Emmetsburg 6,Palo Alto,07100002,Well,Dakota,43.10696,-94.68834,02/23/2021 08:20:00,GWM,NIT-NO3-NO2,Nitrate + Nitrite (AS N),None,,,,0.1,mg/l,False,0.1,,,LAC10-107-06-1J,GWM,Actual,GW,Water,,,"[]"
8666065,31740008,Emmetsburg 6,Palo Alto,07100002,Well,Dakota,43.10696,-94.68834,02/23/2021 08:20:00,GWM,NIT-AMM,Ammonia-nitrogen (AS N),None,,,,1.5,mg/l,True,0.05,,,LAC10-107-06-1J,GWM,Actual,GW,Water,,,"[]"
8666065,31740008,Emmetsburg 6,Palo Alto,07100002,Well,Dakota,43.10696,-94.68834,02/23/2021 08:20:00,GWM,14265-44-2,Orthophosphate (AS P),Dissolved,,,,0.02,mg/l,True,0.02,,,LAC10-115-01-1A,GWM,Actual,GW,Water,,,"[]"
8666065,31740001,West Bend 2,Palo Alto,07100002,Well,Dakota,42.95897,-94.45153,03/30/2021 11:40:00,GWM,NIT-NO3-NO2,Nitrate + Nitrite (AS N),None,,,,0.1,mg/l,False,0.1,,,LAC10-107-06-1J,GWM,Actual,GW,Water,,,"[]"
8666065,31740001,West Bend 2,Palo Alto,07100002,Well,Dakota,42.95897,-94.45153,03/30/2021 11:40:00,GWM,NIT-AMM,Ammonia-nitrogen (AS N),None,,,,0.81,mg/l,True,0.05,,,LAC10-107-06-1J,GWM,Actual,GW,Water,,,"[]"
8666065,31740001,West Bend 2,Palo Alto,07100002,Well,Dakota,42.95897,-94.45153,03/30/2021 11:40:00,GWM,14265-44-2,Orthophosphate (AS P),Dissolved,,,,0.02,mg/l,False,0.02,,,LAC10-115-01-1A,GWM,Actual,GW,Water,,,"[]"
