facilityID,siteID,name,county,huc8,type,aquifer,latitude,longitude,sampleDate,projectCode,cas_rn,analyte,fraction,relDepth,sampDepth,sampDepthUnit,result,unit,detect,detectLimit,quantFlag,quantLimit,method,colMethod,resultType,matrix,medium,qualFlag,remark,xParams
8666065,31760001,Pocahontas 3,Pocahontas,07100004,Well,Dakota,42.73476,-94.66593,09/26/2002 11:30:00,GWM,NIT-NO3-NO2,Nitrate + Nitrite (AS N),Total,,,,0.3,mg/l,True,0.1,,,353.2,USGSGWM,Actual,GW,Water,,,"[]"
8666065,31760001,Pocahontas 3,Pocahontas,07100004,Well,Dakota,42.73476,-94.66593,09/26/2002 11:30:00,GWM,14265-44-2,Orthophosphate (AS P),Dissolved,,,,0.17,mg/l,True,0.05,,,4500-P-E,USGSGWM,Actual,GW,Water,,,"[]"
8666065,31760001,Pocahontas 3,Pocahontas,07100004,Well,Dakota,42.73476,-94.66593,09/26/2002 11:30:00,GWM,NIT-AMM,Ammonia-nitrogen (AS N),Total,,,,2.1,mg/l,True,0.05,,,LAC10-107-06-1J,USGSGWM,Actual,GW,Water,,,"[]"
8666065,31760001,Pocahontas 3,Pocahontas,07100004,Well,Dakota,42.73476,-94.66593,09/26/2002 11:30:00,GWM,NIT-ORGN,Organic Nitrogen (AS N),Total,,,,0.06,mg/l,True,0.05,,,LAC10-107-06-2E,USGSGWM,Calculated,GW,Water,,,"[]"
8666065,31760001,Pocahontas 3,Pocahontas,07100004,Well,Dakota,42.73476,-94.66593,09/26/2002 11:30:00,GWM,PHOSP-PHOSP,"Total Phosphorus, mixed forms (AS P)",Total,,,,0.44,mg/l,True,0.05,,,LAC10-115-01-1C,USGSGWM,Actual,GW,Water,,,"[]"
8666065,31760001,Pocahontas 3,Pocahontas,07100004,Well,Dakota,42.73476,-94.66593,09/26/2002 11:30:00,GWM,NIT-KJELD,Kjeldahl nitrogen (AS N),Total,,,,2.2,mg/l,True,0.05,,,PAI DK03,USGSGWM,Actual,GW,Water,,,"[]"
8666065,31760001,Pocahontas 3,Pocahontas,07100004,Well,Dakota,42.73476,-94.66593,02/16/2021 08:15:00,GWM,NIT-NO3-NO2,Nitrate + Nitrite (AS N),None,,,,0.1,mg/l,False,0.1,,,LAC10-107-06-1J,GWM,Actual,GW,Water,,,"[]"
8666065,31760001,Pocahontas 3,Pocahontas,07100004,Well,Dakota,42.73476,-94.66593,02/16/2021 08:15:00,GWM,NIT-AMM,Ammonia-nitrogen (AS N),None,,,,2.4,mg/l,True,0.05,,,LAC10-107-06-1J,GWM,Actual,GW,Water,,,"[]"
8666065,31760001,Pocahontas 3,Pocahontas,07100004,Well,Dakota,42.73476,-94.66593,02/16/2021 08:15:00,GWM,14265-44-2,Orthophosphate (AS P),Dissolved,,,,0.02,mg/l,False,0.02,,,LAC10-115-01-1A,GWM,Actual,GW,Water,,,"[]"
