facilityID,siteID,name,county,huc8,type,aquifer,latitude,longitude,sampleDate,projectCode,cas_rn,analyte,fraction,relDepth,sampDepth,sampDepthUnit,result,unit,detect,detectLimit,quantFlag,quantLimit,method,colMethod,resultType,matrix,medium,qualFlag,remark,xParams
8666065,31770001,Carlisle 5,Polk,07100008,Well,Alluvium,41.511132,-93.484721,08/28/2002 08:45:00,GWM,NIT-NO3-NO2,Nitrate + Nitrite (AS N),Total,,,,0.9,mg/l,True,0.1,,,353.2,USGSGWM,Actual,GW,Water,,,"[]"
8666065,31770001,Carlisle 5,Polk,07100008,Well,Alluvium,41.511132,-93.484721,08/28/2002 08:45:00,GWM,NIT-AMM,Ammonia-nitrogen (AS N),Total,,,,0.05,mg/l,False,0.05,,,LAC10-107-06-1J,USGSGWM,Actual,GW,Water,,,"[]"
8666065,31770001,Carlisle 5,Polk,07100008,Well,Alluvium,41.511132,-93.484721,08/28/2002 08:45:00,GWM,NIT-ORGN,Organic Nitrogen (AS N),Total,,,,0.05,mg/l,False,0.05,,,LAC10-107-06-2E,USGSGWM,Calculated,GW,Water,,,"[]"
8666065,31770001,Carlisle 5,Polk,07100008,Well,Alluvium,41.511132,-93.484721,08/28/2002 08:45:00,GWM,14265-44-2,Orthophosphate (AS P),Dissolved,,,,0.05,mg/l,False,0.05,,,LAC10-115-01-1A,USGSGWM,Actual,GW,Water,,,"[]"
8666065,31770001,Carlisle 5,Polk,07100008,Well,Alluvium,41.511132,-93.484721,08/28/2002 08:45:00,GWM,PHOSP-PHOSP,"Total Phosphorus, mixed forms (AS P)",Total,,,,0.05,mg/l,False,0.05,,,LAC10-115-01-1C,USGSGWM,Actual,GW,Water,,,"[]"
8666065,31770001,Carlisle 5,Polk,07100008,Well,Alluvium,41.511132,-93.484721,08/28/2002 08:45:00,GWM,NIT-KJELD,Kjeldahl nitrogen (AS N),Total,,,,0.05,mg/l,False,0.05,,,PAI DK03,USGSGWM,Actual,GW,Water,,,"[]"
8666065,31770001,Carlisle 5,Polk,07100008,Well,Alluvium,41.511132,-93.484721,09/02/2004 13:55:00,GWM,NIT-AMM,Ammonia-nitrogen (AS N),Total,,,,0.05,mg/l,False,0.05,,,350.1,USGSGWM,Actual,GW,Water,,,"[]"
8666065,31770001,Carlisle 5,Polk,07100008,Well,Alluvium,41.511132,-93.484721,09/02/2004 13:55:00,GWM,NIT-KJELD,Kjeldahl nitrogen (AS N),Total,,,,0.05,mg/l,False,0.05,,,351.1,USGSGWM,Actual,GW,Water,,,"[]"
8666065,31770001,Carlisle 5,Polk,07100008,Well,Alluvium,41.511132,-93.484721,09/02/2004 13:55:00,GWM,NIT-NO3-NO2,Nitrate + Nitrite (AS N),Total,,,,0.72,mg/l,True,0.05,,,353.2,USGSGWM,Actual,GW,Water,,,"[]"
8666065,31770001,Carlisle 5,Polk,07100008,Well,Alluvium,41.511132,-93.484721,09/02/2004 13:55:00,GWM,14265-44-2,Orthophosphate (AS P),Dissolved,,,,0.02,mg/l,False,0.02,,,365.1,USGSGWM,Actual,GW,Water,,,"[]"
8666065,31770001,Carlisle 5,Polk,07100008,Well,Alluvium,41.511132,-93.484721,09/02/2004 13:55:00,GWM,PHOSP-PHOSP,"Total Phosphorus, mixed forms (AS P)",Total,,,,0.08,mg/l,True,0.02,,,365.4,USGSGWM,Actual,GW,Water,,,"[]"
8666065,31770001,Carlisle 5,Polk,07100008,Well,Alluvium,41.511132,-93.484721,09/02/2004 13:55:00,GWM,NIT-ORGN,Organic Nitrogen,Total,,,,0.05,mg/l,False,0.05,,,LAC10-107-06-2E,USGSGWM,Calculated,GW,Water,,,"[]"
8666065,31770002,West Des Moines 9,Polk,07100006,Well,Alluvium,41.56171,-93.72383,07/13/2004 15:30:00,GWM,NIT-AMM,Ammonia-nitrogen (AS N),Total,,,,0.05,mg/l,False,0.05,,,350.1,USGSGWM,Actual,GW,Water,,,"[]"
8666065,31770002,West Des Moines 9,Polk,07100006,Well,Alluvium,41.56171,-93.72383,07/13/2004 15:30:00,GWM,NIT-NO3-NO2,Nitrate + Nitrite (AS N),Total,,,,0.19,mg/l,True,0.05,,,353.2,USGSGWM,Actual,GW,Water,,,"[]"
8666065,31770002,West Des Moines 9,Polk,07100006,Well,Alluvium,41.56171,-93.72383,07/13/2004 15:30:00,GWM,14265-44-2,Orthophosphate (AS P),Dissolved,,,,0.04,mg/l,True,0.02,,,365.1,USGSGWM,Actual,GW,Water,,,"[]"
8666065,31770002,West Des Moines 9,Polk,07100006,Well,Alluvium,41.56171,-93.72383,07/13/2004 15:30:00,GWM,PHOSP-PHOSP,"Total Phosphorus, mixed forms (AS P)",Total,,,,0.13,mg/l,True,0.02,,,365.4,USGSGWM,Actual,GW,Water,,,"[]"
8666065,31770002,West Des Moines 9,Polk,07100006,Well,Alluvium,41.56171,-93.72383,07/13/2004 15:30:00,GWM,NIT-ORGN,Organic Nitrogen,Total,,,,0.05,mg/l,False,0.05,,,LAC10-107-06-2E,USGSGWM,Calculated,GW,Water,,,"[]"
8666065,31770001,Carlisle 5,Polk,07100008,Well,Alluvium,41.511132,-93.484721,07/06/2005 08:20:00,GWM,NIT-AMM,Ammonia-nitrogen (AS N),Total,,,,0.05,mg/l,False,0.05,,,350.1,USGSGWM,Actual,GW,Water,,,"[]"
8666065,31770001,Carlisle 5,Polk,07100008,Well,Alluvium,41.511132,-93.484721,07/06/2005 08:20:00,GWM,NIT-KJELD,Kjeldahl nitrogen (AS N),Total,,,,0.1,mg/l,False,0.1,,,351.2,USGSGWM,Actual,GW,Water,,,"[]"
8666065,31770001,Carlisle 5,Polk,07100008,Well,Alluvium,41.511132,-93.484721,07/06/2005 08:20:00,GWM,NIT-NO3-NO2,Nitrate + Nitrite (AS N),Total,,,,1.1,mg/l,True,0.05,,,353.2,USGSGWM,Actual,GW,Water,,,"[]"
8666065,31770001,Carlisle 5,Polk,07100008,Well,Alluvium,41.511132,-93.484721,07/06/2005 08:20:00,GWM,14265-44-2,Orthophosphate (AS P),Dissolved,,,,0.02,mg/l,False,0.02,,,365.1,USGSGWM,Actual,GW,Water,,,"[]"
8666065,31770001,Carlisle 5,Polk,07100008,Well,Alluvium,41.511132,-93.484721,07/06/2005 08:20:00,GWM,PHOSP-PHOSP,"Total Phosphorus, mixed forms (AS P)",Total,,,,0.06,mg/l,True,0.02,,,365.4,USGSGWM,Actual,GW,Water,,,"[]"
8666065,31770001,Carlisle 5,Polk,07100008,Well,Alluvium,41.511132,-93.484721,07/06/2005 08:20:00,GWM,NIT-ORGN,Organic Nitrogen,Total,,,,0.1,mg/l,False,0.1,,,LAC10-107-06-2E,USGSGWM,Calculated,GW,Water,,,"[]"
8666065,31770001,Carlisle 5,Polk,07100008,Well,Alluvium,41.511132,-93.484721,07/19/2006 08:30:00,GWM,NIT-AMM,Ammonia-nitrogen (AS N),Total,,,,0.05,mg/l,False,0.05,,,350.1,USGSGWM,Actual,GW,Water,,,"[]"
8666065,31770001,Carlisle 5,Polk,07100008,Well,Alluvium,41.511132,-93.484721,07/19/2006 08:30:00,GWM,NIT-KJELD,Kjeldahl nitrogen (AS N),Total,,,,0.1,mg/l,False,0.1,,,351.2,USGSGWM,Actual,GW,Water,,,"[]"
8666065,31770001,Carlisle 5,Polk,07100008,Well,Alluvium,41.511132,-93.484721,07/19/2006 08:30:00,GWM,NIT-NO3-NO2,Nitrate + Nitrite (AS N),Total,,,,1.5,mg/l,True,0.05,,,353.2,USGSGWM,Actual,GW,Water,,,"[]"
8666065,31770001,Carlisle 5,Polk,07100008,Well,Alluvium,41.511132,-93.484721,07/19/2006 08:30:00,GWM,14265-44-2,Orthophosphate (AS P),Dissolved,,,,0.02,mg/l,False,0.02,,,365.2,USGSGWM,Actual,GW,Water,,,"[]"
8666065,31770001,Carlisle 5,Polk,07100008,Well,Alluvium,41.511132,-93.484721,07/19/2006 08:30:00,GWM,PHOSP-PHOSP,"Total Phosphorus, mixed forms (AS P)",Total,,,,0.06,mg/l,True,0.02,,,365.4,USGSGWM,Actual,GW,Water,,,"[]"
8666065,31770001,Carlisle 5,Polk,07100008,Well,Alluvium,41.511132,-93.484721,07/19/2006 08:30:00,GWM,NIT-ORGN,Organic Nitrogen,Total,,,,0.1,mg/l,False,0.1,,,LAC10-107-06-2E,USGSGWM,Calculated,GW,Water,,,"[]"
8666065,31770001,Carlisle 5,Polk,07100008,Well,Alluvium,41.511132,-93.484721,08/08/2012 09:00:00,GWM,NIT-NO3-NO2,Nitrate + Nitrite (AS N),Total,,,,0.97,mg/l,True,0.1,,,LAC10-107-04-1J,GWMPWS,Actual,GW,Water,,,"[]"
8666065,31770001,Carlisle 5,Polk,07100008,Well,Alluvium,41.511132,-93.484721,08/08/2012 09:00:00,GWM,NIT-AMM,Ammonia-nitrogen (AS N),Total,,,,0.05,mg/l,False,0.05,,,LAC10-107-06-1J,GWMPWS,Actual,GW,Water,,,"[]"
8666065,31770001,Carlisle 5,Polk,07100008,Well,Alluvium,41.511132,-93.484721,08/08/2012 09:00:00,GWM,NIT-KJELD,Kjeldahl nitrogen (AS N),Total,,,,0.1,mg/l,False,0.1,,,LAC10-107-06-2E,GWMPWS,Actual,GW,Water,,,"[]"
8666065,31770001,Carlisle 5,Polk,07100008,Well,Alluvium,41.511132,-93.484721,08/08/2012 09:00:00,GWM,14265-44-2,Orthophosphate (AS P),Dissolved,,,,0.02,mg/l,True,0.02,,,LAC10-115-01-1A,GWMPWS,Actual,GW,Water,,,"[]"
8666065,31770001,Carlisle 5,Polk,07100008,Well,Alluvium,41.511132,-93.484721,08/08/2012 09:00:00,GWM,PHOSP-PHOSP,"Total Phosphorus, mixed forms (AS P)",Total,,,,0.04,mg/l,True,0.02,,,LAC10-115-01-1D,GWMPWS,Actual,GW,Water,,,"[]"
8666065,31770003,Altoona 3,Polk,07100008,Well,Cambrian-Ordovician,41.65873,-93.48881,11/29/2016 08:55:00,GWM,NIT-NO3-NO2,Nitrate + Nitrite (AS N),Total,,,,0.1,mg/l,False,0.1,,,LAC10-107-04-1J,GWM,Actual,GW,Water,,,"[]"
8666065,31770003,Altoona 3,Polk,07100008,Well,Cambrian-Ordovician,41.65873,-93.48881,11/29/2016 08:55:00,GWM,NIT-AMM,Ammonia-nitrogen (AS N),Total,,,,0.57,mg/l,True,0.05,,,LAC10-107-06-1J,GWM,Actual,GW,Water,,,"[]"
8666065,31770001,Carlisle 5,Polk,07100008,Well,Alluvium,41.511132,-93.484721,12/19/2016 11:00:00,GWM,NIT-NO3-NO2,Nitrate + Nitrite (AS N),Total,,,,0.91,mg/l,True,0.1,,,LAC10-107-04-1J,GWM,Actual,GW,Water,,,"[]"
8666065,31770001,Carlisle 5,Polk,07100008,Well,Alluvium,41.511132,-93.484721,12/19/2016 11:00:00,GWM,NIT-AMM,Ammonia-nitrogen (AS N),Total,,,,0.05,mg/l,False,0.05,,,LAC10-107-06-1J,GWM,Actual,GW,Water,,,"[]"
8666065,31770001,Carlisle 5,Polk,07100008,Well,Alluvium,41.511132,-93.484721,01/07/2016 10:00:00,GWM,NIT-NO3-NO2,Nitrate + Nitrite (AS N),Total,,,,1.1,mg/l,True,0.1,,,LAC10-107-04-1J,GWM,Actual,GW,Water,,,"[]"
8666065,31770001,Carlisle 5,Polk,07100008,Well,Alluvium,41.511132,-93.484721,01/07/2016 10:00:00,GWM,NIT-AMM,Ammonia-nitrogen (AS N),Total,,,,0.05,mg/l,False,0.05,,,LAC10-107-06-1J,GWM,Actual,GW,Water,,,"[]"
8666065,31770001,Carlisle 5,Polk,07100008,Well,Alluvium,41.511132,-93.484721,01/07/2016 10:00:00,GWM,NIT-KJELD,Kjeldahl nitrogen (AS N),Total,,,,0.1,mg/l,False,0.1,,,LAC10-107-06-2E,GWM,Actual,GW,Water,,,"[]"
8666065,31770001,Carlisle 5,Polk,07100008,Well,Alluvium,41.511132,-93.484721,01/07/2016 10:00:00,GWM,14265-44-2,Orthophosphate (AS P),Dissolved,,,,0.02,mg/l,False,0.02,,,LAC10-115-01-1A,GWM,Actual,GW,Water,,,"[]"
8666065,31770001,Carlisle 5,Polk,07100008,Well,Alluvium,41.511132,-93.484721,01/07/2016 10:00:00,GWM,PHOSP-PHOSP,"Total Phosphorus, mixed forms (AS P)",Total,,,,0.08,mg/l,True,0.02,,,LAC10-115-01-1D,GWM,Actual,GW,Water,,,"[]"
8666065,31770001,Carlisle 5,Polk,07100008,Well,Alluvium,41.511132,-93.484721,12/11/2014 10:30:00,GWM,NIT-NO3-NO2,Nitrate + Nitrite (AS N),Total,,,,0.88,mg/l,True,0.1,,,LAC10-107-04-1J,GWM,Actual,GW,Water,,,"[]"
8666065,31770001,Carlisle 5,Polk,07100008,Well,Alluvium,41.511132,-93.484721,12/11/2014 10:30:00,GWM,NIT-AMM,Ammonia-nitrogen (AS N),Total,,,,0.05,mg/l,False,0.05,,,LAC10-107-06-1J,GWM,Actual,GW,Water,,,"[]"
8666065,31770001,Carlisle 5,Polk,07100008,Well,Alluvium,41.511132,-93.484721,12/11/2014 10:30:00,GWM,NIT-KJELD,Kjeldahl nitrogen (AS N),Total,,,,0.1,mg/l,False,0.1,,,LAC10-107-06-2E,GWM,Actual,GW,Water,,,"[]"
8666065,31770001,Carlisle 5,Polk,07100008,Well,Alluvium,41.511132,-93.484721,12/11/2014 10:30:00,GWM,14265-44-2,Orthophosphate (AS P),Dissolved,,,,0.02,mg/l,False,0.02,,,LAC10-115-01-1A,GWM,Actual,GW,Water,,,"[]"
8666065,31770001,Carlisle 5,Polk,07100008,Well,Alluvium,41.511132,-93.484721,12/11/2014 10:30:00,GWM,PHOSP-PHOSP,"Total Phosphorus, mixed forms (AS P)",Total,,,,0.04,mg/l,True,0.02,,,LAC10-115-01-1D,GWM,Actual,GW,Water,,,"[]"
8666065,31770003,Altoona 3,Polk,07100008,Well,Cambrian-Ordovician,41.65873,-93.48881,04/23/2013 14:30:00,GWM,NIT-NO3-NO2,Nitrate + Nitrite (AS N),Total,,,,0.1,mg/l,False,0.1,,,LAC10-107-04-1J,GWM,Actual,GW,Water,,,"[]"
8666065,31770003,Altoona 3,Polk,07100008,Well,Cambrian-Ordovician,41.65873,-93.48881,04/23/2013 14:30:00,GWM,NIT-AMM,Ammonia-nitrogen (AS N),Total,,,,0.64,mg/l,True,0.05,,,LAC10-107-06-1J,GWM,Actual,GW,Water,,,"[]"
8666065,31770003,Altoona 3,Polk,07100008,Well,Cambrian-Ordovician,41.65873,-93.48881,04/23/2013 14:30:00,GWM,NIT-KJELD,Kjeldahl nitrogen (AS N),Total,,,,0.6,mg/l,True,0.1,,,LAC10-107-06-2E,GWM,Actual,GW,Water,,,"[]"
8666065,31770003,Altoona 3,Polk,07100008,Well,Cambrian-Ordovician,41.65873,-93.48881,04/23/2013 14:30:00,GWM,14265-44-2,Orthophosphate (AS P),Dissolved,,,,0.02,mg/l,False,0.02,,,LAC10-115-01-1A,GWM,Actual,GW,Water,,,"[]"
8666065,31770003,Altoona 3,Polk,07100008,Well,Cambrian-Ordovician,41.65873,-93.48881,04/23/2013 14:30:00,GWM,PHOSP-PHOSP,"Total Phosphorus, mixed forms (AS P)",Total,,,,0.05,mg/l,True,0.05,,,LAC10-115-01-1C,GWM,Actual,GW,Water,,,"[]"
8666065,31770001,Carlisle 5,Polk,07100008,Well,Alluvium,41.511132,-93.484721,11/16/2017 09:00:00,GWM,NIT-AMM,Ammonia-nitrogen (AS N),None,,,,0.05,mg/l,False,0.05,,,LAC10-107-06-1J,GWM,Actual,GW,Water,,,"[]"
8666065,31770001,Carlisle 5,Polk,07100008,Well,Alluvium,41.511132,-93.484721,11/16/2017 09:00:00,GWM,NIT-NO3-NO2,Nitrate + Nitrite (AS N),None,,,,0.75,mg/l,True,0.1,,,LAC10-107-06-1J,GWM,Actual,GW,Water,,,"[]"
8666065,31770003,Altoona 3,Polk,07100008,Well,Cambrian-Ordovician,41.65873,-93.48881,11/28/2017 13:00:00,GWM,NIT-NO3-NO2,Nitrate + Nitrite (AS N),None,,,,0.1,mg/l,False,0.1,,,LAC10-107-06-1J,GWM,Actual,GW,Water,,,"[]"
8666065,31770003,Altoona 3,Polk,07100008,Well,Cambrian-Ordovician,41.65873,-93.48881,11/28/2017 13:00:00,GWM,NIT-AMM,Ammonia-nitrogen (AS N),None,,,,0.05,mg/l,False,0.05,,,LAC10-107-06-1J,GWM,Actual,GW,Water,,,"[]"
8666065,31770001,Carlisle 5,Polk,07100008,Well,Alluvium,41.511132,-93.484721,05/01/2018 00:00:00,GWM,NIT-NO3-NO2,Nitrate + Nitrite,None,,,,0.82,mg/l,True,0.01,,0.01,353.2,GWM001,,GW,Water,,,"[]"
8666065,31770001,Carlisle 5,Polk,07100008,Well,Alluvium,41.511132,-93.484721,01/02/2019 10:00:00,GWM,NIT-NO3-NO2,Nitrate + Nitrite (AS N),None,,,,0.7,mg/l,True,0.1,,,LAC10-107-06-1J,GWM,Actual,GW,Water,,,"[]"
8666065,31770001,Carlisle 5,Polk,07100008,Well,Alluvium,41.511132,-93.484721,01/02/2019 10:00:00,GWM,NIT-AMM,Ammonia-nitrogen (AS N),None,,,,0.05,mg/l,False,0.05,,,LAC10-107-06-1J,GWM,Actual,GW,Water,,,"[]"
8666065,31770001,Carlisle 5,Polk,07100008,Well,Alluvium,41.511132,-93.484721,01/02/2019 10:00:00,GWM,14265-44-2,Orthophosphate (AS P),Dissolved,,,,0.02,mg/l,False,0.02,,,LAC10-115-01-1A,GWM,Actual,GW,Water,,Sample was not field filtered per method and was filtered for analysis after receipt by the laboratory.,"[]"
8666065,31770003,Altoona 3,Polk,07100008,Well,Cambrian-Ordovician,41.65873,-93.48881,01/29/2019 07:53:00,GWM,NIT-NO3-NO2,Nitrate + Nitrite (AS N),None,,,,0.72,mg/l,True,0.1,,,LAC10-107-06-1J,GWM,Actual,GW,Water,,,"[]"
8666065,31770003,Altoona 3,Polk,07100008,Well,Cambrian-Ordovician,41.65873,-93.48881,01/29/2019 07:53:00,GWM,NIT-AMM,Ammonia-nitrogen (AS N),None,,,,0.05,mg/l,False,0.05,,,LAC10-107-06-1J,GWM,Actual,GW,Water,,,"[]"
8666065,31770003,Altoona 3,Polk,07100008,Well,Cambrian-Ordovician,41.65873,-93.48881,01/29/2019 07:53:00,GWM,14265-44-2,Orthophosphate (AS P),Dissolved,,,,0.1,mg/l,True,0.02,,,LAC10-115-01-1A,GWM,Actual,GW,Water,,Sample was not field filtered per method and was filtered for analysis after receipt by the laboratory.,"[]"
8666065,31770001,Carlisle 5,Polk,07100008,Well,Alluvium,41.511132,-93.484721,11/21/2019 08:30:00,GWM,NIT-NO3-NO2,Nitrate + Nitrite (AS N),None,,,,1,mg/l,True,0.1,,,LAC10-107-06-1J,GWM,Actual,GW,Water,,,"[]"
8666065,31770001,Carlisle 5,Polk,07100008,Well,Alluvium,41.511132,-93.484721,11/21/2019 08:30:00,GWM,NIT-AMM,Ammonia-nitrogen (AS N),None,,,,0.05,mg/l,False,0.05,,,LAC10-107-06-1J,GWM,Actual,GW,Water,,,"[]"
8666065,31770001,Carlisle 5,Polk,07100008,Well,Alluvium,41.511132,-93.484721,04/11/2023 09:10:00,GWM,NIT-NO3-NO2,Nitrate + Nitrite (AS N),Total,,,,0.45,mg/l,True,0.1,,,LAC10-107-04-1J,GWM,Actual,GW,Water,,,"[]"
8666065,31770001,Carlisle 5,Polk,07100008,Well,Alluvium,41.511132,-93.484721,04/11/2023 09:10:00,GWM,NIT-AMM,Ammonia-nitrogen (AS N),Total,,,,0.1,mg/l,False,0.1,,,LAC10-107-06-1J,GWM,Actual,GW,Water,,,"[]"
8666065,31770001,Carlisle 5,Polk,07100008,Well,Alluvium,41.511132,-93.484721,02/24/2021 09:00:00,GWM,NIT-NO3-NO2,Nitrate + Nitrite (AS N),None,,,,0.51,mg/l,True,0.1,,,LAC10-107-06-1J,GWM,Actual,GW,Water,,,"[]"
8666065,31770001,Carlisle 5,Polk,07100008,Well,Alluvium,41.511132,-93.484721,02/24/2021 09:00:00,GWM,NIT-AMM,Ammonia-nitrogen (AS N),None,,,,0.05,mg/l,False,0.05,,,LAC10-107-06-1J,GWM,Actual,GW,Water,,,"[]"
