facilityID,siteID,name,county,huc8,type,aquifer,latitude,longitude,sampleDate,projectCode,cas_rn,analyte,fraction,relDepth,sampDepth,sampDepthUnit,result,unit,detect,detectLimit,quantFlag,quantLimit,method,colMethod,resultType,matrix,medium,qualFlag,remark,xParams
8666065,31780001,"Carson (5), 3",Pottawattamie,10240002,Well,Alluvium,41.252182,-95.419774,08/14/2002 11:15:00,GWM,NIT-NO3-NO2,Nitrate + Nitrite (AS N),Total,,,,0.7,mg/l,True,0.1,,,353.2,USGSGWM,Actual,GW,Water,,,"[]"
8666065,31780001,"Carson (5), 3",Pottawattamie,10240002,Well,Alluvium,41.252182,-95.419774,08/14/2002 11:15:00,GWM,NIT-AMM,Ammonia-nitrogen (AS N),Total,,,,0.05,mg/l,False,0.05,,,LAC10-107-06-1J,USGSGWM,Actual,GW,Water,,,"[]"
8666065,31780001,"Carson (5), 3",Pottawattamie,10240002,Well,Alluvium,41.252182,-95.419774,08/14/2002 11:15:00,GWM,NIT-ORGN,Organic Nitrogen (AS N),Total,,,,0.52,mg/l,True,0.05,,,LAC10-107-06-2E,USGSGWM,Calculated,GW,Water,,,"[]"
8666065,31780001,"Carson (5), 3",Pottawattamie,10240002,Well,Alluvium,41.252182,-95.419774,08/14/2002 11:15:00,GWM,14265-44-2,Orthophosphate (AS P),Dissolved,,,,0.05,mg/l,False,0.05,,,LAC10-115-01-1A,USGSGWM,Actual,GW,Water,,,"[]"
8666065,31780001,"Carson (5), 3",Pottawattamie,10240002,Well,Alluvium,41.252182,-95.419774,08/14/2002 11:15:00,GWM,PHOSP-PHOSP,"Total Phosphorus, mixed forms (AS P)",Total,,,,0.07,mg/l,True,0.05,,,LAC10-115-01-1C,USGSGWM,Actual,GW,Water,,,"[]"
8666065,31780001,"Carson (5), 3",Pottawattamie,10240002,Well,Alluvium,41.252182,-95.419774,08/14/2002 11:15:00,GWM,NIT-KJELD,Kjeldahl nitrogen (AS N),Total,,,,0.52,mg/l,True,0.05,,,PAI DK03,USGSGWM,Actual,GW,Water,,,"[]"
8666065,31780008,Neola (4) 3,Pottawattamie,10230006,Well,Dakota,41.448021,-95.620325,09/06/2002 16:10:00,GWM,NIT-NO3-NO2,Nitrate + Nitrite (AS N),Total,,,,0.1,mg/l,False,0.1,,,353.2,USGSGWM,Actual,GW,Water,,,"[]"
8666065,31780008,Neola (4) 3,Pottawattamie,10230006,Well,Dakota,41.448021,-95.620325,09/06/2002 16:10:00,GWM,NIT-AMM,Ammonia-nitrogen (AS N),Total,,,,0.3,mg/l,True,0.05,,,LAC10-107-06-1J,USGSGWM,Actual,GW,Water,,,"[]"
8666065,31780008,Neola (4) 3,Pottawattamie,10230006,Well,Dakota,41.448021,-95.620325,09/06/2002 16:10:00,GWM,NIT-ORGN,Organic Nitrogen (AS N),Total,,,,0.7,mg/l,True,0.05,,,LAC10-107-06-2E,USGSGWM,Calculated,GW,Water,,,"[]"
8666065,31780008,Neola (4) 3,Pottawattamie,10230006,Well,Dakota,41.448021,-95.620325,09/06/2002 16:10:00,GWM,14265-44-2,Orthophosphate (AS P),Dissolved,,,,0.1,mg/l,True,0.05,,,LAC10-115-01-1A,USGSGWM,Actual,GW,Water,,,"[]"
8666065,31780008,Neola (4) 3,Pottawattamie,10230006,Well,Dakota,41.448021,-95.620325,09/06/2002 16:10:00,GWM,PHOSP-PHOSP,"Total Phosphorus, mixed forms (AS P)",Total,,,,0.84,mg/l,True,0.05,,,LAC10-115-01-1C,USGSGWM,Actual,GW,Water,,,"[]"
8666065,31780008,Neola (4) 3,Pottawattamie,10230006,Well,Dakota,41.448021,-95.620325,09/06/2002 16:10:00,GWM,NIT-KJELD,Kjeldahl nitrogen (AS N),Total,,,,1,mg/l,True,0.05,,,PAI DK03,USGSGWM,Actual,GW,Water,,,"[]"
8666065,31780001,"Carson (5), 3",Pottawattamie,10240002,Well,Alluvium,41.252182,-95.419774,07/17/2003 11:15:00,GWM,NIT-AMM,Ammonia-nitrogen (AS N),Total,,,,0.05,mg/l,False,0.05,,,350.1,USGSGWM,Actual,GW,Water,,,"[]"
8666065,31780001,"Carson (5), 3",Pottawattamie,10240002,Well,Alluvium,41.252182,-95.419774,07/17/2003 11:15:00,GWM,NIT-NO3-NO2,Nitrate + Nitrite (AS N),Total,,,,0.3,mg/l,True,0.1,,,353.2,USGSGWM,Actual,GW,Water,,,"[]"
8666065,31780001,"Carson (5), 3",Pottawattamie,10240002,Well,Alluvium,41.252182,-95.419774,07/17/2003 11:15:00,GWM,14265-44-2,Orthophosphate (AS P),Dissolved,,,,0.02,mg/l,False,0.02,,,365.1,USGSGWM,Actual,GW,Water,,,"[]"
8666065,31780001,"Carson (5), 3",Pottawattamie,10240002,Well,Alluvium,41.252182,-95.419774,07/17/2003 11:15:00,GWM,PHOSP-PHOSP,"Total Phosphorus, mixed forms (AS P)",Total,,,,0.05,mg/l,True,0.02,,,365.4,USGSGWM,Actual,GW,Water,,,"[]"
8666065,31780001,"Carson (5), 3",Pottawattamie,10240002,Well,Alluvium,41.252182,-95.419774,07/17/2003 11:15:00,GWM,NIT-ORGN,Organic Nitrogen (AS N),Total,,,,0.05,mg/l,False,0.05,,,LAC10-107-06-2E,USGSGWM,Calculated,GW,Water,,,"[]"
8666065,31780001,"Carson (5), 3",Pottawattamie,10240002,Well,Alluvium,41.252182,-95.419774,07/17/2003 11:15:00,GWM,NIT-KJELD,Kjeldahl nitrogen (AS N),Total,,,,0.05,mg/l,False,0.05,,,PAI DK03,USGSGWM,Actual,GW,Water,,,"[]"
8666065,31780001,"Carson (5), 3",Pottawattamie,10240002,Well,Alluvium,41.252182,-95.419774,06/28/2004 09:30:00,GWM,NIT-AMM,Ammonia-nitrogen (AS N),Total,,,,0.05,mg/l,False,0.05,,,350.1,USGSGWM,Actual,GW,Water,,,"[]"
8666065,31780001,"Carson (5), 3",Pottawattamie,10240002,Well,Alluvium,41.252182,-95.419774,06/28/2004 09:30:00,GWM,NIT-NO3-NO2,Nitrate + Nitrite (AS N),Total,,,,1.1,mg/l,True,0.05,,,353.2,USGSGWM,Actual,GW,Water,,,"[]"
8666065,31780001,"Carson (5), 3",Pottawattamie,10240002,Well,Alluvium,41.252182,-95.419774,06/28/2004 09:30:00,GWM,14265-44-2,Orthophosphate (AS P),Dissolved,,,,0.02,mg/l,False,0.02,,,365.1,USGSGWM,Actual,GW,Water,,,"[]"
8666065,31780001,"Carson (5), 3",Pottawattamie,10240002,Well,Alluvium,41.252182,-95.419774,06/28/2004 09:30:00,GWM,PHOSP-PHOSP,"Total Phosphorus, mixed forms (AS P)",Total,,,,0.08,mg/l,True,0.02,,,365.4,USGSGWM,Actual,GW,Water,,,"[]"
8666065,31780001,"Carson (5), 3",Pottawattamie,10240002,Well,Alluvium,41.252182,-95.419774,06/28/2004 09:30:00,GWM,NIT-ORGN,Organic Nitrogen,Total,,,,0.11,mg/l,True,0.05,,,LAC10-107-06-2E,USGSGWM,Calculated,GW,Water,,,"[]"
8666065,31780004,Council Bluffs 1,Pottawattamie,10230006,Well,Alluvium,41.280616,-95.880722,06/29/2004 13:40:00,GWM,NIT-AMM,Ammonia-nitrogen (AS N),Total,,,,1.1,mg/l,True,0.05,,,350.1,USGSGWM,Actual,GW,Water,,,"[]"
8666065,31780004,Council Bluffs 1,Pottawattamie,10230006,Well,Alluvium,41.280616,-95.880722,06/29/2004 13:40:00,GWM,NIT-NO3-NO2,Nitrate + Nitrite (AS N),Total,,,,0.07,mg/l,True,0.05,,,353.2,USGSGWM,Actual,GW,Water,,,"[]"
8666065,31780004,Council Bluffs 1,Pottawattamie,10230006,Well,Alluvium,41.280616,-95.880722,06/29/2004 13:40:00,GWM,14265-44-2,Orthophosphate (AS P),Dissolved,,,,0.02,mg/l,False,0.02,,,365.1,USGSGWM,Actual,GW,Water,,,"[]"
8666065,31780004,Council Bluffs 1,Pottawattamie,10230006,Well,Alluvium,41.280616,-95.880722,06/29/2004 13:40:00,GWM,PHOSP-PHOSP,"Total Phosphorus, mixed forms (AS P)",Total,,,,0.24,mg/l,True,0.02,,,365.4,USGSGWM,Actual,GW,Water,,,"[]"
8666065,31780004,Council Bluffs 1,Pottawattamie,10230006,Well,Alluvium,41.280616,-95.880722,06/29/2004 13:40:00,GWM,NIT-ORGN,Organic Nitrogen,Total,,,,0.66,mg/l,True,0.05,,,LAC10-107-06-2E,USGSGWM,Calculated,GW,Water,,,"[]"
8666065,31780002,Macedonia 2,Pottawattamie,10240002,Well,Alluvium,41.200191,-95.424749,06/28/2004 11:30:00,GWM,NIT-AMM,Ammonia-nitrogen (AS N),Total,,,,0.05,mg/l,False,0.05,,,350.1,USGSGWM,Actual,GW,Water,,,"[]"
8666065,31780002,Macedonia 2,Pottawattamie,10240002,Well,Alluvium,41.200191,-95.424749,06/28/2004 11:30:00,GWM,NIT-NO3-NO2,Nitrate + Nitrite (AS N),Total,,,,3.6,mg/l,True,0.05,,,353.2,USGSGWM,Actual,GW,Water,,,"[]"
8666065,31780002,Macedonia 2,Pottawattamie,10240002,Well,Alluvium,41.200191,-95.424749,06/28/2004 11:30:00,GWM,14265-44-2,Orthophosphate (AS P),Dissolved,,,,0.07,mg/l,True,0.02,,,365.1,USGSGWM,Actual,GW,Water,,,"[]"
8666065,31780002,Macedonia 2,Pottawattamie,10240002,Well,Alluvium,41.200191,-95.424749,06/28/2004 11:30:00,GWM,PHOSP-PHOSP,"Total Phosphorus, mixed forms (AS P)",Total,,,,0.07,mg/l,True,0.02,,,365.4,USGSGWM,Actual,GW,Water,,,"[]"
8666065,31780002,Macedonia 2,Pottawattamie,10240002,Well,Alluvium,41.200191,-95.424749,06/28/2004 11:30:00,GWM,NIT-ORGN,Organic Nitrogen,Total,,,,0.06,mg/l,True,0.05,,,LAC10-107-06-2E,USGSGWM,Calculated,GW,Water,,,"[]"
8666065,31780003,Minden 2,Pottawattamie,10240001,Well,Buried Sand Gravel,41.469966,-95.541709,08/05/2004 15:00:00,GWM,NIT-AMM,Ammonia-nitrogen (AS N),Total,,,,0.05,mg/l,False,0.05,,,350.1,USGSGWM,Actual,GW,Water,,,"[]"
8666065,31780003,Minden 2,Pottawattamie,10240001,Well,Buried Sand Gravel,41.469966,-95.541709,08/05/2004 15:00:00,GWM,NIT-KJELD,Kjeldahl nitrogen (AS N),Total,,,,0.06,mg/l,True,0.05,,,351.1,USGSGWM,Actual,GW,Water,,,"[]"
8666065,31780003,Minden 2,Pottawattamie,10240001,Well,Buried Sand Gravel,41.469966,-95.541709,08/05/2004 15:00:00,GWM,NIT-NO3-NO2,Nitrate + Nitrite (AS N),Total,,,,12,mg/l,True,0.05,,,353.2,USGSGWM,Actual,GW,Water,,,"[]"
8666065,31780003,Minden 2,Pottawattamie,10240001,Well,Buried Sand Gravel,41.469966,-95.541709,08/05/2004 15:00:00,GWM,14265-44-2,Orthophosphate (AS P),Dissolved,,,,0.02,mg/l,False,0.02,,,365.1,USGSGWM,Actual,GW,Water,,,"[]"
8666065,31780003,Minden 2,Pottawattamie,10240001,Well,Buried Sand Gravel,41.469966,-95.541709,08/05/2004 15:00:00,GWM,PHOSP-PHOSP,"Total Phosphorus, mixed forms (AS P)",Total,,,,0.07,mg/l,True,0.02,,,365.4,USGSGWM,Actual,GW,Water,,,"[]"
8666065,31780003,Minden 2,Pottawattamie,10240001,Well,Buried Sand Gravel,41.469966,-95.541709,08/05/2004 15:00:00,GWM,NIT-ORGN,Organic Nitrogen,Total,,,,0.06,mg/l,True,0.05,,,LAC10-107-06-2E,USGSGWM,Calculated,GW,Water,,,"[]"
8666065,31780001,"Carson (5), 3",Pottawattamie,10240002,Well,Alluvium,41.252182,-95.419774,06/30/2005 10:10:00,GWM,NIT-AMM,Ammonia-nitrogen (AS N),Total,,,,0.05,mg/l,False,0.05,,,350.1,USGSGWM,Actual,GW,Water,,,"[]"
8666065,31780001,"Carson (5), 3",Pottawattamie,10240002,Well,Alluvium,41.252182,-95.419774,06/30/2005 10:10:00,GWM,NIT-KJELD,Kjeldahl nitrogen (AS N),Total,,,,0.1,mg/l,False,0.1,,,351.2,USGSGWM,Actual,GW,Water,,,"[]"
8666065,31780001,"Carson (5), 3",Pottawattamie,10240002,Well,Alluvium,41.252182,-95.419774,06/30/2005 10:10:00,GWM,NIT-NO3-NO2,Nitrate + Nitrite (AS N),Total,,,,1.1,mg/l,True,0.05,,,353.2,USGSGWM,Actual,GW,Water,,,"[]"
8666065,31780001,"Carson (5), 3",Pottawattamie,10240002,Well,Alluvium,41.252182,-95.419774,06/30/2005 10:10:00,GWM,14265-44-2,Orthophosphate (AS P),Dissolved,,,,0.02,mg/l,False,0.02,,,365.1,USGSGWM,Actual,GW,Water,,,"[]"
8666065,31780001,"Carson (5), 3",Pottawattamie,10240002,Well,Alluvium,41.252182,-95.419774,06/30/2005 10:10:00,GWM,PHOSP-PHOSP,"Total Phosphorus, mixed forms (AS P)",Total,,,,0.06,mg/l,True,0.02,,,365.4,USGSGWM,Actual,GW,Water,,,"[]"
8666065,31780001,"Carson (5), 3",Pottawattamie,10240002,Well,Alluvium,41.252182,-95.419774,06/30/2005 10:10:00,GWM,NIT-ORGN,Organic Nitrogen,Total,,,,0.1,mg/l,False,0.1,,,LAC10-107-06-2E,USGSGWM,Calculated,GW,Water,,,"[]"
8666065,31780001,"Carson (5), 3",Pottawattamie,10240002,Well,Alluvium,41.252182,-95.419774,07/24/2006 15:30:00,GWM,NIT-AMM,Ammonia-nitrogen (AS N),Total,,,,0.06,mg/l,True,0.05,,,350.1,USGSGWM,Actual,GW,Water,,,"[]"
8666065,31780001,"Carson (5), 3",Pottawattamie,10240002,Well,Alluvium,41.252182,-95.419774,07/24/2006 15:30:00,GWM,NIT-KJELD,Kjeldahl nitrogen (AS N),Total,,,,0.1,mg/l,True,0.1,,,351.2,USGSGWM,Actual,GW,Water,,,"[]"
8666065,31780001,"Carson (5), 3",Pottawattamie,10240002,Well,Alluvium,41.252182,-95.419774,07/24/2006 15:30:00,GWM,NIT-NO3-NO2,Nitrate + Nitrite (AS N),Total,,,,0.48,mg/l,True,0.05,,,353.2,USGSGWM,Actual,GW,Water,,,"[]"
8666065,31780001,"Carson (5), 3",Pottawattamie,10240002,Well,Alluvium,41.252182,-95.419774,07/24/2006 15:30:00,GWM,14265-44-2,Orthophosphate (AS P),Dissolved,,,,0.02,mg/l,False,0.02,,,365.1,USGSGWM,Actual,GW,Water,,,"[]"
8666065,31780001,"Carson (5), 3",Pottawattamie,10240002,Well,Alluvium,41.252182,-95.419774,07/24/2006 15:30:00,GWM,PHOSP-PHOSP,"Total Phosphorus, mixed forms (AS P)",Total,,,,0.04,mg/l,True,0.02,,,365.4,USGSGWM,Actual,GW,Water,,,"[]"
8666065,31780001,"Carson (5), 3",Pottawattamie,10240002,Well,Alluvium,41.252182,-95.419774,07/24/2006 15:30:00,GWM,NIT-ORGN,Organic Nitrogen,Total,,,,0.1,mg/l,False,0.1,,,LAC10-107-06-2E,USGSGWM,Calculated,GW,Water,,,"[]"
8666065,31780006,Treynor 3,Pottawattamie,10240002,Well,Buried Sand Gravel,41.231758,-95.602469,08/02/2006 11:00:00,GWM,NIT-AMM,Ammonia-nitrogen (AS N),Total,,,,1.4,mg/l,True,0.05,,,350.1,USGSGWM,Actual,GW,Water,,,"[]"
8666065,31780006,Treynor 3,Pottawattamie,10240002,Well,Buried Sand Gravel,41.231758,-95.602469,08/02/2006 11:00:00,GWM,NIT-KJELD,Kjeldahl nitrogen (AS N),Total,,,,1.3,mg/l,True,0.1,,,351.2,USGSGWM,Actual,GW,Water,,,"[]"
8666065,31780006,Treynor 3,Pottawattamie,10240002,Well,Buried Sand Gravel,41.231758,-95.602469,08/02/2006 11:00:00,GWM,NIT-NO3-NO2,Nitrate + Nitrite (AS N),Total,,,,0.05,mg/l,False,0.05,,,353.2,USGSGWM,Actual,GW,Water,,,"[]"
8666065,31780006,Treynor 3,Pottawattamie,10240002,Well,Buried Sand Gravel,41.231758,-95.602469,08/02/2006 11:00:00,GWM,14265-44-2,Orthophosphate (AS P),Dissolved,,,,0.06,mg/l,True,0.02,,,365.1,USGSGWM,Actual,GW,Water,,,"[]"
8666065,31780006,Treynor 3,Pottawattamie,10240002,Well,Buried Sand Gravel,41.231758,-95.602469,08/02/2006 11:00:00,GWM,PHOSP-PHOSP,"Total Phosphorus, mixed forms (AS P)",Total,,,,0.14,mg/l,True,0.02,,,365.4,USGSGWM,Actual,GW,Water,,,"[]"
8666065,31780006,Treynor 3,Pottawattamie,10240002,Well,Buried Sand Gravel,41.231758,-95.602469,08/02/2006 11:00:00,GWM,NIT-ORGN,Organic Nitrogen,Total,,,,0.1,mg/l,False,0.1,,,LAC10-107-06-2E,USGSGWM,Calculated,GW,Water,,,"[]"
8666065,31780001,"Carson (5), 3",Pottawattamie,10240002,Well,Alluvium,41.252182,-95.419774,08/14/2012 11:00:00,GWM,NIT-NO3-NO2,Nitrate + Nitrite (AS N),Total,,,,0.94,mg/l,True,0.1,,,LAC10-107-04-1J,GWMPWS,Actual,GW,Water,,,"[]"
8666065,31780001,"Carson (5), 3",Pottawattamie,10240002,Well,Alluvium,41.252182,-95.419774,08/14/2012 11:00:00,GWM,NIT-AMM,Ammonia-nitrogen (AS N),Total,,,,0.05,mg/l,False,0.05,,,LAC10-107-06-1J,GWMPWS,Actual,GW,Water,,,"[]"
8666065,31780001,"Carson (5), 3",Pottawattamie,10240002,Well,Alluvium,41.252182,-95.419774,08/14/2012 11:00:00,GWM,NIT-KJELD,Kjeldahl nitrogen (AS N),Total,,,,0.1,mg/l,True,0.1,,,LAC10-107-06-2E,GWMPWS,Actual,GW,Water,,,"[]"
8666065,31780001,"Carson (5), 3",Pottawattamie,10240002,Well,Alluvium,41.252182,-95.419774,08/14/2012 11:00:00,GWM,14265-44-2,Orthophosphate (AS P),Dissolved,,,,0.02,mg/l,False,0.02,,,LAC10-115-01-1A,GWMPWS,Actual,GW,Water,,,"[]"
8666065,31780001,"Carson (5), 3",Pottawattamie,10240002,Well,Alluvium,41.252182,-95.419774,08/14/2012 11:00:00,GWM,PHOSP-PHOSP,"Total Phosphorus, mixed forms (AS P)",Total,,,,0.07,mg/l,True,0.02,,,LAC10-115-01-1D,GWMPWS,Actual,GW,Water,,,"[]"
8666065,31780005,Walnut 2,Pottawattamie,10240002,Well,Ordovician,41.47538,-95.224212,11/14/2016 13:30:00,GWM,NIT-NO3-NO2,Nitrate + Nitrite (AS N),Total,,,,0.1,mg/l,False,0.1,,,LAC10-107-04-1J,GWM,Actual,GW,Water,,,"[]"
8666065,31780005,Walnut 2,Pottawattamie,10240002,Well,Ordovician,41.47538,-95.224212,11/14/2016 13:30:00,GWM,NIT-AMM,Ammonia-nitrogen (AS N),Total,,,,1.2,mg/l,True,0.05,,,LAC10-107-06-1J,GWM,Actual,GW,Water,,,"[]"
8666065,31780001,"Carson (5), 3",Pottawattamie,10240002,Well,Alluvium,41.252182,-95.419774,11/22/2016 11:00:00,GWM,NIT-NO3-NO2,Nitrate + Nitrite (AS N),Total,,,,0.25,mg/l,True,0.1,,,LAC10-107-04-1J,GWM,Actual,GW,Water,,,"[]"
8666065,31780001,"Carson (5), 3",Pottawattamie,10240002,Well,Alluvium,41.252182,-95.419774,11/22/2016 11:00:00,GWM,NIT-AMM,Ammonia-nitrogen (AS N),Total,,,,0.05,mg/l,False,0.05,,,LAC10-107-06-1J,GWM,Actual,GW,Water,,,"[]"
8666065,31780010,Carson 7,Pottawattamie,10240002,Well,Dakota,41.2338127462,-95.4040076946,11/22/2016 10:30:00,GWM,NIT-NO3-NO2,Nitrate + Nitrite (AS N),Total,,,,0.1,mg/l,False,0.1,,,LAC10-107-04-1J,GWM,Actual,GW,Water,,,"[]"
8666065,31780010,Carson 7,Pottawattamie,10240002,Well,Dakota,41.2338127462,-95.4040076946,11/22/2016 10:30:00,GWM,NIT-AMM,Ammonia-nitrogen (AS N),Total,,,,0.71,mg/l,True,0.05,,,LAC10-107-06-1J,GWM,Actual,GW,Water,,,"[]"
8666065,31780001,"Carson (5), 3",Pottawattamie,10240002,Well,Alluvium,41.252182,-95.419774,11/10/2015 10:00:00,GWM,NIT-NO3-NO2,Nitrate + Nitrite (AS N),Total,,,,0.8,mg/l,True,0.1,,,LAC10-107-04-1J,GWM,Actual,GW,Water,,Sample exceeded required temperature upon receipt. Collection time of sample to receipt in laboratory was outside the acceptable limits.,"[]"
8666065,31780001,"Carson (5), 3",Pottawattamie,10240002,Well,Alluvium,41.252182,-95.419774,11/10/2015 10:00:00,GWM,NIT-AMM,Ammonia-nitrogen (AS N),Total,,,,0.05,mg/l,False,0.05,,,LAC10-107-06-1J,GWM,Actual,GW,Water,,Sample exceeded required temperature upon receipt. Collection time of sample to receipt in laboratory was outside the acceptable limits.,"[]"
8666065,31780001,"Carson (5), 3",Pottawattamie,10240002,Well,Alluvium,41.252182,-95.419774,11/10/2015 10:00:00,GWM,NIT-KJELD,Kjeldahl nitrogen (AS N),Total,,,,0.1,mg/l,False,0.1,,,LAC10-107-06-2E,GWM,Actual,GW,Water,,Sample exceeded required temperature upon receipt. Collection time of sample to receipt in laboratory was outside the acceptable limits.,"[]"
8666065,31780001,"Carson (5), 3",Pottawattamie,10240002,Well,Alluvium,41.252182,-95.419774,11/10/2015 10:00:00,GWM,14265-44-2,Orthophosphate (AS P),Dissolved,,,,0.02,mg/l,False,0.02,,,LAC10-115-01-1A,GWM,Actual,GW,Water,,Sample exceeded required temperature upon receipt. Collection time of sample to receipt in laboratory was outside the acceptable limits.,"[]"
8666065,31780001,"Carson (5), 3",Pottawattamie,10240002,Well,Alluvium,41.252182,-95.419774,11/10/2015 10:00:00,GWM,PHOSP-PHOSP,"Total Phosphorus, mixed forms (AS P)",Total,,,,0.11,mg/l,True,0.02,,,LAC10-115-01-1D,GWM,Actual,GW,Water,,Sample exceeded required temperature upon receipt. Collection time of sample to receipt in laboratory was outside the acceptable limits.,"[]"
8666065,31780001,"Carson (5), 3",Pottawattamie,10240002,Well,Alluvium,41.252182,-95.419774,12/10/2014 10:45:00,GWM,NIT-NO3-NO2,Nitrate + Nitrite (AS N),Total,,,,1,mg/l,True,0.1,,,LAC10-107-04-1J,GWM,Actual,GW,Water,,,"[]"
8666065,31780001,"Carson (5), 3",Pottawattamie,10240002,Well,Alluvium,41.252182,-95.419774,12/10/2014 10:45:00,GWM,NIT-AMM,Ammonia-nitrogen (AS N),Total,,,,0.05,mg/l,False,0.05,,,LAC10-107-06-1J,GWM,Actual,GW,Water,,,"[]"
8666065,31780001,"Carson (5), 3",Pottawattamie,10240002,Well,Alluvium,41.252182,-95.419774,12/10/2014 10:45:00,GWM,NIT-KJELD,Kjeldahl nitrogen (AS N),Total,,,,0.1,mg/l,False,0.1,,,LAC10-107-06-2E,GWM,Actual,GW,Water,,,"[]"
8666065,31780001,"Carson (5), 3",Pottawattamie,10240002,Well,Alluvium,41.252182,-95.419774,12/10/2014 10:45:00,GWM,14265-44-2,Orthophosphate (AS P),Dissolved,,,,0.02,mg/l,False,0.02,,,LAC10-115-01-1A,GWM,Actual,GW,Water,,,"[]"
8666065,31780001,"Carson (5), 3",Pottawattamie,10240002,Well,Alluvium,41.252182,-95.419774,12/10/2014 10:45:00,GWM,PHOSP-PHOSP,"Total Phosphorus, mixed forms (AS P)",Total,,,,0.17,mg/l,True,0.02,,,LAC10-115-01-1D,GWM,Actual,GW,Water,,,"[]"
8666065,31780005,Walnut 2,Pottawattamie,10240002,Well,Ordovician,41.47538,-95.224212,03/18/2013 14:30:00,GWM,NIT-NO3-NO2,Nitrate + Nitrite (AS N),Total,,,,0.1,mg/l,False,0.1,,,LAC10-107-04-1J,GWM,Actual,GW,Water,,,"[]"
8666065,31780005,Walnut 2,Pottawattamie,10240002,Well,Ordovician,41.47538,-95.224212,03/18/2013 14:30:00,GWM,NIT-AMM,Ammonia-nitrogen (AS N),Total,,,,1.3,mg/l,True,0.05,,,LAC10-107-06-1J,GWM,Actual,GW,Water,,,"[]"
8666065,31780005,Walnut 2,Pottawattamie,10240002,Well,Ordovician,41.47538,-95.224212,03/18/2013 14:30:00,GWM,NIT-KJELD,Kjeldahl nitrogen (AS N),Total,,,,0.5,mg/l,True,0.1,,,LAC10-107-06-2E,GWM,Actual,GW,Water,,,"[]"
8666065,31780005,Walnut 2,Pottawattamie,10240002,Well,Ordovician,41.47538,-95.224212,03/18/2013 14:30:00,GWM,14265-44-2,Orthophosphate (AS P),Dissolved,,,,0.02,mg/l,False,0.02,,,LAC10-115-01-1A,GWM,Actual,GW,Water,,,"[]"
8666065,31780005,Walnut 2,Pottawattamie,10240002,Well,Ordovician,41.47538,-95.224212,03/18/2013 14:30:00,GWM,PHOSP-PHOSP,"Total Phosphorus, mixed forms (AS P)",Total,,,,0.03,mg/l,True,0.02,,,LAC10-115-01-1D,GWM,Actual,GW,Water,,,"[]"
8666065,31780010,Carson 7,Pottawattamie,10240002,Well,Dakota,41.2338127462,-95.4040076946,03/19/2013 13:45:00,GWM,NIT-NO3-NO2,Nitrate + Nitrite (AS N),Total,,,,0.1,mg/l,False,0.1,,,LAC10-107-04-1J,GWM,Actual,GW,Water,,,"[]"
8666065,31780010,Carson 7,Pottawattamie,10240002,Well,Dakota,41.2338127462,-95.4040076946,03/19/2013 13:45:00,GWM,NIT-AMM,Ammonia-nitrogen (AS N),Total,,,,1,mg/l,True,0.05,,,LAC10-107-06-1J,GWM,Actual,GW,Water,,,"[]"
8666065,31780010,Carson 7,Pottawattamie,10240002,Well,Dakota,41.2338127462,-95.4040076946,03/19/2013 13:45:00,GWM,NIT-KJELD,Kjeldahl nitrogen (AS N),Total,,,,0.9,mg/l,True,0.1,,,LAC10-107-06-2E,GWM,Actual,GW,Water,,,"[]"
8666065,31780010,Carson 7,Pottawattamie,10240002,Well,Dakota,41.2338127462,-95.4040076946,03/19/2013 13:45:00,GWM,14265-44-2,Orthophosphate (AS P),Dissolved,,,,0.19,mg/l,True,0.02,,,LAC10-115-01-1A,GWM,Actual,GW,Water,,,"[]"
8666065,31780010,Carson 7,Pottawattamie,10240002,Well,Dakota,41.2338127462,-95.4040076946,03/19/2013 13:45:00,GWM,PHOSP-PHOSP,"Total Phosphorus, mixed forms (AS P)",Total,,,,0.2,mg/l,True,0.02,,,LAC10-115-01-1D,GWM,Actual,GW,Water,,,"[]"
8666065,31780001,"Carson (5), 3",Pottawattamie,10240002,Well,Alluvium,41.252182,-95.419774,10/31/2017 09:00:00,GWM,NIT-AMM,Ammonia-nitrogen (AS N),None,,,,0.05,mg/l,False,0.05,,,LAC10-107-06-1J,GWM,Actual,GW,Water,,,"[]"
8666065,31780001,"Carson (5), 3",Pottawattamie,10240002,Well,Alluvium,41.252182,-95.419774,10/31/2017 09:00:00,GWM,NIT-NO3-NO2,Nitrate + Nitrite (AS N),None,,,,1,mg/l,True,0.1,,,LAC10-107-06-1J,GWM,Actual,GW,Water,,,"[]"
8666065,31780005,Walnut 2,Pottawattamie,10240002,Well,Ordovician,41.47538,-95.224212,11/13/2017 11:05:00,GWM,NIT-NO3-NO2,Nitrate + Nitrite (AS N),None,,,,0.1,mg/l,False,0.1,,,LAC10-107-06-1J,GWM,Actual,GW,Water,,,"[]"
8666065,31780005,Walnut 2,Pottawattamie,10240002,Well,Ordovician,41.47538,-95.224212,11/13/2017 11:05:00,GWM,NIT-AMM,Ammonia-nitrogen (AS N),None,,,,1.4,mg/l,True,0.1,,,LAC10-107-06-1J,GWM,Actual,GW,Water,,,"[]"
8666065,31780010,Carson 7,Pottawattamie,10240002,Well,Dakota,41.2338127462,-95.4040076946,11/29/2017 08:00:00,GWM,NIT-AMM,Ammonia-nitrogen (AS N),None,,,,1,mg/l,True,0.05,,,LAC10-107-06-1J,GWM,Actual,GW,Water,,,"[]"
8666065,31780010,Carson 7,Pottawattamie,10240002,Well,Dakota,41.2338127462,-95.4040076946,11/29/2017 08:00:00,GWM,NIT-NO3-NO2,Nitrate + Nitrite (AS N),None,,,,0.1,mg/l,False,0.1,,,LAC10-107-06-1J,GWM,Actual,GW,Water,,,"[]"
8666065,31780001,"Carson (5), 3",Pottawattamie,10240002,Well,Alluvium,41.252182,-95.419774,11/28/2017 00:00:00,GWM,NIT-NO3-NO2,Nitrate + Nitrite,None,,,,0.31,mg/l,True,0.01,,0.01,353.2,GWM001,,GW,Water,,,"[]"
8666065,35780001,Treynor-1,Pottawattamie,10240002,Well,Quaternary,41.1989839,-95.5611934,08/27/1994 20:20:00,EMS,14265-44-2,Orthophosphate (AS P),Dissolved,,,,0.5,mg/l,False,0.5,,,300.0,EMS,Actual,GW,Water,,,"[]"
8666065,35780001,Treynor-1,Pottawattamie,10240002,Well,Quaternary,41.1989839,-95.5611934,08/27/1994 20:20:00,EMS,14797-55-8,Nitrate (AS N),Total,,,,0.5,mg/l,False,0.5,,,300.0,EMS,Actual,GW,Water,,,"[]"
8666065,35780001,Treynor-1,Pottawattamie,10240002,Well,Quaternary,41.1989839,-95.5611934,08/27/1994 20:20:00,EMS,14797-65-0,Nitrite (AS N),Total,,,,0.5,mg/l,False,0.5,,,300.0,EMS,Actual,GW,Water,,,"[]"
8666065,35780001,Treynor-1,Pottawattamie,10240002,Well,Quaternary,41.1989839,-95.5611934,08/27/1994 20:20:00,EMS,NIT-NO3-NO2,Nitrate + Nitrite (AS N),Total,,,,5.6,mg/l,True,0.1,,,353.2,EMS,Actual,GW,Water,,,"[]"
8666065,35780001,Treynor-1,Pottawattamie,10240002,Well,Quaternary,41.1989839,-95.5611934,08/27/1994 20:20:00,EMS,NIT-AMM,Ammonia-nitrogen (AS N),Total,,,,0.2,mg/l,True,0.1,,,TIM 780-86T,EMS,Actual,GW,Water,,,"[]"
8666065,35780002,Treynor-2,Pottawattamie,10240002,Well,Quaternary,41.1992755,-95.5612047,08/27/1994 20:22:00,EMS,14265-44-2,Orthophosphate (AS P),Dissolved,,,,0.5,mg/l,False,0.5,,,300.0,EMS,Actual,GW,Water,,,"[]"
8666065,35780002,Treynor-2,Pottawattamie,10240002,Well,Quaternary,41.1992755,-95.5612047,08/27/1994 20:22:00,EMS,14797-55-8,Nitrate (AS N),Total,,,,0.5,mg/l,False,0.5,,,300.0,EMS,Actual,GW,Water,,,"[]"
8666065,35780002,Treynor-2,Pottawattamie,10240002,Well,Quaternary,41.1992755,-95.5612047,08/27/1994 20:22:00,EMS,14797-65-0,Nitrite (AS N),Total,,,,0.5,mg/l,False,0.5,,,300.0,EMS,Actual,GW,Water,,,"[]"
8666065,35780002,Treynor-2,Pottawattamie,10240002,Well,Quaternary,41.1992755,-95.5612047,08/27/1994 20:22:00,EMS,NIT-NO3-NO2,Nitrate + Nitrite (AS N),Total,,,,11,mg/l,True,0.1,,,353.2,EMS,Actual,GW,Water,,,"[]"
8666065,35780002,Treynor-2,Pottawattamie,10240002,Well,Quaternary,41.1992755,-95.5612047,08/27/1994 20:22:00,EMS,NIT-AMM,Ammonia-nitrogen (AS N),Total,,,,0.1,mg/l,True,0.1,,,TIM 780-86T,EMS,Actual,GW,Water,,,"[]"
8666065,35780003,Treynor-3,Pottawattamie,10240002,Well,Quaternary,41.1997702,-95.5631933,08/27/1994 20:29:00,EMS,14265-44-2,Orthophosphate (AS P),Dissolved,,,,0.5,mg/l,False,0.5,,,300.0,EMS,Actual,GW,Water,,,"[]"
8666065,35780003,Treynor-3,Pottawattamie,10240002,Well,Quaternary,41.1997702,-95.5631933,08/27/1994 20:29:00,EMS,14797-55-8,Nitrate (AS N),Total,,,,0.5,mg/l,False,0.5,,,300.0,EMS,Actual,GW,Water,,,"[]"
8666065,35780003,Treynor-3,Pottawattamie,10240002,Well,Quaternary,41.1997702,-95.5631933,08/27/1994 20:29:00,EMS,14797-65-0,Nitrite (AS N),Total,,,,0.5,mg/l,False,0.5,,,300.0,EMS,Actual,GW,Water,,,"[]"
8666065,35780003,Treynor-3,Pottawattamie,10240002,Well,Quaternary,41.1997702,-95.5631933,08/27/1994 20:29:00,EMS,NIT-NO3-NO2,Nitrate + Nitrite (AS N),Total,,,,0.1,mg/l,False,0.1,,,353.2,EMS,Actual,GW,Water,,,"[]"
8666065,35780003,Treynor-3,Pottawattamie,10240002,Well,Quaternary,41.1997702,-95.5631933,08/27/1994 20:29:00,EMS,NIT-AMM,Ammonia-nitrogen (AS N),Total,,,,1.2,mg/l,True,0.1,,,TIM 780-86T,EMS,Actual,GW,Water,,,"[]"
8666065,35780001,Treynor-1,Pottawattamie,10240002,Well,Quaternary,41.1989839,-95.5611934,10/06/1994 11:30:00,EMS,NIT-NO3-NO2,Nitrate + Nitrite (AS N),Total,,,,1.2,mg/l,True,0.1,,,353.2,EMS,Actual,GW,Water,,,"[]"
8666065,35780001,Treynor-1,Pottawattamie,10240002,Well,Quaternary,41.1989839,-95.5611934,10/06/1994 11:30:00,EMS,NIT-AMM,Ammonia-nitrogen (AS N),Total,,,,0.3,mg/l,True,0.1,,,TIM 780-86T,EMS,Actual,GW,Water,,,"[]"
8666065,35780002,Treynor-2,Pottawattamie,10240002,Well,Quaternary,41.1992755,-95.5612047,10/06/1994 11:20:00,EMS,NIT-NO3-NO2,Nitrate + Nitrite (AS N),Total,,,,8.7,mg/l,True,0.1,,,353.2,EMS,Actual,GW,Water,,,"[]"
8666065,35780002,Treynor-2,Pottawattamie,10240002,Well,Quaternary,41.1992755,-95.5612047,10/06/1994 11:20:00,EMS,NIT-AMM,Ammonia-nitrogen (AS N),Total,,,,0.1,mg/l,True,0.1,,,TIM 780-86T,EMS,Actual,GW,Water,,,"[]"
8666065,35780003,Treynor-3,Pottawattamie,10240002,Well,Quaternary,41.1997702,-95.5631933,10/06/1994 11:50:00,EMS,NIT-NO3-NO2,Nitrate + Nitrite (AS N),Total,,,,0.1,mg/l,False,0.1,,,353.2,EMS,Actual,GW,Water,,,"[]"
8666065,35780003,Treynor-3,Pottawattamie,10240002,Well,Quaternary,41.1997702,-95.5631933,10/06/1994 11:50:00,EMS,NIT-AMM,Ammonia-nitrogen (AS N),Total,,,,1.1,mg/l,True,0.1,,,TIM 780-86T,EMS,Actual,GW,Water,,,"[]"
8666065,35780001,Treynor-1,Pottawattamie,10240002,Well,Quaternary,41.1989839,-95.5611934,11/03/1994 10:55:00,EMS,NIT-NO3-NO2,Nitrate + Nitrite (AS N),Total,,,,4.6,mg/l,True,0.1,,,353.2,EMS,Actual,GW,Water,,,"[]"
8666065,35780001,Treynor-1,Pottawattamie,10240002,Well,Quaternary,41.1989839,-95.5611934,11/03/1994 10:55:00,EMS,NIT-AMM,Ammonia-nitrogen (AS N),Total,,,,0.2,mg/l,True,0.1,,,TIM 780-86T,EMS,Actual,GW,Water,,,"[]"
8666065,35780002,Treynor-2,Pottawattamie,10240002,Well,Quaternary,41.1992755,-95.5612047,11/03/1994 10:15:00,EMS,NIT-NO3-NO2,Nitrate + Nitrite (AS N),Total,,,,9,mg/l,True,0.1,,,353.2,EMS,Actual,GW,Water,,,"[]"
8666065,35780002,Treynor-2,Pottawattamie,10240002,Well,Quaternary,41.1992755,-95.5612047,11/03/1994 10:15:00,EMS,NIT-AMM,Ammonia-nitrogen (AS N),Total,,,,0.1,mg/l,False,0.1,,,TIM 780-86T,EMS,Actual,GW,Water,,,"[]"
8666065,35780003,Treynor-3,Pottawattamie,10240002,Well,Quaternary,41.1997702,-95.5631933,11/03/1994 11:15:00,EMS,NIT-NO3-NO2,Nitrate + Nitrite (AS N),Total,,,,0.1,mg/l,False,0.1,,,353.2,EMS,Actual,GW,Water,,,"[]"
8666065,35780003,Treynor-3,Pottawattamie,10240002,Well,Quaternary,41.1997702,-95.5631933,11/03/1994 11:15:00,EMS,NIT-AMM,Ammonia-nitrogen (AS N),Total,,,,1.3,mg/l,True,0.1,,,TIM 780-86T,EMS,Actual,GW,Water,,,"[]"
8666065,35780001,Treynor-1,Pottawattamie,10240002,Well,Quaternary,41.1989839,-95.5611934,11/30/1994 13:25:00,EMS,NIT-NO3-NO2,Nitrate + Nitrite (AS N),Total,,,,9.3,mg/l,True,0.1,,,353.2,EMS,Actual,GW,Water,,,"[]"
8666065,35780001,Treynor-1,Pottawattamie,10240002,Well,Quaternary,41.1989839,-95.5611934,11/30/1994 13:25:00,EMS,NIT-AMM,Ammonia-nitrogen (AS N),Total,,,,0.1,mg/l,False,0.1,,,TIM 780-86T,EMS,Actual,GW,Water,,,"[]"
8666065,35780002,Treynor-2,Pottawattamie,10240002,Well,Quaternary,41.1992755,-95.5612047,11/30/1994 13:00:00,EMS,NIT-NO3-NO2,Nitrate + Nitrite (AS N),Total,,,,8.7,mg/l,True,0.1,,,353.2,EMS,Actual,GW,Water,,,"[]"
8666065,35780002,Treynor-2,Pottawattamie,10240002,Well,Quaternary,41.1992755,-95.5612047,11/30/1994 13:00:00,EMS,NIT-AMM,Ammonia-nitrogen (AS N),Total,,,,0.1,mg/l,False,0.1,,,TIM 780-86T,EMS,Actual,GW,Water,,,"[]"
8666065,35780003,Treynor-3,Pottawattamie,10240002,Well,Quaternary,41.1997702,-95.5631933,11/30/1994 14:20:00,EMS,NIT-NO3-NO2,Nitrate + Nitrite (AS N),Total,,,,0.1,mg/l,False,0.1,,,353.2,EMS,Actual,GW,Water,,,"[]"
8666065,35780003,Treynor-3,Pottawattamie,10240002,Well,Quaternary,41.1997702,-95.5631933,11/30/1994 14:20:00,EMS,NIT-AMM,Ammonia-nitrogen (AS N),Total,,,,1.4,mg/l,True,0.1,,,TIM 780-86T,EMS,Actual,GW,Water,,,"[]"
8666065,35780001,Treynor-1,Pottawattamie,10240002,Well,Quaternary,41.1989839,-95.5611934,12/28/1994 12:15:00,EMS,14265-44-2,Orthophosphate (AS P),Dissolved,,,,0.5,mg/l,False,0.5,,,300.0,EMS,Actual,GW,Water,,,"[]"
8666065,35780001,Treynor-1,Pottawattamie,10240002,Well,Quaternary,41.1989839,-95.5611934,12/28/1994 12:15:00,EMS,14797-55-8,Nitrate (AS N),Total,,,,10,mg/l,True,0.5,,,300.0,EMS,Actual,GW,Water,,,"[]"
8666065,35780001,Treynor-1,Pottawattamie,10240002,Well,Quaternary,41.1989839,-95.5611934,12/28/1994 12:15:00,EMS,14797-65-0,Nitrite (AS N),Total,,,,0.5,mg/l,False,0.5,,,300.0,EMS,Actual,GW,Water,,,"[]"
8666065,35780001,Treynor-1,Pottawattamie,10240002,Well,Quaternary,41.1989839,-95.5611934,12/28/1994 12:15:00,EMS,NIT-NO3-NO2,Nitrate + Nitrite (AS N),Total,,,,9.6,mg/l,True,0.1,,,353.2,EMS,Actual,GW,Water,,,"[]"
8666065,35780001,Treynor-1,Pottawattamie,10240002,Well,Quaternary,41.1989839,-95.5611934,12/28/1994 12:15:00,EMS,NIT-AMM,Ammonia-nitrogen (AS N),Total,,,,0.1,mg/l,True,0.1,,,TIM 780-86T,EMS,Actual,GW,Water,,,"[]"
8666065,35780002,Treynor-2,Pottawattamie,10240002,Well,Quaternary,41.1992755,-95.5612047,12/28/1994 12:40:00,EMS,14265-44-2,Orthophosphate (AS P),Dissolved,,,,0.5,mg/l,False,0.5,,,300.0,EMS,Actual,GW,Water,,,"[]"
8666065,35780002,Treynor-2,Pottawattamie,10240002,Well,Quaternary,41.1992755,-95.5612047,12/28/1994 12:40:00,EMS,14797-55-8,Nitrate (AS N),Total,,,,8.9,mg/l,True,0.5,,,300.0,EMS,Actual,GW,Water,,,"[]"
8666065,35780002,Treynor-2,Pottawattamie,10240002,Well,Quaternary,41.1992755,-95.5612047,12/28/1994 12:40:00,EMS,14797-65-0,Nitrite (AS N),Total,,,,0.5,mg/l,False,0.5,,,300.0,EMS,Actual,GW,Water,,,"[]"
8666065,35780002,Treynor-2,Pottawattamie,10240002,Well,Quaternary,41.1992755,-95.5612047,12/28/1994 12:40:00,EMS,NIT-NO3-NO2,Nitrate + Nitrite (AS N),Total,,,,9.4,mg/l,True,0.1,,,353.2,EMS,Actual,GW,Water,,,"[]"
8666065,35780002,Treynor-2,Pottawattamie,10240002,Well,Quaternary,41.1992755,-95.5612047,12/28/1994 12:40:00,EMS,NIT-AMM,Ammonia-nitrogen (AS N),Total,,,,0.1,mg/l,False,0.1,,,TIM 780-86T,EMS,Actual,GW,Water,,,"[]"
8666065,35780003,Treynor-3,Pottawattamie,10240002,Well,Quaternary,41.1997702,-95.5631933,12/28/1994 13:15:00,EMS,14265-44-2,Orthophosphate (AS P),Dissolved,,,,0.5,mg/l,False,0.5,,,300.0,EMS,Actual,GW,Water,,,"[]"
8666065,35780003,Treynor-3,Pottawattamie,10240002,Well,Quaternary,41.1997702,-95.5631933,12/28/1994 13:15:00,EMS,14797-55-8,Nitrate (AS N),Total,,,,0.5,mg/l,False,0.5,,,300.0,EMS,Actual,GW,Water,,,"[]"
8666065,35780003,Treynor-3,Pottawattamie,10240002,Well,Quaternary,41.1997702,-95.5631933,12/28/1994 13:15:00,EMS,14797-65-0,Nitrite (AS N),Total,,,,0.5,mg/l,False,0.5,,,300.0,EMS,Actual,GW,Water,,,"[]"
8666065,35780003,Treynor-3,Pottawattamie,10240002,Well,Quaternary,41.1997702,-95.5631933,12/28/1994 13:15:00,EMS,NIT-NO3-NO2,Nitrate + Nitrite (AS N),Total,,,,0.1,mg/l,False,0.1,,,353.2,EMS,Actual,GW,Water,,,"[]"
8666065,35780003,Treynor-3,Pottawattamie,10240002,Well,Quaternary,41.1997702,-95.5631933,12/28/1994 13:15:00,EMS,NIT-AMM,Ammonia-nitrogen (AS N),Total,,,,1.5,mg/l,True,0.1,,,TIM 780-86T,EMS,Actual,GW,Water,,,"[]"
8666065,35780001,Treynor-1,Pottawattamie,10240002,Well,Quaternary,41.1989839,-95.5611934,01/31/1995 13:15:00,EMS,NIT-NO3-NO2,Nitrate + Nitrite (AS N),Total,,,,7.4,mg/l,True,0.1,,,353.2,EMS,Actual,GW,Water,,,"[]"
8666065,35780001,Treynor-1,Pottawattamie,10240002,Well,Quaternary,41.1989839,-95.5611934,01/31/1995 13:15:00,EMS,NIT-AMM,Ammonia-nitrogen (AS N),Total,,,,0.1,mg/l,False,0.1,,,TIM 780-86T,EMS,Actual,GW,Water,,,"[]"
8666065,35780002,Treynor-2,Pottawattamie,10240002,Well,Quaternary,41.1992755,-95.5612047,01/31/1995 13:00:00,EMS,NIT-NO3-NO2,Nitrate + Nitrite (AS N),Total,,,,8.6,mg/l,True,0.1,,,353.2,EMS,Actual,GW,Water,,,"[]"
8666065,35780002,Treynor-2,Pottawattamie,10240002,Well,Quaternary,41.1992755,-95.5612047,01/31/1995 13:00:00,EMS,NIT-AMM,Ammonia-nitrogen (AS N),Total,,,,0.1,mg/l,False,0.1,,,TIM 780-86T,EMS,Actual,GW,Water,,,"[]"
8666065,35780003,Treynor-3,Pottawattamie,10240002,Well,Quaternary,41.1997702,-95.5631933,01/31/1995 14:00:00,EMS,NIT-NO3-NO2,Nitrate + Nitrite (AS N),Total,,,,0.1,mg/l,False,0.1,,,353.2,EMS,Actual,GW,Water,,,"[]"
8666065,35780003,Treynor-3,Pottawattamie,10240002,Well,Quaternary,41.1997702,-95.5631933,01/31/1995 14:00:00,EMS,NIT-AMM,Ammonia-nitrogen (AS N),Total,,,,0.9,mg/l,True,0.1,,,TIM 780-86T,EMS,Actual,GW,Water,,,"[]"
8666065,35780002,Treynor-2,Pottawattamie,10240002,Well,Quaternary,41.1992755,-95.5612047,03/30/1995 16:40:00,EMS,14265-44-2,Orthophosphate (AS P),Dissolved,,,,0.5,mg/l,False,0.5,,,300.0,EMS,Actual,GW,Water,,,"[]"
8666065,35780002,Treynor-2,Pottawattamie,10240002,Well,Quaternary,41.1992755,-95.5612047,03/30/1995 16:40:00,EMS,14797-55-8,Nitrate (AS N),Total,,,,8.1,mg/l,True,0.5,,,300.0,EMS,Actual,GW,Water,,,"[]"
8666065,35780002,Treynor-2,Pottawattamie,10240002,Well,Quaternary,41.1992755,-95.5612047,03/30/1995 16:40:00,EMS,14797-65-0,Nitrite (AS N),Total,,,,0.5,mg/l,False,0.5,,,300.0,EMS,Actual,GW,Water,,,"[]"
8666065,35780002,Treynor-2,Pottawattamie,10240002,Well,Quaternary,41.1992755,-95.5612047,03/30/1995 16:40:00,EMS,NIT-NO3-NO2,Nitrate + Nitrite (AS N),Total,,,,8.1,mg/l,True,0.1,,,353.2,EMS,Actual,GW,Water,,,"[]"
8666065,35780002,Treynor-2,Pottawattamie,10240002,Well,Quaternary,41.1992755,-95.5612047,03/30/1995 16:40:00,EMS,NIT-AMM,Ammonia-nitrogen (AS N),Total,,,,0.1,mg/l,False,0.1,,,TIM 780-86T,EMS,Actual,GW,Water,,,"[]"
8666065,35780002,Treynor-2,Pottawattamie,10240002,Well,Quaternary,41.1992755,-95.5612047,03/30/1995 16:40:00,EMS,NIT-ORGN,Organic Nitrogen (AS N),Total,,,,0.6,mg/l,True,0.1,,,TIM 786-86T,EMS,Calculated,GW,Water,,,"[]"
8666065,35780003,Treynor-3,Pottawattamie,10240002,Well,Quaternary,41.1997702,-95.5631933,03/31/1995 08:00:00,EMS,14265-44-2,Orthophosphate (AS P),Dissolved,,,,0.5,mg/l,False,0.5,,,300.0,EMS,Actual,GW,Water,,,"[]"
8666065,35780003,Treynor-3,Pottawattamie,10240002,Well,Quaternary,41.1997702,-95.5631933,03/31/1995 08:00:00,EMS,14797-55-8,Nitrate (AS N),Total,,,,0.5,mg/l,False,0.5,,,300.0,EMS,Actual,GW,Water,,,"[]"
8666065,35780003,Treynor-3,Pottawattamie,10240002,Well,Quaternary,41.1997702,-95.5631933,03/31/1995 08:00:00,EMS,14797-65-0,Nitrite (AS N),Total,,,,0.5,mg/l,False,0.5,,,300.0,EMS,Actual,GW,Water,,,"[]"
8666065,35780003,Treynor-3,Pottawattamie,10240002,Well,Quaternary,41.1997702,-95.5631933,03/31/1995 08:00:00,EMS,NIT-NO3-NO2,Nitrate + Nitrite (AS N),Total,,,,0.1,mg/l,False,0.1,,,353.2,EMS,Actual,GW,Water,,,"[]"
8666065,35780003,Treynor-3,Pottawattamie,10240002,Well,Quaternary,41.1997702,-95.5631933,03/31/1995 08:00:00,EMS,NIT-AMM,Ammonia-nitrogen (AS N),Total,,,,1,mg/l,True,0.1,,,TIM 780-86T,EMS,Actual,GW,Water,,,"[]"
8666065,35780003,Treynor-3,Pottawattamie,10240002,Well,Quaternary,41.1997702,-95.5631933,03/31/1995 08:00:00,EMS,NIT-ORGN,Organic Nitrogen (AS N),Total,,,,0.4,mg/l,True,0.1,,,TIM 786-86T,EMS,Calculated,GW,Water,,,"[]"
8666065,35780001,Treynor-1,Pottawattamie,10240002,Well,Quaternary,41.1989839,-95.5611934,03/30/1995 16:30:00,EMS,14265-44-2,Orthophosphate (AS P),Dissolved,,,,0.5,mg/l,False,0.5,,,300.0,EMS,Actual,GW,Water,,,"[]"
8666065,35780001,Treynor-1,Pottawattamie,10240002,Well,Quaternary,41.1989839,-95.5611934,03/30/1995 16:30:00,EMS,14797-55-8,Nitrate (AS N),Total,,,,7.9,mg/l,True,0.5,,,300.0,EMS,Actual,GW,Water,,,"[]"
8666065,35780001,Treynor-1,Pottawattamie,10240002,Well,Quaternary,41.1989839,-95.5611934,03/30/1995 16:30:00,EMS,14797-65-0,Nitrite (AS N),Total,,,,0.5,mg/l,False,0.5,,,300.0,EMS,Actual,GW,Water,,,"[]"
8666065,35780001,Treynor-1,Pottawattamie,10240002,Well,Quaternary,41.1989839,-95.5611934,03/30/1995 16:30:00,EMS,NIT-NO3-NO2,Nitrate + Nitrite (AS N),Total,,,,8.3,mg/l,True,0.1,,,353.2,EMS,Actual,GW,Water,,,"[]"
8666065,35780001,Treynor-1,Pottawattamie,10240002,Well,Quaternary,41.1989839,-95.5611934,03/30/1995 16:30:00,EMS,NIT-AMM,Ammonia-nitrogen (AS N),Total,,,,0.1,mg/l,False,0.1,,,TIM 780-86T,EMS,Actual,GW,Water,,,"[]"
8666065,35780001,Treynor-1,Pottawattamie,10240002,Well,Quaternary,41.1989839,-95.5611934,03/30/1995 16:30:00,EMS,NIT-ORGN,Organic Nitrogen (AS N),Total,,,,0.4,mg/l,True,0.1,,,TIM 786-86T,EMS,Calculated,GW,Water,,,"[]"
8666065,35780001,Treynor-1,Pottawattamie,10240002,Well,Quaternary,41.1989839,-95.5611934,06/09/1995 08:50:00,EMS,14265-44-2,Orthophosphate (AS P),Dissolved,,,,0.5,mg/l,False,0.5,,,300.0,EMS,Actual,GW,Water,,,"[]"
8666065,35780001,Treynor-1,Pottawattamie,10240002,Well,Quaternary,41.1989839,-95.5611934,06/09/1995 08:50:00,EMS,14797-55-8,Nitrate (AS N),Total,,,,7.2,mg/l,True,0.5,,,300.0,EMS,Actual,GW,Water,,,"[]"
8666065,35780001,Treynor-1,Pottawattamie,10240002,Well,Quaternary,41.1989839,-95.5611934,06/09/1995 08:50:00,EMS,14797-65-0,Nitrite (AS N),Total,,,,0.5,mg/l,False,0.5,,,300.0,EMS,Actual,GW,Water,,,"[]"
8666065,35780001,Treynor-1,Pottawattamie,10240002,Well,Quaternary,41.1989839,-95.5611934,06/09/1995 08:50:00,EMS,NIT-NO3-NO2,Nitrate + Nitrite (AS N),Total,,,,6.9,mg/l,True,0.1,,,353.2,EMS,Actual,GW,Water,,,"[]"
8666065,35780001,Treynor-1,Pottawattamie,10240002,Well,Quaternary,41.1989839,-95.5611934,06/09/1995 08:50:00,EMS,NIT-AMM,Ammonia-nitrogen (AS N),Total,,,,0.1,mg/l,True,0.1,,,TIM 780-86T,EMS,Actual,GW,Water,,,"[]"
8666065,35780002,Treynor-2,Pottawattamie,10240002,Well,Quaternary,41.1992755,-95.5612047,06/09/1995 08:25:00,EMS,14265-44-2,Orthophosphate (AS P),Dissolved,,,,0.5,mg/l,False,0.5,,,300.0,EMS,Actual,GW,Water,,,"[]"
8666065,35780002,Treynor-2,Pottawattamie,10240002,Well,Quaternary,41.1992755,-95.5612047,06/09/1995 08:25:00,EMS,14797-55-8,Nitrate (AS N),Total,,,,7.6,mg/l,True,0.5,,,300.0,EMS,Actual,GW,Water,,,"[]"
8666065,35780002,Treynor-2,Pottawattamie,10240002,Well,Quaternary,41.1992755,-95.5612047,06/09/1995 08:25:00,EMS,14797-65-0,Nitrite (AS N),Total,,,,0.5,mg/l,False,0.5,,,300.0,EMS,Actual,GW,Water,,,"[]"
8666065,35780002,Treynor-2,Pottawattamie,10240002,Well,Quaternary,41.1992755,-95.5612047,06/09/1995 08:25:00,EMS,NIT-NO3-NO2,Nitrate + Nitrite (AS N),Total,,,,6.4,mg/l,True,0.1,,,353.2,EMS,Actual,GW,Water,,,"[]"
8666065,35780002,Treynor-2,Pottawattamie,10240002,Well,Quaternary,41.1992755,-95.5612047,06/09/1995 08:25:00,EMS,NIT-AMM,Ammonia-nitrogen (AS N),Total,,,,0.1,mg/l,False,0.1,,,TIM 780-86T,EMS,Actual,GW,Water,,,"[]"
8666065,35780003,Treynor-3,Pottawattamie,10240002,Well,Quaternary,41.1997702,-95.5631933,06/09/1995 09:25:00,EMS,14265-44-2,Orthophosphate (AS P),Dissolved,,,,0.5,mg/l,False,0.5,,,300.0,EMS,Actual,GW,Water,,,"[]"
8666065,35780003,Treynor-3,Pottawattamie,10240002,Well,Quaternary,41.1997702,-95.5631933,06/09/1995 09:25:00,EMS,14797-55-8,Nitrate (AS N),Total,,,,0.5,mg/l,False,0.5,,,300.0,EMS,Actual,GW,Water,,,"[]"
8666065,35780003,Treynor-3,Pottawattamie,10240002,Well,Quaternary,41.1997702,-95.5631933,06/09/1995 09:25:00,EMS,14797-65-0,Nitrite (AS N),Total,,,,0.5,mg/l,False,0.5,,,300.0,EMS,Actual,GW,Water,,,"[]"
8666065,35780003,Treynor-3,Pottawattamie,10240002,Well,Quaternary,41.1997702,-95.5631933,06/09/1995 09:25:00,EMS,NIT-NO3-NO2,Nitrate + Nitrite (AS N),Total,,,,0.1,mg/l,True,0.1,,,353.2,EMS,Actual,GW,Water,,,"[]"
8666065,35780003,Treynor-3,Pottawattamie,10240002,Well,Quaternary,41.1997702,-95.5631933,06/09/1995 09:25:00,EMS,NIT-AMM,Ammonia-nitrogen (AS N),Total,,,,0.9,mg/l,True,0.1,,,TIM 780-86T,EMS,Actual,GW,Water,,,"[]"
8666065,35780001,Treynor-1,Pottawattamie,10240002,Well,Quaternary,41.1989839,-95.5611934,07/06/1995 08:00:00,EMS,14265-44-2,Orthophosphate (AS P),Dissolved,,,,0.5,mg/l,False,0.5,,,300.0,EMS,Actual,GW,Water,,,"[]"
8666065,35780001,Treynor-1,Pottawattamie,10240002,Well,Quaternary,41.1989839,-95.5611934,07/06/1995 08:00:00,EMS,14797-55-8,Nitrate (AS N),Total,,,,11,mg/l,True,0.5,,,300.0,EMS,Actual,GW,Water,,,"[]"
8666065,35780001,Treynor-1,Pottawattamie,10240002,Well,Quaternary,41.1989839,-95.5611934,07/06/1995 08:00:00,EMS,14797-65-0,Nitrite (AS N),Total,,,,0.5,mg/l,False,0.5,,,300.0,EMS,Actual,GW,Water,,,"[]"
8666065,35780001,Treynor-1,Pottawattamie,10240002,Well,Quaternary,41.1989839,-95.5611934,07/06/1995 08:00:00,EMS,NIT-NO3-NO2,Nitrate + Nitrite (AS N),Total,,,,10,mg/l,True,0.1,,,353.2,EMS,Actual,GW,Water,,,"[]"
8666065,35780001,Treynor-1,Pottawattamie,10240002,Well,Quaternary,41.1989839,-95.5611934,07/06/1995 08:00:00,EMS,NIT-AMM,Ammonia-nitrogen (AS N),Total,,,,0.1,mg/l,False,0.1,,,TIM 780-86T,EMS,Actual,GW,Water,,,"[]"
8666065,35780002,Treynor-2,Pottawattamie,10240002,Well,Quaternary,41.1992755,-95.5612047,07/06/1995 08:20:00,EMS,14265-44-2,Orthophosphate (AS P),Dissolved,,,,0.5,mg/l,False,0.5,,,300.0,EMS,Actual,GW,Water,,,"[]"
8666065,35780002,Treynor-2,Pottawattamie,10240002,Well,Quaternary,41.1992755,-95.5612047,07/06/1995 08:20:00,EMS,14797-55-8,Nitrate (AS N),Total,,,,7.1,mg/l,True,0.5,,,300.0,EMS,Actual,GW,Water,,,"[]"
8666065,35780002,Treynor-2,Pottawattamie,10240002,Well,Quaternary,41.1992755,-95.5612047,07/06/1995 08:20:00,EMS,14797-65-0,Nitrite (AS N),Total,,,,0.5,mg/l,False,0.5,,,300.0,EMS,Actual,GW,Water,,,"[]"
8666065,35780002,Treynor-2,Pottawattamie,10240002,Well,Quaternary,41.1992755,-95.5612047,07/06/1995 08:20:00,EMS,NIT-NO3-NO2,Nitrate + Nitrite (AS N),Total,,,,7.7,mg/l,True,0.1,,,353.2,EMS,Actual,GW,Water,,,"[]"
8666065,35780002,Treynor-2,Pottawattamie,10240002,Well,Quaternary,41.1992755,-95.5612047,07/06/1995 08:20:00,EMS,NIT-AMM,Ammonia-nitrogen (AS N),Total,,,,0.1,mg/l,False,0.1,,,TIM 780-86T,EMS,Actual,GW,Water,,,"[]"
8666065,35780003,Treynor-3,Pottawattamie,10240002,Well,Quaternary,41.1997702,-95.5631933,07/06/1995 09:00:00,EMS,14265-44-2,Orthophosphate (AS P),Dissolved,,,,0.5,mg/l,False,0.5,,,300.0,EMS,Actual,GW,Water,,,"[]"
8666065,35780003,Treynor-3,Pottawattamie,10240002,Well,Quaternary,41.1997702,-95.5631933,07/06/1995 09:00:00,EMS,14797-55-8,Nitrate (AS N),Total,,,,0.5,mg/l,False,0.5,,,300.0,EMS,Actual,GW,Water,,,"[]"
8666065,35780003,Treynor-3,Pottawattamie,10240002,Well,Quaternary,41.1997702,-95.5631933,07/06/1995 09:00:00,EMS,14797-65-0,Nitrite (AS N),Total,,,,0.5,mg/l,False,0.5,,,300.0,EMS,Actual,GW,Water,,,"[]"
8666065,35780003,Treynor-3,Pottawattamie,10240002,Well,Quaternary,41.1997702,-95.5631933,07/06/1995 09:00:00,EMS,NIT-NO3-NO2,Nitrate + Nitrite (AS N),Total,,,,0.1,mg/l,False,0.1,,,353.2,EMS,Actual,GW,Water,,,"[]"
8666065,35780003,Treynor-3,Pottawattamie,10240002,Well,Quaternary,41.1997702,-95.5631933,07/06/1995 09:00:00,EMS,NIT-AMM,Ammonia-nitrogen (AS N),Total,,,,1.1,mg/l,True,0.1,,,TIM 780-86T,EMS,Actual,GW,Water,,,"[]"
8666065,35780001,Treynor-1,Pottawattamie,10240002,Well,Quaternary,41.1989839,-95.5611934,08/10/1995 09:00:00,EMS,14265-44-2,Orthophosphate (AS P),Dissolved,,,,0.5,mg/l,False,0.5,,,300.0,EMS,Actual,GW,Water,,,"[]"
8666065,35780001,Treynor-1,Pottawattamie,10240002,Well,Quaternary,41.1989839,-95.5611934,08/10/1995 09:00:00,EMS,14797-55-8,Nitrate (AS N),Total,,,,7.1,mg/l,True,0.5,,,300.0,EMS,Actual,GW,Water,,,"[]"
8666065,35780001,Treynor-1,Pottawattamie,10240002,Well,Quaternary,41.1989839,-95.5611934,08/10/1995 09:00:00,EMS,14797-65-0,Nitrite (AS N),Total,,,,0.5,mg/l,False,0.5,,,300.0,EMS,Actual,GW,Water,,,"[]"
8666065,35780001,Treynor-1,Pottawattamie,10240002,Well,Quaternary,41.1989839,-95.5611934,08/10/1995 09:00:00,EMS,NIT-NO3-NO2,Nitrate + Nitrite (AS N),Total,,,,6.5,mg/l,True,0.1,,,353.2,EMS,Actual,GW,Water,,,"[]"
8666065,35780001,Treynor-1,Pottawattamie,10240002,Well,Quaternary,41.1989839,-95.5611934,08/10/1995 09:00:00,EMS,NIT-AMM,Ammonia-nitrogen (AS N),Total,,,,0.1,mg/l,False,0.1,,,TIM 780-86T,EMS,Actual,GW,Water,,,"[]"
8666065,35780002,Treynor-2,Pottawattamie,10240002,Well,Quaternary,41.1992755,-95.5612047,08/10/1995 09:05:00,EMS,14265-44-2,Orthophosphate (AS P),Dissolved,,,,0.5,mg/l,False,0.5,,,300.0,EMS,Actual,GW,Water,,,"[]"
8666065,35780002,Treynor-2,Pottawattamie,10240002,Well,Quaternary,41.1992755,-95.5612047,08/10/1995 09:05:00,EMS,14797-55-8,Nitrate (AS N),Total,,,,6,mg/l,True,0.5,,,300.0,EMS,Actual,GW,Water,,,"[]"
8666065,35780002,Treynor-2,Pottawattamie,10240002,Well,Quaternary,41.1992755,-95.5612047,08/10/1995 09:05:00,EMS,14797-65-0,Nitrite (AS N),Total,,,,0.5,mg/l,False,0.5,,,300.0,EMS,Actual,GW,Water,,,"[]"
8666065,35780002,Treynor-2,Pottawattamie,10240002,Well,Quaternary,41.1992755,-95.5612047,08/10/1995 09:05:00,EMS,NIT-NO3-NO2,Nitrate + Nitrite (AS N),Total,,,,7.4,mg/l,True,0.1,,,353.2,EMS,Actual,GW,Water,,,"[]"
8666065,35780002,Treynor-2,Pottawattamie,10240002,Well,Quaternary,41.1992755,-95.5612047,08/10/1995 09:05:00,EMS,NIT-AMM,Ammonia-nitrogen (AS N),Total,,,,0.1,mg/l,True,0.1,,,TIM 780-86T,EMS,Actual,GW,Water,,,"[]"
8666065,35780003,Treynor-3,Pottawattamie,10240002,Well,Quaternary,41.1997702,-95.5631933,08/10/1995 09:55:00,EMS,14265-44-2,Orthophosphate (AS P),Dissolved,,,,0.5,mg/l,False,0.5,,,300.0,EMS,Actual,GW,Water,,,"[]"
8666065,35780003,Treynor-3,Pottawattamie,10240002,Well,Quaternary,41.1997702,-95.5631933,08/10/1995 09:55:00,EMS,14797-55-8,Nitrate (AS N),Total,,,,0.5,mg/l,False,0.5,,,300.0,EMS,Actual,GW,Water,,,"[]"
8666065,35780003,Treynor-3,Pottawattamie,10240002,Well,Quaternary,41.1997702,-95.5631933,08/10/1995 09:55:00,EMS,14797-65-0,Nitrite (AS N),Total,,,,0.5,mg/l,False,0.5,,,300.0,EMS,Actual,GW,Water,,,"[]"
8666065,35780003,Treynor-3,Pottawattamie,10240002,Well,Quaternary,41.1997702,-95.5631933,08/10/1995 09:55:00,EMS,NIT-NO3-NO2,Nitrate + Nitrite (AS N),Total,,,,0.1,mg/l,False,0.1,,,353.2,EMS,Actual,GW,Water,,,"[]"
8666065,35780003,Treynor-3,Pottawattamie,10240002,Well,Quaternary,41.1997702,-95.5631933,08/10/1995 09:55:00,EMS,NIT-AMM,Ammonia-nitrogen (AS N),Total,,,,1.1,mg/l,True,0.1,,,TIM 780-86T,EMS,Actual,GW,Water,,,"[]"
8666065,35780001,Treynor-1,Pottawattamie,10240002,Well,Quaternary,41.1989839,-95.5611934,09/13/1995 16:30:00,EMS,14797-55-8,Nitrate (AS N),Total,,,,11,mg/l,True,0.5,,,300.0,EMS,Actual,GW,Water,,,"[]"
8666065,35780001,Treynor-1,Pottawattamie,10240002,Well,Quaternary,41.1989839,-95.5611934,09/13/1995 16:30:00,EMS,14797-65-0,Nitrite (AS N),Total,,,,0.5,mg/l,False,0.5,,,300.0,EMS,Actual,GW,Water,,,"[]"
8666065,35780002,Treynor-2,Pottawattamie,10240002,Well,Quaternary,41.1992755,-95.5612047,09/13/1995 16:00:00,EMS,14797-55-8,Nitrate (AS N),Total,,,,6.7,mg/l,True,0.5,,,300.0,EMS,Actual,GW,Water,,,"[]"
8666065,35780002,Treynor-2,Pottawattamie,10240002,Well,Quaternary,41.1992755,-95.5612047,09/13/1995 16:00:00,EMS,14797-65-0,Nitrite (AS N),Total,,,,0.5,mg/l,False,0.5,,,300.0,EMS,Actual,GW,Water,,,"[]"
8666065,35780003,Treynor-3,Pottawattamie,10240002,Well,Quaternary,41.1997702,-95.5631933,09/14/1995 08:00:00,EMS,14797-55-8,Nitrate (AS N),Total,,,,0.5,mg/l,False,0.5,,,300.0,EMS,Actual,GW,Water,,,"[]"
8666065,35780003,Treynor-3,Pottawattamie,10240002,Well,Quaternary,41.1997702,-95.5631933,09/14/1995 08:00:00,EMS,14797-65-0,Nitrite (AS N),Total,,,,0.5,mg/l,False,0.5,,,300.0,EMS,Actual,GW,Water,,,"[]"
8666065,35780001,Treynor-1,Pottawattamie,10240002,Well,Quaternary,41.1989839,-95.5611934,10/09/1995 14:10:00,EMS,14265-44-2,Orthophosphate (AS P),Dissolved,,,,0.5,mg/l,False,0.5,,,300.0,EMS,Actual,GW,Water,,,"[]"
8666065,35780001,Treynor-1,Pottawattamie,10240002,Well,Quaternary,41.1989839,-95.5611934,10/09/1995 14:10:00,EMS,14797-55-8,Nitrate (AS N),Total,,,,13,mg/l,True,0.5,,,300.0,EMS,Actual,GW,Water,,,"[]"
8666065,35780001,Treynor-1,Pottawattamie,10240002,Well,Quaternary,41.1989839,-95.5611934,10/09/1995 14:10:00,EMS,14797-65-0,Nitrite (AS N),Total,,,,0.5,mg/l,False,0.5,,,300.0,EMS,Actual,GW,Water,,,"[]"
8666065,35780001,Treynor-1,Pottawattamie,10240002,Well,Quaternary,41.1989839,-95.5611934,10/09/1995 14:10:00,EMS,NIT-NO3-NO2,Nitrate + Nitrite (AS N),Total,,,,10,mg/l,True,0.1,,,353.2,EMS,Actual,GW,Water,,,"[]"
8666065,35780001,Treynor-1,Pottawattamie,10240002,Well,Quaternary,41.1989839,-95.5611934,10/09/1995 14:10:00,EMS,NIT-AMM,Ammonia-nitrogen (AS N),Total,,,,0.1,mg/l,False,0.1,,,TIM 780-86T,EMS,Actual,GW,Water,,,"[]"
8666065,35780002,Treynor-2,Pottawattamie,10240002,Well,Quaternary,41.1992755,-95.5612047,10/09/1995 14:50:00,EMS,14265-44-2,Orthophosphate (AS P),Dissolved,,,,0.5,mg/l,False,0.5,,,300.0,EMS,Actual,GW,Water,,,"[]"
8666065,35780002,Treynor-2,Pottawattamie,10240002,Well,Quaternary,41.1992755,-95.5612047,10/09/1995 14:50:00,EMS,14797-55-8,Nitrate (AS N),Total,,,,6.2,mg/l,True,0.5,,,300.0,EMS,Actual,GW,Water,,,"[]"
8666065,35780002,Treynor-2,Pottawattamie,10240002,Well,Quaternary,41.1992755,-95.5612047,10/09/1995 14:50:00,EMS,14797-65-0,Nitrite (AS N),Total,,,,0.5,mg/l,False,0.5,,,300.0,EMS,Actual,GW,Water,,,"[]"
8666065,35780002,Treynor-2,Pottawattamie,10240002,Well,Quaternary,41.1992755,-95.5612047,10/09/1995 14:50:00,EMS,NIT-NO3-NO2,Nitrate + Nitrite (AS N),Total,,,,6.6,mg/l,True,0.1,,,353.2,EMS,Actual,GW,Water,,,"[]"
8666065,35780002,Treynor-2,Pottawattamie,10240002,Well,Quaternary,41.1992755,-95.5612047,10/09/1995 14:50:00,EMS,NIT-AMM,Ammonia-nitrogen (AS N),Total,,,,0.1,mg/l,False,0.1,,,TIM 780-86T,EMS,Actual,GW,Water,,,"[]"
8666065,35780003,Treynor-3,Pottawattamie,10240002,Well,Quaternary,41.1997702,-95.5631933,10/09/1995 15:00:00,EMS,14265-44-2,Orthophosphate (AS P),Dissolved,,,,0.5,mg/l,False,0.5,,,300.0,EMS,Actual,GW,Water,,,"[]"
8666065,35780003,Treynor-3,Pottawattamie,10240002,Well,Quaternary,41.1997702,-95.5631933,10/09/1995 15:00:00,EMS,14797-55-8,Nitrate (AS N),Total,,,,0.5,mg/l,False,0.5,,,300.0,EMS,Actual,GW,Water,,,"[]"
8666065,35780003,Treynor-3,Pottawattamie,10240002,Well,Quaternary,41.1997702,-95.5631933,10/09/1995 15:00:00,EMS,14797-65-0,Nitrite (AS N),Total,,,,0.5,mg/l,False,0.5,,,300.0,EMS,Actual,GW,Water,,,"[]"
8666065,35780003,Treynor-3,Pottawattamie,10240002,Well,Quaternary,41.1997702,-95.5631933,10/09/1995 15:00:00,EMS,NIT-NO3-NO2,Nitrate + Nitrite (AS N),Total,,,,0.1,mg/l,False,0.1,,,353.2,EMS,Actual,GW,Water,,,"[]"
8666065,35780003,Treynor-3,Pottawattamie,10240002,Well,Quaternary,41.1997702,-95.5631933,10/09/1995 15:00:00,EMS,NIT-AMM,Ammonia-nitrogen (AS N),Total,,,,1.1,mg/l,True,0.1,,,TIM 780-86T,EMS,Actual,GW,Water,,,"[]"
8666065,35780001,Treynor-1,Pottawattamie,10240002,Well,Quaternary,41.1989839,-95.5611934,11/08/1995 15:00:00,EMS,14265-44-2,Orthophosphate (AS P),Dissolved,,,,0.5,mg/l,False,0.5,,,300.0,EMS,Actual,GW,Water,,,"[]"
8666065,35780001,Treynor-1,Pottawattamie,10240002,Well,Quaternary,41.1989839,-95.5611934,11/08/1995 15:00:00,EMS,14797-55-8,Nitrate (AS N),Total,,,,6.1,mg/l,True,0.5,,,300.0,EMS,Actual,GW,Water,,,"[]"
8666065,35780001,Treynor-1,Pottawattamie,10240002,Well,Quaternary,41.1989839,-95.5611934,11/08/1995 15:00:00,EMS,14797-65-0,Nitrite (AS N),Total,,,,0.5,mg/l,False,0.5,,,300.0,EMS,Actual,GW,Water,,,"[]"
8666065,35780001,Treynor-1,Pottawattamie,10240002,Well,Quaternary,41.1989839,-95.5611934,11/08/1995 15:00:00,EMS,NIT-NO3-NO2,Nitrate + Nitrite (AS N),Total,,,,6.2,mg/l,True,0.1,,,353.2,EMS,Actual,GW,Water,,,"[]"
8666065,35780001,Treynor-1,Pottawattamie,10240002,Well,Quaternary,41.1989839,-95.5611934,11/08/1995 15:00:00,EMS,NIT-AMM,Ammonia-nitrogen (AS N),Total,,,,0.1,mg/l,False,0.1,,,TIM 780-86T,EMS,Actual,GW,Water,,,"[]"
8666065,35780002,Treynor-2,Pottawattamie,10240002,Well,Quaternary,41.1992755,-95.5612047,11/08/1995 15:20:00,EMS,14265-44-2,Orthophosphate (AS P),Dissolved,,,,0.5,mg/l,False,0.5,,,300.0,EMS,Actual,GW,Water,,,"[]"
8666065,35780002,Treynor-2,Pottawattamie,10240002,Well,Quaternary,41.1992755,-95.5612047,11/08/1995 15:20:00,EMS,14797-55-8,Nitrate (AS N),Total,,,,7.1,mg/l,True,0.5,,,300.0,EMS,Actual,GW,Water,,,"[]"
8666065,35780002,Treynor-2,Pottawattamie,10240002,Well,Quaternary,41.1992755,-95.5612047,11/08/1995 15:20:00,EMS,14797-65-0,Nitrite (AS N),Total,,,,0.5,mg/l,False,0.5,,,300.0,EMS,Actual,GW,Water,,,"[]"
8666065,35780002,Treynor-2,Pottawattamie,10240002,Well,Quaternary,41.1992755,-95.5612047,11/08/1995 15:20:00,EMS,NIT-NO3-NO2,Nitrate + Nitrite (AS N),Total,,,,8.1,mg/l,True,0.1,,,353.2,EMS,Actual,GW,Water,,,"[]"
8666065,35780002,Treynor-2,Pottawattamie,10240002,Well,Quaternary,41.1992755,-95.5612047,11/08/1995 15:20:00,EMS,NIT-AMM,Ammonia-nitrogen (AS N),Total,,,,0.1,mg/l,False,0.1,,,TIM 780-86T,EMS,Actual,GW,Water,,,"[]"
8666065,35780003,Treynor-3,Pottawattamie,10240002,Well,Quaternary,41.1997702,-95.5631933,11/09/1995 08:00:00,EMS,14265-44-2,Orthophosphate (AS P),Dissolved,,,,0.5,mg/l,False,0.5,,,300.0,EMS,Actual,GW,Water,,,"[]"
8666065,35780003,Treynor-3,Pottawattamie,10240002,Well,Quaternary,41.1997702,-95.5631933,11/09/1995 08:00:00,EMS,14797-55-8,Nitrate (AS N),Total,,,,0.5,mg/l,False,0.5,,,300.0,EMS,Actual,GW,Water,,,"[]"
8666065,35780003,Treynor-3,Pottawattamie,10240002,Well,Quaternary,41.1997702,-95.5631933,11/09/1995 08:00:00,EMS,14797-65-0,Nitrite (AS N),Total,,,,0.5,mg/l,False,0.5,,,300.0,EMS,Actual,GW,Water,,,"[]"
8666065,35780003,Treynor-3,Pottawattamie,10240002,Well,Quaternary,41.1997702,-95.5631933,11/09/1995 08:00:00,EMS,NIT-NO3-NO2,Nitrate + Nitrite (AS N),Total,,,,0.1,mg/l,False,0.1,,,353.2,EMS,Actual,GW,Water,,,"[]"
8666065,35780003,Treynor-3,Pottawattamie,10240002,Well,Quaternary,41.1997702,-95.5631933,11/09/1995 08:00:00,EMS,NIT-AMM,Ammonia-nitrogen (AS N),Total,,,,1.1,mg/l,True,0.1,,,TIM 780-86T,EMS,Actual,GW,Water,,,"[]"
8666065,35780001,Treynor-1,Pottawattamie,10240002,Well,Quaternary,41.1989839,-95.5611934,12/14/1995 12:30:00,EMS,NIT-NO3-NO2,Nitrate + Nitrite (AS N),Total,,,,6.1,mg/l,True,0.1,,,353.2,EMS,Actual,GW,Water,,,"[]"
8666065,35780001,Treynor-1,Pottawattamie,10240002,Well,Quaternary,41.1989839,-95.5611934,12/14/1995 12:30:00,EMS,NIT-AMM,Ammonia-nitrogen (AS N),Total,,,,0.1,mg/l,False,0.1,,,TIM 780-86T,EMS,Actual,GW,Water,,,"[]"
8666065,35780001,Treynor-1,Pottawattamie,10240002,Well,Quaternary,41.1989839,-95.5611934,12/14/1995 12:30:00,EMS,NIT-ORGN,Organic Nitrogen (AS N),Total,,,,0.4,mg/l,True,0.1,,,TIM 786-86T,EMS,Calculated,GW,Water,,,"[]"
8666065,35780002,Treynor-2,Pottawattamie,10240002,Well,Quaternary,41.1992755,-95.5612047,12/14/1995 12:50:00,EMS,NIT-NO3-NO2,Nitrate + Nitrite (AS N),Total,,,,6.2,mg/l,True,0.1,,,353.2,EMS,Actual,GW,Water,,,"[]"
8666065,35780002,Treynor-2,Pottawattamie,10240002,Well,Quaternary,41.1992755,-95.5612047,12/14/1995 12:50:00,EMS,NIT-AMM,Ammonia-nitrogen (AS N),Total,,,,0.1,mg/l,False,0.1,,,TIM 780-86T,EMS,Actual,GW,Water,,,"[]"
8666065,35780002,Treynor-2,Pottawattamie,10240002,Well,Quaternary,41.1992755,-95.5612047,12/14/1995 12:50:00,EMS,NIT-ORGN,Organic Nitrogen (AS N),Total,,,,0.7,mg/l,True,0.1,,,TIM 786-86T,EMS,Calculated,GW,Water,,,"[]"
8666065,35780003,Treynor-3,Pottawattamie,10240002,Well,Quaternary,41.1997702,-95.5631933,12/14/1995 13:30:00,EMS,NIT-NO3-NO2,Nitrate + Nitrite (AS N),Total,,,,0.1,mg/l,False,0.1,,,353.2,EMS,Actual,GW,Water,,,"[]"
8666065,35780003,Treynor-3,Pottawattamie,10240002,Well,Quaternary,41.1997702,-95.5631933,12/14/1995 13:30:00,EMS,NIT-AMM,Ammonia-nitrogen (AS N),Total,,,,1.3,mg/l,True,0.1,,,TIM 780-86T,EMS,Actual,GW,Water,,,"[]"
8666065,35780003,Treynor-3,Pottawattamie,10240002,Well,Quaternary,41.1997702,-95.5631933,12/14/1995 13:30:00,EMS,NIT-ORGN,Organic Nitrogen (AS N),Total,,,,0.4,mg/l,True,0.1,,,TIM 786-86T,EMS,Calculated,GW,Water,,,"[]"
8666065,35780001,Treynor-1,Pottawattamie,10240002,Well,Quaternary,41.1989839,-95.5611934,05/05/1995 07:20:00,EMS,14265-44-2,Orthophosphate (AS P),Dissolved,,,,0.5,mg/l,False,0.5,,,300.0,EMS,Actual,GW,Water,,,"[]"
8666065,35780001,Treynor-1,Pottawattamie,10240002,Well,Quaternary,41.1989839,-95.5611934,05/05/1995 07:20:00,EMS,14797-55-8,Nitrate (AS N),Total,,,,9.4,mg/l,True,0.5,,,300.0,EMS,Actual,GW,Water,,,"[]"
8666065,35780001,Treynor-1,Pottawattamie,10240002,Well,Quaternary,41.1989839,-95.5611934,05/05/1995 07:20:00,EMS,14797-65-0,Nitrite (AS N),Total,,,,0.5,mg/l,False,0.5,,,300.0,EMS,Actual,GW,Water,,,"[]"
8666065,35780001,Treynor-1,Pottawattamie,10240002,Well,Quaternary,41.1989839,-95.5611934,05/05/1995 07:20:00,EMS,NIT-NO3-NO2,Nitrate + Nitrite (AS N),Total,,,,9,mg/l,True,0.1,,,353.2,EMS,Actual,GW,Water,,,"[]"
8666065,35780001,Treynor-1,Pottawattamie,10240002,Well,Quaternary,41.1989839,-95.5611934,05/05/1995 07:20:00,EMS,NIT-AMM,Ammonia-nitrogen (AS N),Total,,,,0.1,mg/l,False,0.1,,,TIM 780-86T,EMS,Actual,GW,Water,,,"[]"
8666065,35780002,Treynor-2,Pottawattamie,10240002,Well,Quaternary,41.1992755,-95.5612047,05/05/1995 08:00:00,EMS,14265-44-2,Orthophosphate (AS P),Dissolved,,,,0.5,mg/l,False,0.5,,,300.0,EMS,Actual,GW,Water,,,"[]"
8666065,35780002,Treynor-2,Pottawattamie,10240002,Well,Quaternary,41.1992755,-95.5612047,05/05/1995 08:00:00,EMS,14797-55-8,Nitrate (AS N),Total,,,,7.7,mg/l,True,0.5,,,300.0,EMS,Actual,GW,Water,,,"[]"
8666065,35780002,Treynor-2,Pottawattamie,10240002,Well,Quaternary,41.1992755,-95.5612047,05/05/1995 08:00:00,EMS,14797-65-0,Nitrite (AS N),Total,,,,0.5,mg/l,False,0.5,,,300.0,EMS,Actual,GW,Water,,,"[]"
8666065,35780002,Treynor-2,Pottawattamie,10240002,Well,Quaternary,41.1992755,-95.5612047,05/05/1995 08:00:00,EMS,NIT-NO3-NO2,Nitrate + Nitrite (AS N),Total,,,,7.6,mg/l,True,0.1,,,353.2,EMS,Actual,GW,Water,,,"[]"
8666065,35780002,Treynor-2,Pottawattamie,10240002,Well,Quaternary,41.1992755,-95.5612047,05/05/1995 08:00:00,EMS,NIT-AMM,Ammonia-nitrogen (AS N),Total,,,,0.1,mg/l,False,0.1,,,TIM 780-86T,EMS,Actual,GW,Water,,,"[]"
8666065,35780003,Treynor-3,Pottawattamie,10240002,Well,Quaternary,41.1997702,-95.5631933,05/05/1995 08:30:00,EMS,14265-44-2,Orthophosphate (AS P),Dissolved,,,,0.5,mg/l,False,0.5,,,300.0,EMS,Actual,GW,Water,,,"[]"
8666065,35780003,Treynor-3,Pottawattamie,10240002,Well,Quaternary,41.1997702,-95.5631933,05/05/1995 08:30:00,EMS,14797-55-8,Nitrate (AS N),Total,,,,0.5,mg/l,False,0.5,,,300.0,EMS,Actual,GW,Water,,,"[]"
8666065,35780003,Treynor-3,Pottawattamie,10240002,Well,Quaternary,41.1997702,-95.5631933,05/05/1995 08:30:00,EMS,14797-65-0,Nitrite (AS N),Total,,,,0.5,mg/l,False,0.5,,,300.0,EMS,Actual,GW,Water,,,"[]"
8666065,35780003,Treynor-3,Pottawattamie,10240002,Well,Quaternary,41.1997702,-95.5631933,05/05/1995 08:30:00,EMS,NIT-NO3-NO2,Nitrate + Nitrite (AS N),Total,,,,0.1,mg/l,False,0.1,,,353.2,EMS,Actual,GW,Water,,,"[]"
8666065,35780003,Treynor-3,Pottawattamie,10240002,Well,Quaternary,41.1997702,-95.5631933,05/05/1995 08:30:00,EMS,NIT-AMM,Ammonia-nitrogen (AS N),Total,,,,0.9,mg/l,True,0.1,,,TIM 780-86T,EMS,Actual,GW,Water,,,"[]"
8666065,35780001,Treynor-1,Pottawattamie,10240002,Well,Quaternary,41.1989839,-95.5611934,01/10/1996 12:40:00,EMS,NIT-NO3-NO2,Nitrate + Nitrite (AS N),Total,,,,6.1,mg/l,True,0.1,,,353.2,EMS,Actual,GW,Water,,,"[]"
8666065,35780001,Treynor-1,Pottawattamie,10240002,Well,Quaternary,41.1989839,-95.5611934,01/10/1996 12:40:00,EMS,NIT-AMM,Ammonia-nitrogen (AS N),Total,,,,0.1,mg/l,False,0.1,,,TIM 780-86T,EMS,Actual,GW,Water,,,"[]"
8666065,35780002,Treynor-2,Pottawattamie,10240002,Well,Quaternary,41.1992755,-95.5612047,01/10/1996 13:00:00,EMS,NIT-NO3-NO2,Nitrate + Nitrite (AS N),Total,,,,8.2,mg/l,True,0.1,,,353.2,EMS,Actual,GW,Water,,,"[]"
8666065,35780002,Treynor-2,Pottawattamie,10240002,Well,Quaternary,41.1992755,-95.5612047,01/10/1996 13:00:00,EMS,NIT-AMM,Ammonia-nitrogen (AS N),Total,,,,0.1,mg/l,False,0.1,,,TIM 780-86T,EMS,Actual,GW,Water,,,"[]"
8666065,35780003,Treynor-3,Pottawattamie,10240002,Well,Quaternary,41.1997702,-95.5631933,01/10/1996 13:25:00,EMS,NIT-NO3-NO2,Nitrate + Nitrite (AS N),Total,,,,0.1,mg/l,False,0.1,,,353.2,EMS,Actual,GW,Water,,,"[]"
8666065,35780003,Treynor-3,Pottawattamie,10240002,Well,Quaternary,41.1997702,-95.5631933,01/10/1996 13:25:00,EMS,NIT-AMM,Ammonia-nitrogen (AS N),Total,,,,1.2,mg/l,True,0.1,,,TIM 780-86T,EMS,Actual,GW,Water,,,"[]"
8666065,35780001,Treynor-1,Pottawattamie,10240002,Well,Quaternary,41.1989839,-95.5611934,03/21/1996 11:30:00,EMS,14265-44-2,Orthophosphate (AS P),Dissolved,,,,0.5,mg/l,False,0.5,,,300.0,EMS,Actual,GW,Water,,,"[]"
8666065,35780001,Treynor-1,Pottawattamie,10240002,Well,Quaternary,41.1989839,-95.5611934,03/21/1996 11:30:00,EMS,14797-55-8,Nitrate (AS N),Total,,,,5.1,mg/l,True,0.5,,,300.0,EMS,Actual,GW,Water,,,"[]"
8666065,35780001,Treynor-1,Pottawattamie,10240002,Well,Quaternary,41.1989839,-95.5611934,03/21/1996 11:30:00,EMS,14797-65-0,Nitrite (AS N),Total,,,,0.5,mg/l,False,0.5,,,300.0,EMS,Actual,GW,Water,,,"[]"
8666065,35780001,Treynor-1,Pottawattamie,10240002,Well,Quaternary,41.1989839,-95.5611934,03/21/1996 11:30:00,EMS,NIT-NO3-NO2,Nitrate + Nitrite (AS N),Total,,,,5.7,mg/l,True,0.1,,,353.2,EMS,Actual,GW,Water,,,"[]"
8666065,35780001,Treynor-1,Pottawattamie,10240002,Well,Quaternary,41.1989839,-95.5611934,03/21/1996 11:30:00,EMS,NIT-AMM,Ammonia-nitrogen (AS N),Total,,,,0.1,mg/l,False,0.1,,,TIM 780-86T,EMS,Actual,GW,Water,,,"[]"
8666065,35780002,Treynor-2,Pottawattamie,10240002,Well,Quaternary,41.1992755,-95.5612047,03/21/1996 11:55:00,EMS,14265-44-2,Orthophosphate (AS P),Dissolved,,,,0.5,mg/l,False,0.5,,,300.0,EMS,Actual,GW,Water,,,"[]"
8666065,35780002,Treynor-2,Pottawattamie,10240002,Well,Quaternary,41.1992755,-95.5612047,03/21/1996 11:55:00,EMS,14797-55-8,Nitrate (AS N),Total,,,,6.6,mg/l,True,0.5,,,300.0,EMS,Actual,GW,Water,,,"[]"
8666065,35780002,Treynor-2,Pottawattamie,10240002,Well,Quaternary,41.1992755,-95.5612047,03/21/1996 11:55:00,EMS,14797-65-0,Nitrite (AS N),Total,,,,0.5,mg/l,False,0.5,,,300.0,EMS,Actual,GW,Water,,,"[]"
8666065,35780002,Treynor-2,Pottawattamie,10240002,Well,Quaternary,41.1992755,-95.5612047,03/21/1996 11:55:00,EMS,NIT-NO3-NO2,Nitrate + Nitrite (AS N),Total,,,,7.3,mg/l,True,0.1,,,353.2,EMS,Actual,GW,Water,,,"[]"
8666065,35780002,Treynor-2,Pottawattamie,10240002,Well,Quaternary,41.1992755,-95.5612047,03/21/1996 11:55:00,EMS,NIT-AMM,Ammonia-nitrogen (AS N),Total,,,,0.1,mg/l,False,0.1,,,TIM 780-86T,EMS,Actual,GW,Water,,,"[]"
8666065,35780003,Treynor-3,Pottawattamie,10240002,Well,Quaternary,41.1997702,-95.5631933,03/21/1996 12:20:00,EMS,14265-44-2,Orthophosphate (AS P),Dissolved,,,,0.5,mg/l,False,0.5,,,300.0,EMS,Actual,GW,Water,,,"[]"
8666065,35780003,Treynor-3,Pottawattamie,10240002,Well,Quaternary,41.1997702,-95.5631933,03/21/1996 12:20:00,EMS,14797-55-8,Nitrate (AS N),Total,,,,0.5,mg/l,False,0.5,,,300.0,EMS,Actual,GW,Water,,,"[]"
8666065,35780003,Treynor-3,Pottawattamie,10240002,Well,Quaternary,41.1997702,-95.5631933,03/21/1996 12:20:00,EMS,14797-65-0,Nitrite (AS N),Total,,,,0.5,mg/l,False,0.5,,,300.0,EMS,Actual,GW,Water,,,"[]"
8666065,35780003,Treynor-3,Pottawattamie,10240002,Well,Quaternary,41.1997702,-95.5631933,03/21/1996 12:20:00,EMS,NIT-NO3-NO2,Nitrate + Nitrite (AS N),Total,,,,0.1,mg/l,False,0.1,,,353.2,EMS,Actual,GW,Water,,,"[]"
8666065,35780003,Treynor-3,Pottawattamie,10240002,Well,Quaternary,41.1997702,-95.5631933,03/21/1996 12:20:00,EMS,NIT-AMM,Ammonia-nitrogen (AS N),Total,,,,1,mg/l,True,0.1,,,TIM 780-86T,EMS,Actual,GW,Water,,,"[]"
8666065,35780001,Treynor-1,Pottawattamie,10240002,Well,Quaternary,41.1989839,-95.5611934,08/01/1996 12:15:00,EMS,14265-44-2,Orthophosphate (AS P),Dissolved,,,,0.5,mg/l,False,0.5,,,300.0,EMS,Actual,GW,Water,,,"[]"
8666065,35780001,Treynor-1,Pottawattamie,10240002,Well,Quaternary,41.1989839,-95.5611934,08/01/1996 12:15:00,EMS,14797-55-8,Nitrate (AS N),Total,,,,5.4,mg/l,True,0.5,,,300.0,EMS,Actual,GW,Water,,,"[]"
8666065,35780001,Treynor-1,Pottawattamie,10240002,Well,Quaternary,41.1989839,-95.5611934,08/01/1996 12:15:00,EMS,14797-65-0,Nitrite (AS N),Total,,,,0.5,mg/l,False,0.5,,,300.0,EMS,Actual,GW,Water,,,"[]"
8666065,35780001,Treynor-1,Pottawattamie,10240002,Well,Quaternary,41.1989839,-95.5611934,08/01/1996 12:15:00,EMS,NIT-NO3-NO2,Nitrate + Nitrite (AS N),Total,,,,7.5,mg/l,True,0.1,,,353.2,EMS,Actual,GW,Water,,,"[]"
8666065,35780001,Treynor-1,Pottawattamie,10240002,Well,Quaternary,41.1989839,-95.5611934,08/01/1996 12:15:00,EMS,NIT-AMM,Ammonia-nitrogen (AS N),Total,,,,0.1,mg/l,False,0.1,,,TIM 780-86T,EMS,Actual,GW,Water,,,"[]"
8666065,35780002,Treynor-2,Pottawattamie,10240002,Well,Quaternary,41.1992755,-95.5612047,08/01/1996 12:00:00,EMS,14265-44-2,Orthophosphate (AS P),Dissolved,,,,0.5,mg/l,False,0.5,,,300.0,EMS,Actual,GW,Water,,,"[]"
8666065,35780002,Treynor-2,Pottawattamie,10240002,Well,Quaternary,41.1992755,-95.5612047,08/01/1996 12:00:00,EMS,14797-55-8,Nitrate (AS N),Total,,,,5,mg/l,True,0.5,,,300.0,EMS,Actual,GW,Water,,,"[]"
8666065,35780002,Treynor-2,Pottawattamie,10240002,Well,Quaternary,41.1992755,-95.5612047,08/01/1996 12:00:00,EMS,14797-65-0,Nitrite (AS N),Total,,,,0.5,mg/l,False,0.5,,,300.0,EMS,Actual,GW,Water,,,"[]"
8666065,35780002,Treynor-2,Pottawattamie,10240002,Well,Quaternary,41.1992755,-95.5612047,08/01/1996 12:00:00,EMS,NIT-NO3-NO2,Nitrate + Nitrite (AS N),Total,,,,5.4,mg/l,True,0.1,,,353.2,EMS,Actual,GW,Water,,,"[]"
8666065,35780002,Treynor-2,Pottawattamie,10240002,Well,Quaternary,41.1992755,-95.5612047,08/01/1996 12:00:00,EMS,NIT-AMM,Ammonia-nitrogen (AS N),Total,,,,0.1,mg/l,False,0.1,,,TIM 780-86T,EMS,Actual,GW,Water,,,"[]"
8666065,35780003,Treynor-3,Pottawattamie,10240002,Well,Quaternary,41.1997702,-95.5631933,08/01/1996 11:20:00,EMS,14265-44-2,Orthophosphate (AS P),Dissolved,,,,0.5,mg/l,False,0.5,,,300.0,EMS,Actual,GW,Water,,,"[]"
8666065,35780003,Treynor-3,Pottawattamie,10240002,Well,Quaternary,41.1997702,-95.5631933,08/01/1996 11:20:00,EMS,14797-55-8,Nitrate (AS N),Total,,,,0.5,mg/l,False,0.5,,,300.0,EMS,Actual,GW,Water,,,"[]"
8666065,35780003,Treynor-3,Pottawattamie,10240002,Well,Quaternary,41.1997702,-95.5631933,08/01/1996 11:20:00,EMS,14797-65-0,Nitrite (AS N),Total,,,,0.5,mg/l,False,0.5,,,300.0,EMS,Actual,GW,Water,,,"[]"
8666065,35780003,Treynor-3,Pottawattamie,10240002,Well,Quaternary,41.1997702,-95.5631933,08/01/1996 11:20:00,EMS,NIT-NO3-NO2,Nitrate + Nitrite (AS N),Total,,,,0.4,mg/l,True,0.1,,,353.2,EMS,Actual,GW,Water,,,"[]"
8666065,35780003,Treynor-3,Pottawattamie,10240002,Well,Quaternary,41.1997702,-95.5631933,08/01/1996 11:20:00,EMS,NIT-AMM,Ammonia-nitrogen (AS N),Total,,,,1.5,mg/l,True,0.1,,,TIM 780-86T,EMS,Actual,GW,Water,,,"[]"
8666065,35780001,Treynor-1,Pottawattamie,10240002,Well,Quaternary,41.1989839,-95.5611934,12/04/1996 13:35:00,EMS,14265-44-2,Orthophosphate (AS P),Dissolved,,,,0.5,mg/l,False,0.5,,,300.0,EMS,Actual,GW,Water,,,"[]"
8666065,35780001,Treynor-1,Pottawattamie,10240002,Well,Quaternary,41.1989839,-95.5611934,12/04/1996 13:35:00,EMS,14797-55-8,Nitrate (AS N),Total,,,,7.8,mg/l,True,0.5,,,300.0,EMS,Actual,GW,Water,,,"[]"
8666065,35780001,Treynor-1,Pottawattamie,10240002,Well,Quaternary,41.1989839,-95.5611934,12/04/1996 13:35:00,EMS,14797-65-0,Nitrite (AS N),Total,,,,0.5,mg/l,False,0.5,,,300.0,EMS,Actual,GW,Water,,,"[]"
8666065,35780001,Treynor-1,Pottawattamie,10240002,Well,Quaternary,41.1989839,-95.5611934,12/04/1996 13:35:00,EMS,NIT-NO3-NO2,Nitrate + Nitrite (AS N),Total,,,,8.8,mg/l,True,0.1,,,353.2,EMS,Actual,GW,Water,,,"[]"
8666065,35780001,Treynor-1,Pottawattamie,10240002,Well,Quaternary,41.1989839,-95.5611934,12/04/1996 13:35:00,EMS,NIT-AMM,Ammonia-nitrogen (AS N),Total,,,,0.1,mg/l,False,0.1,,,TIM 780-86T,EMS,Actual,GW,Water,,,"[]"
8666065,35780002,Treynor-2,Pottawattamie,10240002,Well,Quaternary,41.1992755,-95.5612047,12/04/1996 13:10:00,EMS,14265-44-2,Orthophosphate (AS P),Dissolved,,,,0.5,mg/l,False,0.5,,,300.0,EMS,Actual,GW,Water,,,"[]"
8666065,35780002,Treynor-2,Pottawattamie,10240002,Well,Quaternary,41.1992755,-95.5612047,12/04/1996 13:10:00,EMS,14797-55-8,Nitrate (AS N),Total,,,,4.8,mg/l,True,0.5,,,300.0,EMS,Actual,GW,Water,,,"[]"
8666065,35780002,Treynor-2,Pottawattamie,10240002,Well,Quaternary,41.1992755,-95.5612047,12/04/1996 13:10:00,EMS,14797-65-0,Nitrite (AS N),Total,,,,0.5,mg/l,False,0.5,,,300.0,EMS,Actual,GW,Water,,,"[]"
8666065,35780002,Treynor-2,Pottawattamie,10240002,Well,Quaternary,41.1992755,-95.5612047,12/04/1996 13:10:00,EMS,NIT-NO3-NO2,Nitrate + Nitrite (AS N),Total,,,,5.1,mg/l,True,0.1,,,353.2,EMS,Actual,GW,Water,,,"[]"
8666065,35780002,Treynor-2,Pottawattamie,10240002,Well,Quaternary,41.1992755,-95.5612047,12/04/1996 13:10:00,EMS,NIT-AMM,Ammonia-nitrogen (AS N),Total,,,,0.1,mg/l,False,0.1,,,TIM 780-86T,EMS,Actual,GW,Water,,,"[]"
8666065,35780003,Treynor-3,Pottawattamie,10240002,Well,Quaternary,41.1997702,-95.5631933,12/04/1996 12:20:00,EMS,14265-44-2,Orthophosphate (AS P),Dissolved,,,,0.5,mg/l,False,0.5,,,300.0,EMS,Actual,GW,Water,,,"[]"
8666065,35780003,Treynor-3,Pottawattamie,10240002,Well,Quaternary,41.1997702,-95.5631933,12/04/1996 12:20:00,EMS,14797-55-8,Nitrate (AS N),Total,,,,0.5,mg/l,False,0.5,,,300.0,EMS,Actual,GW,Water,,,"[]"
8666065,35780003,Treynor-3,Pottawattamie,10240002,Well,Quaternary,41.1997702,-95.5631933,12/04/1996 12:20:00,EMS,14797-65-0,Nitrite (AS N),Total,,,,0.5,mg/l,False,0.5,,,300.0,EMS,Actual,GW,Water,,,"[]"
8666065,35780003,Treynor-3,Pottawattamie,10240002,Well,Quaternary,41.1997702,-95.5631933,12/04/1996 12:20:00,EMS,NIT-NO3-NO2,Nitrate + Nitrite (AS N),Total,,,,0.1,mg/l,False,0.1,,,353.2,EMS,Actual,GW,Water,,,"[]"
8666065,35780003,Treynor-3,Pottawattamie,10240002,Well,Quaternary,41.1997702,-95.5631933,12/04/1996 12:20:00,EMS,NIT-AMM,Ammonia-nitrogen (AS N),Total,,,,0.9,mg/l,True,0.1,,,TIM 780-86T,EMS,Actual,GW,Water,,,"[]"
8666065,35780001,Treynor-1,Pottawattamie,10240002,Well,Quaternary,41.1989839,-95.5611934,03/24/1997 12:30:00,EMS,14265-44-2,Orthophosphate (AS P),Dissolved,,,,0.5,mg/l,False,0.5,,,300.0,EMS,Actual,GW,Water,,,"[]"
8666065,35780001,Treynor-1,Pottawattamie,10240002,Well,Quaternary,41.1989839,-95.5611934,03/24/1997 12:30:00,EMS,14797-55-8,Nitrate (AS N),Total,,,,7.4,mg/l,True,0.5,,,300.0,EMS,Actual,GW,Water,,,"[]"
8666065,35780001,Treynor-1,Pottawattamie,10240002,Well,Quaternary,41.1989839,-95.5611934,03/24/1997 12:30:00,EMS,14797-65-0,Nitrite (AS N),Total,,,,0.5,mg/l,False,0.5,,,300.0,EMS,Actual,GW,Water,,,"[]"
8666065,35780001,Treynor-1,Pottawattamie,10240002,Well,Quaternary,41.1989839,-95.5611934,03/24/1997 12:30:00,EMS,NIT-NO3-NO2,Nitrate + Nitrite (AS N),Total,,,,8,mg/l,True,0.1,,,353.2,EMS,Actual,GW,Water,,,"[]"
8666065,35780001,Treynor-1,Pottawattamie,10240002,Well,Quaternary,41.1989839,-95.5611934,03/24/1997 12:30:00,EMS,NIT-AMM,Ammonia-nitrogen (AS N),Total,,,,0.1,mg/l,False,0.1,,,TIM 780-86T,EMS,Actual,GW,Water,,,"[]"
8666065,35780002,Treynor-2,Pottawattamie,10240002,Well,Quaternary,41.1992755,-95.5612047,03/24/1997 12:15:00,EMS,14265-44-2,Orthophosphate (AS P),Dissolved,,,,0.5,mg/l,False,0.5,,,300.0,EMS,Actual,GW,Water,,,"[]"
8666065,35780002,Treynor-2,Pottawattamie,10240002,Well,Quaternary,41.1992755,-95.5612047,03/24/1997 12:15:00,EMS,14797-55-8,Nitrate (AS N),Total,,,,3.4,mg/l,True,0.5,,,300.0,EMS,Actual,GW,Water,,,"[]"
8666065,35780002,Treynor-2,Pottawattamie,10240002,Well,Quaternary,41.1992755,-95.5612047,03/24/1997 12:15:00,EMS,14797-65-0,Nitrite (AS N),Total,,,,0.5,mg/l,False,0.5,,,300.0,EMS,Actual,GW,Water,,,"[]"
8666065,35780002,Treynor-2,Pottawattamie,10240002,Well,Quaternary,41.1992755,-95.5612047,03/24/1997 12:15:00,EMS,NIT-NO3-NO2,Nitrate + Nitrite (AS N),Total,,,,4,mg/l,True,0.1,,,353.2,EMS,Actual,GW,Water,,,"[]"
8666065,35780002,Treynor-2,Pottawattamie,10240002,Well,Quaternary,41.1992755,-95.5612047,03/24/1997 12:15:00,EMS,NIT-AMM,Ammonia-nitrogen (AS N),Total,,,,0.1,mg/l,False,0.1,,,TIM 780-86T,EMS,Actual,GW,Water,,,"[]"
8666065,35780003,Treynor-3,Pottawattamie,10240002,Well,Quaternary,41.1997702,-95.5631933,03/24/1997 12:00:00,EMS,14265-44-2,Orthophosphate (AS P),Dissolved,,,,0.5,mg/l,False,0.5,,,300.0,EMS,Actual,GW,Water,,,"[]"
8666065,35780003,Treynor-3,Pottawattamie,10240002,Well,Quaternary,41.1997702,-95.5631933,03/24/1997 12:00:00,EMS,14797-55-8,Nitrate (AS N),Total,,,,0.5,mg/l,False,0.5,,,300.0,EMS,Actual,GW,Water,,,"[]"
8666065,35780003,Treynor-3,Pottawattamie,10240002,Well,Quaternary,41.1997702,-95.5631933,03/24/1997 12:00:00,EMS,14797-65-0,Nitrite (AS N),Total,,,,0.5,mg/l,False,0.5,,,300.0,EMS,Actual,GW,Water,,,"[]"
8666065,35780003,Treynor-3,Pottawattamie,10240002,Well,Quaternary,41.1997702,-95.5631933,03/24/1997 12:00:00,EMS,NIT-NO3-NO2,Nitrate + Nitrite (AS N),Total,,,,0.1,mg/l,False,0.1,,,353.2,EMS,Actual,GW,Water,,,"[]"
8666065,35780003,Treynor-3,Pottawattamie,10240002,Well,Quaternary,41.1997702,-95.5631933,03/24/1997 12:00:00,EMS,NIT-AMM,Ammonia-nitrogen (AS N),Total,,,,1,mg/l,True,0.1,,,TIM 780-86T,EMS,Actual,GW,Water,,,"[]"
8666065,35780001,Treynor-1,Pottawattamie,10240002,Well,Quaternary,41.1989839,-95.5611934,06/14/1997 16:45:00,EMS,14265-44-2,Orthophosphate (AS P),Dissolved,,,,0.5,mg/l,False,0.5,,,300.0,EMS,Actual,GW,Water,,,"[]"
8666065,35780001,Treynor-1,Pottawattamie,10240002,Well,Quaternary,41.1989839,-95.5611934,06/14/1997 16:45:00,EMS,14797-55-8,Nitrate (AS N),Total,,,,5.5,mg/l,True,0.5,,,300.0,EMS,Actual,GW,Water,,,"[]"
8666065,35780001,Treynor-1,Pottawattamie,10240002,Well,Quaternary,41.1989839,-95.5611934,06/14/1997 16:45:00,EMS,14797-65-0,Nitrite (AS N),Total,,,,0.5,mg/l,False,0.5,,,300.0,EMS,Actual,GW,Water,,,"[]"
8666065,35780001,Treynor-1,Pottawattamie,10240002,Well,Quaternary,41.1989839,-95.5611934,06/14/1997 16:45:00,EMS,NIT-NO3-NO2,Nitrate + Nitrite (AS N),Total,,,,6.1,mg/l,True,0.1,,,353.2,EMS,Actual,GW,Water,,,"[]"
8666065,35780001,Treynor-1,Pottawattamie,10240002,Well,Quaternary,41.1989839,-95.5611934,06/14/1997 16:45:00,EMS,NIT-AMM,Ammonia-nitrogen (AS N),Total,,,,0.1,mg/l,False,0.1,,,TIM 780-86T,EMS,Actual,GW,Water,,,"[]"
8666065,35780002,Treynor-2,Pottawattamie,10240002,Well,Quaternary,41.1992755,-95.5612047,06/14/1997 16:35:00,EMS,14265-44-2,Orthophosphate (AS P),Dissolved,,,,0.5,mg/l,False,0.5,,,300.0,EMS,Actual,GW,Water,,,"[]"
8666065,35780002,Treynor-2,Pottawattamie,10240002,Well,Quaternary,41.1992755,-95.5612047,06/14/1997 16:35:00,EMS,14797-55-8,Nitrate (AS N),Total,,,,1.2,mg/l,True,0.5,,,300.0,EMS,Actual,GW,Water,,,"[]"
8666065,35780002,Treynor-2,Pottawattamie,10240002,Well,Quaternary,41.1992755,-95.5612047,06/14/1997 16:35:00,EMS,14797-65-0,Nitrite (AS N),Total,,,,0.5,mg/l,False,0.5,,,300.0,EMS,Actual,GW,Water,,,"[]"
8666065,35780002,Treynor-2,Pottawattamie,10240002,Well,Quaternary,41.1992755,-95.5612047,06/14/1997 16:35:00,EMS,NIT-NO3-NO2,Nitrate + Nitrite (AS N),Total,,,,1.3,mg/l,True,0.1,,,353.2,EMS,Actual,GW,Water,,,"[]"
8666065,35780002,Treynor-2,Pottawattamie,10240002,Well,Quaternary,41.1992755,-95.5612047,06/14/1997 16:35:00,EMS,NIT-AMM,Ammonia-nitrogen (AS N),Total,,,,0.2,mg/l,True,0.1,,,TIM 780-86T,EMS,Actual,GW,Water,,,"[]"
8666065,35780003,Treynor-3,Pottawattamie,10240002,Well,Quaternary,41.1997702,-95.5631933,06/14/1997 17:15:00,EMS,14265-44-2,Orthophosphate (AS P),Dissolved,,,,0.5,mg/l,False,0.5,,,300.0,EMS,Actual,GW,Water,,,"[]"
8666065,35780003,Treynor-3,Pottawattamie,10240002,Well,Quaternary,41.1997702,-95.5631933,06/14/1997 17:15:00,EMS,14797-55-8,Nitrate (AS N),Total,,,,0.5,mg/l,False,0.5,,,300.0,EMS,Actual,GW,Water,,,"[]"
8666065,35780003,Treynor-3,Pottawattamie,10240002,Well,Quaternary,41.1997702,-95.5631933,06/14/1997 17:15:00,EMS,14797-65-0,Nitrite (AS N),Total,,,,0.5,mg/l,False,0.5,,,300.0,EMS,Actual,GW,Water,,,"[]"
8666065,35780003,Treynor-3,Pottawattamie,10240002,Well,Quaternary,41.1997702,-95.5631933,06/14/1997 17:15:00,EMS,NIT-NO3-NO2,Nitrate + Nitrite (AS N),Total,,,,0.1,mg/l,True,0.1,,,353.2,EMS,Actual,GW,Water,,,"[]"
8666065,35780003,Treynor-3,Pottawattamie,10240002,Well,Quaternary,41.1997702,-95.5631933,06/14/1997 17:15:00,EMS,NIT-AMM,Ammonia-nitrogen (AS N),Total,,,,1.2,mg/l,True,0.1,,,TIM 780-86T,EMS,Actual,GW,Water,,,"[]"
8666065,35780001,Treynor-1,Pottawattamie,10240002,Well,Quaternary,41.1989839,-95.5611934,10/01/1997 17:45:00,EMS,14265-44-2,Orthophosphate (AS P),Dissolved,,,,0.5,mg/l,False,0.5,,,300.0,EMS,Actual,GW,Water,,,"[]"
8666065,35780001,Treynor-1,Pottawattamie,10240002,Well,Quaternary,41.1989839,-95.5611934,10/01/1997 17:45:00,EMS,NIT-NO3-NO2,Nitrate + Nitrite (AS N),Total,,,,9.4,mg/l,True,0.1,,,353.2,EMS,Actual,GW,Water,,,"[]"
8666065,35780001,Treynor-1,Pottawattamie,10240002,Well,Quaternary,41.1989839,-95.5611934,10/01/1997 17:45:00,EMS,NIT-AMM,Ammonia-nitrogen (AS N),Total,,,,0.1,mg/l,False,0.1,,,TIM 780-86T,EMS,Actual,GW,Water,,,"[]"
8666065,35780001,Treynor-1,Pottawattamie,10240002,Well,Quaternary,41.1989839,-95.5611934,10/01/1997 17:45:00,EMS,NIT-ORGN,Organic Nitrogen (AS N),Total,,,,0.3,mg/l,True,0.1,,,TIM 786-86T,EMS,Calculated,GW,Water,,,"[]"
8666065,35780002,Treynor-2,Pottawattamie,10240002,Well,Quaternary,41.1992755,-95.5612047,10/01/1997 16:00:00,EMS,14265-44-2,Orthophosphate (AS P),Dissolved,,,,0.5,mg/l,False,0.5,,,300.0,EMS,Actual,GW,Water,,,"[]"
8666065,35780002,Treynor-2,Pottawattamie,10240002,Well,Quaternary,41.1992755,-95.5612047,10/01/1997 16:00:00,EMS,NIT-NO3-NO2,Nitrate + Nitrite (AS N),Total,,,,1.3,mg/l,True,0.1,,,353.2,EMS,Actual,GW,Water,,,"[]"
8666065,35780002,Treynor-2,Pottawattamie,10240002,Well,Quaternary,41.1992755,-95.5612047,10/01/1997 16:00:00,EMS,NIT-AMM,Ammonia-nitrogen (AS N),Total,,,,0.1,mg/l,False,0.1,,,TIM 780-86T,EMS,Actual,GW,Water,,,"[]"
8666065,35780002,Treynor-2,Pottawattamie,10240002,Well,Quaternary,41.1992755,-95.5612047,10/01/1997 16:00:00,EMS,NIT-ORGN,Organic Nitrogen (AS N),Total,,,,1.3,mg/l,True,0.1,,,TIM 786-86T,EMS,Calculated,GW,Water,,,"[]"
8666065,35780003,Treynor-3,Pottawattamie,10240002,Well,Quaternary,41.1997702,-95.5631933,10/02/1997 15:40:00,EMS,14265-44-2,Orthophosphate (AS P),Dissolved,,,,0.5,mg/l,False,0.5,,,300.0,EMS,Actual,GW,Water,,,"[]"
8666065,35780003,Treynor-3,Pottawattamie,10240002,Well,Quaternary,41.1997702,-95.5631933,10/02/1997 15:40:00,EMS,NIT-NO3-NO2,Nitrate + Nitrite (AS N),Total,,,,0.1,mg/l,False,0.1,,,353.2,EMS,Actual,GW,Water,,,"[]"
8666065,35780003,Treynor-3,Pottawattamie,10240002,Well,Quaternary,41.1997702,-95.5631933,10/02/1997 15:40:00,EMS,NIT-AMM,Ammonia-nitrogen (AS N),Total,,,,1.1,mg/l,True,0.1,,,TIM 780-86T,EMS,Actual,GW,Water,,,"[]"
8666065,35780003,Treynor-3,Pottawattamie,10240002,Well,Quaternary,41.1997702,-95.5631933,10/02/1997 15:40:00,EMS,NIT-ORGN,Organic Nitrogen (AS N),Total,,,,4,mg/l,True,0.1,,,TIM 786-86T,EMS,Calculated,GW,Water,,,"[]"
8666065,35780001,Treynor-1,Pottawattamie,10240002,Well,Quaternary,41.1989839,-95.5611934,01/22/1998 08:20:00,EMS,14265-44-2,Orthophosphate (AS P),Dissolved,,,,0.5,mg/l,False,0.5,,,300.0,EMS,Actual,GW,Water,,,"[]"
8666065,35780001,Treynor-1,Pottawattamie,10240002,Well,Quaternary,41.1989839,-95.5611934,01/22/1998 08:20:00,EMS,14797-55-8,Nitrate (AS N),Total,,,,6,mg/l,True,0.5,,,300.0,EMS,Actual,GW,Water,,,"[]"
8666065,35780001,Treynor-1,Pottawattamie,10240002,Well,Quaternary,41.1989839,-95.5611934,01/22/1998 08:20:00,EMS,14797-65-0,Nitrite (AS N),Total,,,,0.5,mg/l,False,0.5,,,300.0,EMS,Actual,GW,Water,,,"[]"
8666065,35780001,Treynor-1,Pottawattamie,10240002,Well,Quaternary,41.1989839,-95.5611934,01/22/1998 08:20:00,EMS,NIT-NO3-NO2,Nitrate + Nitrite (AS N),Total,,,,6.6,mg/l,True,0.1,,,353.2,EMS,Actual,GW,Water,,,"[]"
8666065,35780001,Treynor-1,Pottawattamie,10240002,Well,Quaternary,41.1989839,-95.5611934,01/22/1998 08:20:00,EMS,NIT-AMM,Ammonia-nitrogen (AS N),Total,,,,0.1,mg/l,False,0.1,,,TIM 780-86T,EMS,Actual,GW,Water,,,"[]"
8666065,35780001,Treynor-1,Pottawattamie,10240002,Well,Quaternary,41.1989839,-95.5611934,01/22/1998 08:20:00,EMS,NIT-ORGN,Organic Nitrogen (AS N),Total,,,,0.5,mg/l,True,0.1,,,TIM 786-86T,EMS,Calculated,GW,Water,,,"[]"
8666065,35780002,Treynor-2,Pottawattamie,10240002,Well,Quaternary,41.1992755,-95.5612047,01/22/1998 08:35:00,EMS,14265-44-2,Orthophosphate (AS P),Dissolved,,,,0.5,mg/l,False,0.5,,,300.0,EMS,Actual,GW,Water,,,"[]"
8666065,35780002,Treynor-2,Pottawattamie,10240002,Well,Quaternary,41.1992755,-95.5612047,01/22/1998 08:35:00,EMS,14797-55-8,Nitrate (AS N),Total,,,,1.3,mg/l,True,0.5,,,300.0,EMS,Actual,GW,Water,,,"[]"
8666065,35780002,Treynor-2,Pottawattamie,10240002,Well,Quaternary,41.1992755,-95.5612047,01/22/1998 08:35:00,EMS,14797-65-0,Nitrite (AS N),Total,,,,0.5,mg/l,False,0.5,,,300.0,EMS,Actual,GW,Water,,,"[]"
8666065,35780002,Treynor-2,Pottawattamie,10240002,Well,Quaternary,41.1992755,-95.5612047,01/22/1998 08:35:00,EMS,NIT-NO3-NO2,Nitrate + Nitrite (AS N),Total,,,,1.6,mg/l,True,0.1,,,353.2,EMS,Actual,GW,Water,,,"[]"
8666065,35780002,Treynor-2,Pottawattamie,10240002,Well,Quaternary,41.1992755,-95.5612047,01/22/1998 08:35:00,EMS,NIT-AMM,Ammonia-nitrogen (AS N),Total,,,,0.1,mg/l,False,0.1,,,TIM 780-86T,EMS,Actual,GW,Water,,,"[]"
8666065,35780002,Treynor-2,Pottawattamie,10240002,Well,Quaternary,41.1992755,-95.5612047,01/22/1998 08:35:00,EMS,NIT-ORGN,Organic Nitrogen (AS N),Total,,,,0.5,mg/l,True,0.1,,,TIM 786-86T,EMS,Calculated,GW,Water,,,"[]"
8666065,35780003,Treynor-3,Pottawattamie,10240002,Well,Quaternary,41.1997702,-95.5631933,01/22/1998 09:00:00,EMS,14265-44-2,Orthophosphate (AS P),Dissolved,,,,0.5,mg/l,False,0.5,,,300.0,EMS,Actual,GW,Water,,,"[]"
8666065,35780003,Treynor-3,Pottawattamie,10240002,Well,Quaternary,41.1997702,-95.5631933,01/22/1998 09:00:00,EMS,14797-55-8,Nitrate (AS N),Total,,,,0.5,mg/l,False,0.5,,,300.0,EMS,Actual,GW,Water,,,"[]"
8666065,35780003,Treynor-3,Pottawattamie,10240002,Well,Quaternary,41.1997702,-95.5631933,01/22/1998 09:00:00,EMS,14797-65-0,Nitrite (AS N),Total,,,,0.5,mg/l,False,0.5,,,300.0,EMS,Actual,GW,Water,,,"[]"
8666065,35780003,Treynor-3,Pottawattamie,10240002,Well,Quaternary,41.1997702,-95.5631933,01/22/1998 09:00:00,EMS,NIT-NO3-NO2,Nitrate + Nitrite (AS N),Total,,,,0.6,mg/l,True,0.1,,,353.2,EMS,Actual,GW,Water,,,"[]"
8666065,35780003,Treynor-3,Pottawattamie,10240002,Well,Quaternary,41.1997702,-95.5631933,01/22/1998 09:00:00,EMS,NIT-AMM,Ammonia-nitrogen (AS N),Total,,,,1.3,mg/l,True,0.1,,,TIM 780-86T,EMS,Actual,GW,Water,,,"[]"
8666065,35780003,Treynor-3,Pottawattamie,10240002,Well,Quaternary,41.1997702,-95.5631933,01/22/1998 09:00:00,EMS,NIT-ORGN,Organic Nitrogen (AS N),Total,,,,0.4,mg/l,True,0.1,,,TIM 786-86T,EMS,Calculated,GW,Water,,,"[]"
8666065,35780001,Treynor-1,Pottawattamie,10240002,Well,Quaternary,41.1989839,-95.5611934,03/26/1998 09:00:00,EMS,14265-44-2,Orthophosphate (AS P),Dissolved,,,,0.5,mg/l,False,0.5,,,300.0,EMS,Actual,GW,Water,,,"[]"
8666065,35780001,Treynor-1,Pottawattamie,10240002,Well,Quaternary,41.1989839,-95.5611934,03/26/1998 09:00:00,EMS,NIT-NO3-NO2,Nitrate + Nitrite (AS N),Total,,,,3.5,mg/l,True,0.1,,,353.2,EMS,Actual,GW,Water,,,"[]"
8666065,35780001,Treynor-1,Pottawattamie,10240002,Well,Quaternary,41.1989839,-95.5611934,03/26/1998 09:00:00,EMS,NIT-AMM,Ammonia-nitrogen (AS N),Total,,,,0.1,mg/l,False,0.1,,,TIM 780-86T,EMS,Actual,GW,Water,,,"[]"
8666065,35780001,Treynor-1,Pottawattamie,10240002,Well,Quaternary,41.1989839,-95.5611934,03/26/1998 09:00:00,EMS,NIT-ORGN,Organic Nitrogen (AS N),Total,,,,0.4,mg/l,True,0.1,,,TIM 786-86T,EMS,Calculated,GW,Water,,,"[]"
8666065,35780002,Treynor-2,Pottawattamie,10240002,Well,Quaternary,41.1992755,-95.5612047,03/26/1998 09:10:00,EMS,14265-44-2,Orthophosphate (AS P),Dissolved,,,,0.5,mg/l,False,0.5,,,300.0,EMS,Actual,GW,Water,,,"[]"
8666065,35780002,Treynor-2,Pottawattamie,10240002,Well,Quaternary,41.1992755,-95.5612047,03/26/1998 09:10:00,EMS,NIT-NO3-NO2,Nitrate + Nitrite (AS N),Total,,,,0.7,mg/l,True,0.1,,,353.2,EMS,Actual,GW,Water,,,"[]"
8666065,35780002,Treynor-2,Pottawattamie,10240002,Well,Quaternary,41.1992755,-95.5612047,03/26/1998 09:10:00,EMS,NIT-AMM,Ammonia-nitrogen (AS N),Total,,,,0.1,mg/l,False,0.1,,,TIM 780-86T,EMS,Actual,GW,Water,,,"[]"
8666065,35780002,Treynor-2,Pottawattamie,10240002,Well,Quaternary,41.1992755,-95.5612047,03/26/1998 09:10:00,EMS,NIT-ORGN,Organic Nitrogen (AS N),Total,,,,0.3,mg/l,True,0.1,,,TIM 786-86T,EMS,Calculated,GW,Water,,,"[]"
8666065,35780003,Treynor-3,Pottawattamie,10240002,Well,Quaternary,41.1997702,-95.5631933,03/26/1998 08:30:00,EMS,14265-44-2,Orthophosphate (AS P),Dissolved,,,,0.5,mg/l,False,0.5,,,300.0,EMS,Actual,GW,Water,,,"[]"
8666065,35780003,Treynor-3,Pottawattamie,10240002,Well,Quaternary,41.1997702,-95.5631933,03/26/1998 08:30:00,EMS,NIT-NO3-NO2,Nitrate + Nitrite (AS N),Total,,,,0.1,mg/l,False,0.1,,,353.2,EMS,Actual,GW,Water,,,"[]"
8666065,35780003,Treynor-3,Pottawattamie,10240002,Well,Quaternary,41.1997702,-95.5631933,03/26/1998 08:30:00,EMS,NIT-AMM,Ammonia-nitrogen (AS N),Total,,,,1,mg/l,True,0.1,,,TIM 780-86T,EMS,Actual,GW,Water,,,"[]"
8666065,35780003,Treynor-3,Pottawattamie,10240002,Well,Quaternary,41.1997702,-95.5631933,03/26/1998 08:30:00,EMS,NIT-ORGN,Organic Nitrogen (AS N),Total,,,,0.1,mg/l,True,0.1,,,TIM 786-86T,EMS,Calculated,GW,Water,,,"[]"
8666065,35780001,Treynor-1,Pottawattamie,10240002,Well,Quaternary,41.1989839,-95.5611934,06/18/1998 09:10:00,EMS,14265-44-2,Orthophosphate (AS P),Dissolved,,,,0.5,mg/l,False,0.5,,,300.0,EMS,Actual,GW,Water,,,"[]"
8666065,35780001,Treynor-1,Pottawattamie,10240002,Well,Quaternary,41.1989839,-95.5611934,06/18/1998 09:10:00,EMS,14797-55-8,Nitrate (AS N),Total,,,,5,mg/l,True,0.5,,,300.0,EMS,Actual,GW,Water,,,"[]"
8666065,35780001,Treynor-1,Pottawattamie,10240002,Well,Quaternary,41.1989839,-95.5611934,06/18/1998 09:10:00,EMS,14797-65-0,Nitrite (AS N),Total,,,,0.5,mg/l,False,0.5,,,300.0,EMS,Actual,GW,Water,,,"[]"
8666065,35780001,Treynor-1,Pottawattamie,10240002,Well,Quaternary,41.1989839,-95.5611934,06/18/1998 09:10:00,EMS,NIT-NO3-NO2,Nitrate + Nitrite (AS N),Total,,,,5.7,mg/l,True,0.1,,,353.2,EMS,Actual,GW,Water,,,"[]"
8666065,35780001,Treynor-1,Pottawattamie,10240002,Well,Quaternary,41.1989839,-95.5611934,06/18/1998 09:10:00,EMS,NIT-AMM,Ammonia-nitrogen (AS N),Total,,,,0.1,mg/l,False,0.1,,,TIM 780-86T,EMS,Actual,GW,Water,,,"[]"
8666065,35780001,Treynor-1,Pottawattamie,10240002,Well,Quaternary,41.1989839,-95.5611934,06/18/1998 09:10:00,EMS,NIT-ORGN,Organic Nitrogen (AS N),Total,,,,0.7,mg/l,True,0.1,,,TIM 786-86T,EMS,Calculated,GW,Water,,,"[]"
8666065,35780002,Treynor-2,Pottawattamie,10240002,Well,Quaternary,41.1992755,-95.5612047,06/18/1998 09:00:00,EMS,14265-44-2,Orthophosphate (AS P),Dissolved,,,,0.5,mg/l,False,0.5,,,300.0,EMS,Actual,GW,Water,,,"[]"
8666065,35780002,Treynor-2,Pottawattamie,10240002,Well,Quaternary,41.1992755,-95.5612047,06/18/1998 09:00:00,EMS,14797-55-8,Nitrate (AS N),Total,,,,0.5,mg/l,False,0.5,,,300.0,EMS,Actual,GW,Water,,,"[]"
8666065,35780002,Treynor-2,Pottawattamie,10240002,Well,Quaternary,41.1992755,-95.5612047,06/18/1998 09:00:00,EMS,14797-65-0,Nitrite (AS N),Total,,,,0.5,mg/l,False,0.5,,,300.0,EMS,Actual,GW,Water,,,"[]"
8666065,35780002,Treynor-2,Pottawattamie,10240002,Well,Quaternary,41.1992755,-95.5612047,06/18/1998 09:00:00,EMS,NIT-NO3-NO2,Nitrate + Nitrite (AS N),Total,,,,1,mg/l,True,0.1,,,353.2,EMS,Actual,GW,Water,,,"[]"
8666065,35780002,Treynor-2,Pottawattamie,10240002,Well,Quaternary,41.1992755,-95.5612047,06/18/1998 09:00:00,EMS,NIT-AMM,Ammonia-nitrogen (AS N),Total,,,,0.1,mg/l,False,0.1,,,TIM 780-86T,EMS,Actual,GW,Water,,,"[]"
8666065,35780002,Treynor-2,Pottawattamie,10240002,Well,Quaternary,41.1992755,-95.5612047,06/18/1998 09:00:00,EMS,NIT-ORGN,Organic Nitrogen (AS N),Total,,,,0.2,mg/l,True,0.1,,,TIM 786-86T,EMS,Calculated,GW,Water,,,"[]"
8666065,35780003,Treynor-3,Pottawattamie,10240002,Well,Quaternary,41.1997702,-95.5631933,06/18/1998 08:45:00,EMS,14265-44-2,Orthophosphate (AS P),Dissolved,,,,0.5,mg/l,False,0.5,,,300.0,EMS,Actual,GW,Water,,,"[]"
8666065,35780003,Treynor-3,Pottawattamie,10240002,Well,Quaternary,41.1997702,-95.5631933,06/18/1998 08:45:00,EMS,14797-55-8,Nitrate (AS N),Total,,,,0.5,mg/l,False,0.5,,,300.0,EMS,Actual,GW,Water,,,"[]"
8666065,35780003,Treynor-3,Pottawattamie,10240002,Well,Quaternary,41.1997702,-95.5631933,06/18/1998 08:45:00,EMS,14797-65-0,Nitrite (AS N),Total,,,,0.5,mg/l,False,0.5,,,300.0,EMS,Actual,GW,Water,,,"[]"
8666065,35780003,Treynor-3,Pottawattamie,10240002,Well,Quaternary,41.1997702,-95.5631933,06/18/1998 08:45:00,EMS,NIT-NO3-NO2,Nitrate + Nitrite (AS N),Total,,,,0.1,mg/l,False,0.1,,,353.2,EMS,Actual,GW,Water,,,"[]"
8666065,35780003,Treynor-3,Pottawattamie,10240002,Well,Quaternary,41.1997702,-95.5631933,06/18/1998 08:45:00,EMS,NIT-AMM,Ammonia-nitrogen (AS N),Total,,,,0.9,mg/l,True,0.1,,,TIM 780-86T,EMS,Actual,GW,Water,,,"[]"
8666065,35780003,Treynor-3,Pottawattamie,10240002,Well,Quaternary,41.1997702,-95.5631933,06/18/1998 08:45:00,EMS,NIT-ORGN,Organic Nitrogen (AS N),Total,,,,0.1,mg/l,True,0.1,,,TIM 786-86T,EMS,Calculated,GW,Water,,,"[]"
8666065,31780001,"Carson (5), 3",Pottawattamie,10240002,Well,Alluvium,41.252182,-95.419774,12/12/2018 07:45:00,GWM,NIT-AMM,Ammonia-nitrogen (AS N),None,,,,0.28,mg/l,True,0.05,,,LAC10-107-06-1J,GWM,Actual,GW,Water,,,"[]"
8666065,31780001,"Carson (5), 3",Pottawattamie,10240002,Well,Alluvium,41.252182,-95.419774,12/12/2018 07:45:00,GWM,NIT-NO3-NO2,Nitrate + Nitrite (AS N),None,,,,1.3,mg/l,True,0.1,,,LAC10-107-06-1J,GWM,Actual,GW,Water,,,"[]"
8666065,31780001,"Carson (5), 3",Pottawattamie,10240002,Well,Alluvium,41.252182,-95.419774,12/12/2018 07:45:00,GWM,14265-44-2,Orthophosphate (AS P),Dissolved,,,,0.06,mg/l,True,0.02,,,LAC10-115-01-1A,GWM,Actual,GW,Water,,,"[]"
8666065,31780010,Carson 7,Pottawattamie,10240002,Well,Dakota,41.2338127462,-95.4040076946,12/26/2018 08:30:00,GWM,NIT-AMM,Ammonia-nitrogen (AS N),None,,,,0.98,mg/l,True,0.05,,,LAC10-107-06-1J,GWM,Actual,GW,Water,,,"[]"
8666065,31780010,Carson 7,Pottawattamie,10240002,Well,Dakota,41.2338127462,-95.4040076946,12/26/2018 08:30:00,GWM,NIT-NO3-NO2,Nitrate + Nitrite (AS N),None,,,,0.1,mg/l,False,0.1,,,LAC10-107-06-1J,GWM,Actual,GW,Water,,,"[]"
8666065,31780010,Carson 7,Pottawattamie,10240002,Well,Dakota,41.2338127462,-95.4040076946,12/26/2018 08:30:00,GWM,14265-44-2,Orthophosphate (AS P),Dissolved,,,,0.06,mg/l,True,0.02,,,LAC10-115-01-1A,GWM,Actual,GW,Water,,Sample was not field filtered per method and was filtered for analysis after receipt by the laboratory.,"[]"
8666065,31780005,Walnut 2,Pottawattamie,10240002,Well,Ordovician,41.47538,-95.224212,04/03/2019 13:00:00,GWM,NIT-AMM,Ammonia-nitrogen (AS N),None,,,,1.3,mg/l,True,0.05,,,LAC10-107-06-1J,GWM,Actual,GW,Water,,,"[]"
8666065,31780005,Walnut 2,Pottawattamie,10240002,Well,Ordovician,41.47538,-95.224212,04/03/2019 13:00:00,GWM,NIT-NO3-NO2,Nitrate + Nitrite (AS N),None,,,,0.1,mg/l,False,0.1,,,LAC10-107-06-1J,GWM,Actual,GW,Water,,,"[]"
8666065,31780005,Walnut 2,Pottawattamie,10240002,Well,Ordovician,41.47538,-95.224212,04/03/2019 13:00:00,GWM,14265-44-2,Orthophosphate (AS P),Dissolved,,,,0.02,mg/l,False,0.02,,,LAC10-115-01-1A,GWM,Actual,GW,Water,,,"[]"
8666065,31780008,Neola (4) 3,Pottawattamie,10230006,Well,Dakota,41.448021,-95.620325,01/28/2019 00:00:00,GWM,NIT-NO3-NO2,Nitrate + Nitrite,None,,,,7.42,mg/l,True,0.01,,0.01,353.2,GWM001,,GW,,,,"[]"
8666065,31780001,"Carson (5), 3",Pottawattamie,10240002,Well,Alluvium,41.252182,-95.419774,02/23/2021 08:30:00,GWM,NIT-NO3-NO2,Nitrate + Nitrite (AS N),None,,,,0.86,mg/l,True,0.1,,,LAC10-107-06-1J,GWM,Actual,GW,Water,,,"[]"
8666065,31780001,"Carson (5), 3",Pottawattamie,10240002,Well,Alluvium,41.252182,-95.419774,02/23/2021 08:30:00,GWM,NIT-AMM,Ammonia-nitrogen (AS N),None,,,,0.05,mg/l,False,0.05,,,LAC10-107-06-1J,GWM,Actual,GW,Water,,,"[]"
8666065,31780010,Carson 7,Pottawattamie,10240002,Well,Dakota,41.2338127462,-95.4040076946,02/23/2021 09:20:00,GWM,NIT-NO3-NO2,Nitrate + Nitrite (AS N),None,,,,0.1,mg/l,False,0.1,,,LAC10-107-06-1J,GWM,Actual,GW,Water,,,"[]"
8666065,31780010,Carson 7,Pottawattamie,10240002,Well,Dakota,41.2338127462,-95.4040076946,02/23/2021 09:20:00,GWM,NIT-AMM,Ammonia-nitrogen (AS N),None,,,,0.97,mg/l,True,0.05,,,LAC10-107-06-1J,GWM,Actual,GW,Water,,,"[]"
8666065,31780010,Carson 7,Pottawattamie,10240002,Well,Dakota,41.2338127462,-95.4040076946,02/23/2021 09:20:00,GWM,14265-44-2,Orthophosphate (AS P),Dissolved,,,,0.08,mg/l,True,0.02,,,LAC10-115-01-1A,GWM,Actual,GW,Water,,,"[]"
