facilityID,siteID,name,county,huc8,type,aquifer,latitude,longitude,sampleDate,projectCode,cas_rn,analyte,fraction,relDepth,sampDepth,sampDepthUnit,result,unit,detect,detectLimit,quantFlag,quantLimit,method,colMethod,resultType,matrix,medium,qualFlag,remark,xParams
8666065,31790001,Grinnell 7,Poweshiek,07080106,Well,Cambrian-Ordovician,41.73975,-92.72682,07/31/2002 09:15:00,GWM,NIT-NO3-NO2,Nitrate + Nitrite (AS N),Total,,,,0.1,mg/l,False,0.1,,,353.2,USGSGWM,Actual,GW,Water,,,"[]"
8666065,31790001,Grinnell 7,Poweshiek,07080106,Well,Cambrian-Ordovician,41.73975,-92.72682,07/31/2002 09:15:00,GWM,NIT-AMM,Ammonia-nitrogen (AS N),Total,,,,1.2,mg/l,True,0.05,,,LAC10-107-06-1J,USGSGWM,Actual,GW,Water,,,"[]"
8666065,31790001,Grinnell 7,Poweshiek,07080106,Well,Cambrian-Ordovician,41.73975,-92.72682,07/31/2002 09:15:00,GWM,NIT-ORGN,Organic Nitrogen (AS N),Total,,,,0.05,mg/l,False,0.05,,,LAC10-107-06-2E,USGSGWM,Calculated,GW,Water,,,"[]"
8666065,31790001,Grinnell 7,Poweshiek,07080106,Well,Cambrian-Ordovician,41.73975,-92.72682,07/31/2002 09:15:00,GWM,14265-44-2,Orthophosphate (AS P),Dissolved,,,,0.05,mg/l,False,0.05,,,LAC10-115-01-1A,USGSGWM,Actual,GW,Water,,,"[]"
8666065,31790001,Grinnell 7,Poweshiek,07080106,Well,Cambrian-Ordovician,41.73975,-92.72682,07/31/2002 09:15:00,GWM,PHOSP-PHOSP,"Total Phosphorus, mixed forms (AS P)",Total,,,,0.05,mg/l,False,0.05,,,LAC10-115-01-1C,USGSGWM,Actual,GW,Water,,,"[]"
8666065,31790001,Grinnell 7,Poweshiek,07080106,Well,Cambrian-Ordovician,41.73975,-92.72682,07/31/2002 09:15:00,GWM,NIT-KJELD,Kjeldahl nitrogen (AS N),Total,,,,1.3,mg/l,True,0.05,,,PAI DK03,USGSGWM,Actual,GW,Water,,,"[]"
8666065,31790001,Grinnell 7,Poweshiek,07080106,Well,Cambrian-Ordovician,41.73975,-92.72682,08/12/2003 15:20:00,GWM,NIT-AMM,Ammonia-nitrogen (AS N),Total,,,,1,mg/l,True,0.05,,,350.1,USGSGWM,Actual,GW,Water,,,"[]"
8666065,31790001,Grinnell 7,Poweshiek,07080106,Well,Cambrian-Ordovician,41.73975,-92.72682,08/12/2003 15:20:00,GWM,NIT-NO3-NO2,Nitrate + Nitrite (AS N),Total,,,,0.1,mg/l,False,0.1,,,353.2,USGSGWM,Actual,GW,Water,,,"[]"
8666065,31790001,Grinnell 7,Poweshiek,07080106,Well,Cambrian-Ordovician,41.73975,-92.72682,08/12/2003 15:20:00,GWM,14265-44-2,Orthophosphate (AS P),Dissolved,,,,0.02,mg/l,False,0.02,,,365.1,USGSGWM,Actual,GW,Water,,,"[]"
8666065,31790001,Grinnell 7,Poweshiek,07080106,Well,Cambrian-Ordovician,41.73975,-92.72682,08/12/2003 15:20:00,GWM,PHOSP-PHOSP,"Total Phosphorus, mixed forms (AS P)",Total,,,,0.02,mg/l,False,0.02,,,365.4,USGSGWM,Actual,GW,Water,,,"[]"
8666065,31790001,Grinnell 7,Poweshiek,07080106,Well,Cambrian-Ordovician,41.73975,-92.72682,08/12/2003 15:20:00,GWM,NIT-ORGN,Organic Nitrogen (AS N),Total,,,,0.46,mg/l,True,0.05,,,LAC10-107-06-2E,USGSGWM,Calculated,GW,Water,,,"[]"
8666065,31790001,Grinnell 7,Poweshiek,07080106,Well,Cambrian-Ordovician,41.73975,-92.72682,08/12/2003 15:20:00,GWM,NIT-KJELD,Kjeldahl nitrogen (AS N),Total,,,,1.5,mg/l,True,0.05,,,PAI DK03,USGSGWM,Actual,GW,Water,,,"[]"
8666065,31790001,Grinnell 7,Poweshiek,07080106,Well,Cambrian-Ordovician,41.73975,-92.72682,07/27/2004 10:30:00,GWM,NIT-AMM,Ammonia-nitrogen (AS N),Total,,,,1.1,mg/l,True,0.05,,,350.1,USGSGWM,Actual,GW,Water,,,"[]"
8666065,31790001,Grinnell 7,Poweshiek,07080106,Well,Cambrian-Ordovician,41.73975,-92.72682,07/27/2004 10:30:00,GWM,NIT-NO3-NO2,Nitrate + Nitrite (AS N),Total,,,,0.05,mg/l,False,0.05,,,353.2,USGSGWM,Actual,GW,Water,,,"[]"
8666065,31790001,Grinnell 7,Poweshiek,07080106,Well,Cambrian-Ordovician,41.73975,-92.72682,07/27/2004 10:30:00,GWM,14265-44-2,Orthophosphate (AS P),Dissolved,,,,0.02,mg/l,False,0.02,,,365.1,USGSGWM,Actual,GW,Water,,,"[]"
8666065,31790001,Grinnell 7,Poweshiek,07080106,Well,Cambrian-Ordovician,41.73975,-92.72682,07/27/2004 10:30:00,GWM,PHOSP-PHOSP,"Total Phosphorus, mixed forms (AS P)",Total,,,,0.02,mg/l,False,0.02,,,365.4,USGSGWM,Actual,GW,Water,,,"[]"
8666065,31790001,Grinnell 7,Poweshiek,07080106,Well,Cambrian-Ordovician,41.73975,-92.72682,07/27/2004 10:30:00,GWM,NIT-ORGN,Organic Nitrogen,Total,,,,0.25,mg/l,True,0.05,,,LAC10-107-06-2E,USGSGWM,Calculated,GW,Water,,,"[]"
8666065,31790001,Grinnell 7,Poweshiek,07080106,Well,Cambrian-Ordovician,41.73975,-92.72682,08/04/2005 12:00:00,GWM,NIT-AMM,Ammonia-nitrogen (AS N),Total,,,,1.2,mg/l,True,0.05,,,350.1,USGSGWM,Actual,GW,Water,,,"[]"
8666065,31790001,Grinnell 7,Poweshiek,07080106,Well,Cambrian-Ordovician,41.73975,-92.72682,08/04/2005 12:00:00,GWM,NIT-KJELD,Kjeldahl nitrogen (AS N),Total,,,,1.3,mg/l,True,0.1,,,351.2,USGSGWM,Actual,GW,Water,,,"[]"
8666065,31790001,Grinnell 7,Poweshiek,07080106,Well,Cambrian-Ordovician,41.73975,-92.72682,08/04/2005 12:00:00,GWM,NIT-NO3-NO2,Nitrate + Nitrite (AS N),Total,,,,0.05,mg/l,False,0.05,,,353.2,USGSGWM,Actual,GW,Water,,,"[]"
8666065,31790001,Grinnell 7,Poweshiek,07080106,Well,Cambrian-Ordovician,41.73975,-92.72682,08/04/2005 12:00:00,GWM,14265-44-2,Orthophosphate (AS P),Dissolved,,,,0.02,mg/l,False,0.02,,,365.1,USGSGWM,Actual,GW,Water,,,"[]"
8666065,31790001,Grinnell 7,Poweshiek,07080106,Well,Cambrian-Ordovician,41.73975,-92.72682,08/04/2005 12:00:00,GWM,PHOSP-PHOSP,"Total Phosphorus, mixed forms (AS P)",Total,,,,0.02,mg/l,True,0.02,,,365.4,USGSGWM,Actual,GW,Water,,,"[]"
8666065,31790001,Grinnell 7,Poweshiek,07080106,Well,Cambrian-Ordovician,41.73975,-92.72682,08/04/2005 12:00:00,GWM,NIT-ORGN,Organic Nitrogen,Total,,,,0.1,mg/l,False,0.1,,,LAC10-107-06-2E,USGSGWM,Calculated,GW,Water,,,"[]"
8666065,31790001,Grinnell 7,Poweshiek,07080106,Well,Cambrian-Ordovician,41.73975,-92.72682,06/14/2006 10:30:00,GWM,NIT-AMM,Ammonia-nitrogen (AS N),Total,,,,1.1,mg/l,True,0.05,,,350.1,USGSGWM,Actual,GW,Water,,,"[]"
8666065,31790001,Grinnell 7,Poweshiek,07080106,Well,Cambrian-Ordovician,41.73975,-92.72682,06/14/2006 10:30:00,GWM,NIT-KJELD,Kjeldahl nitrogen (AS N),Total,,,,1,mg/l,True,0.1,,,351.2,USGSGWM,Actual,GW,Water,,,"[]"
8666065,31790001,Grinnell 7,Poweshiek,07080106,Well,Cambrian-Ordovician,41.73975,-92.72682,06/14/2006 10:30:00,GWM,NIT-NO3-NO2,Nitrate + Nitrite (AS N),Total,,,,0.05,mg/l,False,0.05,,,353.2,USGSGWM,Actual,GW,Water,,,"[]"
8666065,31790001,Grinnell 7,Poweshiek,07080106,Well,Cambrian-Ordovician,41.73975,-92.72682,06/14/2006 10:30:00,GWM,14265-44-2,Orthophosphate (AS P),Dissolved,,,,0.04,mg/l,True,0.02,,,365.1,USGSGWM,Actual,GW,Water,,,"[]"
8666065,31790001,Grinnell 7,Poweshiek,07080106,Well,Cambrian-Ordovician,41.73975,-92.72682,06/14/2006 10:30:00,GWM,PHOSP-PHOSP,"Total Phosphorus, mixed forms (AS P)",Total,,,,0.06,mg/l,True,0.02,,,365.4,USGSGWM,Actual,GW,Water,,,"[]"
8666065,31790001,Grinnell 7,Poweshiek,07080106,Well,Cambrian-Ordovician,41.73975,-92.72682,06/14/2006 10:30:00,GWM,NIT-ORGN,Organic Nitrogen,Total,,,,0.1,mg/l,False,0.1,,,LAC10-107-06-2E,USGSGWM,Calculated,GW,Water,,,"[]"
8666065,31790001,Grinnell 7,Poweshiek,07080106,Well,Cambrian-Ordovician,41.73975,-92.72682,08/21/2012 08:15:00,GWM,NIT-NO3-NO2,Nitrate + Nitrite (AS N),Total,,,,0.1,mg/l,False,0.1,,,LAC10-107-04-1J,GWMPWS,Actual,GW,Water,,,"[]"
8666065,31790001,Grinnell 7,Poweshiek,07080106,Well,Cambrian-Ordovician,41.73975,-92.72682,08/21/2012 08:15:00,GWM,NIT-AMM,Ammonia-nitrogen (AS N),Total,,,,1.2,mg/l,True,0.05,,,LAC10-107-06-1J,GWMPWS,Actual,GW,Water,,,"[]"
8666065,31790001,Grinnell 7,Poweshiek,07080106,Well,Cambrian-Ordovician,41.73975,-92.72682,08/21/2012 08:15:00,GWM,NIT-KJELD,Kjeldahl nitrogen (AS N),Total,,,,1.2,mg/l,True,0.1,,,LAC10-107-06-2E,GWMPWS,Actual,GW,Water,,,"[]"
8666065,31790001,Grinnell 7,Poweshiek,07080106,Well,Cambrian-Ordovician,41.73975,-92.72682,08/21/2012 08:15:00,GWM,14265-44-2,Orthophosphate (AS P),Dissolved,,,,0.02,mg/l,False,0.02,,,LAC10-115-01-1A,GWMPWS,Actual,GW,Water,,,"[]"
8666065,31790001,Grinnell 7,Poweshiek,07080106,Well,Cambrian-Ordovician,41.73975,-92.72682,08/21/2012 08:15:00,GWM,PHOSP-PHOSP,"Total Phosphorus, mixed forms (AS P)",Total,,,,0.02,mg/l,False,0.02,,,LAC10-115-01-1D,GWMPWS,Actual,GW,Water,,,"[]"
8666065,31790001,Grinnell 7,Poweshiek,07080106,Well,Cambrian-Ordovician,41.73975,-92.72682,11/28/2017 15:00:00,GWM,NIT-NO3-NO2,Nitrate + Nitrite (AS N),None,,,,0.1,mg/l,False,0.1,,,LAC10-107-06-1J,GWM,Actual,GW,Water,,,"[]"
8666065,31790001,Grinnell 7,Poweshiek,07080106,Well,Cambrian-Ordovician,41.73975,-92.72682,11/28/2017 15:00:00,GWM,NIT-AMM,Ammonia-nitrogen (AS N),None,,,,1.3,mg/l,True,0.05,,,LAC10-107-06-1J,GWM,Actual,GW,Water,,,"[]"
