facilityID,siteID,name,county,huc8,type,aquifer,latitude,longitude,sampleDate,projectCode,cas_rn,analyte,fraction,relDepth,sampDepth,sampDepthUnit,result,unit,detect,detectLimit,quantFlag,quantLimit,method,colMethod,resultType,matrix,medium,qualFlag,remark,xParams
8666065,31810001,Wall Lake 3,Sac,10230007,Well,Alluvium,42.27125,-95.08637,07/29/2002 11:30:00,GWM,NIT-NO3-NO2,Nitrate + Nitrite (AS N),Total,,,,1.5,mg/l,True,0.1,,,353.2,USGSGWM,Actual,GW,Water,,,"[]"
8666065,31810001,Wall Lake 3,Sac,10230007,Well,Alluvium,42.27125,-95.08637,07/29/2002 11:30:00,GWM,NIT-AMM,Ammonia-nitrogen (AS N),Total,,,,0.06,mg/l,True,0.05,,,LAC10-107-06-1J,USGSGWM,Actual,GW,Water,,,"[]"
8666065,31810001,Wall Lake 3,Sac,10230007,Well,Alluvium,42.27125,-95.08637,07/29/2002 11:30:00,GWM,NIT-ORGN,Organic Nitrogen (AS N),Total,,,,0.08,mg/l,True,0.05,,,LAC10-107-06-2E,USGSGWM,Calculated,GW,Water,,,"[]"
8666065,31810001,Wall Lake 3,Sac,10230007,Well,Alluvium,42.27125,-95.08637,07/29/2002 11:30:00,GWM,14265-44-2,Orthophosphate (AS P),Dissolved,,,,0.05,mg/l,False,0.05,,,LAC10-115-01-1A,USGSGWM,Actual,GW,Water,,,"[]"
8666065,31810001,Wall Lake 3,Sac,10230007,Well,Alluvium,42.27125,-95.08637,07/29/2002 11:30:00,GWM,PHOSP-PHOSP,"Total Phosphorus, mixed forms (AS P)",Total,,,,0.06,mg/l,True,0.05,,,LAC10-115-01-1C,USGSGWM,Actual,GW,Water,,,"[]"
8666065,31810001,Wall Lake 3,Sac,10230007,Well,Alluvium,42.27125,-95.08637,07/29/2002 11:30:00,GWM,NIT-KJELD,Kjeldahl nitrogen (AS N),Total,,,,0.14,mg/l,True,0.05,,,PAI DK03,USGSGWM,Actual,GW,Water,,,"[]"
8666065,31810005,Schaller 2,Sac,10230005,Well,Dakota,42.49728,-95.2958,09/03/2002 10:45:00,GWM,NIT-NO3-NO2,Nitrate + Nitrite (AS N),Total,,,,0.1,mg/l,False,0.1,,,353.2,USGSGWM,Actual,GW,Water,,,"[]"
8666065,31810005,Schaller 2,Sac,10230005,Well,Dakota,42.49728,-95.2958,09/03/2002 10:45:00,GWM,NIT-AMM,Ammonia-nitrogen (AS N),Total,,,,3.8,mg/l,True,0.05,,,LAC10-107-06-1J,USGSGWM,Actual,GW,Water,,,"[]"
8666065,31810005,Schaller 2,Sac,10230005,Well,Dakota,42.49728,-95.2958,09/03/2002 10:45:00,GWM,NIT-ORGN,Organic Nitrogen (AS N),Total,,,,0.1,mg/l,False,0.1,,,LAC10-107-06-2E,USGSGWM,Calculated,GW,Water,,,"[]"
8666065,31810005,Schaller 2,Sac,10230005,Well,Dakota,42.49728,-95.2958,09/03/2002 10:45:00,GWM,14265-44-2,Orthophosphate (AS P),Dissolved,,,,0.05,mg/l,False,0.05,,,LAC10-115-01-1A,USGSGWM,Actual,GW,Water,,,"[]"
8666065,31810005,Schaller 2,Sac,10230005,Well,Dakota,42.49728,-95.2958,09/03/2002 10:45:00,GWM,PHOSP-PHOSP,"Total Phosphorus, mixed forms (AS P)",Total,,,,0.05,mg/l,False,0.05,,,LAC10-115-01-1C,USGSGWM,Actual,GW,Water,,,"[]"
8666065,31810005,Schaller 2,Sac,10230005,Well,Dakota,42.49728,-95.2958,09/03/2002 10:45:00,GWM,NIT-KJELD,Kjeldahl nitrogen (AS N),Total,,,,3.8,mg/l,True,0.05,,,PAI DK03,USGSGWM,Actual,GW,Water,,,"[]"
8666065,31810004,Auburn 5,Sac,07100006,Well,Dakota,42.24954,-94.87359,09/11/2002 15:45:00,GWM,NIT-NO3-NO2,Nitrate + Nitrite (AS N),Total,,,,0.1,mg/l,False,0.1,,,353.2,USGSGWM,Actual,GW,Water,,,"[]"
8666065,31810004,Auburn 5,Sac,07100006,Well,Dakota,42.24954,-94.87359,09/11/2002 15:45:00,GWM,NIT-AMM,Ammonia-nitrogen (AS N),Total,,,,1.4,mg/l,True,0.05,,,LAC10-107-06-1J,USGSGWM,Actual,GW,Water,,,"[]"
8666065,31810004,Auburn 5,Sac,07100006,Well,Dakota,42.24954,-94.87359,09/11/2002 15:45:00,GWM,NIT-ORGN,Organic Nitrogen (AS N),Total,,,,0.4,mg/l,True,0.05,,,LAC10-107-06-2E,USGSGWM,Calculated,GW,Water,,,"[]"
8666065,31810004,Auburn 5,Sac,07100006,Well,Dakota,42.24954,-94.87359,09/11/2002 15:45:00,GWM,14265-44-2,Orthophosphate (AS P),Dissolved,,,,0.05,mg/l,False,0.05,,,LAC10-115-01-1A,USGSGWM,Actual,GW,Water,,,"[]"
8666065,31810004,Auburn 5,Sac,07100006,Well,Dakota,42.24954,-94.87359,09/11/2002 15:45:00,GWM,PHOSP-PHOSP,"Total Phosphorus, mixed forms (AS P)",Total,,,,0.05,mg/l,False,0.05,,,LAC10-115-01-1C,USGSGWM,Actual,GW,Water,,,"[]"
8666065,31810004,Auburn 5,Sac,07100006,Well,Dakota,42.24954,-94.87359,09/11/2002 15:45:00,GWM,NIT-KJELD,Kjeldahl nitrogen (AS N),Total,,,,1.8,mg/l,True,0.05,,,PAI DK03,USGSGWM,Actual,GW,Water,,,"[]"
8666065,31810001,Wall Lake 3,Sac,10230007,Well,Alluvium,42.27125,-95.08637,07/31/2003 11:45:00,GWM,NIT-AMM,Ammonia-nitrogen (AS N),Total,,,,0.05,mg/l,False,0.05,,,350.1,USGSGWM,Actual,GW,Water,,,"[]"
8666065,31810001,Wall Lake 3,Sac,10230007,Well,Alluvium,42.27125,-95.08637,07/31/2003 11:45:00,GWM,NIT-NO3-NO2,Nitrate + Nitrite (AS N),Total,,,,2.4,mg/l,True,0.1,,,353.2,USGSGWM,Actual,GW,Water,,,"[]"
8666065,31810001,Wall Lake 3,Sac,10230007,Well,Alluvium,42.27125,-95.08637,07/31/2003 11:45:00,GWM,14265-44-2,Orthophosphate (AS P),Dissolved,,,,0.02,mg/l,False,0.02,,,365.1,USGSGWM,Actual,GW,Water,,,"[]"
8666065,31810001,Wall Lake 3,Sac,10230007,Well,Alluvium,42.27125,-95.08637,07/31/2003 11:45:00,GWM,PHOSP-PHOSP,"Total Phosphorus, mixed forms (AS P)",Total,,,,0.02,mg/l,True,0.02,,,365.4,USGSGWM,Actual,GW,Water,,,"[]"
8666065,31810001,Wall Lake 3,Sac,10230007,Well,Alluvium,42.27125,-95.08637,07/31/2003 11:45:00,GWM,NIT-ORGN,Organic Nitrogen (AS N),Total,,,,0.06,mg/l,True,0.05,,,LAC10-107-06-2E,USGSGWM,Calculated,GW,Water,,,"[]"
8666065,31810001,Wall Lake 3,Sac,10230007,Well,Alluvium,42.27125,-95.08637,07/31/2003 11:45:00,GWM,NIT-KJELD,Kjeldahl nitrogen (AS N),Total,,,,0.1,mg/l,True,0.05,,,PAI DK03,USGSGWM,Actual,GW,Water,,,"[]"
8666065,31810001,Wall Lake 3,Sac,10230007,Well,Alluvium,42.27125,-95.08637,07/12/2004 14:30:00,GWM,NIT-AMM,Ammonia-nitrogen (AS N),Total,,,,0.05,mg/l,False,0.05,,,350.1,USGSGWM,Actual,GW,Water,,,"[]"
8666065,31810001,Wall Lake 3,Sac,10230007,Well,Alluvium,42.27125,-95.08637,07/12/2004 14:30:00,GWM,NIT-NO3-NO2,Nitrate + Nitrite (AS N),Total,,,,2.5,mg/l,True,0.05,,,353.2,USGSGWM,Actual,GW,Water,,,"[]"
8666065,31810001,Wall Lake 3,Sac,10230007,Well,Alluvium,42.27125,-95.08637,07/12/2004 14:30:00,GWM,14265-44-2,Orthophosphate (AS P),Dissolved,,,,0.02,mg/l,False,0.02,,,365.1,USGSGWM,Actual,GW,Water,,,"[]"
8666065,31810001,Wall Lake 3,Sac,10230007,Well,Alluvium,42.27125,-95.08637,07/12/2004 14:30:00,GWM,PHOSP-PHOSP,"Total Phosphorus, mixed forms (AS P)",Total,,,,0.07,mg/l,True,0.02,,,365.4,USGSGWM,Actual,GW,Water,,,"[]"
8666065,31810001,Wall Lake 3,Sac,10230007,Well,Alluvium,42.27125,-95.08637,07/12/2004 14:30:00,GWM,NIT-ORGN,Organic Nitrogen,Total,,,,0.18,mg/l,True,0.05,,,LAC10-107-06-2E,USGSGWM,Calculated,GW,Water,,,"[]"
8666065,31810001,Wall Lake 3,Sac,10230007,Well,Alluvium,42.27125,-95.08637,07/05/2005 15:10:00,GWM,NIT-AMM,Ammonia-nitrogen (AS N),Total,,,,0.1,mg/l,True,0.05,,,350.1,USGSGWM,Actual,GW,Water,,,"[]"
8666065,31810001,Wall Lake 3,Sac,10230007,Well,Alluvium,42.27125,-95.08637,07/05/2005 15:10:00,GWM,NIT-KJELD,Kjeldahl nitrogen (AS N),Total,,,,0.19,mg/l,True,0.1,,,351.2,USGSGWM,Actual,GW,Water,,,"[]"
8666065,31810001,Wall Lake 3,Sac,10230007,Well,Alluvium,42.27125,-95.08637,07/05/2005 15:10:00,GWM,NIT-NO3-NO2,Nitrate + Nitrite (AS N),Total,,,,0.05,mg/l,False,0.05,,,353.2,USGSGWM,Actual,GW,Water,,,"[]"
8666065,31810001,Wall Lake 3,Sac,10230007,Well,Alluvium,42.27125,-95.08637,07/05/2005 15:10:00,GWM,14265-44-2,Orthophosphate (AS P),Dissolved,,,,0.02,mg/l,False,0.02,,,365.1,USGSGWM,Actual,GW,Water,,,"[]"
8666065,31810001,Wall Lake 3,Sac,10230007,Well,Alluvium,42.27125,-95.08637,07/05/2005 15:10:00,GWM,PHOSP-PHOSP,"Total Phosphorus, mixed forms (AS P)",Total,,,,0.09,mg/l,True,0.02,,,365.4,USGSGWM,Actual,GW,Water,,,"[]"
8666065,31810001,Wall Lake 3,Sac,10230007,Well,Alluvium,42.27125,-95.08637,07/05/2005 15:10:00,GWM,NIT-ORGN,Organic Nitrogen,Total,,,,0.1,mg/l,False,0.1,,,LAC10-107-06-2E,USGSGWM,Calculated,GW,Water,,,"[]"
8666065,31810001,Wall Lake 3,Sac,10230007,Well,Alluvium,42.27125,-95.08637,08/02/2006 15:30:00,GWM,NIT-AMM,Ammonia-nitrogen (AS N),Total,,,,0.05,mg/l,False,0.05,,,350.1,USGSGWM,Actual,GW,Water,,,"[]"
8666065,31810001,Wall Lake 3,Sac,10230007,Well,Alluvium,42.27125,-95.08637,08/02/2006 15:30:00,GWM,NIT-KJELD,Kjeldahl nitrogen (AS N),Total,,,,0.3,mg/l,True,0.1,,,351.2,USGSGWM,Actual,GW,Water,,,"[]"
8666065,31810001,Wall Lake 3,Sac,10230007,Well,Alluvium,42.27125,-95.08637,08/02/2006 15:30:00,GWM,NIT-NO3-NO2,Nitrate + Nitrite (AS N),Total,,,,1.9,mg/l,True,0.05,,,353.2,USGSGWM,Actual,GW,Water,,,"[]"
8666065,31810001,Wall Lake 3,Sac,10230007,Well,Alluvium,42.27125,-95.08637,08/02/2006 15:30:00,GWM,14265-44-2,Orthophosphate (AS P),Dissolved,,,,0.02,mg/l,False,0.02,,,365.1,USGSGWM,Actual,GW,Water,,,"[]"
8666065,31810001,Wall Lake 3,Sac,10230007,Well,Alluvium,42.27125,-95.08637,08/02/2006 15:30:00,GWM,PHOSP-PHOSP,"Total Phosphorus, mixed forms (AS P)",Total,,,,0.06,mg/l,True,0.02,,,365.4,USGSGWM,Actual,GW,Water,,,"[]"
8666065,31810001,Wall Lake 3,Sac,10230007,Well,Alluvium,42.27125,-95.08637,08/02/2006 15:30:00,GWM,NIT-ORGN,Organic Nitrogen,Total,,,,0.33,mg/l,True,0.05,,,LAC10-107-06-2E,USGSGWM,Calculated,GW,Water,,,"[]"
8666065,31810003,Early 2,Sac,10230007,Well,Alluvium,42.445837,-95.148273,08/22/2006 15:30:00,GWM,NIT-AMM,Ammonia-nitrogen (AS N),Total,,,,0.05,mg/l,False,0.05,,,350.1,USGSGWM,Actual,GW,Water,,,"[]"
8666065,31810003,Early 2,Sac,10230007,Well,Alluvium,42.445837,-95.148273,08/22/2006 15:30:00,GWM,NIT-KJELD,Kjeldahl nitrogen (AS N),Total,,,,0.2,mg/l,True,0.1,,,351.2,USGSGWM,Actual,GW,Water,,,"[]"
8666065,31810003,Early 2,Sac,10230007,Well,Alluvium,42.445837,-95.148273,08/22/2006 15:30:00,GWM,NIT-NO3-NO2,Nitrate + Nitrite (AS N),Total,,,,13,mg/l,True,0.05,,,353.2,USGSGWM,Actual,GW,Water,,,"[]"
8666065,31810003,Early 2,Sac,10230007,Well,Alluvium,42.445837,-95.148273,08/22/2006 15:30:00,GWM,14265-44-2,Orthophosphate (AS P),Dissolved,,,,0.07,mg/l,True,0.02,,,365.1,USGSGWM,Actual,GW,Water,,,"[]"
8666065,31810003,Early 2,Sac,10230007,Well,Alluvium,42.445837,-95.148273,08/22/2006 15:30:00,GWM,PHOSP-PHOSP,"Total Phosphorus, mixed forms (AS P)",Total,,,,0.06,mg/l,True,0.02,,,365.4,USGSGWM,Actual,GW,Water,,,"[]"
8666065,31810003,Early 2,Sac,10230007,Well,Alluvium,42.445837,-95.148273,08/22/2006 15:30:00,GWM,NIT-ORGN,Organic Nitrogen,Total,,,,0.2,mg/l,True,0.1,,,LAC10-107-06-2E,USGSGWM,Calculated,GW,Water,,,"[]"
8666065,31810002,Sac City 1,Sac,07100006,Well,Buried Sand Gravel,42.41143,-94.994072,08/23/2006 10:30:00,GWM,NIT-AMM,Ammonia-nitrogen (AS N),Total,,,,1,mg/l,True,0.05,,,350.1,USGSGWM,Actual,GW,Water,,,"[]"
8666065,31810002,Sac City 1,Sac,07100006,Well,Buried Sand Gravel,42.41143,-94.994072,08/23/2006 10:30:00,GWM,NIT-KJELD,Kjeldahl nitrogen (AS N),Total,,,,1.5,mg/l,True,0.1,,,351.2,USGSGWM,Actual,GW,Water,,,"[]"
8666065,31810002,Sac City 1,Sac,07100006,Well,Buried Sand Gravel,42.41143,-94.994072,08/23/2006 10:30:00,GWM,NIT-NO3-NO2,Nitrate + Nitrite (AS N),Total,,,,0.05,mg/l,False,0.05,,,353.2,USGSGWM,Actual,GW,Water,,,"[]"
8666065,31810002,Sac City 1,Sac,07100006,Well,Buried Sand Gravel,42.41143,-94.994072,08/23/2006 10:30:00,GWM,14265-44-2,Orthophosphate (AS P),Dissolved,,,,0.02,mg/l,False,0.02,,,365.1,USGSGWM,Actual,GW,Water,,,"[]"
8666065,31810002,Sac City 1,Sac,07100006,Well,Buried Sand Gravel,42.41143,-94.994072,08/23/2006 10:30:00,GWM,PHOSP-PHOSP,"Total Phosphorus, mixed forms (AS P)",Total,,,,0.06,mg/l,True,0.02,,,365.4,USGSGWM,Actual,GW,Water,,,"[]"
8666065,31810002,Sac City 1,Sac,07100006,Well,Buried Sand Gravel,42.41143,-94.994072,08/23/2006 10:30:00,GWM,NIT-ORGN,Organic Nitrogen,Total,,,,0.5,mg/l,True,0.1,,,LAC10-107-06-2E,USGSGWM,Calculated,GW,Water,,,"[]"
8666065,31810001,Wall Lake 3,Sac,10230007,Well,Alluvium,42.27125,-95.08637,09/12/2012 13:00:00,GWM,NIT-NO3-NO2,Nitrate + Nitrite (AS N),Total,,,,1.8,mg/l,True,0.1,,,LAC10-107-04-1J,GWMPWS,Actual,GW,Water,,,"[]"
8666065,31810001,Wall Lake 3,Sac,10230007,Well,Alluvium,42.27125,-95.08637,09/12/2012 13:00:00,GWM,NIT-AMM,Ammonia-nitrogen (AS N),Total,,,,0.05,mg/l,False,0.05,,,LAC10-107-06-1J,GWMPWS,Actual,GW,Water,,,"[]"
8666065,31810001,Wall Lake 3,Sac,10230007,Well,Alluvium,42.27125,-95.08637,09/12/2012 13:00:00,GWM,NIT-KJELD,Kjeldahl nitrogen (AS N),Total,,,,0.1,mg/l,True,0.1,,,LAC10-107-06-2E,GWMPWS,Actual,GW,Water,,,"[]"
8666065,31810001,Wall Lake 3,Sac,10230007,Well,Alluvium,42.27125,-95.08637,09/12/2012 13:00:00,GWM,14265-44-2,Orthophosphate (AS P),Dissolved,,,,0.02,mg/l,False,0.02,,,LAC10-115-01-1A,GWMPWS,Actual,GW,Water,,,"[]"
8666065,31810001,Wall Lake 3,Sac,10230007,Well,Alluvium,42.27125,-95.08637,09/12/2012 13:00:00,GWM,PHOSP-PHOSP,"Total Phosphorus, mixed forms (AS P)",Total,,,,0.06,mg/l,True,0.02,,,LAC10-115-01-1D,GWMPWS,Actual,GW,Water,,,"[]"
8666065,31810001,Wall Lake 3,Sac,10230007,Well,Alluvium,42.27125,-95.08637,12/05/2016 11:30:00,GWM,NIT-NO3-NO2,Nitrate + Nitrite (AS N),Total,,,,40,mg/l,True,1,,,LAC10-107-04-1J,GWM,Actual,GW,Water,,,"[]"
8666065,31810001,Wall Lake 3,Sac,10230007,Well,Alluvium,42.27125,-95.08637,12/05/2016 11:30:00,GWM,NIT-AMM,Ammonia-nitrogen (AS N),Total,,,,0.05,mg/l,False,0.05,,,LAC10-107-06-1J,GWM,Actual,GW,Water,,,"[]"
8666065,31810001,Wall Lake 3,Sac,10230007,Well,Alluvium,42.27125,-95.08637,11/18/2015 10:30:00,GWM,NIT-NO3-NO2,Nitrate + Nitrite (AS N),Total,,,,0.1,mg/l,False,0.1,,,LAC10-107-04-1J,GWM,Actual,GW,Water,,Sample exceeded required temperature upon receipt.,"[]"
8666065,31810001,Wall Lake 3,Sac,10230007,Well,Alluvium,42.27125,-95.08637,11/18/2015 10:30:00,GWM,NIT-AMM,Ammonia-nitrogen (AS N),Total,,,,0.17,mg/l,True,0.05,,,LAC10-107-06-1J,GWM,Actual,GW,Water,,Sample exceeded required temperature upon receipt.,"[]"
8666065,31810001,Wall Lake 3,Sac,10230007,Well,Alluvium,42.27125,-95.08637,11/18/2015 10:30:00,GWM,NIT-KJELD,Kjeldahl nitrogen (AS N),Total,,,,0.1,mg/l,False,0.1,,,LAC10-107-06-2E,GWM,Actual,GW,Water,,Sample exceeded required temperature upon receipt.,"[]"
8666065,31810001,Wall Lake 3,Sac,10230007,Well,Alluvium,42.27125,-95.08637,11/18/2015 10:30:00,GWM,14265-44-2,Orthophosphate (AS P),Dissolved,,,,0.02,mg/l,False,0.02,,,LAC10-115-01-1A,GWM,Actual,GW,Water,,Sample exceeded required temperature upon receipt.,"[]"
8666065,31810001,Wall Lake 3,Sac,10230007,Well,Alluvium,42.27125,-95.08637,11/18/2015 10:30:00,GWM,PHOSP-PHOSP,"Total Phosphorus, mixed forms (AS P)",Total,,,,0.21,mg/l,True,0.02,,,LAC10-115-01-1D,GWM,Actual,GW,Water,,Sample exceeded required temperature upon receipt.,"[]"
8666065,31810001,Wall Lake 3,Sac,10230007,Well,Alluvium,42.27125,-95.08637,12/18/2014 08:45:00,GWM,14265-44-2,Orthophosphate (AS P),Dissolved,,,,0.07,mg/l,True,0.02,,,4500-P-E,GWM,Actual,GW,Water,,,"[]"
8666065,31810001,Wall Lake 3,Sac,10230007,Well,Alluvium,42.27125,-95.08637,12/18/2014 08:45:00,GWM,NIT-NO3-NO2,Nitrate + Nitrite (AS N),Total,,,,1.2,mg/l,True,0.1,,,LAC10-107-04-1J,GWM,Actual,GW,Water,,,"[]"
8666065,31810001,Wall Lake 3,Sac,10230007,Well,Alluvium,42.27125,-95.08637,12/18/2014 08:45:00,GWM,NIT-AMM,Ammonia-nitrogen (AS N),Total,,,,0.12,mg/l,True,0.05,,,LAC10-107-06-1J,GWM,Actual,GW,Water,,,"[]"
8666065,31810001,Wall Lake 3,Sac,10230007,Well,Alluvium,42.27125,-95.08637,12/18/2014 08:45:00,GWM,NIT-KJELD,Kjeldahl nitrogen (AS N),Total,,,,0.4,mg/l,True,0.1,,,LAC10-107-06-2E,GWM,Actual,GW,Water,,,"[]"
8666065,31810001,Wall Lake 3,Sac,10230007,Well,Alluvium,42.27125,-95.08637,12/18/2014 08:45:00,GWM,PHOSP-PHOSP,"Total Phosphorus, mixed forms (AS P)",Total,,,,0.06,mg/l,True,0.02,,,LAC10-115-01-1D,GWM,Actual,GW,Water,,,"[]"
8666065,31810001,Wall Lake 3,Sac,10230007,Well,Alluvium,42.27125,-95.08637,10/26/2017 09:08:00,GWM,NIT-NO3-NO2,Nitrate + Nitrite (AS N),None,,,,24,mg/l,True,1,,,LAC10-107-06-1J,GWM,Actual,GW,Water,,Sample exceeded required temperature upon receipt.,"[]"
8666065,31810001,Wall Lake 3,Sac,10230007,Well,Alluvium,42.27125,-95.08637,10/26/2017 09:08:00,GWM,NIT-AMM,Ammonia-nitrogen (AS N),None,,,,0.05,mg/l,False,0.05,,,LAC10-107-06-1J,GWM,Actual,GW,Water,,Sample exceeded required temperature upon receipt.,"[]"
8666065,31810001,Wall Lake 3,Sac,10230007,Well,Alluvium,42.27125,-95.08637,11/27/2017 00:00:00,GWM,NIT-NO3-NO2,Nitrate + Nitrite,None,,,,29.37,mg/l,True,0.01,,0.01,353.2,GWM001,,GW,Water,,,"[]"
8666065,31810001,Wall Lake 3,Sac,10230007,Well,Alluvium,42.27125,-95.08637,12/17/2018 10:30:00,GWM,NIT-AMM,Ammonia-nitrogen (AS N),None,,,,0.06,mg/l,True,0.05,,,LAC10-107-06-1J,GWM,Actual,GW,Water,,,"[]"
8666065,31810001,Wall Lake 3,Sac,10230007,Well,Alluvium,42.27125,-95.08637,12/17/2018 10:30:00,GWM,NIT-NO3-NO2,Nitrate + Nitrite (AS N),None,,,,0.2,mg/l,True,0.1,,,LAC10-107-06-1J,GWM,Actual,GW,Water,,,"[]"
8666065,31810001,Wall Lake 3,Sac,10230007,Well,Alluvium,42.27125,-95.08637,12/17/2018 10:30:00,GWM,14265-44-2,Orthophosphate (AS P),Dissolved,,,,0.02,mg/l,False,0.02,,,LAC10-115-01-1A,GWM,Actual,GW,Water,,,"[]"
8666065,31810001,Wall Lake 3,Sac,10230007,Well,Alluvium,42.27125,-95.08637,11/18/2019 08:05:00,GWM,NIT-NO3-NO2,Nitrate + Nitrite (AS N),None,,,,0.1,mg/l,False,0.1,,,LAC10-107-06-1J,GWM,Actual,GW,Water,,,"[]"
8666065,31810001,Wall Lake 3,Sac,10230007,Well,Alluvium,42.27125,-95.08637,11/18/2019 08:05:00,GWM,NIT-AMM,Ammonia-nitrogen (AS N),None,,,,0.2,mg/l,True,0.05,,,LAC10-107-06-1J,GWM,Actual,GW,Water,,,"[]"
8666065,31810001,Wall Lake 3,Sac,10230007,Well,Alluvium,42.27125,-95.08637,03/14/2023 09:00:00,GWM,NIT-NO3-NO2,Nitrate + Nitrite (AS N),Total,,,,14,mg/l,True,0.1,,,LAC10-107-04-1J,GWM,Actual,GW,Water,,,"[]"
8666065,31810001,Wall Lake 3,Sac,10230007,Well,Alluvium,42.27125,-95.08637,03/14/2023 09:00:00,GWM,NIT-AMM,Ammonia-nitrogen (AS N),Total,,,,0.1,mg/l,False,0.1,,,LAC10-107-06-1J,GWM,Actual,GW,Water,,,"[]"
8666065,31810001,Wall Lake 3,Sac,10230007,Well,Alluvium,42.27125,-95.08637,02/02/2021 11:04:00,GWM,NIT-AMM,Ammonia-nitrogen (AS N),None,,,,0.05,mg/l,False,0.05,,,LAC10-107-06-1J,GWM,Actual,GW,Water,,,"[]"
8666065,31810001,Wall Lake 3,Sac,10230007,Well,Alluvium,42.27125,-95.08637,02/02/2021 11:04:00,GWM,NIT-NO3-NO2,Nitrate + Nitrite (AS N),None,,,,18,mg/l,True,0.1,,,LAC10-107-06-1J,GWM,Actual,GW,Water,,,"[]"
8666065,31810004,Auburn 5,Sac,07100006,Well,Dakota,42.24954,-94.87359,03/01/2021 08:30:00,GWM,NIT-AMM,Ammonia-nitrogen (AS N),None,,,,1.2,mg/l,True,0.05,,,LAC10-107-06-1J,GWM,Actual,GW,Water,,,"[]"
8666065,31810004,Auburn 5,Sac,07100006,Well,Dakota,42.24954,-94.87359,03/01/2021 08:30:00,GWM,NIT-NO3-NO2,Nitrate + Nitrite (AS N),None,,,,0.1,mg/l,False,0.1,,,LAC10-107-06-1J,GWM,Actual,GW,Water,,,"[]"
8666065,31810004,Auburn 5,Sac,07100006,Well,Dakota,42.24954,-94.87359,03/01/2021 08:30:00,GWM,14265-44-2,Orthophosphate (AS P),Dissolved,,,,0.02,mg/l,False,0.02,,,LAC10-115-01-1A,GWM,Actual,GW,Water,,,"[]"
8666065,31810005,Schaller 2,Sac,10230005,Well,Dakota,42.49728,-95.2958,05/04/2021 07:00:00,GWM,NIT-AMM,Ammonia-nitrogen (AS N),None,,,,3.5,mg/l,True,0.05,,,LAC10-107-06-1J,GWM,Actual,GW,Water,,,"[]"
8666065,31810005,Schaller 2,Sac,10230005,Well,Dakota,42.49728,-95.2958,05/04/2021 07:00:00,GWM,NIT-NO3-NO2,Nitrate + Nitrite (AS N),None,,,,0.1,mg/l,False,0.1,,,LAC10-107-06-1J,GWM,Actual,GW,Water,,,"[]"
8666065,31810005,Schaller 2,Sac,10230005,Well,Dakota,42.49728,-95.2958,05/04/2021 07:00:00,GWM,14265-44-2,Orthophosphate (AS P),Dissolved,,,,0.02,mg/l,True,0.02,,,LAC10-115-01-1A,GWM,Actual,GW,Water,,,"[]"
