facilityID,siteID,name,county,huc8,type,aquifer,latitude,longitude,sampleDate,projectCode,cas_rn,analyte,fraction,relDepth,sampDepth,sampDepthUnit,result,unit,detect,detectLimit,quantFlag,quantLimit,method,colMethod,resultType,matrix,medium,qualFlag,remark,xParams
8666065,31820001,"Blue Grass (2), 1",Scott,07080101,Well,Silurian-Devonian,41.509889,-90.766343,07/24/2002 10:30:00,GWM,NIT-NO3-NO2,Nitrate + Nitrite (AS N),Total,,,,0.1,mg/l,False,0.1,,,353.2,USGSGWM,Actual,GW,Water,,,"[]"
8666065,31820001,"Blue Grass (2), 1",Scott,07080101,Well,Silurian-Devonian,41.509889,-90.766343,07/24/2002 10:30:00,GWM,NIT-AMM,Ammonia-nitrogen (AS N),Total,,,,0.05,mg/l,False,0.05,,,LAC10-107-06-1J,USGSGWM,Actual,GW,Water,,,"[]"
8666065,31820001,"Blue Grass (2), 1",Scott,07080101,Well,Silurian-Devonian,41.509889,-90.766343,07/24/2002 10:30:00,GWM,NIT-ORGN,Organic Nitrogen (AS N),Total,,,,0.07,mg/l,True,0.05,,,LAC10-107-06-2E,USGSGWM,Calculated,GW,Water,,,"[]"
8666065,31820001,"Blue Grass (2), 1",Scott,07080101,Well,Silurian-Devonian,41.509889,-90.766343,07/24/2002 10:30:00,GWM,14265-44-2,Orthophosphate (AS P),Dissolved,,,,0.05,mg/l,False,0.05,,,LAC10-115-01-1A,USGSGWM,Actual,GW,Water,,,"[]"
8666065,31820001,"Blue Grass (2), 1",Scott,07080101,Well,Silurian-Devonian,41.509889,-90.766343,07/24/2002 10:30:00,GWM,PHOSP-PHOSP,"Total Phosphorus, mixed forms (AS P)",Total,,,,0.05,mg/l,False,0.05,,,LAC10-115-01-1C,USGSGWM,Actual,GW,Water,,,"[]"
8666065,31820001,"Blue Grass (2), 1",Scott,07080101,Well,Silurian-Devonian,41.509889,-90.766343,07/24/2002 10:30:00,GWM,NIT-KJELD,Kjeldahl nitrogen (AS N),Total,,,,0.11,mg/l,True,0.05,,,PAI DK03,USGSGWM,Actual,GW,Water,,,"[]"
8666065,31820004,Eldridge 3,Scott,07080103,Well,Silurian,41.65809,-90.5892,08/07/2003 11:00:00,GWM,NIT-AMM,Ammonia-nitrogen (AS N),Total,,,,1.3,mg/l,True,0.05,,,350.1,USGSGWM,Actual,GW,Water,,,"[]"
8666065,31820004,Eldridge 3,Scott,07080103,Well,Silurian,41.65809,-90.5892,08/07/2003 11:00:00,GWM,NIT-NO3-NO2,Nitrate + Nitrite (AS N),Total,,,,0.1,mg/l,False,0.1,,,353.2,USGSGWM,Actual,GW,Water,,,"[]"
8666065,31820004,Eldridge 3,Scott,07080103,Well,Silurian,41.65809,-90.5892,08/07/2003 11:00:00,GWM,14265-44-2,Orthophosphate (AS P),Dissolved,,,,0.02,mg/l,False,0.02,,,365.1,USGSGWM,Actual,GW,Water,,,"[]"
8666065,31820004,Eldridge 3,Scott,07080103,Well,Silurian,41.65809,-90.5892,08/07/2003 11:00:00,GWM,PHOSP-PHOSP,"Total Phosphorus, mixed forms (AS P)",Total,,,,0.23,mg/l,True,0.02,,,365.4,USGSGWM,Actual,GW,Water,,,"[]"
8666065,31820004,Eldridge 3,Scott,07080103,Well,Silurian,41.65809,-90.5892,08/07/2003 11:00:00,GWM,NIT-ORGN,Organic Nitrogen (AS N),Total,,,,0.37,mg/l,True,0.05,,,LAC10-107-06-2E,USGSGWM,Calculated,GW,Water,,,"[]"
8666065,31820004,Eldridge 3,Scott,07080103,Well,Silurian,41.65809,-90.5892,08/07/2003 11:00:00,GWM,NIT-KJELD,Kjeldahl nitrogen (AS N),Total,,,,1.6,mg/l,True,0.05,,,PAI DK03,USGSGWM,Actual,GW,Water,,,"[]"
8666065,31820006,Walcott 3,Scott,07080206,Well,Silurian,41.58295,-90.77489,08/05/2003 15:00:00,GWM,NIT-AMM,Ammonia-nitrogen (AS N),Total,,,,0.26,mg/l,True,0.05,,,350.1,USGSGWM,Actual,GW,Water,,,"[]"
8666065,31820006,Walcott 3,Scott,07080206,Well,Silurian,41.58295,-90.77489,08/05/2003 15:00:00,GWM,NIT-NO3-NO2,Nitrate + Nitrite (AS N),Total,,,,0.1,mg/l,False,0.1,,,353.2,USGSGWM,Actual,GW,Water,,,"[]"
8666065,31820006,Walcott 3,Scott,07080206,Well,Silurian,41.58295,-90.77489,08/05/2003 15:00:00,GWM,14265-44-2,Orthophosphate (AS P),Dissolved,,,,0.02,mg/l,False,0.02,,,365.1,USGSGWM,Actual,GW,Water,,,"[]"
8666065,31820006,Walcott 3,Scott,07080206,Well,Silurian,41.58295,-90.77489,08/05/2003 15:00:00,GWM,PHOSP-PHOSP,"Total Phosphorus, mixed forms (AS P)",Total,,,,0.06,mg/l,True,0.02,,,365.4,USGSGWM,Actual,GW,Water,,,"[]"
8666065,31820006,Walcott 3,Scott,07080206,Well,Silurian,41.58295,-90.77489,08/05/2003 15:00:00,GWM,NIT-ORGN,Organic Nitrogen (AS N),Total,,,,0.05,mg/l,True,0.05,,,LAC10-107-06-2E,USGSGWM,Calculated,GW,Water,,,"[]"
8666065,31820006,Walcott 3,Scott,07080206,Well,Silurian,41.58295,-90.77489,08/05/2003 15:00:00,GWM,NIT-KJELD,Kjeldahl nitrogen (AS N),Total,,,,0.31,mg/l,True,0.05,,,PAI DK03,USGSGWM,Actual,GW,Water,,,"[]"
8666065,31820002,Eldridge 2,Scott,07080101,Well,Silurian,41.65689,-90.58583,08/21/2003 13:50:00,GWM,NIT-AMM,Ammonia-nitrogen (AS N),Total,,,,1.9,mg/l,True,0.05,,,350.1,USGSGWM,Actual,GW,Water,,,"[]"
8666065,31820002,Eldridge 2,Scott,07080101,Well,Silurian,41.65689,-90.58583,08/21/2003 13:50:00,GWM,NIT-NO3-NO2,Nitrate + Nitrite (AS N),Total,,,,0.1,mg/l,False,0.1,,,353.2,USGSGWM,Actual,GW,Water,,,"[]"
8666065,31820002,Eldridge 2,Scott,07080101,Well,Silurian,41.65689,-90.58583,08/21/2003 13:50:00,GWM,14265-44-2,Orthophosphate (AS P),Dissolved,,,,0.02,mg/l,False,0.02,,,365.1,USGSGWM,Actual,GW,Water,,,"[]"
8666065,31820002,Eldridge 2,Scott,07080101,Well,Silurian,41.65689,-90.58583,08/21/2003 13:50:00,GWM,PHOSP-PHOSP,"Total Phosphorus, mixed forms (AS P)",Total,,,,0.33,mg/l,True,0.05,,,365.4,USGSGWM,Actual,GW,Water,,,"[]"
8666065,31820002,Eldridge 2,Scott,07080101,Well,Silurian,41.65689,-90.58583,08/21/2003 13:50:00,GWM,NIT-ORGN,Organic Nitrogen (AS N),Total,,,,0.53,mg/l,True,0.05,,,LAC10-107-06-2E,USGSGWM,Calculated,GW,Water,,,"[]"
8666065,31820002,Eldridge 2,Scott,07080101,Well,Silurian,41.65689,-90.58583,08/21/2003 13:50:00,GWM,NIT-KJELD,Kjeldahl nitrogen (AS N),Total,,,,2.4,mg/l,True,0.05,,,PAI DK03,USGSGWM,Actual,GW,Water,,,"[]"
8666065,31820005,Princeton 2,Scott,07080101,Well,Silurian,41.675963,-90.344832,08/27/2003 12:30:00,GWM,NIT-AMM,Ammonia-nitrogen (AS N),Total,,,,0.05,mg/l,False,0.05,,,350.1,USGSGWM,Actual,GW,Water,,,"[]"
8666065,31820005,Princeton 2,Scott,07080101,Well,Silurian,41.675963,-90.344832,08/27/2003 12:30:00,GWM,NIT-NO3-NO2,Nitrate + Nitrite (AS N),Total,,,,11,mg/l,True,0.1,,,353.2,USGSGWM,Actual,GW,Water,,,"[]"
8666065,31820005,Princeton 2,Scott,07080101,Well,Silurian,41.675963,-90.344832,08/27/2003 12:30:00,GWM,14265-44-2,Orthophosphate (AS P),Dissolved,,,,0.03,mg/l,True,0.02,,,365.1,USGSGWM,Actual,GW,Water,,,"[]"
8666065,31820005,Princeton 2,Scott,07080101,Well,Silurian,41.675963,-90.344832,08/27/2003 12:30:00,GWM,PHOSP-PHOSP,"Total Phosphorus, mixed forms (AS P)",Total,,,,0.02,mg/l,True,0.02,,,365.4,USGSGWM,Actual,GW,Water,,,"[]"
8666065,31820005,Princeton 2,Scott,07080101,Well,Silurian,41.675963,-90.344832,08/27/2003 12:30:00,GWM,NIT-ORGN,Organic Nitrogen (AS N),Total,,,,0.08,mg/l,True,0.05,,,LAC10-107-06-2E,USGSGWM,Calculated,GW,Water,,,"[]"
8666065,31820005,Princeton 2,Scott,07080101,Well,Silurian,41.675963,-90.344832,08/27/2003 12:30:00,GWM,NIT-KJELD,Kjeldahl nitrogen (AS N),Total,,,,0.11,mg/l,True,0.05,,,PAI DK03,USGSGWM,Actual,GW,Water,,,"[]"
8666065,31820001,"Blue Grass (2), 1",Scott,07080101,Well,Silurian-Devonian,41.509889,-90.766343,08/29/2003 08:50:00,GWM,NIT-AMM,Ammonia-nitrogen (AS N),Total,,,,0.05,mg/l,False,0.05,,,350.1,USGSGWM,Actual,GW,Water,,,"[]"
8666065,31820001,"Blue Grass (2), 1",Scott,07080101,Well,Silurian-Devonian,41.509889,-90.766343,08/29/2003 08:50:00,GWM,NIT-NO3-NO2,Nitrate + Nitrite (AS N),Total,,,,0.1,mg/l,False,0.1,,,353.2,USGSGWM,Actual,GW,Water,,,"[]"
8666065,31820001,"Blue Grass (2), 1",Scott,07080101,Well,Silurian-Devonian,41.509889,-90.766343,08/29/2003 08:50:00,GWM,14265-44-2,Orthophosphate (AS P),Dissolved,,,,0.02,mg/l,False,0.02,,,365.1,USGSGWM,Actual,GW,Water,,,"[]"
8666065,31820001,"Blue Grass (2), 1",Scott,07080101,Well,Silurian-Devonian,41.509889,-90.766343,08/29/2003 08:50:00,GWM,PHOSP-PHOSP,"Total Phosphorus, mixed forms (AS P)",Total,,,,0.02,mg/l,False,0.02,,,365.4,USGSGWM,Actual,GW,Water,,,"[]"
8666065,31820001,"Blue Grass (2), 1",Scott,07080101,Well,Silurian-Devonian,41.509889,-90.766343,08/29/2003 08:50:00,GWM,NIT-ORGN,Organic Nitrogen (AS N),Total,,,,0.1,mg/l,True,0.05,,,LAC10-107-06-2E,USGSGWM,Calculated,GW,Water,,,"[]"
8666065,31820001,"Blue Grass (2), 1",Scott,07080101,Well,Silurian-Devonian,41.509889,-90.766343,08/29/2003 08:50:00,GWM,NIT-KJELD,Kjeldahl nitrogen (AS N),Total,,,,0.1,mg/l,True,0.05,,,PAI DK03,USGSGWM,Actual,GW,Water,,,"[]"
8666065,31820003,Buffalo 1,Scott,07080101,Well,Silurian,41.45704,-90.722264,09/09/2003 08:30:00,GWM,NIT-AMM,Ammonia-nitrogen (AS N),Total,,,,0.09,mg/l,True,0.05,,,350.1,USGSGWM,Actual,GW,Water,,,"[]"
8666065,31820003,Buffalo 1,Scott,07080101,Well,Silurian,41.45704,-90.722264,09/09/2003 08:30:00,GWM,NIT-NO3-NO2,Nitrate + Nitrite (AS N),Total,,,,0.1,mg/l,False,0.1,,,353.2,USGSGWM,Actual,GW,Water,,,"[]"
8666065,31820003,Buffalo 1,Scott,07080101,Well,Silurian,41.45704,-90.722264,09/09/2003 08:30:00,GWM,14265-44-2,Orthophosphate (AS P),Dissolved,,,,0.02,mg/l,False,0.02,,,365.1,USGSGWM,Actual,GW,Water,,,"[]"
8666065,31820003,Buffalo 1,Scott,07080101,Well,Silurian,41.45704,-90.722264,09/09/2003 08:30:00,GWM,PHOSP-PHOSP,"Total Phosphorus, mixed forms (AS P)",Total,,,,0.02,mg/l,False,0.02,,,365.4,USGSGWM,Actual,GW,Water,,,"[]"
8666065,31820003,Buffalo 1,Scott,07080101,Well,Silurian,41.45704,-90.722264,09/09/2003 08:30:00,GWM,NIT-ORGN,Organic Nitrogen (AS N),Total,,,,0.05,mg/l,False,0.05,,,LAC10-107-06-2E,USGSGWM,Calculated,GW,Water,,,"[]"
8666065,31820003,Buffalo 1,Scott,07080101,Well,Silurian,41.45704,-90.722264,09/09/2003 08:30:00,GWM,NIT-KJELD,Kjeldahl nitrogen (AS N),Total,,,,0.13,mg/l,True,0.05,,,PAI DK03,USGSGWM,Actual,GW,Water,,,"[]"
8666065,31820001,"Blue Grass (2), 1",Scott,07080101,Well,Silurian-Devonian,41.509889,-90.766343,07/08/2004 11:30:00,GWM,NIT-AMM,Ammonia-nitrogen (AS N),Total,,,,0.05,mg/l,False,0.05,,,350.1,USGSGWM,Actual,GW,Water,,,"[]"
8666065,31820001,"Blue Grass (2), 1",Scott,07080101,Well,Silurian-Devonian,41.509889,-90.766343,07/08/2004 11:30:00,GWM,NIT-NO3-NO2,Nitrate + Nitrite (AS N),Total,,,,0.05,mg/l,False,0.05,,,353.2,USGSGWM,Actual,GW,Water,,,"[]"
8666065,31820001,"Blue Grass (2), 1",Scott,07080101,Well,Silurian-Devonian,41.509889,-90.766343,07/08/2004 11:30:00,GWM,14265-44-2,Orthophosphate (AS P),Dissolved,,,,0.02,mg/l,False,0.02,,,365.1,USGSGWM,Actual,GW,Water,,,"[]"
8666065,31820001,"Blue Grass (2), 1",Scott,07080101,Well,Silurian-Devonian,41.509889,-90.766343,07/08/2004 11:30:00,GWM,PHOSP-PHOSP,"Total Phosphorus, mixed forms (AS P)",Total,,,,0.02,mg/l,False,0.02,,,365.4,USGSGWM,Actual,GW,Water,,,"[]"
8666065,31820001,"Blue Grass (2), 1",Scott,07080101,Well,Silurian-Devonian,41.509889,-90.766343,07/08/2004 11:30:00,GWM,NIT-ORGN,Organic Nitrogen,Total,,,,0.05,mg/l,False,0.05,,,LAC10-107-06-2E,USGSGWM,Calculated,GW,Water,,,"[]"
8666065,31820002,Eldridge 2,Scott,07080101,Well,Silurian,41.65689,-90.58583,07/08/2004 09:30:00,GWM,NIT-AMM,Ammonia-nitrogen (AS N),Total,,,,2,mg/l,True,0.05,,,350.1,USGSGWM,Actual,GW,Water,,,"[]"
8666065,31820002,Eldridge 2,Scott,07080101,Well,Silurian,41.65689,-90.58583,07/08/2004 09:30:00,GWM,NIT-NO3-NO2,Nitrate + Nitrite (AS N),Total,,,,0.05,mg/l,False,0.05,,,353.2,USGSGWM,Actual,GW,Water,,,"[]"
8666065,31820002,Eldridge 2,Scott,07080101,Well,Silurian,41.65689,-90.58583,07/08/2004 09:30:00,GWM,14265-44-2,Orthophosphate (AS P),Dissolved,,,,0.02,mg/l,False,0.02,,,365.1,USGSGWM,Actual,GW,Water,,,"[]"
8666065,31820002,Eldridge 2,Scott,07080101,Well,Silurian,41.65689,-90.58583,07/08/2004 09:30:00,GWM,PHOSP-PHOSP,"Total Phosphorus, mixed forms (AS P)",Total,,,,0.38,mg/l,True,0.02,,,365.4,USGSGWM,Actual,GW,Water,,,"[]"
8666065,31820002,Eldridge 2,Scott,07080101,Well,Silurian,41.65689,-90.58583,07/08/2004 09:30:00,GWM,NIT-ORGN,Organic Nitrogen,Total,,,,0.64,mg/l,True,0.05,,,LAC10-107-06-2E,USGSGWM,Calculated,GW,Water,,,"[]"
8666065,31820001,"Blue Grass (2), 1",Scott,07080101,Well,Silurian-Devonian,41.509889,-90.766343,08/25/2005 14:30:00,GWM,NIT-AMM,Ammonia-nitrogen (AS N),Total,,,,0.07,mg/l,True,0.05,,,350.1,USGSGWM,Actual,GW,Water,,,"[]"
8666065,31820001,"Blue Grass (2), 1",Scott,07080101,Well,Silurian-Devonian,41.509889,-90.766343,08/25/2005 14:30:00,GWM,NIT-KJELD,Kjeldahl nitrogen (AS N),Total,,,,0.1,mg/l,False,0.1,,,351.2,USGSGWM,Actual,GW,Water,,,"[]"
8666065,31820001,"Blue Grass (2), 1",Scott,07080101,Well,Silurian-Devonian,41.509889,-90.766343,08/25/2005 14:30:00,GWM,NIT-NO3-NO2,Nitrate + Nitrite (AS N),Total,,,,0.05,mg/l,False,0.05,,,353.2,USGSGWM,Actual,GW,Water,,,"[]"
8666065,31820001,"Blue Grass (2), 1",Scott,07080101,Well,Silurian-Devonian,41.509889,-90.766343,08/25/2005 14:30:00,GWM,14265-44-2,Orthophosphate (AS P),Dissolved,,,,0.02,mg/l,False,0.02,,,365.1,USGSGWM,Actual,GW,Water,,,"[]"
8666065,31820001,"Blue Grass (2), 1",Scott,07080101,Well,Silurian-Devonian,41.509889,-90.766343,08/25/2005 14:30:00,GWM,PHOSP-PHOSP,"Total Phosphorus, mixed forms (AS P)",Total,,,,0.02,mg/l,False,0.02,,,365.4,USGSGWM,Actual,GW,Water,,,"[]"
8666065,31820001,"Blue Grass (2), 1",Scott,07080101,Well,Silurian-Devonian,41.509889,-90.766343,08/25/2005 14:30:00,GWM,NIT-ORGN,Organic Nitrogen,Total,,,,0.1,mg/l,False,0.1,,,LAC10-107-06-2E,USGSGWM,Calculated,GW,Water,,,"[]"
8666065,31820002,Eldridge 2,Scott,07080101,Well,Silurian,41.65689,-90.58583,08/31/2005 11:45:00,GWM,NIT-AMM,Ammonia-nitrogen (AS N),Total,,,,1.6,mg/l,True,0.05,,,350.1,USGSGWM,Actual,GW,Water,,,"[]"
8666065,31820002,Eldridge 2,Scott,07080101,Well,Silurian,41.65689,-90.58583,08/31/2005 11:45:00,GWM,NIT-KJELD,Kjeldahl nitrogen (AS N),Total,,,,1.7,mg/l,True,0.1,,,351.2,USGSGWM,Actual,GW,Water,,,"[]"
8666065,31820002,Eldridge 2,Scott,07080101,Well,Silurian,41.65689,-90.58583,08/31/2005 11:45:00,GWM,NIT-NO3-NO2,Nitrate + Nitrite (AS N),Total,,,,0.05,mg/l,False,0.05,,,353.2,USGSGWM,Actual,GW,Water,,,"[]"
8666065,31820002,Eldridge 2,Scott,07080101,Well,Silurian,41.65689,-90.58583,08/31/2005 11:45:00,GWM,14265-44-2,Orthophosphate (AS P),Dissolved,,,,0.02,mg/l,True,0.02,,,365.1,USGSGWM,Actual,GW,Water,,,"[]"
8666065,31820002,Eldridge 2,Scott,07080101,Well,Silurian,41.65689,-90.58583,08/31/2005 11:45:00,GWM,PHOSP-PHOSP,"Total Phosphorus, mixed forms (AS P)",Total,,,,0.25,mg/l,True,0.02,,,365.4,USGSGWM,Actual,GW,Water,,,"[]"
8666065,31820002,Eldridge 2,Scott,07080101,Well,Silurian,41.65689,-90.58583,08/31/2005 11:45:00,GWM,NIT-ORGN,Organic Nitrogen,Total,,,,0.1,mg/l,False,0.1,,,LAC10-107-06-2E,USGSGWM,Calculated,GW,Water,,,"[]"
8666065,31820002,Eldridge 2,Scott,07080101,Well,Silurian,41.65689,-90.58583,06/21/2006 14:00:00,GWM,NIT-AMM,Ammonia-nitrogen (AS N),Total,,,,1.9,mg/l,True,0.05,,,350.1,USGSGWM,Actual,GW,Water,,,"[]"
8666065,31820002,Eldridge 2,Scott,07080101,Well,Silurian,41.65689,-90.58583,06/21/2006 14:00:00,GWM,NIT-KJELD,Kjeldahl nitrogen (AS N),Total,,,,2.1,mg/l,True,0.1,,,351.2,USGSGWM,Actual,GW,Water,,,"[]"
8666065,31820002,Eldridge 2,Scott,07080101,Well,Silurian,41.65689,-90.58583,06/21/2006 14:00:00,GWM,NIT-NO3-NO2,Nitrate + Nitrite (AS N),Total,,,,0.05,mg/l,False,0.05,,,353.2,USGSGWM,Actual,GW,Water,,,"[]"
8666065,31820002,Eldridge 2,Scott,07080101,Well,Silurian,41.65689,-90.58583,06/21/2006 14:00:00,GWM,14265-44-2,Orthophosphate (AS P),Dissolved,,,,0.02,mg/l,False,0.02,,,365.1,USGSGWM,Actual,GW,Water,,,"[]"
8666065,31820002,Eldridge 2,Scott,07080101,Well,Silurian,41.65689,-90.58583,06/21/2006 14:00:00,GWM,PHOSP-PHOSP,"Total Phosphorus, mixed forms (AS P)",Total,,,,0.26,mg/l,True,0.02,,,365.4,USGSGWM,Actual,GW,Water,,,"[]"
8666065,31820002,Eldridge 2,Scott,07080101,Well,Silurian,41.65689,-90.58583,06/21/2006 14:00:00,GWM,NIT-ORGN,Organic Nitrogen,Total,,,,0.2,mg/l,True,0.1,,,LAC10-107-06-2E,USGSGWM,Calculated,GW,Water,,,"[]"
8666065,31820001,"Blue Grass (2), 1",Scott,07080101,Well,Silurian-Devonian,41.509889,-90.766343,07/18/2006 09:30:00,GWM,NIT-AMM,Ammonia-nitrogen (AS N),Total,,,,0.05,mg/l,False,0.05,,,350.1,USGSGWM,Actual,GW,Water,,,"[]"
8666065,31820001,"Blue Grass (2), 1",Scott,07080101,Well,Silurian-Devonian,41.509889,-90.766343,07/18/2006 09:30:00,GWM,NIT-KJELD,Kjeldahl nitrogen (AS N),Total,,,,0.1,mg/l,False,0.1,,,351.2,USGSGWM,Actual,GW,Water,,,"[]"
8666065,31820001,"Blue Grass (2), 1",Scott,07080101,Well,Silurian-Devonian,41.509889,-90.766343,07/18/2006 09:30:00,GWM,NIT-NO3-NO2,Nitrate + Nitrite (AS N),Total,,,,0.05,mg/l,False,0.05,,,353.2,USGSGWM,Actual,GW,Water,,,"[]"
8666065,31820001,"Blue Grass (2), 1",Scott,07080101,Well,Silurian-Devonian,41.509889,-90.766343,07/18/2006 09:30:00,GWM,14265-44-2,Orthophosphate (AS P),Dissolved,,,,0.02,mg/l,False,0.02,,,365.2,USGSGWM,Actual,GW,Water,,,"[]"
8666065,31820001,"Blue Grass (2), 1",Scott,07080101,Well,Silurian-Devonian,41.509889,-90.766343,07/18/2006 09:30:00,GWM,PHOSP-PHOSP,"Total Phosphorus, mixed forms (AS P)",Total,,,,0.07,mg/l,True,0.02,,,365.4,USGSGWM,Actual,GW,Water,,,"[]"
8666065,31820001,"Blue Grass (2), 1",Scott,07080101,Well,Silurian-Devonian,41.509889,-90.766343,07/18/2006 09:30:00,GWM,NIT-ORGN,Organic Nitrogen,Total,,,,0.1,mg/l,False,0.1,,,LAC10-107-06-2E,USGSGWM,Calculated,GW,Water,,,"[]"
8666065,31820001,"Blue Grass (2), 1",Scott,07080101,Well,Silurian-Devonian,41.509889,-90.766343,08/28/2012 09:45:00,GWM,NIT-NO3-NO2,Nitrate + Nitrite (AS N),Total,,,,0.1,mg/l,False,0.1,,,LAC10-107-04-1J,GWMPWS,Actual,GW,Water,,,"[]"
8666065,31820001,"Blue Grass (2), 1",Scott,07080101,Well,Silurian-Devonian,41.509889,-90.766343,08/28/2012 09:45:00,GWM,NIT-AMM,Ammonia-nitrogen (AS N),Total,,,,0.06,mg/l,True,0.05,,,LAC10-107-06-1J,GWMPWS,Actual,GW,Water,,,"[]"
8666065,31820001,"Blue Grass (2), 1",Scott,07080101,Well,Silurian-Devonian,41.509889,-90.766343,08/28/2012 09:45:00,GWM,NIT-KJELD,Kjeldahl nitrogen (AS N),Total,,,,0.2,mg/l,True,0.1,,,LAC10-107-06-2E,GWMPWS,Actual,GW,Water,,,"[]"
8666065,31820001,"Blue Grass (2), 1",Scott,07080101,Well,Silurian-Devonian,41.509889,-90.766343,08/28/2012 09:45:00,GWM,14265-44-2,Orthophosphate (AS P),Dissolved,,,,0.02,mg/l,False,0.02,,,LAC10-115-01-1A,GWMPWS,Actual,GW,Water,,,"[]"
8666065,31820001,"Blue Grass (2), 1",Scott,07080101,Well,Silurian-Devonian,41.509889,-90.766343,08/28/2012 09:45:00,GWM,PHOSP-PHOSP,"Total Phosphorus, mixed forms (AS P)",Total,,,,0.02,mg/l,False,0.02,,,LAC10-115-01-1D,GWMPWS,Actual,GW,Water,,,"[]"
8666065,31820002,Eldridge 2,Scott,07080101,Well,Silurian,41.65689,-90.58583,09/19/2012 11:30:00,GWM,NIT-NO3-NO2,Nitrate + Nitrite (AS N),Total,,,,0.1,mg/l,False,0.1,,,LAC10-107-04-1J,GWMPWS,Actual,GW,Water,,,"[]"
8666065,31820002,Eldridge 2,Scott,07080101,Well,Silurian,41.65689,-90.58583,09/19/2012 11:30:00,GWM,NIT-AMM,Ammonia-nitrogen (AS N),Total,,,,1.8,mg/l,True,0.05,,,LAC10-107-06-1J,GWMPWS,Actual,GW,Water,,,"[]"
8666065,31820002,Eldridge 2,Scott,07080101,Well,Silurian,41.65689,-90.58583,09/19/2012 11:30:00,GWM,NIT-KJELD,Kjeldahl nitrogen (AS N),Total,,,,2.4,mg/l,True,0.1,,,LAC10-107-06-2E,GWMPWS,Actual,GW,Water,,,"[]"
8666065,31820002,Eldridge 2,Scott,07080101,Well,Silurian,41.65689,-90.58583,09/19/2012 11:30:00,GWM,14265-44-2,Orthophosphate (AS P),Dissolved,,,,0.02,mg/l,False,0.02,,,LAC10-115-01-1A,GWMPWS,Actual,GW,Water,,,"[]"
8666065,31820002,Eldridge 2,Scott,07080101,Well,Silurian,41.65689,-90.58583,09/19/2012 11:30:00,GWM,PHOSP-PHOSP,"Total Phosphorus, mixed forms (AS P)",Total,,,,0.31,mg/l,True,0.02,,,LAC10-115-01-1D,GWMPWS,Actual,GW,Water,,,"[]"
8666065,31820001,"Blue Grass (2), 1",Scott,07080101,Well,Silurian-Devonian,41.509889,-90.766343,12/12/2016 10:00:00,GWM,NIT-NO3-NO2,Nitrate + Nitrite (AS N),Total,,,,0.1,mg/l,False,0.1,,,LAC10-107-04-1J,GWM,Actual,GW,Water,,Sample exceeded required temperature upon receipt.,"[]"
8666065,31820001,"Blue Grass (2), 1",Scott,07080101,Well,Silurian-Devonian,41.509889,-90.766343,12/12/2016 10:00:00,GWM,NIT-AMM,Ammonia-nitrogen (AS N),Total,,,,0.05,mg/l,False,0.05,,,LAC10-107-06-1J,GWM,Actual,GW,Water,,Sample exceeded required temperature upon receipt.,"[]"
8666065,31820001,"Blue Grass (2), 1",Scott,07080101,Well,Silurian-Devonian,41.509889,-90.766343,11/12/2015 10:09:00,GWM,NIT-NO3-NO2,Nitrate + Nitrite (AS N),Total,,,,0.1,mg/l,False,0.1,,,LAC10-107-04-1J,GWM,Actual,GW,Water,,,"[]"
8666065,31820001,"Blue Grass (2), 1",Scott,07080101,Well,Silurian-Devonian,41.509889,-90.766343,11/12/2015 10:09:00,GWM,NIT-AMM,Ammonia-nitrogen (AS N),Total,,,,0.05,mg/l,False,0.05,,,LAC10-107-06-1J,GWM,Actual,GW,Water,,,"[]"
8666065,31820001,"Blue Grass (2), 1",Scott,07080101,Well,Silurian-Devonian,41.509889,-90.766343,11/12/2015 10:09:00,GWM,NIT-KJELD,Kjeldahl nitrogen (AS N),Total,,,,0.1,mg/l,True,0.1,,,LAC10-107-06-2E,GWM,Actual,GW,Water,,,"[]"
8666065,31820001,"Blue Grass (2), 1",Scott,07080101,Well,Silurian-Devonian,41.509889,-90.766343,11/12/2015 10:09:00,GWM,14265-44-2,Orthophosphate (AS P),Dissolved,,,,0.02,mg/l,False,0.02,,,LAC10-115-01-1A,GWM,Actual,GW,Water,,,"[]"
8666065,31820001,"Blue Grass (2), 1",Scott,07080101,Well,Silurian-Devonian,41.509889,-90.766343,11/12/2015 10:09:00,GWM,PHOSP-PHOSP,"Total Phosphorus, mixed forms (AS P)",Total,,,,0.02,mg/l,False,0.02,,,LAC10-115-01-1D,GWM,Actual,GW,Water,,,"[]"
8666065,31820001,"Blue Grass (2), 1",Scott,07080101,Well,Silurian-Devonian,41.509889,-90.766343,12/09/2014 10:30:00,GWM,NIT-NO3-NO2,Nitrate + Nitrite (AS N),Total,,,,0.1,mg/l,False,0.1,,,LAC10-107-04-1J,GWM,Actual,GW,Water,,,"[]"
8666065,31820001,"Blue Grass (2), 1",Scott,07080101,Well,Silurian-Devonian,41.509889,-90.766343,12/09/2014 10:30:00,GWM,NIT-AMM,Ammonia-nitrogen (AS N),Total,,,,0.07,mg/l,True,0.05,,,LAC10-107-06-1J,GWM,Actual,GW,Water,,,"[]"
8666065,31820001,"Blue Grass (2), 1",Scott,07080101,Well,Silurian-Devonian,41.509889,-90.766343,12/09/2014 10:30:00,GWM,NIT-KJELD,Kjeldahl nitrogen (AS N),Total,,,,0.1,mg/l,False,0.1,,,LAC10-107-06-2E,GWM,Actual,GW,Water,,,"[]"
8666065,31820001,"Blue Grass (2), 1",Scott,07080101,Well,Silurian-Devonian,41.509889,-90.766343,12/09/2014 10:30:00,GWM,14265-44-2,Orthophosphate (AS P),Dissolved,,,,0.02,mg/l,False,0.02,,,LAC10-115-01-1A,GWM,Actual,GW,Water,,,"[]"
8666065,31820001,"Blue Grass (2), 1",Scott,07080101,Well,Silurian-Devonian,41.509889,-90.766343,12/09/2014 10:30:00,GWM,PHOSP-PHOSP,"Total Phosphorus, mixed forms (AS P)",Total,,,,0.09,mg/l,True,0.02,,,LAC10-115-01-1D,GWM,Actual,GW,Water,,,"[]"
8666065,31820001,"Blue Grass (2), 1",Scott,07080101,Well,Silurian-Devonian,41.509889,-90.766343,03/20/2013 13:15:00,GWM,NIT-NO3-NO2,Nitrate + Nitrite (AS N),Total,,,,0.1,mg/l,False,0.1,,,LAC10-107-04-1J,GWM,Actual,GW,Water,,,"[]"
8666065,31820001,"Blue Grass (2), 1",Scott,07080101,Well,Silurian-Devonian,41.509889,-90.766343,03/20/2013 13:15:00,GWM,NIT-AMM,Ammonia-nitrogen (AS N),Total,,,,0.06,mg/l,True,0.05,,,LAC10-107-06-1J,GWM,Actual,GW,Water,,,"[]"
8666065,31820001,"Blue Grass (2), 1",Scott,07080101,Well,Silurian-Devonian,41.509889,-90.766343,03/20/2013 13:15:00,GWM,NIT-KJELD,Kjeldahl nitrogen (AS N),Total,,,,0.1,mg/l,False,0.1,,,LAC10-107-06-2E,GWM,Actual,GW,Water,,,"[]"
8666065,31820001,"Blue Grass (2), 1",Scott,07080101,Well,Silurian-Devonian,41.509889,-90.766343,03/20/2013 13:15:00,GWM,14265-44-2,Orthophosphate (AS P),Dissolved,,,,0.02,mg/l,False,0.02,,,LAC10-115-01-1A,GWM,Actual,GW,Water,,,"[]"
8666065,31820001,"Blue Grass (2), 1",Scott,07080101,Well,Silurian-Devonian,41.509889,-90.766343,03/20/2013 13:15:00,GWM,PHOSP-PHOSP,"Total Phosphorus, mixed forms (AS P)",Total,,,,0.02,mg/l,False,0.02,,,LAC10-115-01-1D,GWM,Actual,GW,Water,,,"[]"
8666065,31820002,Eldridge 2,Scott,07080101,Well,Silurian,41.65689,-90.58583,11/28/2017 11:10:00,GWM,NIT-NO3-NO2,Nitrate + Nitrite (AS N),None,,,,0.1,mg/l,False,0.1,,,LAC10-107-06-1J,GWM,Actual,GW,Water,,,"[]"
8666065,31820002,Eldridge 2,Scott,07080101,Well,Silurian,41.65689,-90.58583,11/28/2017 11:10:00,GWM,NIT-AMM,Ammonia-nitrogen (AS N),None,,,,2,mg/l,True,0.1,,,LAC10-107-06-1J,GWM,Actual,GW,Water,,,"[]"
8666065,31820001,"Blue Grass (2), 1",Scott,07080101,Well,Silurian-Devonian,41.509889,-90.766343,12/14/2017 08:55:00,GWM,NIT-NO3-NO2,Nitrate + Nitrite (AS N),None,,,,0.1,mg/l,False,0.1,,,LAC10-107-06-1J,GWM,Actual,GW,Water,,,"[]"
8666065,31820001,"Blue Grass (2), 1",Scott,07080101,Well,Silurian-Devonian,41.509889,-90.766343,12/14/2017 08:55:00,GWM,NIT-AMM,Ammonia-nitrogen (AS N),None,,,,0.05,mg/l,False,0.05,,,LAC10-107-06-1J,GWM,Actual,GW,Water,,,"[]"
8666065,31820001,"Blue Grass (2), 1",Scott,07080101,Well,Silurian-Devonian,41.509889,-90.766343,12/11/2018 09:03:00,GWM,NIT-AMM,Ammonia-nitrogen (AS N),None,,,,0.05,mg/l,False,0.05,,,LAC10-107-06-1J,GWM,Actual,GW,Water,,,"[]"
8666065,31820001,"Blue Grass (2), 1",Scott,07080101,Well,Silurian-Devonian,41.509889,-90.766343,12/11/2018 09:03:00,GWM,NIT-NO3-NO2,Nitrate + Nitrite (AS N),None,,,,0.1,mg/l,False,0.1,,,LAC10-107-06-1J,GWM,Actual,GW,Water,,,"[]"
8666065,31820001,"Blue Grass (2), 1",Scott,07080101,Well,Silurian-Devonian,41.509889,-90.766343,12/11/2018 09:03:00,GWM,14265-44-2,Orthophosphate (AS P),Dissolved,,,,0.02,mg/l,False,0.02,,,LAC10-115-01-1A,GWM,Actual,GW,Water,,,"[]"
8666065,31820001,"Blue Grass (2), 1",Scott,07080101,Well,Silurian-Devonian,41.509889,-90.766343,11/18/2019 10:25:00,GWM,NIT-NO3-NO2,Nitrate + Nitrite (AS N),None,,,,0.1,mg/l,False,0.1,,,LAC10-107-06-1J,GWM,Actual,GW,Water,,,"[]"
8666065,31820001,"Blue Grass (2), 1",Scott,07080101,Well,Silurian-Devonian,41.509889,-90.766343,11/18/2019 10:25:00,GWM,NIT-AMM,Ammonia-nitrogen (AS N),None,,,,0.05,mg/l,False,0.05,,,LAC10-107-06-1J,GWM,Actual,GW,Water,,,"[]"
8666065,31820007,Blue Grass 3,Scott,07080101,Well,Silurian-Devonian,41.506881,-90.771142,05/24/2021 11:30:00,GWM,NIT-AMM,Ammonia-nitrogen (AS N),None,,,,0.15,mg/l,True,0.05,,,LAC10-107-06-1J,GWM,Actual,GW,Water,,Sample exceeded required temperature upon receipt.,"[]"
8666065,31820007,Blue Grass 3,Scott,07080101,Well,Silurian-Devonian,41.506881,-90.771142,05/24/2021 11:30:00,GWM,NIT-NO3-NO2,Nitrate + Nitrite (AS N),None,,,,0.1,mg/l,False,0.1,,,LAC10-107-06-1J,GWM,Actual,GW,Water,,Sample exceeded required temperature upon receipt.,"[]"
