facilityID,siteID,name,county,huc8,type,aquifer,latitude,longitude,sampleDate,projectCode,cas_rn,analyte,fraction,relDepth,sampDepth,sampDepthUnit,result,unit,detect,detectLimit,quantFlag,quantLimit,method,colMethod,resultType,matrix,medium,qualFlag,remark,xParams
8666065,31830001,Shelby 5,Shelby,10240002,Well,Alluvium,41.51572,-95.431906,08/15/2002 12:15:00,GWM,NIT-NO3-NO2,Nitrate + Nitrite (AS N),Total,,,,7.4,mg/l,True,0.1,,,353.2,USGSGWM,Actual,GW,Water,,,"[]"
8666065,31830001,Shelby 5,Shelby,10240002,Well,Alluvium,41.51572,-95.431906,08/15/2002 12:15:00,GWM,NIT-AMM,Ammonia-nitrogen (AS N),Total,,,,0.26,mg/l,True,0.05,,,LAC10-107-06-1J,USGSGWM,Actual,GW,Water,,,"[]"
8666065,31830001,Shelby 5,Shelby,10240002,Well,Alluvium,41.51572,-95.431906,08/15/2002 12:15:00,GWM,NIT-ORGN,Organic Nitrogen (AS N),Total,,,,0.37,mg/l,True,0.05,,,LAC10-107-06-2E,USGSGWM,Calculated,GW,Water,,,"[]"
8666065,31830001,Shelby 5,Shelby,10240002,Well,Alluvium,41.51572,-95.431906,08/15/2002 12:15:00,GWM,14265-44-2,Orthophosphate (AS P),Dissolved,,,,0.05,mg/l,False,0.05,,,LAC10-115-01-1A,USGSGWM,Actual,GW,Water,,,"[]"
8666065,31830001,Shelby 5,Shelby,10240002,Well,Alluvium,41.51572,-95.431906,08/15/2002 12:15:00,GWM,PHOSP-PHOSP,"Total Phosphorus, mixed forms (AS P)",Total,,,,0.24,mg/l,True,0.05,,,LAC10-115-01-1C,USGSGWM,Actual,GW,Water,,,"[]"
8666065,31830001,Shelby 5,Shelby,10240002,Well,Alluvium,41.51572,-95.431906,08/15/2002 12:15:00,GWM,NIT-KJELD,Kjeldahl nitrogen (AS N),Total,,,,0.63,mg/l,True,0.05,,,PAI DK03,USGSGWM,Actual,GW,Water,,,"[]"
8666065,31830001,Shelby 5,Shelby,10240002,Well,Alluvium,41.51572,-95.431906,07/16/2003 11:45:00,GWM,NIT-AMM,Ammonia-nitrogen (AS N),Total,,,,0.05,mg/l,False,0.05,,,350.1,USGSGWM,Actual,GW,Water,,,"[]"
8666065,31830001,Shelby 5,Shelby,10240002,Well,Alluvium,41.51572,-95.431906,07/16/2003 11:45:00,GWM,NIT-NO3-NO2,Nitrate + Nitrite (AS N),Total,,,,13,mg/l,True,0.1,,,353.2,USGSGWM,Actual,GW,Water,,,"[]"
8666065,31830001,Shelby 5,Shelby,10240002,Well,Alluvium,41.51572,-95.431906,07/16/2003 11:45:00,GWM,14265-44-2,Orthophosphate (AS P),Dissolved,,,,0.16,mg/l,True,0.02,,,365.1,USGSGWM,Actual,GW,Water,,,"[]"
8666065,31830001,Shelby 5,Shelby,10240002,Well,Alluvium,41.51572,-95.431906,07/16/2003 11:45:00,GWM,PHOSP-PHOSP,"Total Phosphorus, mixed forms (AS P)",Total,,,,0.15,mg/l,True,0.02,,,365.4,USGSGWM,Actual,GW,Water,,,"[]"
8666065,31830001,Shelby 5,Shelby,10240002,Well,Alluvium,41.51572,-95.431906,07/16/2003 11:45:00,GWM,NIT-ORGN,Organic Nitrogen (AS N),Total,,,,0.05,mg/l,False,0.05,,,LAC10-107-06-2E,USGSGWM,Calculated,GW,Water,,,"[]"
8666065,31830001,Shelby 5,Shelby,10240002,Well,Alluvium,41.51572,-95.431906,07/16/2003 11:45:00,GWM,NIT-KJELD,Kjeldahl nitrogen (AS N),Total,,,,0.05,mg/l,False,0.05,,,PAI DK03,USGSGWM,Actual,GW,Water,,,"[]"
8666065,31830003,Defiance 2,Shelby,10240002,Well,Alluvium,41.82468,-95.33897,07/20/2004 10:00:00,GWM,NIT-AMM,Ammonia-nitrogen (AS N),Total,,,,0.3,mg/l,True,0.05,,,350.1,USGSGWM,Actual,GW,Water,,,"[]"
8666065,31830003,Defiance 2,Shelby,10240002,Well,Alluvium,41.82468,-95.33897,07/20/2004 10:00:00,GWM,NIT-NO3-NO2,Nitrate + Nitrite (AS N),Total,,,,0.05,mg/l,False,0.05,,,353.2,USGSGWM,Actual,GW,Water,,,"[]"
8666065,31830003,Defiance 2,Shelby,10240002,Well,Alluvium,41.82468,-95.33897,07/20/2004 10:00:00,GWM,14265-44-2,Orthophosphate (AS P),Dissolved,,,,0.02,mg/l,False,0.02,,,365.1,USGSGWM,Actual,GW,Water,,,"[]"
8666065,31830003,Defiance 2,Shelby,10240002,Well,Alluvium,41.82468,-95.33897,07/20/2004 10:00:00,GWM,PHOSP-PHOSP,"Total Phosphorus, mixed forms (AS P)",Total,,,,0.17,mg/l,True,0.02,,,365.4,USGSGWM,Actual,GW,Water,,,"[]"
8666065,31830003,Defiance 2,Shelby,10240002,Well,Alluvium,41.82468,-95.33897,07/20/2004 10:00:00,GWM,NIT-ORGN,Organic Nitrogen,Total,,,,0.15,mg/l,True,0.05,,,LAC10-107-06-2E,USGSGWM,Calculated,GW,Water,,,"[]"
8666065,31830002,Earling 6,Shelby,10230006,Well,Alluvium,41.77557,-95.41261,08/06/2004 09:30:00,GWM,NIT-AMM,Ammonia-nitrogen (AS N),Total,,,,0.6,mg/l,True,0.05,,,350.1,USGSGWM,Actual,GW,Water,,,"[]"
8666065,31830002,Earling 6,Shelby,10230006,Well,Alluvium,41.77557,-95.41261,08/06/2004 09:30:00,GWM,NIT-KJELD,Kjeldahl nitrogen (AS N),Total,,,,0.89,mg/l,True,0.05,,,351.1,USGSGWM,Actual,GW,Water,,,"[]"
8666065,31830002,Earling 6,Shelby,10230006,Well,Alluvium,41.77557,-95.41261,08/06/2004 09:30:00,GWM,NIT-NO3-NO2,Nitrate + Nitrite (AS N),Total,,,,0.05,mg/l,False,0.05,,,353.2,USGSGWM,Actual,GW,Water,,,"[]"
8666065,31830002,Earling 6,Shelby,10230006,Well,Alluvium,41.77557,-95.41261,08/06/2004 09:30:00,GWM,14265-44-2,Orthophosphate (AS P),Dissolved,,,,0.02,mg/l,False,0.02,,,365.1,USGSGWM,Actual,GW,Water,,,"[]"
8666065,31830002,Earling 6,Shelby,10230006,Well,Alluvium,41.77557,-95.41261,08/06/2004 09:30:00,GWM,PHOSP-PHOSP,"Total Phosphorus, mixed forms (AS P)",Total,,,,0.48,mg/l,True,0.02,,,365.4,USGSGWM,Actual,GW,Water,,,"[]"
8666065,31830002,Earling 6,Shelby,10230006,Well,Alluvium,41.77557,-95.41261,08/06/2004 09:30:00,GWM,NIT-ORGN,Organic Nitrogen,Total,,,,0.29,mg/l,True,0.05,,,LAC10-107-06-2E,USGSGWM,Calculated,GW,Water,,,"[]"
8666065,31830001,Shelby 5,Shelby,10240002,Well,Alluvium,41.51572,-95.431906,06/28/2004 13:30:00,GWM,NIT-AMM,Ammonia-nitrogen (AS N),Total,,,,0.05,mg/l,False,0.05,,,350.1,USGSGWM,Actual,GW,Water,,,"[]"
8666065,31830001,Shelby 5,Shelby,10240002,Well,Alluvium,41.51572,-95.431906,06/28/2004 13:30:00,GWM,NIT-NO3-NO2,Nitrate + Nitrite (AS N),Total,,,,17,mg/l,True,0.05,,,353.2,USGSGWM,Actual,GW,Water,,,"[]"
8666065,31830001,Shelby 5,Shelby,10240002,Well,Alluvium,41.51572,-95.431906,06/28/2004 13:30:00,GWM,14265-44-2,Orthophosphate (AS P),Dissolved,,,,0.13,mg/l,True,0.02,,,365.1,USGSGWM,Actual,GW,Water,,,"[]"
8666065,31830001,Shelby 5,Shelby,10240002,Well,Alluvium,41.51572,-95.431906,06/28/2004 13:30:00,GWM,PHOSP-PHOSP,"Total Phosphorus, mixed forms (AS P)",Total,,,,0.13,mg/l,True,0.02,,,365.4,USGSGWM,Actual,GW,Water,,,"[]"
8666065,31830001,Shelby 5,Shelby,10240002,Well,Alluvium,41.51572,-95.431906,06/28/2004 13:30:00,GWM,NIT-ORGN,Organic Nitrogen,Total,,,,0.1,mg/l,True,0.05,,,LAC10-107-06-2E,USGSGWM,Calculated,GW,Water,,,"[]"
8666065,31830001,Shelby 5,Shelby,10240002,Well,Alluvium,41.51572,-95.431906,06/29/2005 12:00:00,GWM,NIT-AMM,Ammonia-nitrogen (AS N),Total,,,,0.05,mg/l,False,0.05,,,350.1,USGSGWM,Actual,GW,Water,,,"[]"
8666065,31830001,Shelby 5,Shelby,10240002,Well,Alluvium,41.51572,-95.431906,06/29/2005 12:00:00,GWM,NIT-KJELD,Kjeldahl nitrogen (AS N),Total,,,,0.1,mg/l,False,0.1,,,351.2,USGSGWM,Actual,GW,Water,,,"[]"
8666065,31830001,Shelby 5,Shelby,10240002,Well,Alluvium,41.51572,-95.431906,06/29/2005 12:00:00,GWM,NIT-NO3-NO2,Nitrate + Nitrite (AS N),Total,,,,14,mg/l,True,0.05,,,353.2,USGSGWM,Actual,GW,Water,,,"[]"
8666065,31830001,Shelby 5,Shelby,10240002,Well,Alluvium,41.51572,-95.431906,06/29/2005 12:00:00,GWM,14265-44-2,Orthophosphate (AS P),Dissolved,,,,0.09,mg/l,True,0.02,,,365.1,USGSGWM,Actual,GW,Water,,,"[]"
8666065,31830001,Shelby 5,Shelby,10240002,Well,Alluvium,41.51572,-95.431906,06/29/2005 12:00:00,GWM,PHOSP-PHOSP,"Total Phosphorus, mixed forms (AS P)",Total,,,,0.13,mg/l,True,0.02,,,365.4,USGSGWM,Actual,GW,Water,,,"[]"
8666065,31830001,Shelby 5,Shelby,10240002,Well,Alluvium,41.51572,-95.431906,06/29/2005 12:00:00,GWM,NIT-ORGN,Organic Nitrogen,Total,,,,0.1,mg/l,False,0.1,,,LAC10-107-06-2E,USGSGWM,Calculated,GW,Water,,,"[]"
8666065,31830001,Shelby 5,Shelby,10240002,Well,Alluvium,41.51572,-95.431906,07/26/2006 09:30:00,GWM,NIT-AMM,Ammonia-nitrogen (AS N),Total,,,,0.05,mg/l,False,0.05,,,350.1,USGSGWM,Actual,GW,Water,,,"[]"
8666065,31830001,Shelby 5,Shelby,10240002,Well,Alluvium,41.51572,-95.431906,07/26/2006 09:30:00,GWM,NIT-KJELD,Kjeldahl nitrogen (AS N),Total,,,,0.1,mg/l,False,0.1,,,351.2,USGSGWM,Actual,GW,Water,,,"[]"
8666065,31830001,Shelby 5,Shelby,10240002,Well,Alluvium,41.51572,-95.431906,07/26/2006 09:30:00,GWM,NIT-NO3-NO2,Nitrate + Nitrite (AS N),Total,,,,13,mg/l,True,0.05,,,353.2,USGSGWM,Actual,GW,Water,,,"[]"
8666065,31830001,Shelby 5,Shelby,10240002,Well,Alluvium,41.51572,-95.431906,07/26/2006 09:30:00,GWM,14265-44-2,Orthophosphate (AS P),Dissolved,,,,0.05,mg/l,True,0.02,,,365.1,USGSGWM,Actual,GW,Water,,,"[]"
8666065,31830001,Shelby 5,Shelby,10240002,Well,Alluvium,41.51572,-95.431906,07/26/2006 09:30:00,GWM,PHOSP-PHOSP,"Total Phosphorus, mixed forms (AS P)",Total,,,,0.1,mg/l,True,0.02,,,365.4,USGSGWM,Actual,GW,Water,,,"[]"
8666065,31830001,Shelby 5,Shelby,10240002,Well,Alluvium,41.51572,-95.431906,07/26/2006 09:30:00,GWM,NIT-ORGN,Organic Nitrogen,Total,,,,0.1,mg/l,False,0.1,,,LAC10-107-06-2E,USGSGWM,Calculated,GW,Water,,,"[]"
8666065,31830004,Avoca Regional Water 19,Shelby,10240002,Well,Alluvium,41.5061070307,-95.3397875211,11/28/2016 09:30:00,GWM,NIT-NO3-NO2,Nitrate + Nitrite (AS N),Total,,,,0.63,mg/l,True,0.1,,,LAC10-107-04-1J,GWM,Actual,GW,Water,,,"[]"
8666065,31830004,Avoca Regional Water 19,Shelby,10240002,Well,Alluvium,41.5061070307,-95.3397875211,11/28/2016 09:30:00,GWM,NIT-AMM,Ammonia-nitrogen (AS N),Total,,,,0.05,mg/l,False,0.05,,,LAC10-107-06-1J,GWM,Actual,GW,Water,,,"[]"
8666065,31830004,Avoca Regional Water 19,Shelby,10240002,Well,Alluvium,41.5061070307,-95.3397875211,11/17/2015 09:25:00,GWM,NIT-NO3-NO2,Nitrate + Nitrite (AS N),Total,,,,0.1,mg/l,False,0.1,,,LAC10-107-04-1J,GWM,Actual,GW,Water,,,"[]"
8666065,31830004,Avoca Regional Water 19,Shelby,10240002,Well,Alluvium,41.5061070307,-95.3397875211,11/17/2015 09:25:00,GWM,NIT-AMM,Ammonia-nitrogen (AS N),Total,,,,0.05,mg/l,False,0.05,,,LAC10-107-06-1J,GWM,Actual,GW,Water,,,"[]"
8666065,31830004,Avoca Regional Water 19,Shelby,10240002,Well,Alluvium,41.5061070307,-95.3397875211,11/17/2015 09:25:00,GWM,NIT-KJELD,Kjeldahl nitrogen (AS N),Total,,,,0.1,mg/l,False,0.1,,,LAC10-107-06-2E,GWM,Actual,GW,Water,,,"[]"
8666065,31830004,Avoca Regional Water 19,Shelby,10240002,Well,Alluvium,41.5061070307,-95.3397875211,11/17/2015 09:25:00,GWM,14265-44-2,Orthophosphate (AS P),Dissolved,,,,0.03,mg/l,True,0.02,,,LAC10-115-01-1A,GWM,Actual,GW,Water,,,"[]"
8666065,31830004,Avoca Regional Water 19,Shelby,10240002,Well,Alluvium,41.5061070307,-95.3397875211,11/17/2015 09:25:00,GWM,PHOSP-PHOSP,"Total Phosphorus, mixed forms (AS P)",Total,,,,0.06,mg/l,True,0.02,,,LAC10-115-01-1D,GWM,Actual,GW,Water,,,"[]"
8666065,31830004,Avoca Regional Water 19,Shelby,10240002,Well,Alluvium,41.5061070307,-95.3397875211,01/19/2015 09:00:00,GWM,14265-44-2,Orthophosphate (AS P),Dissolved,,,,0.09,mg/l,True,0.02,,,4500-P-E,GWM,Actual,GW,Water,,,"[]"
8666065,31830004,Avoca Regional Water 19,Shelby,10240002,Well,Alluvium,41.5061070307,-95.3397875211,01/19/2015 09:00:00,GWM,NIT-NO3-NO2,Nitrate + Nitrite (AS N),Total,,,,0.21,mg/l,True,0.1,,,LAC10-107-04-1J,GWM,Actual,GW,Water,,,"[]"
8666065,31830004,Avoca Regional Water 19,Shelby,10240002,Well,Alluvium,41.5061070307,-95.3397875211,01/19/2015 09:00:00,GWM,NIT-AMM,Ammonia-nitrogen (AS N),Total,,,,0.05,mg/l,False,0.05,,,LAC10-107-06-1J,GWM,Actual,GW,Water,,,"[]"
8666065,31830004,Avoca Regional Water 19,Shelby,10240002,Well,Alluvium,41.5061070307,-95.3397875211,01/19/2015 09:00:00,GWM,NIT-KJELD,Kjeldahl nitrogen (AS N),Total,,,,0.1,mg/l,True,0.1,,,LAC10-107-06-2E,GWM,Actual,GW,Water,,,"[]"
8666065,31830004,Avoca Regional Water 19,Shelby,10240002,Well,Alluvium,41.5061070307,-95.3397875211,01/19/2015 09:00:00,GWM,PHOSP-PHOSP,"Total Phosphorus, mixed forms (AS P)",Total,,,,0.13,mg/l,True,0.02,,,LAC10-115-01-1D,GWM,Actual,GW,Water,,,"[]"
8666065,31830004,Avoca Regional Water 19,Shelby,10240002,Well,Alluvium,41.5061070307,-95.3397875211,03/19/2013 15:15:00,GWM,NIT-NO3-NO2,Nitrate + Nitrite (AS N),Total,,,,0.1,mg/l,False,0.1,,,LAC10-107-04-1J,GWM,Actual,GW,Water,,,"[]"
8666065,31830004,Avoca Regional Water 19,Shelby,10240002,Well,Alluvium,41.5061070307,-95.3397875211,03/19/2013 15:15:00,GWM,NIT-AMM,Ammonia-nitrogen (AS N),Total,,,,0.05,mg/l,False,0.05,,,LAC10-107-06-1J,GWM,Actual,GW,Water,,,"[]"
8666065,31830004,Avoca Regional Water 19,Shelby,10240002,Well,Alluvium,41.5061070307,-95.3397875211,03/19/2013 15:15:00,GWM,NIT-KJELD,Kjeldahl nitrogen (AS N),Total,,,,0.1,mg/l,False,0.1,,,LAC10-107-06-2E,GWM,Actual,GW,Water,,,"[]"
8666065,31830004,Avoca Regional Water 19,Shelby,10240002,Well,Alluvium,41.5061070307,-95.3397875211,03/19/2013 15:15:00,GWM,14265-44-2,Orthophosphate (AS P),Dissolved,,,,0.04,mg/l,True,0.02,,,LAC10-115-01-1A,GWM,Actual,GW,Water,,,"[]"
8666065,31830004,Avoca Regional Water 19,Shelby,10240002,Well,Alluvium,41.5061070307,-95.3397875211,03/19/2013 15:15:00,GWM,PHOSP-PHOSP,"Total Phosphorus, mixed forms (AS P)",Total,,,,0.07,mg/l,True,0.02,,,LAC10-115-01-1D,GWM,Actual,GW,Water,,,"[]"
8666065,31830005,Shelby 6A,Shelby,10240002,Well,Alluvium,41.5133901634,-95.4299688114,04/22/2013 14:30:00,GWM,NIT-NO3-NO2,Nitrate + Nitrite (AS N),Total,,,,0.1,mg/l,False,0.1,,,LAC10-107-04-1J,GWM,Actual,GW,Water,,,"[]"
8666065,31830005,Shelby 6A,Shelby,10240002,Well,Alluvium,41.5133901634,-95.4299688114,04/22/2013 14:30:00,GWM,NIT-AMM,Ammonia-nitrogen (AS N),Total,,,,1.9,mg/l,True,0.05,,,LAC10-107-06-1J,GWM,Actual,GW,Water,,,"[]"
8666065,31830005,Shelby 6A,Shelby,10240002,Well,Alluvium,41.5133901634,-95.4299688114,04/22/2013 14:30:00,GWM,NIT-KJELD,Kjeldahl nitrogen (AS N),Total,,,,1.8,mg/l,True,0.1,,,LAC10-107-06-2E,GWM,Actual,GW,Water,,,"[]"
8666065,31830005,Shelby 6A,Shelby,10240002,Well,Alluvium,41.5133901634,-95.4299688114,04/22/2013 14:30:00,GWM,14265-44-2,Orthophosphate (AS P),Dissolved,,,,0.6,mg/l,True,0.02,,,LAC10-115-01-1A,GWM,Actual,GW,Water,,,"[]"
8666065,31830005,Shelby 6A,Shelby,10240002,Well,Alluvium,41.5133901634,-95.4299688114,04/22/2013 14:30:00,GWM,PHOSP-PHOSP,"Total Phosphorus, mixed forms (AS P)",Total,,,,0.81,mg/l,True,0.05,,,LAC10-115-01-1C,GWM,Actual,GW,Water,,,"[]"
8666065,31830004,Avoca Regional Water 19,Shelby,10240002,Well,Alluvium,41.5061070307,-95.3397875211,11/14/2017 08:20:00,GWM,NIT-AMM,Ammonia-nitrogen (AS N),None,,,,0.05,mg/l,False,0.05,,,LAC10-107-06-1J,GWM,Actual,GW,Water,,,"[]"
8666065,31830004,Avoca Regional Water 19,Shelby,10240002,Well,Alluvium,41.5061070307,-95.3397875211,11/14/2017 08:20:00,GWM,NIT-NO3-NO2,Nitrate + Nitrite (AS N),None,,,,0.2,mg/l,True,0.1,,,LAC10-107-06-1J,GWM,Actual,GW,Water,,,"[]"
8666065,31830004,Avoca Regional Water 19,Shelby,10240002,Well,Alluvium,41.5061070307,-95.3397875211,12/04/2017 00:00:00,GWM,NIT-NO3-NO2,Nitrate + Nitrite,None,,,,0.3,mg/l,True,0.01,,0.01,353.2,GWM001,,GW,Water,,,"[]"
8666065,31830004,Avoca Regional Water 19,Shelby,10240002,Well,Alluvium,41.5061070307,-95.3397875211,01/15/2019 09:20:00,GWM,NIT-NO3-NO2,Nitrate + Nitrite (AS N),None,,,,2.4,mg/l,True,0.1,,,LAC10-107-06-1J,GWM,Actual,GW,Water,,,"[]"
8666065,31830004,Avoca Regional Water 19,Shelby,10240002,Well,Alluvium,41.5061070307,-95.3397875211,01/15/2019 09:20:00,GWM,NIT-AMM,Ammonia-nitrogen (AS N),None,,,,0.05,mg/l,False,0.05,,,LAC10-107-06-1J,GWM,Actual,GW,Water,,,"[]"
8666065,31830004,Avoca Regional Water 19,Shelby,10240002,Well,Alluvium,41.5061070307,-95.3397875211,01/15/2019 09:20:00,GWM,14265-44-2,Orthophosphate (AS P),Dissolved,,,,0.03,mg/l,True,0.02,,,LAC10-115-01-1A,GWM,Actual,GW,Water,,Sample was not field filtered per method and was filtered for analysis after receipt by the laboratory.,"[]"
8666065,31830004,Avoca Regional Water 19,Shelby,10240002,Well,Alluvium,41.5061070307,-95.3397875211,12/03/2019 09:00:00,GWM,NIT-AMM,Ammonia-nitrogen (AS N),None,,,,0.05,mg/l,False,0.05,,,LAC10-107-06-1J,GWM,Actual,GW,Water,,,"[]"
8666065,31830004,Avoca Regional Water 19,Shelby,10240002,Well,Alluvium,41.5061070307,-95.3397875211,12/03/2019 09:00:00,GWM,NIT-NO3-NO2,Nitrate + Nitrite (AS N),None,,,,0.4,mg/l,True,0.1,,,LAC10-107-06-1J,GWM,Actual,GW,Water,,,"[]"
8666065,31830004,Avoca Regional Water 19,Shelby,10240002,Well,Alluvium,41.5061070307,-95.3397875211,04/10/2023 11:24:00,GWM,NIT-NO3-NO2,Nitrate + Nitrite (AS N),Total,,,,0.1,mg/l,False,0.1,,,LAC10-107-04-1J,GWM,Actual,GW,Water,,,"[]"
8666065,31830004,Avoca Regional Water 19,Shelby,10240002,Well,Alluvium,41.5061070307,-95.3397875211,04/10/2023 11:24:00,GWM,NIT-AMM,Ammonia-nitrogen (AS N),Total,,,,0.1,mg/l,False,0.1,,,LAC10-107-06-1J,GWM,Actual,GW,Water,,,"[]"
8666065,31830004,Avoca Regional Water 19,Shelby,10240002,Well,Alluvium,41.5061070307,-95.3397875211,03/31/2021 08:50:00,GWM,NIT-AMM,Ammonia-nitrogen (AS N),None,,,,0.05,mg/l,False,0.05,,,LAC10-107-06-1J,GWM,Actual,GW,Water,,,"[]"
8666065,31830004,Avoca Regional Water 19,Shelby,10240002,Well,Alluvium,41.5061070307,-95.3397875211,03/31/2021 08:50:00,GWM,NIT-NO3-NO2,Nitrate + Nitrite (AS N),None,,,,0.12,mg/l,True,0.1,,,LAC10-107-06-1J,GWM,Actual,GW,Water,,,"[]"
