facilityID,siteID,name,county,huc8,type,aquifer,latitude,longitude,sampleDate,projectCode,cas_rn,analyte,fraction,relDepth,sampDepth,sampDepthUnit,result,unit,detect,detectLimit,quantFlag,quantLimit,method,colMethod,resultType,matrix,medium,qualFlag,remark,xParams
8666065,31840001,Hawarden 2,Sioux,10170203,Well,Alluvium,43.00491,-96.48126,07/30/2002 15:00:00,GWM,NIT-NO3-NO2,Nitrate + Nitrite (AS N),Total,,,,10,mg/l,True,0.1,,,353.2,USGSGWM,Actual,GW,Water,,,"[]"
8666065,31840001,Hawarden 2,Sioux,10170203,Well,Alluvium,43.00491,-96.48126,07/30/2002 15:00:00,GWM,NIT-AMM,Ammonia-nitrogen (AS N),Total,,,,0.05,mg/l,False,0.05,,,LAC10-107-06-1J,USGSGWM,Actual,GW,Water,,,"[]"
8666065,31840001,Hawarden 2,Sioux,10170203,Well,Alluvium,43.00491,-96.48126,07/30/2002 15:00:00,GWM,NIT-ORGN,Organic Nitrogen (AS N),Total,,,,0.05,mg/l,False,0.05,,,LAC10-107-06-2E,USGSGWM,Calculated,GW,Water,,,"[]"
8666065,31840001,Hawarden 2,Sioux,10170203,Well,Alluvium,43.00491,-96.48126,07/30/2002 15:00:00,GWM,14265-44-2,Orthophosphate (AS P),Dissolved,,,,0.05,mg/l,False,0.05,,,LAC10-115-01-1A,USGSGWM,Actual,GW,Water,,,"[]"
8666065,31840001,Hawarden 2,Sioux,10170203,Well,Alluvium,43.00491,-96.48126,07/30/2002 15:00:00,GWM,PHOSP-PHOSP,"Total Phosphorus, mixed forms (AS P)",Total,,,,0.06,mg/l,True,0.05,,,LAC10-115-01-1C,USGSGWM,Actual,GW,Water,,,"[]"
8666065,31840001,Hawarden 2,Sioux,10170203,Well,Alluvium,43.00491,-96.48126,07/30/2002 15:00:00,GWM,NIT-KJELD,Kjeldahl nitrogen (AS N),Total,,,,0.05,mg/l,False,0.05,,,PAI DK03,USGSGWM,Actual,GW,Water,,,"[]"
8666065,31840006,Orange City 6,Sioux,10230002,Well,Dakota,42.99539,-96.06189,09/05/2002 07:45:00,GWM,NIT-NO3-NO2,Nitrate + Nitrite (AS N),Total,,,,0.1,mg/l,False,0.1,,,353.2,USGSGWM,Actual,GW,Water,,,"[]"
8666065,31840006,Orange City 6,Sioux,10230002,Well,Dakota,42.99539,-96.06189,09/05/2002 07:45:00,GWM,NIT-AMM,Ammonia-nitrogen (AS N),Total,,,,1.9,mg/l,True,0.05,,,LAC10-107-06-1J,USGSGWM,Actual,GW,Water,,,"[]"
8666065,31840006,Orange City 6,Sioux,10230002,Well,Dakota,42.99539,-96.06189,09/05/2002 07:45:00,GWM,NIT-ORGN,Organic Nitrogen (AS N),Total,,,,0.05,mg/l,False,0.05,,,LAC10-107-06-2E,USGSGWM,Calculated,GW,Water,,,"[]"
8666065,31840006,Orange City 6,Sioux,10230002,Well,Dakota,42.99539,-96.06189,09/05/2002 07:45:00,GWM,14265-44-2,Orthophosphate (AS P),Dissolved,,,,0.05,mg/l,False,0.05,,,LAC10-115-01-1A,USGSGWM,Actual,GW,Water,,,"[]"
8666065,31840006,Orange City 6,Sioux,10230002,Well,Dakota,42.99539,-96.06189,09/05/2002 07:45:00,GWM,PHOSP-PHOSP,"Total Phosphorus, mixed forms (AS P)",Total,,,,0.05,mg/l,False,0.05,,,LAC10-115-01-1C,USGSGWM,Actual,GW,Water,,,"[]"
8666065,31840006,Orange City 6,Sioux,10230002,Well,Dakota,42.99539,-96.06189,09/05/2002 07:45:00,GWM,NIT-KJELD,Kjeldahl nitrogen (AS N),Total,,,,1.9,mg/l,True,0.05,,,PAI DK03,USGSGWM,Actual,GW,Water,,,"[]"
8666065,31840001,Hawarden 2,Sioux,10170203,Well,Alluvium,43.00491,-96.48126,07/28/2003 12:10:00,GWM,NIT-AMM,Ammonia-nitrogen (AS N),Total,,,,0.05,mg/l,False,0.05,,,350.1,USGSGWM,Actual,GW,Water,,,"[]"
8666065,31840001,Hawarden 2,Sioux,10170203,Well,Alluvium,43.00491,-96.48126,07/28/2003 12:10:00,GWM,NIT-NO3-NO2,Nitrate + Nitrite (AS N),Total,,,,11,mg/l,True,0.1,,,353.2,USGSGWM,Actual,GW,Water,,,"[]"
8666065,31840001,Hawarden 2,Sioux,10170203,Well,Alluvium,43.00491,-96.48126,07/28/2003 12:10:00,GWM,14265-44-2,Orthophosphate (AS P),Dissolved,,,,0.04,mg/l,True,0.02,,,365.1,USGSGWM,Actual,GW,Water,,,"[]"
8666065,31840001,Hawarden 2,Sioux,10170203,Well,Alluvium,43.00491,-96.48126,07/28/2003 12:10:00,GWM,PHOSP-PHOSP,"Total Phosphorus, mixed forms (AS P)",Total,,,,0.08,mg/l,True,0.02,,,365.4,USGSGWM,Actual,GW,Water,,,"[]"
8666065,31840001,Hawarden 2,Sioux,10170203,Well,Alluvium,43.00491,-96.48126,07/28/2003 12:10:00,GWM,NIT-ORGN,Organic Nitrogen (AS N),Total,,,,0.05,mg/l,False,0.05,,,LAC10-107-06-2E,USGSGWM,Calculated,GW,Water,,,"[]"
8666065,31840001,Hawarden 2,Sioux,10170203,Well,Alluvium,43.00491,-96.48126,07/28/2003 12:10:00,GWM,NIT-KJELD,Kjeldahl nitrogen (AS N),Total,,,,0.05,mg/l,False,0.05,,,PAI DK03,USGSGWM,Actual,GW,Water,,,"[]"
8666065,31840001,Hawarden 2,Sioux,10170203,Well,Alluvium,43.00491,-96.48126,08/03/2004 14:00:00,GWM,NIT-AMM,Ammonia-nitrogen (AS N),Total,,,,0.05,mg/l,False,0.05,,,350.1,USGSGWM,Actual,GW,Water,,,"[]"
8666065,31840001,Hawarden 2,Sioux,10170203,Well,Alluvium,43.00491,-96.48126,08/03/2004 14:00:00,GWM,NIT-NO3-NO2,Nitrate + Nitrite (AS N),Total,,,,13,mg/l,True,0.05,,,353.2,USGSGWM,Actual,GW,Water,,,"[]"
8666065,31840001,Hawarden 2,Sioux,10170203,Well,Alluvium,43.00491,-96.48126,08/03/2004 14:00:00,GWM,14265-44-2,Orthophosphate (AS P),Dissolved,,,,0.06,mg/l,True,0.02,,,365.1,USGSGWM,Actual,GW,Water,,,"[]"
8666065,31840001,Hawarden 2,Sioux,10170203,Well,Alluvium,43.00491,-96.48126,08/03/2004 14:00:00,GWM,PHOSP-PHOSP,"Total Phosphorus, mixed forms (AS P)",Total,,,,0.1,mg/l,True,0.02,,,365.4,USGSGWM,Actual,GW,Water,,,"[]"
8666065,31840001,Hawarden 2,Sioux,10170203,Well,Alluvium,43.00491,-96.48126,08/03/2004 14:00:00,GWM,NIT-ORGN,Organic Nitrogen,Total,,,,0.05,mg/l,False,0.05,,,LAC10-107-06-2E,USGSGWM,Calculated,GW,Water,,,"[]"
8666065,31840003,Hawarden 4,Sioux,10170203,Well,Alluvium,42.99428,-96.49643,08/03/2004 11:30:00,GWM,NIT-AMM,Ammonia-nitrogen (AS N),Total,,,,0.7,mg/l,True,0.05,,,350.1,USGSGWM,Actual,GW,Water,,,"[]"
8666065,31840003,Hawarden 4,Sioux,10170203,Well,Alluvium,42.99428,-96.49643,08/03/2004 11:30:00,GWM,NIT-NO3-NO2,Nitrate + Nitrite (AS N),Total,,,,0.33,mg/l,True,0.05,,,353.2,USGSGWM,Actual,GW,Water,,,"[]"
8666065,31840003,Hawarden 4,Sioux,10170203,Well,Alluvium,42.99428,-96.49643,08/03/2004 11:30:00,GWM,14265-44-2,Orthophosphate (AS P),Dissolved,,,,0.53,mg/l,True,0.02,,,365.1,USGSGWM,Actual,GW,Water,,,"[]"
8666065,31840003,Hawarden 4,Sioux,10170203,Well,Alluvium,42.99428,-96.49643,08/03/2004 11:30:00,GWM,PHOSP-PHOSP,"Total Phosphorus, mixed forms (AS P)",Total,,,,2.5,mg/l,True,0.05,,,365.4,USGSGWM,Actual,GW,Water,,,"[]"
8666065,31840003,Hawarden 4,Sioux,10170203,Well,Alluvium,42.99428,-96.49643,08/03/2004 11:30:00,GWM,NIT-ORGN,Organic Nitrogen,Total,,,,0.44,mg/l,True,0.05,,,LAC10-107-06-2E,USGSGWM,Calculated,GW,Water,,,"[]"
8666065,31840002,Maurice 1,Sioux,10230002,Well,Alluvium,42.96541,-96.17721,07/28/2004 13:30:00,GWM,NIT-AMM,Ammonia-nitrogen (AS N),Total,,,,0.05,mg/l,False,0.05,,,350.1,USGSGWM,Actual,GW,Water,,,"[]"
8666065,31840002,Maurice 1,Sioux,10230002,Well,Alluvium,42.96541,-96.17721,07/28/2004 13:30:00,GWM,NIT-NO3-NO2,Nitrate + Nitrite (AS N),Total,,,,16,mg/l,True,0.05,,,353.2,USGSGWM,Actual,GW,Water,,,"[]"
8666065,31840002,Maurice 1,Sioux,10230002,Well,Alluvium,42.96541,-96.17721,07/28/2004 13:30:00,GWM,14265-44-2,Orthophosphate (AS P),Dissolved,,,,0.05,mg/l,True,0.02,,,365.1,USGSGWM,Actual,GW,Water,,,"[]"
8666065,31840002,Maurice 1,Sioux,10230002,Well,Alluvium,42.96541,-96.17721,07/28/2004 13:30:00,GWM,PHOSP-PHOSP,"Total Phosphorus, mixed forms (AS P)",Total,,,,0.05,mg/l,True,0.02,,,365.4,USGSGWM,Actual,GW,Water,,,"[]"
8666065,31840002,Maurice 1,Sioux,10230002,Well,Alluvium,42.96541,-96.17721,07/28/2004 13:30:00,GWM,NIT-ORGN,Organic Nitrogen,Total,,,,0.1,mg/l,True,0.05,,,LAC10-107-06-2E,USGSGWM,Calculated,GW,Water,,,"[]"
8666065,31840004,Boyden 5,Sioux,10170204,Well,Alluvium,43.25182,-95.9999,07/27/2004 09:00:00,GWM,NIT-AMM,Ammonia-nitrogen (AS N),Total,,,,0.13,mg/l,True,0.05,,,350.1,USGSGWM,Actual,GW,Water,,,"[]"
8666065,31840004,Boyden 5,Sioux,10170204,Well,Alluvium,43.25182,-95.9999,07/27/2004 09:00:00,GWM,NIT-NO3-NO2,Nitrate + Nitrite (AS N),Total,,,,0.05,mg/l,False,0.05,,,353.2,USGSGWM,Actual,GW,Water,,,"[]"
8666065,31840004,Boyden 5,Sioux,10170204,Well,Alluvium,43.25182,-95.9999,07/27/2004 09:00:00,GWM,14265-44-2,Orthophosphate (AS P),Dissolved,,,,0.02,mg/l,False,0.02,,,365.1,USGSGWM,Actual,GW,Water,,,"[]"
8666065,31840004,Boyden 5,Sioux,10170204,Well,Alluvium,43.25182,-95.9999,07/27/2004 09:00:00,GWM,PHOSP-PHOSP,"Total Phosphorus, mixed forms (AS P)",Total,,,,0.15,mg/l,True,0.02,,,365.4,USGSGWM,Actual,GW,Water,,,"[]"
8666065,31840004,Boyden 5,Sioux,10170204,Well,Alluvium,43.25182,-95.9999,07/27/2004 09:00:00,GWM,NIT-ORGN,Organic Nitrogen,Total,,,,0.2,mg/l,True,0.05,,,LAC10-107-06-2E,USGSGWM,Calculated,GW,Water,,,"[]"
8666065,31840005,"Sioux Center (4), 2",Sioux,10230002,Well,Alluvium,43.08733,-96.10432,07/28/2004 11:30:00,GWM,NIT-AMM,Ammonia-nitrogen (AS N),Total,,,,0.05,mg/l,False,0.05,,,350.1,USGSGWM,Actual,GW,Water,,,"[]"
8666065,31840005,"Sioux Center (4), 2",Sioux,10230002,Well,Alluvium,43.08733,-96.10432,07/28/2004 11:30:00,GWM,NIT-NO3-NO2,Nitrate + Nitrite (AS N),Total,,,,9.7,mg/l,True,0.05,,,353.2,USGSGWM,Actual,GW,Water,,,"[]"
8666065,31840005,"Sioux Center (4), 2",Sioux,10230002,Well,Alluvium,43.08733,-96.10432,07/28/2004 11:30:00,GWM,14265-44-2,Orthophosphate (AS P),Dissolved,,,,0.02,mg/l,False,0.02,,,365.1,USGSGWM,Actual,GW,Water,,,"[]"
8666065,31840005,"Sioux Center (4), 2",Sioux,10230002,Well,Alluvium,43.08733,-96.10432,07/28/2004 11:30:00,GWM,PHOSP-PHOSP,"Total Phosphorus, mixed forms (AS P)",Total,,,,0.02,mg/l,False,0.02,,,365.4,USGSGWM,Actual,GW,Water,,,"[]"
8666065,31840005,"Sioux Center (4), 2",Sioux,10230002,Well,Alluvium,43.08733,-96.10432,07/28/2004 11:30:00,GWM,NIT-ORGN,Organic Nitrogen,Total,,,,0.17,mg/l,True,0.05,,,LAC10-107-06-2E,USGSGWM,Calculated,GW,Water,,,"[]"
8666065,31840001,Hawarden 2,Sioux,10170203,Well,Alluvium,43.00491,-96.48126,07/11/2005 15:00:00,GWM,NIT-AMM,Ammonia-nitrogen (AS N),Total,,,,0.05,mg/l,False,0.05,,,350.1,USGSGWM,Actual,GW,Water,,,"[]"
8666065,31840001,Hawarden 2,Sioux,10170203,Well,Alluvium,43.00491,-96.48126,07/11/2005 15:00:00,GWM,NIT-KJELD,Kjeldahl nitrogen (AS N),Total,,,,0.1,mg/l,False,0.1,,,351.2,USGSGWM,Actual,GW,Water,,,"[]"
8666065,31840001,Hawarden 2,Sioux,10170203,Well,Alluvium,43.00491,-96.48126,07/11/2005 15:00:00,GWM,NIT-NO3-NO2,Nitrate + Nitrite (AS N),Total,,,,12,mg/l,True,0.05,,,353.2,USGSGWM,Actual,GW,Water,,,"[]"
8666065,31840001,Hawarden 2,Sioux,10170203,Well,Alluvium,43.00491,-96.48126,07/11/2005 15:00:00,GWM,14265-44-2,Orthophosphate (AS P),Dissolved,,,,0.03,mg/l,True,0.02,,,365.1,USGSGWM,Actual,GW,Water,,,"[]"
8666065,31840001,Hawarden 2,Sioux,10170203,Well,Alluvium,43.00491,-96.48126,07/11/2005 15:00:00,GWM,PHOSP-PHOSP,"Total Phosphorus, mixed forms (AS P)",Total,,,,0.07,mg/l,True,0.02,,,365.4,USGSGWM,Actual,GW,Water,,,"[]"
8666065,31840001,Hawarden 2,Sioux,10170203,Well,Alluvium,43.00491,-96.48126,07/11/2005 15:00:00,GWM,NIT-ORGN,Organic Nitrogen,Total,,,,0.1,mg/l,False,0.1,,,LAC10-107-06-2E,USGSGWM,Calculated,GW,Water,,,"[]"
8666065,31840001,Hawarden 2,Sioux,10170203,Well,Alluvium,43.00491,-96.48126,08/08/2006 14:20:00,GWM,NIT-AMM,Ammonia-nitrogen (AS N),Total,,,,0.05,mg/l,False,0.05,,,350.1,USGSGWM,Actual,GW,Water,,,"[]"
8666065,31840001,Hawarden 2,Sioux,10170203,Well,Alluvium,43.00491,-96.48126,08/08/2006 14:20:00,GWM,NIT-KJELD,Kjeldahl nitrogen (AS N),Total,,,,0.1,mg/l,True,0.1,,,351.2,USGSGWM,Actual,GW,Water,,,"[]"
8666065,31840001,Hawarden 2,Sioux,10170203,Well,Alluvium,43.00491,-96.48126,08/08/2006 14:20:00,GWM,NIT-NO3-NO2,Nitrate + Nitrite (AS N),Total,,,,13,mg/l,True,0.05,,,353.2,USGSGWM,Actual,GW,Water,,,"[]"
8666065,31840001,Hawarden 2,Sioux,10170203,Well,Alluvium,43.00491,-96.48126,08/08/2006 14:20:00,GWM,14265-44-2,Orthophosphate (AS P),Dissolved,,,,0.05,mg/l,True,0.02,,,365.1,USGSGWM,Actual,GW,Water,,,"[]"
8666065,31840001,Hawarden 2,Sioux,10170203,Well,Alluvium,43.00491,-96.48126,08/08/2006 14:20:00,GWM,PHOSP-PHOSP,"Total Phosphorus, mixed forms (AS P)",Total,,,,0.06,mg/l,True,0.02,,,365.4,USGSGWM,Actual,GW,Water,,,"[]"
8666065,31840001,Hawarden 2,Sioux,10170203,Well,Alluvium,43.00491,-96.48126,08/08/2006 14:20:00,GWM,NIT-ORGN,Organic Nitrogen,Total,,,,0.13,mg/l,True,0.05,,,LAC10-107-06-2E,USGSGWM,Calculated,GW,Water,,,"[]"
8666065,31840001,Hawarden 2,Sioux,10170203,Well,Alluvium,43.00491,-96.48126,08/20/2012 09:30:00,GWM,NIT-NO3-NO2,Nitrate + Nitrite (AS N),Total,,,,9.4,mg/l,True,0.1,,,LAC10-107-04-1J,GWMPWS,Actual,GW,Water,,,"[]"
8666065,31840001,Hawarden 2,Sioux,10170203,Well,Alluvium,43.00491,-96.48126,08/20/2012 09:30:00,GWM,NIT-AMM,Ammonia-nitrogen (AS N),Total,,,,0.05,mg/l,False,0.05,,,LAC10-107-06-1J,GWMPWS,Actual,GW,Water,,,"[]"
8666065,31840001,Hawarden 2,Sioux,10170203,Well,Alluvium,43.00491,-96.48126,08/20/2012 09:30:00,GWM,NIT-KJELD,Kjeldahl nitrogen (AS N),Total,,,,0.1,mg/l,True,0.1,,,LAC10-107-06-2E,GWMPWS,Actual,GW,Water,,,"[]"
8666065,31840001,Hawarden 2,Sioux,10170203,Well,Alluvium,43.00491,-96.48126,08/20/2012 09:30:00,GWM,14265-44-2,Orthophosphate (AS P),Dissolved,,,,0.06,mg/l,True,0.02,,,LAC10-115-01-1A,GWMPWS,Actual,GW,Water,,,"[]"
8666065,31840001,Hawarden 2,Sioux,10170203,Well,Alluvium,43.00491,-96.48126,08/20/2012 09:30:00,GWM,PHOSP-PHOSP,"Total Phosphorus, mixed forms (AS P)",Total,,,,0.05,mg/l,True,0.02,,,LAC10-115-01-1D,GWMPWS,Actual,GW,Water,,,"[]"
8666065,31840003,Hawarden 4,Sioux,10170203,Well,Alluvium,42.99428,-96.49643,10/26/2016 13:00:00,GWM,NIT-NO3-NO2,Nitrate + Nitrite (AS N),Total,,,,0.2,mg/l,True,0.1,,,LAC10-107-04-1J,GWM,Actual,GW,Water,,,"[]"
8666065,31840003,Hawarden 4,Sioux,10170203,Well,Alluvium,42.99428,-96.49643,10/26/2016 13:00:00,GWM,NIT-AMM,Ammonia-nitrogen (AS N),Total,,,,0.05,mg/l,False,0.05,,,LAC10-107-06-1J,GWM,Actual,GW,Water,,,"[]"
8666065,31840007,Sioux Center 13,Sioux,10230002,Well,Alluvium,43.0804300007,-96.1038600004,10/26/2016 11:20:00,GWM,NIT-NO3-NO2,Nitrate + Nitrite (AS N),Total,,,,22,mg/l,True,0.1,,,LAC10-107-04-1J,GWM,Actual,GW,Water,,,"[]"
8666065,31840007,Sioux Center 13,Sioux,10230002,Well,Alluvium,43.0804300007,-96.1038600004,10/26/2016 11:20:00,GWM,NIT-AMM,Ammonia-nitrogen (AS N),Total,,,,0.05,mg/l,False,0.05,,,LAC10-107-06-1J,GWM,Actual,GW,Water,,,"[]"
8666065,31840003,Hawarden 4,Sioux,10170203,Well,Alluvium,42.99428,-96.49643,11/16/2015 11:00:00,GWM,NIT-NO3-NO2,Nitrate + Nitrite (AS N),Total,,,,0.1,mg/l,False,0.1,,,LAC10-107-04-1J,GWM,Actual,GW,Water,,Sample exceeded required temperature upon receipt.,"[]"
8666065,31840003,Hawarden 4,Sioux,10170203,Well,Alluvium,42.99428,-96.49643,11/16/2015 11:00:00,GWM,NIT-AMM,Ammonia-nitrogen (AS N),Total,,,,0.45,mg/l,True,0.05,,,LAC10-107-06-1J,GWM,Actual,GW,Water,,Sample exceeded required temperature upon receipt.,"[]"
8666065,31840003,Hawarden 4,Sioux,10170203,Well,Alluvium,42.99428,-96.49643,11/16/2015 11:00:00,GWM,NIT-KJELD,Kjeldahl nitrogen (AS N),Total,,,,0.9,mg/l,True,0.1,,,LAC10-107-06-2E,GWM,Actual,GW,Water,,Sample exceeded required temperature upon receipt.,"[]"
8666065,31840003,Hawarden 4,Sioux,10170203,Well,Alluvium,42.99428,-96.49643,11/16/2015 11:00:00,GWM,14265-44-2,Orthophosphate (AS P),Dissolved,,,,0.07,mg/l,True,0.02,,,LAC10-115-01-1A,GWM,Actual,GW,Water,,Sample exceeded required temperature upon receipt.,"[]"
8666065,31840003,Hawarden 4,Sioux,10170203,Well,Alluvium,42.99428,-96.49643,11/16/2015 11:00:00,GWM,PHOSP-PHOSP,"Total Phosphorus, mixed forms (AS P)",Total,,,,0.14,mg/l,True,0.02,,,LAC10-115-01-1D,GWM,Actual,GW,Water,,Sample exceeded required temperature upon receipt.,"[]"
8666065,31840007,Sioux Center 13,Sioux,10230002,Well,Alluvium,43.0804300007,-96.1038600004,12/07/2015 08:20:00,GWM,NIT-NO3-NO2,Nitrate + Nitrite (AS N),Total,,,,11,mg/l,True,0.1,,,LAC10-107-04-1J,GWM,Actual,GW,Water,,,"[]"
8666065,31840007,Sioux Center 13,Sioux,10230002,Well,Alluvium,43.0804300007,-96.1038600004,12/07/2015 08:20:00,GWM,NIT-AMM,Ammonia-nitrogen (AS N),Total,,,,0.05,mg/l,False,0.05,,,LAC10-107-06-1J,GWM,Actual,GW,Water,,,"[]"
8666065,31840007,Sioux Center 13,Sioux,10230002,Well,Alluvium,43.0804300007,-96.1038600004,12/07/2015 08:20:00,GWM,NIT-KJELD,Kjeldahl nitrogen (AS N),Total,,,,0.1,mg/l,False,0.1,,,LAC10-107-06-2E,GWM,Actual,GW,Water,,,"[]"
8666065,31840007,Sioux Center 13,Sioux,10230002,Well,Alluvium,43.0804300007,-96.1038600004,12/07/2015 08:20:00,GWM,14265-44-2,Orthophosphate (AS P),Dissolved,,,,0.05,mg/l,True,0.02,,,LAC10-115-01-1A,GWM,Actual,GW,Water,,,"[]"
8666065,31840007,Sioux Center 13,Sioux,10230002,Well,Alluvium,43.0804300007,-96.1038600004,12/07/2015 08:20:00,GWM,PHOSP-PHOSP,"Total Phosphorus, mixed forms (AS P)",Total,,,,0.05,mg/l,True,0.02,,,LAC10-115-01-1D,GWM,Actual,GW,Water,,,"[]"
8666065,31840003,Hawarden 4,Sioux,10170203,Well,Alluvium,42.99428,-96.49643,12/29/2014 09:30:00,GWM,NIT-NO3-NO2,Nitrate + Nitrite (AS N),Total,,,,0.1,mg/l,False,0.1,,,LAC10-107-04-1J,GWM,Actual,GW,Water,,,"[]"
8666065,31840003,Hawarden 4,Sioux,10170203,Well,Alluvium,42.99428,-96.49643,12/29/2014 09:30:00,GWM,NIT-AMM,Ammonia-nitrogen (AS N),Total,,,,0.08,mg/l,True,0.05,,,LAC10-107-06-1J,GWM,Actual,GW,Water,,,"[]"
8666065,31840003,Hawarden 4,Sioux,10170203,Well,Alluvium,42.99428,-96.49643,12/29/2014 09:30:00,GWM,NIT-KJELD,Kjeldahl nitrogen (AS N),Total,,,,0.4,mg/l,True,0.1,,,LAC10-107-06-2E,GWM,Actual,GW,Water,,,"[]"
8666065,31840003,Hawarden 4,Sioux,10170203,Well,Alluvium,42.99428,-96.49643,12/29/2014 09:30:00,GWM,14265-44-2,Orthophosphate (AS P),Dissolved,,,,0.06,mg/l,True,0.02,,,LAC10-115-01-1A,GWM,Actual,GW,Water,,,"[]"
8666065,31840003,Hawarden 4,Sioux,10170203,Well,Alluvium,42.99428,-96.49643,12/29/2014 09:30:00,GWM,PHOSP-PHOSP,"Total Phosphorus, mixed forms (AS P)",Total,,,,0.07,mg/l,True,0.02,,,LAC10-115-01-1D,GWM,Actual,GW,Water,,,"[]"
8666065,31840007,Sioux Center 13,Sioux,10230002,Well,Alluvium,43.0804300007,-96.1038600004,04/02/2013 12:42:00,GWM,NIT-NO3-NO2,Nitrate + Nitrite (AS N),Total,,,,11,mg/l,True,0.1,,,LAC10-107-04-1J,GWM,Actual,GW,Water,,,"[]"
8666065,31840007,Sioux Center 13,Sioux,10230002,Well,Alluvium,43.0804300007,-96.1038600004,04/02/2013 12:42:00,GWM,NIT-AMM,Ammonia-nitrogen (AS N),Total,,,,0.05,mg/l,True,0.05,,,LAC10-107-06-1J,GWM,Actual,GW,Water,,,"[]"
8666065,31840007,Sioux Center 13,Sioux,10230002,Well,Alluvium,43.0804300007,-96.1038600004,04/02/2013 12:42:00,GWM,NIT-KJELD,Kjeldahl nitrogen (AS N),Total,,,,0.3,mg/l,True,0.1,,,LAC10-107-06-2E,GWM,Actual,GW,Water,,,"[]"
8666065,31840007,Sioux Center 13,Sioux,10230002,Well,Alluvium,43.0804300007,-96.1038600004,04/02/2013 12:42:00,GWM,14265-44-2,Orthophosphate (AS P),Dissolved,,,,0.04,mg/l,True,0.02,,,LAC10-115-01-1A,GWM,Actual,GW,Water,,,"[]"
8666065,31840007,Sioux Center 13,Sioux,10230002,Well,Alluvium,43.0804300007,-96.1038600004,04/02/2013 12:42:00,GWM,PHOSP-PHOSP,"Total Phosphorus, mixed forms (AS P)",Total,,,,0.05,mg/l,True,0.02,,,LAC10-115-01-1D,GWM,Actual,GW,Water,,,"[]"
8666065,31840003,Hawarden 4,Sioux,10170203,Well,Alluvium,42.99428,-96.49643,10/23/2017 11:30:00,GWM,NIT-NO3-NO2,Nitrate + Nitrite (AS N),None,,,,5.3,mg/l,True,0.1,,,LAC10-107-06-1J,GWM,Actual,GW,Water,,,"[]"
8666065,31840003,Hawarden 4,Sioux,10170203,Well,Alluvium,42.99428,-96.49643,10/23/2017 11:30:00,GWM,NIT-AMM,Ammonia-nitrogen (AS N),None,,,,0.05,mg/l,False,0.05,,,LAC10-107-06-1J,GWM,Actual,GW,Water,,,"[]"
8666065,31840007,Sioux Center 13,Sioux,10230002,Well,Alluvium,43.0804300007,-96.1038600004,10/30/2017 08:15:00,GWM,NIT-NO3-NO2,Nitrate + Nitrite (AS N),None,,,,29,mg/l,True,1,,,LAC10-107-06-1J,GWM,Actual,GW,Water,,,"[]"
8666065,31840007,Sioux Center 13,Sioux,10230002,Well,Alluvium,43.0804300007,-96.1038600004,10/30/2017 08:15:00,GWM,NIT-AMM,Ammonia-nitrogen (AS N),None,,,,0.07,mg/l,True,0.05,,,LAC10-107-06-1J,GWM,Actual,GW,Water,,,"[]"
8666065,31840007,Sioux Center 13,Sioux,10230002,Well,Alluvium,43.0804300007,-96.1038600004,12/04/2017 00:00:00,GWM,NIT-NO3-NO2,Nitrate + Nitrite,None,,,,21.55,mg/l,True,0.01,,0.01,353.2,GWM001,,GW,Water,,,"[]"
8666065,31840005,"Sioux Center (4), 2",Sioux,10230002,Well,Alluvium,43.08733,-96.10432,12/04/2017 00:00:00,GWM,NIT-NO3-NO2,Nitrate + Nitrite,None,,,,4.15,mg/l,True,0.01,,0.01,353.2,GWM001,,GW,Water,,,"[]"
8666065,31840008,Sioux Center 1,Sioux,10230002,Well,Alluvium,43.08509,-96.1071,12/04/2017 00:00:00,GWM,NIT-NO3-NO2,Nitrate + Nitrite,None,,,,15.66,mg/l,True,0.01,,0.01,353.2,GWM001,,GW,Water,,,"[]"
8666065,31840009,Sioux Center 11,Sioux,10230002,Well,Alluvium,43.07506,-96.10542,12/04/2017 00:00:00,GWM,NIT-NO3-NO2,Nitrate + Nitrite,None,,,,8.62,mg/l,True,0.01,,0.01,353.2,GWM001,,GW,Water,,,"[]"
8666065,31840003,Hawarden 4,Sioux,10170203,Well,Alluvium,42.99428,-96.49643,12/18/2018 10:30:00,GWM,NIT-AMM,Ammonia-nitrogen (AS N),None,,,,0.08,mg/l,True,0.05,,,LAC10-107-06-1J,GWM,Actual,GW,Water,,,"[]"
8666065,31840003,Hawarden 4,Sioux,10170203,Well,Alluvium,42.99428,-96.49643,12/18/2018 10:30:00,GWM,NIT-NO3-NO2,Nitrate + Nitrite (AS N),None,,,,3.5,mg/l,True,0.1,,,LAC10-107-06-1J,GWM,Actual,GW,Water,,,"[]"
8666065,31840003,Hawarden 4,Sioux,10170203,Well,Alluvium,42.99428,-96.49643,12/18/2018 10:30:00,GWM,14265-44-2,Orthophosphate (AS P),Dissolved,,,,0.09,mg/l,True,0.02,,,LAC10-115-01-1A,GWM,Actual,GW,Water,,Sample was not field filtered per method and was filtered for analysis after receipt by the laboratory.,"[]"
8666065,31840007,Sioux Center 13,Sioux,10230002,Well,Alluvium,43.0804300007,-96.1038600004,01/09/2019 08:30:00,GWM,NIT-AMM,Ammonia-nitrogen (AS N),None,,,,0.05,mg/l,False,0.05,,,LAC10-107-06-1J,GWM,Actual,GW,Water,,,"[]"
8666065,31840007,Sioux Center 13,Sioux,10230002,Well,Alluvium,43.0804300007,-96.1038600004,01/09/2019 08:30:00,GWM,NIT-NO3-NO2,Nitrate + Nitrite (AS N),None,,,,33,mg/l,True,0.5,,,LAC10-107-06-1J,GWM,Actual,GW,Water,,,"[]"
8666065,31840007,Sioux Center 13,Sioux,10230002,Well,Alluvium,43.0804300007,-96.1038600004,01/09/2019 08:30:00,GWM,14265-44-2,Orthophosphate (AS P),Dissolved,,,,0.05,mg/l,True,0.02,,,LAC10-115-01-1A,GWM,Actual,GW,Water,,Sample was not field filtered per method and was filtered for analysis after receipt by the laboratory.,"[]"
8666065,31840010,Rock Valley 3,Sioux,10170204,Well,Alluvium,43.2105640817,-96.297184024,12/10/2018 00:00:00,GWM,NIT-NO3-NO2,Nitrate + Nitrite,None,,,,8.25,mg/l,True,0.01,,0.01,353.2,GWM001,,GW,,,,"[]"
8666065,31840011,Rock Valley 4,Sioux,10170204,Well,Alluvium,43.2109098249,-96.2845839489,12/10/2018 00:00:00,GWM,NIT-NO3-NO2,Nitrate + Nitrite,None,,,,8.79,mg/l,True,0.01,,0.01,353.2,GWM001,,GW,,,,"[]"
8666065,31840012,Rock Valley 6,Sioux,10170204,Well,Alluvium,43.2094446908,-96.2935569506,12/10/2018 00:00:00,GWM,NIT-NO3-NO2,Nitrate + Nitrite,None,,,,9.03,mg/l,True,0.01,,0.01,353.2,GWM001,,GW,,,,"[]"
8666065,31840003,Hawarden 4,Sioux,10170203,Well,Alluvium,42.99428,-96.49643,12/03/2019 08:00:00,GWM,NIT-AMM,Ammonia-nitrogen (AS N),None,,,,0.05,mg/l,False,0.05,,,LAC10-107-06-1J,GWM,Actual,GW,Water,,,"[]"
8666065,31840003,Hawarden 4,Sioux,10170203,Well,Alluvium,42.99428,-96.49643,12/03/2019 08:00:00,GWM,NIT-NO3-NO2,Nitrate + Nitrite (AS N),None,,,,1.9,mg/l,True,0.1,,,LAC10-107-06-1J,GWM,Actual,GW,Water,,,"[]"
8666065,31840007,Sioux Center 13,Sioux,10230002,Well,Alluvium,43.0804300007,-96.1038600004,12/10/2019 10:00:00,GWM,NIT-NO3-NO2,Nitrate + Nitrite (AS N),None,,,,26,mg/l,True,0.1,,,LAC10-107-06-1J,GWM,Actual,GW,Water,,,"[]"
8666065,31840007,Sioux Center 13,Sioux,10230002,Well,Alluvium,43.0804300007,-96.1038600004,12/10/2019 10:00:00,GWM,NIT-AMM,Ammonia-nitrogen (AS N),None,,,,0.05,mg/l,False,0.05,,,LAC10-107-06-1J,GWM,Actual,GW,Water,,,"[]"
8666065,31840003,Hawarden 4,Sioux,10170203,Well,Alluvium,42.99428,-96.49643,03/21/2023 10:00:00,GWM,NIT-NO3-NO2,Nitrate + Nitrite (AS N),Total,,,,0.62,mg/l,True,0.1,,,LAC10-107-04-1J,GWM,Actual,GW,Water,,,"[]"
8666065,31840003,Hawarden 4,Sioux,10170203,Well,Alluvium,42.99428,-96.49643,03/21/2023 10:00:00,GWM,NIT-AMM,Ammonia-nitrogen (AS N),Total,,,,0.35,mg/l,True,0.1,,,LAC10-107-06-1J,GWM,Actual,GW,Water,,,"[]"
8666065,31840007,Sioux Center 13,Sioux,10230002,Well,Alluvium,43.0804300007,-96.1038600004,04/04/2023 15:28:00,GWM,NIT-NO3-NO2,Nitrate + Nitrite (AS N),Total,,,,8.1,mg/l,True,0.1,,,LAC10-107-04-1J,GWM,Actual,GW,Water,,,"[]"
8666065,31840007,Sioux Center 13,Sioux,10230002,Well,Alluvium,43.0804300007,-96.1038600004,04/04/2023 15:28:00,GWM,NIT-AMM,Ammonia-nitrogen (AS N),Total,,,,0.05,mg/l,False,0.05,,,LAC10-107-06-1J,GWM,Actual,GW,Water,,,"[]"
8666065,31840003,Hawarden 4,Sioux,10170203,Well,Alluvium,42.99428,-96.49643,02/01/2021 11:00:00,GWM,NIT-AMM,Ammonia-nitrogen (AS N),None,,,,0.16,mg/l,True,0.05,,,LAC10-107-06-1J,GWM,Actual,GW,Water,,,"[]"
8666065,31840003,Hawarden 4,Sioux,10170203,Well,Alluvium,42.99428,-96.49643,02/01/2021 11:00:00,GWM,NIT-NO3-NO2,Nitrate + Nitrite (AS N),None,,,,0.75,mg/l,True,0.1,,,LAC10-107-06-1J,GWM,Actual,GW,Water,,,"[]"
8666065,31840015,Orange City 11,Sioux,10230002,Well,Dakota,42.92389,-96.13495,02/24/2021 11:00:00,GWM,NIT-NO3-NO2,Nitrate + Nitrite (AS N),None,,,,0.1,mg/l,False,0.1,,,LAC10-107-06-1J,GWM,Actual,GW,Water,,,"[]"
8666065,31840015,Orange City 11,Sioux,10230002,Well,Dakota,42.92389,-96.13495,02/24/2021 11:00:00,GWM,NIT-AMM,Ammonia-nitrogen (AS N),None,,,,0.05,mg/l,False,0.05,,,LAC10-107-06-1J,GWM,Actual,GW,Water,,,"[]"
8666065,31840015,Orange City 11,Sioux,10230002,Well,Dakota,42.92389,-96.13495,02/24/2021 11:00:00,GWM,14265-44-2,Orthophosphate (AS P),Dissolved,,,,0.02,mg/l,False,0.02,,,LAC10-115-01-1A,GWM,Actual,GW,Water,,,"[]"
8666065,31840007,Sioux Center 13,Sioux,10230002,Well,Alluvium,43.0804300007,-96.1038600004,04/29/2021 09:00:00,GWM,NIT-AMM,Ammonia-nitrogen (AS N),None,,,,0.05,mg/l,False,0.05,,,LAC10-107-06-1J,GWM,Actual,GW,Water,,,"[]"
8666065,31840007,Sioux Center 13,Sioux,10230002,Well,Alluvium,43.0804300007,-96.1038600004,04/29/2021 09:00:00,GWM,NIT-NO3-NO2,Nitrate + Nitrite (AS N),None,,,,16,mg/l,True,0.1,,,LAC10-107-06-1J,GWM,Actual,GW,Water,,,"[]"
