facilityID,siteID,name,county,huc8,type,aquifer,latitude,longitude,sampleDate,projectCode,cas_rn,analyte,fraction,relDepth,sampDepth,sampDepthUnit,result,unit,detect,detectLimit,quantFlag,quantLimit,method,colMethod,resultType,matrix,medium,qualFlag,remark,xParams
8666065,31850001,Slater 1,Story,07100008,Well,Buried Sand Gravel,41.88139,-93.68694,08/19/2002 13:15:00,GWM,NIT-NO3-NO2,Nitrate + Nitrite (AS N),Total,,,,0.1,mg/l,False,0.1,,,353.2,USGSGWM,Actual,GW,Water,,,"[]"
8666065,31850001,Slater 1,Story,07100008,Well,Buried Sand Gravel,41.88139,-93.68694,08/19/2002 13:15:00,GWM,NIT-AMM,Ammonia-nitrogen (AS N),Total,,,,8.5,mg/l,True,0.05,,,LAC10-107-06-1J,USGSGWM,Actual,GW,Water,,,"[]"
8666065,31850001,Slater 1,Story,07100008,Well,Buried Sand Gravel,41.88139,-93.68694,08/19/2002 13:15:00,GWM,NIT-ORGN,Organic Nitrogen (AS N),Total,,,,1.3,mg/l,True,0.05,,,LAC10-107-06-2E,USGSGWM,Calculated,GW,Water,,,"[]"
8666065,31850001,Slater 1,Story,07100008,Well,Buried Sand Gravel,41.88139,-93.68694,08/19/2002 13:15:00,GWM,14265-44-2,Orthophosphate (AS P),Dissolved,,,,0.05,mg/l,False,0.05,,,LAC10-115-01-1A,USGSGWM,Actual,GW,Water,,,"[]"
8666065,31850001,Slater 1,Story,07100008,Well,Buried Sand Gravel,41.88139,-93.68694,08/19/2002 13:15:00,GWM,PHOSP-PHOSP,"Total Phosphorus, mixed forms (AS P)",Total,,,,0.09,mg/l,True,0.05,,,LAC10-115-01-1C,USGSGWM,Actual,GW,Water,,,"[]"
8666065,31850001,Slater 1,Story,07100008,Well,Buried Sand Gravel,41.88139,-93.68694,08/19/2002 13:15:00,GWM,NIT-KJELD,Kjeldahl nitrogen (AS N),Total,,,,9.8,mg/l,True,0.05,,,PAI DK03,USGSGWM,Actual,GW,Water,,,"[]"
8666065,31850007,Gilbert 3,Story,07080105,Well,Buried Sand Gravel,42.10731,-93.67835,09/18/2002 08:00:00,GWM,NIT-NO3-NO2,Nitrate + Nitrite (AS N),Total,,,,0.1,mg/l,False,0.1,,,353.2,USGSGWM,Actual,GW,Water,,,"[]"
8666065,31850007,Gilbert 3,Story,07080105,Well,Buried Sand Gravel,42.10731,-93.67835,09/18/2002 08:00:00,GWM,NIT-AMM,Ammonia-nitrogen (AS N),Total,,,,3.1,mg/l,True,0.05,,,LAC10-107-06-1J,USGSGWM,Actual,GW,Water,,,"[]"
8666065,31850007,Gilbert 3,Story,07080105,Well,Buried Sand Gravel,42.10731,-93.67835,09/18/2002 08:00:00,GWM,NIT-ORGN,Organic Nitrogen (AS N),Total,,,,0.66,mg/l,True,0.05,,,LAC10-107-06-2E,USGSGWM,Calculated,GW,Water,,,"[]"
8666065,31850007,Gilbert 3,Story,07080105,Well,Buried Sand Gravel,42.10731,-93.67835,09/18/2002 08:00:00,GWM,14265-44-2,Orthophosphate (AS P),Dissolved,,,,0.16,mg/l,True,0.05,,,LAC10-115-01-1A,USGSGWM,Actual,GW,Water,,,"[]"
8666065,31850007,Gilbert 3,Story,07080105,Well,Buried Sand Gravel,42.10731,-93.67835,09/18/2002 08:00:00,GWM,PHOSP-PHOSP,"Total Phosphorus, mixed forms (AS P)",Total,,,,0.45,mg/l,True,0.05,,,LAC10-115-01-1C,USGSGWM,Actual,GW,Water,,,"[]"
8666065,31850007,Gilbert 3,Story,07080105,Well,Buried Sand Gravel,42.10731,-93.67835,09/18/2002 08:00:00,GWM,NIT-KJELD,Kjeldahl nitrogen (AS N),Total,,,,3.7,mg/l,True,0.05,,,PAI DK03,USGSGWM,Actual,GW,Water,,,"[]"
8666065,31850008,Story City 2,Story,07080105,Well,Mississippian,42.186986,-93.587974,09/18/2002 13:45:00,GWM,NIT-NO3-NO2,Nitrate + Nitrite (AS N),Total,,,,0.1,mg/l,False,0.1,,,353.2,USGSGWM,Actual,GW,Water,,,"[]"
8666065,31850008,Story City 2,Story,07080105,Well,Mississippian,42.186986,-93.587974,09/18/2002 13:45:00,GWM,NIT-AMM,Ammonia-nitrogen (AS N),Total,,,,0.95,mg/l,True,0.05,,,LAC10-107-06-1J,USGSGWM,Actual,GW,Water,,,"[]"
8666065,31850008,Story City 2,Story,07080105,Well,Mississippian,42.186986,-93.587974,09/18/2002 13:45:00,GWM,NIT-ORGN,Organic Nitrogen (AS N),Total,,,,0.75,mg/l,True,0.05,,,LAC10-107-06-2E,USGSGWM,Calculated,GW,Water,,,"[]"
8666065,31850008,Story City 2,Story,07080105,Well,Mississippian,42.186986,-93.587974,09/18/2002 13:45:00,GWM,14265-44-2,Orthophosphate (AS P),Dissolved,,,,0.05,mg/l,False,0.05,,,LAC10-115-01-1A,USGSGWM,Actual,GW,Water,,,"[]"
8666065,31850008,Story City 2,Story,07080105,Well,Mississippian,42.186986,-93.587974,09/18/2002 13:45:00,GWM,PHOSP-PHOSP,"Total Phosphorus, mixed forms (AS P)",Total,,,,0.07,mg/l,True,0.05,,,LAC10-115-01-1C,USGSGWM,Actual,GW,Water,,,"[]"
8666065,31850008,Story City 2,Story,07080105,Well,Mississippian,42.186986,-93.587974,09/18/2002 13:45:00,GWM,NIT-KJELD,Kjeldahl nitrogen (AS N),Total,,,,1.7,mg/l,True,0.05,,,PAI DK03,USGSGWM,Actual,GW,Water,,,"[]"
8666065,31850001,Slater 1,Story,07100008,Well,Buried Sand Gravel,41.88139,-93.68694,07/29/2003 09:10:00,GWM,NIT-AMM,Ammonia-nitrogen (AS N),Total,,,,8.6,mg/l,True,0.05,,,350.1,USGSGWM,Actual,GW,Water,,,"[]"
8666065,31850001,Slater 1,Story,07100008,Well,Buried Sand Gravel,41.88139,-93.68694,07/29/2003 09:10:00,GWM,NIT-NO3-NO2,Nitrate + Nitrite (AS N),Total,,,,0.1,mg/l,False,0.1,,,353.2,USGSGWM,Actual,GW,Water,,,"[]"
8666065,31850001,Slater 1,Story,07100008,Well,Buried Sand Gravel,41.88139,-93.68694,07/29/2003 09:10:00,GWM,14265-44-2,Orthophosphate (AS P),Dissolved,,,,0.02,mg/l,False,0.02,,,365.1,USGSGWM,Actual,GW,Water,,,"[]"
8666065,31850001,Slater 1,Story,07100008,Well,Buried Sand Gravel,41.88139,-93.68694,07/29/2003 09:10:00,GWM,PHOSP-PHOSP,"Total Phosphorus, mixed forms (AS P)",Total,,,,0.06,mg/l,True,0.02,,,365.4,USGSGWM,Actual,GW,Water,,,"[]"
8666065,31850001,Slater 1,Story,07100008,Well,Buried Sand Gravel,41.88139,-93.68694,07/29/2003 09:10:00,GWM,NIT-ORGN,Organic Nitrogen (AS N),Total,,,,0.82,mg/l,True,0.05,,,LAC10-107-06-2E,USGSGWM,Calculated,GW,Water,,,"[]"
8666065,31850001,Slater 1,Story,07100008,Well,Buried Sand Gravel,41.88139,-93.68694,07/29/2003 09:10:00,GWM,NIT-KJELD,Kjeldahl nitrogen (AS N),Total,,,,9.4,mg/l,True,0.05,,,PAI DK03,USGSGWM,Actual,GW,Water,,,"[]"
8666065,31850001,Slater 1,Story,07100008,Well,Buried Sand Gravel,41.88139,-93.68694,07/07/2004 14:40:00,GWM,NIT-AMM,Ammonia-nitrogen (AS N),Total,,,,8.9,mg/l,True,0.05,,,350.1,USGSGWM,Actual,GW,Water,,,"[]"
8666065,31850001,Slater 1,Story,07100008,Well,Buried Sand Gravel,41.88139,-93.68694,07/07/2004 14:40:00,GWM,NIT-NO3-NO2,Nitrate + Nitrite (AS N),Total,,,,0.05,mg/l,False,0.05,,,353.2,USGSGWM,Actual,GW,Water,,,"[]"
8666065,31850001,Slater 1,Story,07100008,Well,Buried Sand Gravel,41.88139,-93.68694,07/07/2004 14:40:00,GWM,14265-44-2,Orthophosphate (AS P),Dissolved,,,,0.02,mg/l,False,0.02,,,365.1,USGSGWM,Actual,GW,Water,,,"[]"
8666065,31850001,Slater 1,Story,07100008,Well,Buried Sand Gravel,41.88139,-93.68694,07/07/2004 14:40:00,GWM,PHOSP-PHOSP,"Total Phosphorus, mixed forms (AS P)",Total,,,,0.06,mg/l,True,0.02,,,365.4,USGSGWM,Actual,GW,Water,,,"[]"
8666065,31850001,Slater 1,Story,07100008,Well,Buried Sand Gravel,41.88139,-93.68694,07/07/2004 14:40:00,GWM,NIT-ORGN,Organic Nitrogen,Total,,,,0.05,mg/l,False,0.05,,,LAC10-107-06-2E,USGSGWM,Calculated,GW,Water,,,"[]"
8666065,31850001,Slater 1,Story,07100008,Well,Buried Sand Gravel,41.88139,-93.68694,07/05/2005 12:45:00,GWM,NIT-AMM,Ammonia-nitrogen (AS N),Total,,,,7.2,mg/l,True,0.05,,,350.1,USGSGWM,Actual,GW,Water,,,"[]"
8666065,31850001,Slater 1,Story,07100008,Well,Buried Sand Gravel,41.88139,-93.68694,07/05/2005 12:45:00,GWM,NIT-KJELD,Kjeldahl nitrogen (AS N),Total,,,,9.6,mg/l,True,0.1,,,351.2,USGSGWM,Actual,GW,Water,,,"[]"
8666065,31850001,Slater 1,Story,07100008,Well,Buried Sand Gravel,41.88139,-93.68694,07/05/2005 12:45:00,GWM,NIT-NO3-NO2,Nitrate + Nitrite (AS N),Total,,,,0.05,mg/l,False,0.05,,,353.2,USGSGWM,Actual,GW,Water,,,"[]"
8666065,31850001,Slater 1,Story,07100008,Well,Buried Sand Gravel,41.88139,-93.68694,07/05/2005 12:45:00,GWM,14265-44-2,Orthophosphate (AS P),Dissolved,,,,0.02,mg/l,False,0.02,,,365.1,USGSGWM,Actual,GW,Water,,,"[]"
8666065,31850001,Slater 1,Story,07100008,Well,Buried Sand Gravel,41.88139,-93.68694,07/05/2005 12:45:00,GWM,PHOSP-PHOSP,"Total Phosphorus, mixed forms (AS P)",Total,,,,0.08,mg/l,True,0.02,,,365.4,USGSGWM,Actual,GW,Water,,,"[]"
8666065,31850001,Slater 1,Story,07100008,Well,Buried Sand Gravel,41.88139,-93.68694,07/05/2005 12:45:00,GWM,NIT-ORGN,Organic Nitrogen,Total,,,,2.4,mg/l,True,0.1,,,LAC10-107-06-2E,USGSGWM,Calculated,GW,Water,,,"[]"
8666065,31850005,Ames 10,Story,07080105,Well,Buried Sand Gravel,42.028115,-93.612913,07/17/2006 15:30:00,GWM,NIT-AMM,Ammonia-nitrogen (AS N),Total,,,,0.34,mg/l,True,0.05,,,350.1,USGSGWM,Actual,GW,Water,,,"[]"
8666065,31850005,Ames 10,Story,07080105,Well,Buried Sand Gravel,42.028115,-93.612913,07/17/2006 15:30:00,GWM,NIT-KJELD,Kjeldahl nitrogen (AS N),Total,,,,0.6,mg/l,True,0.1,,,351.2,USGSGWM,Actual,GW,Water,,,"[]"
8666065,31850005,Ames 10,Story,07080105,Well,Buried Sand Gravel,42.028115,-93.612913,07/17/2006 15:30:00,GWM,NIT-NO3-NO2,Nitrate + Nitrite (AS N),Total,,,,0.05,mg/l,False,0.05,,,353.2,USGSGWM,Actual,GW,Water,,,"[]"
8666065,31850005,Ames 10,Story,07080105,Well,Buried Sand Gravel,42.028115,-93.612913,07/17/2006 15:30:00,GWM,14265-44-2,Orthophosphate (AS P),Dissolved,,,,0.02,mg/l,False,0.02,,,365.1,USGSGWM,Actual,GW,Water,,,"[]"
8666065,31850005,Ames 10,Story,07080105,Well,Buried Sand Gravel,42.028115,-93.612913,07/17/2006 15:30:00,GWM,PHOSP-PHOSP,"Total Phosphorus, mixed forms (AS P)",Total,,,,0.17,mg/l,True,0.02,,,365.4,USGSGWM,Actual,GW,Water,,,"[]"
8666065,31850005,Ames 10,Story,07080105,Well,Buried Sand Gravel,42.028115,-93.612913,07/17/2006 15:30:00,GWM,NIT-ORGN,Organic Nitrogen,Total,,,,0.3,mg/l,True,0.1,,,LAC10-107-06-2E,USGSGWM,Calculated,GW,Water,,,"[]"
8666065,31850003,Maxwell 1,Story,07080105,Well,Buried Sand Gravel,41.885172,-93.397945,08/02/2006 11:30:00,GWM,NIT-AMM,Ammonia-nitrogen (AS N),Total,,,,3,mg/l,True,0.05,,,350.1,USGSGWM,Actual,GW,Water,,,"[]"
8666065,31850003,Maxwell 1,Story,07080105,Well,Buried Sand Gravel,41.885172,-93.397945,08/02/2006 11:30:00,GWM,NIT-KJELD,Kjeldahl nitrogen (AS N),Total,,,,2.9,mg/l,True,0.1,,,351.2,USGSGWM,Actual,GW,Water,,,"[]"
8666065,31850003,Maxwell 1,Story,07080105,Well,Buried Sand Gravel,41.885172,-93.397945,08/02/2006 11:30:00,GWM,NIT-NO3-NO2,Nitrate + Nitrite (AS N),Total,,,,0.05,mg/l,False,0.05,,,353.2,USGSGWM,Actual,GW,Water,,,"[]"
8666065,31850003,Maxwell 1,Story,07080105,Well,Buried Sand Gravel,41.885172,-93.397945,08/02/2006 11:30:00,GWM,14265-44-2,Orthophosphate (AS P),Dissolved,,,,0.02,mg/l,False,0.02,,,365.1,USGSGWM,Actual,GW,Water,,,"[]"
8666065,31850003,Maxwell 1,Story,07080105,Well,Buried Sand Gravel,41.885172,-93.397945,08/02/2006 11:30:00,GWM,PHOSP-PHOSP,"Total Phosphorus, mixed forms (AS P)",Total,,,,0.16,mg/l,True,0.02,,,365.4,USGSGWM,Actual,GW,Water,,,"[]"
8666065,31850003,Maxwell 1,Story,07080105,Well,Buried Sand Gravel,41.885172,-93.397945,08/02/2006 11:30:00,GWM,NIT-ORGN,Organic Nitrogen,Total,,,,0.1,mg/l,False,0.1,,,LAC10-107-06-2E,USGSGWM,Calculated,GW,Water,,,"[]"
8666065,31850004,Cambridge 2,Story,07080105,Well,Alluvium,41.89927,-93.52835,08/02/2006 09:30:00,GWM,NIT-AMM,Ammonia-nitrogen (AS N),Total,,,,0.1,mg/l,True,0.05,,,350.1,USGSGWM,Actual,GW,Water,,,"[]"
8666065,31850004,Cambridge 2,Story,07080105,Well,Alluvium,41.89927,-93.52835,08/02/2006 09:30:00,GWM,NIT-KJELD,Kjeldahl nitrogen (AS N),Total,,,,0.3,mg/l,True,0.1,,,351.2,USGSGWM,Actual,GW,Water,,,"[]"
8666065,31850004,Cambridge 2,Story,07080105,Well,Alluvium,41.89927,-93.52835,08/02/2006 09:30:00,GWM,NIT-NO3-NO2,Nitrate + Nitrite (AS N),Total,,,,0.05,mg/l,False,0.05,,,353.2,USGSGWM,Actual,GW,Water,,,"[]"
8666065,31850004,Cambridge 2,Story,07080105,Well,Alluvium,41.89927,-93.52835,08/02/2006 09:30:00,GWM,14265-44-2,Orthophosphate (AS P),Dissolved,,,,0.02,mg/l,False,0.02,,,365.1,USGSGWM,Actual,GW,Water,,,"[]"
8666065,31850004,Cambridge 2,Story,07080105,Well,Alluvium,41.89927,-93.52835,08/02/2006 09:30:00,GWM,PHOSP-PHOSP,"Total Phosphorus, mixed forms (AS P)",Total,,,,0.08,mg/l,True,0.02,,,365.4,USGSGWM,Actual,GW,Water,,,"[]"
8666065,31850004,Cambridge 2,Story,07080105,Well,Alluvium,41.89927,-93.52835,08/02/2006 09:30:00,GWM,NIT-ORGN,Organic Nitrogen,Total,,,,0.2,mg/l,True,0.1,,,LAC10-107-06-2E,USGSGWM,Calculated,GW,Water,,,"[]"
8666065,31850006,Slater 3,Story,07100008,Well,Buried Sand Gravel,41.88396,-93.68685,07/18/2006 09:20:00,GWM,NIT-AMM,Ammonia-nitrogen (AS N),Total,,,,2.3,mg/l,True,0.05,,,350.1,USGSGWM,Actual,GW,Water,,,"[]"
8666065,31850006,Slater 3,Story,07100008,Well,Buried Sand Gravel,41.88396,-93.68685,07/18/2006 09:20:00,GWM,NIT-KJELD,Kjeldahl nitrogen (AS N),Total,,,,3.3,mg/l,True,0.1,,,351.2,USGSGWM,Actual,GW,Water,,,"[]"
8666065,31850006,Slater 3,Story,07100008,Well,Buried Sand Gravel,41.88396,-93.68685,07/18/2006 09:20:00,GWM,NIT-NO3-NO2,Nitrate + Nitrite (AS N),Total,,,,0.05,mg/l,False,0.05,,,353.2,USGSGWM,Actual,GW,Water,,,"[]"
8666065,31850006,Slater 3,Story,07100008,Well,Buried Sand Gravel,41.88396,-93.68685,07/18/2006 09:20:00,GWM,14265-44-2,Orthophosphate (AS P),Dissolved,,,,0.02,mg/l,False,0.02,,,365.1,USGSGWM,Actual,GW,Water,,,"[]"
8666065,31850006,Slater 3,Story,07100008,Well,Buried Sand Gravel,41.88396,-93.68685,07/18/2006 09:20:00,GWM,PHOSP-PHOSP,"Total Phosphorus, mixed forms (AS P)",Total,,,,0.02,mg/l,False,0.02,,,365.4,USGSGWM,Actual,GW,Water,,,"[]"
8666065,31850006,Slater 3,Story,07100008,Well,Buried Sand Gravel,41.88396,-93.68685,07/18/2006 09:20:00,GWM,NIT-ORGN,Organic Nitrogen,Total,,,,1,mg/l,True,0.05,,,LAC10-107-06-2E,USGSGWM,Calculated,GW,Water,,,"[]"
8666065,31850001,Slater 1,Story,07100008,Well,Buried Sand Gravel,41.88139,-93.68694,07/18/2006 08:00:00,GWM,NIT-AMM,Ammonia-nitrogen (AS N),Total,,,,5.8,mg/l,True,0.05,,,350.1,USGSGWM,Actual,GW,Water,,,"[]"
8666065,31850001,Slater 1,Story,07100008,Well,Buried Sand Gravel,41.88139,-93.68694,07/18/2006 08:00:00,GWM,NIT-KJELD,Kjeldahl nitrogen (AS N),Total,,,,7.8,mg/l,True,0.1,,,351.2,USGSGWM,Actual,GW,Water,,,"[]"
8666065,31850001,Slater 1,Story,07100008,Well,Buried Sand Gravel,41.88139,-93.68694,07/18/2006 08:00:00,GWM,NIT-NO3-NO2,Nitrate + Nitrite (AS N),Total,,,,0.05,mg/l,False,0.05,,,353.2,USGSGWM,Actual,GW,Water,,,"[]"
8666065,31850001,Slater 1,Story,07100008,Well,Buried Sand Gravel,41.88139,-93.68694,07/18/2006 08:00:00,GWM,14265-44-2,Orthophosphate (AS P),Dissolved,,,,0.02,mg/l,False,0.02,,,365.1,USGSGWM,Actual,GW,Water,,,"[]"
8666065,31850001,Slater 1,Story,07100008,Well,Buried Sand Gravel,41.88139,-93.68694,07/18/2006 08:00:00,GWM,PHOSP-PHOSP,"Total Phosphorus, mixed forms (AS P)",Total,,,,0.04,mg/l,True,0.02,,,365.4,USGSGWM,Actual,GW,Water,,,"[]"
8666065,31850001,Slater 1,Story,07100008,Well,Buried Sand Gravel,41.88139,-93.68694,07/18/2006 08:00:00,GWM,NIT-ORGN,Organic Nitrogen,Total,,,,2,mg/l,True,0.05,,,LAC10-107-06-2E,USGSGWM,Calculated,GW,Water,,,"[]"
8666065,31850009,Nevada 8,Story,07080105,Well,Alluvium,41.9886188167,-93.5696147873,10/12/2016 12:15:00,GWM,NIT-NO3-NO2,Nitrate + Nitrite (AS N),Total,,,,0.1,mg/l,False,0.1,,,LAC10-107-04-1J,GWM,Actual,GW,Water,,,"[]"
8666065,31850009,Nevada 8,Story,07080105,Well,Alluvium,41.9886188167,-93.5696147873,10/12/2016 12:15:00,GWM,NIT-AMM,Ammonia-nitrogen (AS N),Total,,,,0.92,mg/l,True,0.05,,,LAC10-107-06-1J,GWM,Actual,GW,Water,,,"[]"
8666065,31850007,Gilbert 3,Story,07080105,Well,Buried Sand Gravel,42.10731,-93.67835,11/16/2016 08:25:00,GWM,NIT-NO3-NO2,Nitrate + Nitrite (AS N),Total,,,,0.1,mg/l,False,0.1,,,LAC10-107-04-1J,GWM,Actual,GW,Water,,,"[]"
8666065,31850007,Gilbert 3,Story,07080105,Well,Buried Sand Gravel,42.10731,-93.67835,11/16/2016 08:25:00,GWM,NIT-AMM,Ammonia-nitrogen (AS N),Total,,,,2.4,mg/l,True,0.05,,,LAC10-107-06-1J,GWM,Actual,GW,Water,,,"[]"
8666065,31850009,Nevada 8,Story,07080105,Well,Alluvium,41.9886188167,-93.5696147873,01/13/2016 11:15:00,GWM,NIT-NO3-NO2,Nitrate + Nitrite (AS N),Total,,,,0.1,mg/l,False,0.1,,,LAC10-107-04-1J,GWM,Actual,GW,Water,,Sample exceeded required temperature upon receipt.,"[]"
8666065,31850009,Nevada 8,Story,07080105,Well,Alluvium,41.9886188167,-93.5696147873,01/13/2016 11:15:00,GWM,NIT-AMM,Ammonia-nitrogen (AS N),Total,,,,0.56,mg/l,True,0.05,,,LAC10-107-06-1J,GWM,Actual,GW,Water,,Sample exceeded required temperature upon receipt.,"[]"
8666065,31850009,Nevada 8,Story,07080105,Well,Alluvium,41.9886188167,-93.5696147873,01/13/2016 11:15:00,GWM,NIT-KJELD,Kjeldahl nitrogen (AS N),Total,,,,0.2,mg/l,True,0.1,,,LAC10-107-06-2E,GWM,Actual,GW,Water,,Sample exceeded required temperature upon receipt.,"[]"
8666065,31850009,Nevada 8,Story,07080105,Well,Alluvium,41.9886188167,-93.5696147873,01/13/2016 11:15:00,GWM,14265-44-2,Orthophosphate (AS P),Dissolved,,,,0.02,mg/l,False,0.02,,,LAC10-115-01-1A,GWM,Actual,GW,Water,,Sample exceeded required temperature upon receipt.,"[]"
8666065,31850009,Nevada 8,Story,07080105,Well,Alluvium,41.9886188167,-93.5696147873,01/13/2016 11:15:00,GWM,PHOSP-PHOSP,"Total Phosphorus, mixed forms (AS P)",Total,,,,0.19,mg/l,True,0.1,,,LAC10-115-01-1C,GWM,Actual,GW,Water,,Sample exceeded required temperature upon receipt.,"[]"
8666065,31850009,Nevada 8,Story,07080105,Well,Alluvium,41.9886188167,-93.5696147873,12/29/2014 13:30:00,GWM,NIT-NO3-NO2,Nitrate + Nitrite (AS N),Total,,,,0.1,mg/l,False,0.1,,,LAC10-107-04-1J,GWM,Actual,GW,Water,,,"[]"
8666065,31850009,Nevada 8,Story,07080105,Well,Alluvium,41.9886188167,-93.5696147873,12/29/2014 13:30:00,GWM,NIT-AMM,Ammonia-nitrogen (AS N),Total,,,,0.69,mg/l,True,0.05,,,LAC10-107-06-1J,GWM,Actual,GW,Water,,,"[]"
8666065,31850009,Nevada 8,Story,07080105,Well,Alluvium,41.9886188167,-93.5696147873,12/29/2014 13:30:00,GWM,NIT-KJELD,Kjeldahl nitrogen (AS N),Total,,,,0.4,mg/l,True,0.1,,,LAC10-107-06-2E,GWM,Actual,GW,Water,,,"[]"
8666065,31850009,Nevada 8,Story,07080105,Well,Alluvium,41.9886188167,-93.5696147873,12/29/2014 13:30:00,GWM,14265-44-2,Orthophosphate (AS P),Dissolved,,,,0.02,mg/l,False,0.02,,,LAC10-115-01-1A,GWM,Actual,GW,Water,,,"[]"
8666065,31850009,Nevada 8,Story,07080105,Well,Alluvium,41.9886188167,-93.5696147873,12/29/2014 13:30:00,GWM,PHOSP-PHOSP,"Total Phosphorus, mixed forms (AS P)",Total,,,,0.16,mg/l,True,0.02,,,LAC10-115-01-1D,GWM,Actual,GW,Water,,,"[]"
8666065,31850007,Gilbert 3,Story,07080105,Well,Buried Sand Gravel,42.10731,-93.67835,04/16/2013 15:30:00,GWM,NIT-NO3-NO2,Nitrate + Nitrite (AS N),Total,,,,0.1,mg/l,False,0.1,,,LAC10-107-04-1J,GWM,Actual,GW,Water,,,"[]"
8666065,31850007,Gilbert 3,Story,07080105,Well,Buried Sand Gravel,42.10731,-93.67835,04/16/2013 15:30:00,GWM,NIT-AMM,Ammonia-nitrogen (AS N),Total,,,,2.9,mg/l,True,0.05,,,LAC10-107-06-1J,GWM,Actual,GW,Water,,,"[]"
8666065,31850007,Gilbert 3,Story,07080105,Well,Buried Sand Gravel,42.10731,-93.67835,04/16/2013 15:30:00,GWM,NIT-KJELD,Kjeldahl nitrogen (AS N),Total,,,,1.9,mg/l,True,0.1,,,LAC10-107-06-2E,GWM,Actual,GW,Water,,,"[]"
8666065,31850007,Gilbert 3,Story,07080105,Well,Buried Sand Gravel,42.10731,-93.67835,04/16/2013 15:30:00,GWM,14265-44-2,Orthophosphate (AS P),Dissolved,,,,0.24,mg/l,True,0.02,,,LAC10-115-01-1A,GWM,Actual,GW,Water,,,"[]"
8666065,31850007,Gilbert 3,Story,07080105,Well,Buried Sand Gravel,42.10731,-93.67835,04/16/2013 15:30:00,GWM,PHOSP-PHOSP,"Total Phosphorus, mixed forms (AS P)",Total,,,,0.35,mg/l,True,0.05,,,LAC10-115-01-1C,GWM,Actual,GW,Water,,,"[]"
8666065,31850009,Nevada 8,Story,07080105,Well,Alluvium,41.9886188167,-93.5696147873,04/16/2013 14:15:00,GWM,NIT-NO3-NO2,Nitrate + Nitrite (AS N),Total,,,,0.1,mg/l,False,0.1,,,LAC10-107-04-1J,GWM,Actual,GW,Water,,,"[]"
8666065,31850009,Nevada 8,Story,07080105,Well,Alluvium,41.9886188167,-93.5696147873,04/16/2013 14:15:00,GWM,NIT-AMM,Ammonia-nitrogen (AS N),Total,,,,0.57,mg/l,True,0.05,,,LAC10-107-06-1J,GWM,Actual,GW,Water,,,"[]"
8666065,31850009,Nevada 8,Story,07080105,Well,Alluvium,41.9886188167,-93.5696147873,04/16/2013 14:15:00,GWM,NIT-KJELD,Kjeldahl nitrogen (AS N),Total,,,,0.7,mg/l,True,0.1,,,LAC10-107-06-2E,GWM,Actual,GW,Water,,,"[]"
8666065,31850009,Nevada 8,Story,07080105,Well,Alluvium,41.9886188167,-93.5696147873,04/16/2013 14:15:00,GWM,14265-44-2,Orthophosphate (AS P),Dissolved,,,,0.03,mg/l,True,0.02,,,LAC10-115-01-1A,GWM,Actual,GW,Water,,,"[]"
8666065,31850009,Nevada 8,Story,07080105,Well,Alluvium,41.9886188167,-93.5696147873,04/16/2013 14:15:00,GWM,PHOSP-PHOSP,"Total Phosphorus, mixed forms (AS P)",Total,,,,0.14,mg/l,True,0.05,,,LAC10-115-01-1C,GWM,Actual,GW,Water,,,"[]"
8666065,31850009,Nevada 8,Story,07080105,Well,Alluvium,41.9886188167,-93.5696147873,11/15/2017 13:00:00,GWM,NIT-AMM,Ammonia-nitrogen (AS N),None,,,,0.58,mg/l,True,0.05,,,LAC10-107-06-1J,GWM,Actual,GW,Water,,,"[]"
8666065,31850009,Nevada 8,Story,07080105,Well,Alluvium,41.9886188167,-93.5696147873,11/15/2017 13:00:00,GWM,NIT-NO3-NO2,Nitrate + Nitrite (AS N),None,,,,0.1,mg/l,False,0.1,,,LAC10-107-06-1J,GWM,Actual,GW,Water,,,"[]"
8666065,31850001,Slater 1,Story,07100008,Well,Buried Sand Gravel,41.88139,-93.68694,11/21/2017 10:00:00,GWM,NIT-NO3-NO2,Nitrate + Nitrite (AS N),None,,,,0.1,mg/l,False,0.1,,,LAC10-107-06-1J,GWM,Actual,GW,Water,,,"[]"
8666065,31850001,Slater 1,Story,07100008,Well,Buried Sand Gravel,41.88139,-93.68694,11/21/2017 10:00:00,GWM,NIT-AMM,Ammonia-nitrogen (AS N),None,,,,7,mg/l,True,0.5,,,LAC10-107-06-1J,GWM,Actual,GW,Water,,,"[]"
8666065,31850007,Gilbert 3,Story,07080105,Well,Buried Sand Gravel,42.10731,-93.67835,12/20/2017 13:00:00,GWM,NIT-AMM,Ammonia-nitrogen (AS N),None,,,,2.8,mg/l,True,0.25,,,LAC10-107-06-1J,GWM,Actual,GW,Water,,,"[]"
8666065,31850007,Gilbert 3,Story,07080105,Well,Buried Sand Gravel,42.10731,-93.67835,12/20/2017 13:00:00,GWM,NIT-NO3-NO2,Nitrate + Nitrite (AS N),None,,,,0.1,mg/l,False,0.1,,,LAC10-107-06-1J,GWM,Actual,GW,Water,,,"[]"
8666065,31850009,Nevada 8,Story,07080105,Well,Alluvium,41.9886188167,-93.5696147873,01/16/2019 10:08:00,GWM,NIT-NO3-NO2,Nitrate + Nitrite (AS N),None,,,,0.1,mg/l,False,0.1,,,LAC10-107-06-1J,GWM,Actual,GW,Water,,,"[]"
8666065,31850009,Nevada 8,Story,07080105,Well,Alluvium,41.9886188167,-93.5696147873,01/16/2019 10:08:00,GWM,NIT-AMM,Ammonia-nitrogen (AS N),None,,,,1.2,mg/l,True,0.05,,,LAC10-107-06-1J,GWM,Actual,GW,Water,,,"[]"
8666065,31850009,Nevada 8,Story,07080105,Well,Alluvium,41.9886188167,-93.5696147873,01/16/2019 10:08:00,GWM,14265-44-2,Orthophosphate (AS P),Dissolved,,,,0.02,mg/l,False,0.02,,,LAC10-115-01-1A,GWM,Actual,GW,Water,,Sample was not field filtered per method and was filtered for analysis after receipt by the laboratory.,"[]"
8666065,31850009,Nevada 8,Story,07080105,Well,Alluvium,41.9886188167,-93.5696147873,11/26/2019 13:00:00,GWM,NIT-AMM,Ammonia-nitrogen (AS N),None,,,,1.4,mg/l,True,0.05,,,LAC10-107-06-1J,GWM,Actual,GW,Water,,,"[]"
8666065,31850009,Nevada 8,Story,07080105,Well,Alluvium,41.9886188167,-93.5696147873,11/26/2019 13:00:00,GWM,NIT-NO3-NO2,Nitrate + Nitrite (AS N),None,,,,0.1,mg/l,False,0.1,,,LAC10-107-06-1J,GWM,Actual,GW,Water,,,"[]"
8666065,31850010,Nevada 5,Story,07080105,Well,Alluvium,41.99274,-93.56706,03/27/2023 14:30:00,GWM,NIT-NO3-NO2,Nitrate + Nitrite (AS N),Total,,,,0.1,mg/l,False,0.1,,,LAC10-107-04-1J,GWM,Actual,GW,Water,,,"[]"
8666065,31850010,Nevada 5,Story,07080105,Well,Alluvium,41.99274,-93.56706,03/27/2023 14:30:00,GWM,NIT-AMM,Ammonia-nitrogen (AS N),Total,,,,0.12,mg/l,True,0.1,,,LAC10-107-06-1J,GWM,Actual,GW,Water,,,"[]"
8666065,31850009,Nevada 8,Story,07080105,Well,Alluvium,41.9886188167,-93.5696147873,02/25/2021 09:18:00,GWM,NIT-NO3-NO2,Nitrate + Nitrite (AS N),None,,,,0.1,mg/l,False,0.1,,,LAC10-107-06-1J,GWM,Actual,GW,Water,,,"[]"
8666065,31850009,Nevada 8,Story,07080105,Well,Alluvium,41.9886188167,-93.5696147873,02/25/2021 09:18:00,GWM,NIT-AMM,Ammonia-nitrogen (AS N),None,,,,1.9,mg/l,True,0.05,,,LAC10-107-06-1J,GWM,Actual,GW,Water,,,"[]"
