facilityID,siteID,name,county,huc8,type,aquifer,latitude,longitude,sampleDate,projectCode,cas_rn,analyte,fraction,relDepth,sampDepth,sampDepthUnit,result,unit,detect,detectLimit,quantFlag,quantLimit,method,colMethod,resultType,matrix,medium,qualFlag,remark,xParams
8666065,31860001,Belle Plaine 4,Tama,07080208,Well,Alluvium,41.905036,-92.298149,07/22/2002 12:45:00,GWM,NIT-NO3-NO2,Nitrate + Nitrite (AS N),Total,,,,5.1,mg/l,True,0.1,,,353.2,USGSGWM,Actual,GW,Water,,,"[]"
8666065,31860001,Belle Plaine 4,Tama,07080208,Well,Alluvium,41.905036,-92.298149,07/22/2002 12:45:00,GWM,NIT-AMM,Ammonia-nitrogen (AS N),Total,,,,0.22,mg/l,True,0.05,,,LAC10-107-06-1J,USGSGWM,Actual,GW,Water,,,"[]"
8666065,31860001,Belle Plaine 4,Tama,07080208,Well,Alluvium,41.905036,-92.298149,07/22/2002 12:45:00,GWM,NIT-ORGN,Organic Nitrogen (AS N),Total,,,,0.05,mg/l,False,0.05,,,LAC10-107-06-2E,USGSGWM,Calculated,GW,Water,,,"[]"
8666065,31860001,Belle Plaine 4,Tama,07080208,Well,Alluvium,41.905036,-92.298149,07/22/2002 12:45:00,GWM,14265-44-2,Orthophosphate (AS P),Dissolved,,,,0.05,mg/l,False,0.05,,,LAC10-115-01-1A,USGSGWM,Actual,GW,Water,,,"[]"
8666065,31860001,Belle Plaine 4,Tama,07080208,Well,Alluvium,41.905036,-92.298149,07/22/2002 12:45:00,GWM,PHOSP-PHOSP,"Total Phosphorus, mixed forms (AS P)",Total,,,,0.05,mg/l,False,0.05,,,LAC10-115-01-1C,USGSGWM,Actual,GW,Water,,,"[]"
8666065,31860001,Belle Plaine 4,Tama,07080208,Well,Alluvium,41.905036,-92.298149,07/22/2002 12:45:00,GWM,NIT-KJELD,Kjeldahl nitrogen (AS N),Total,,,,0.22,mg/l,True,0.05,,,PAI DK03,USGSGWM,Actual,GW,Water,,,"[]"
8666065,31860003,"Traer 2, S",Tama,07080205,Well,Devonian,42.19279,-92.46383,07/29/2002 09:35:00,GWM,NIT-NO3-NO2,Nitrate + Nitrite (AS N),Total,,,,0.1,mg/l,False,0.1,,,353.2,USGSGWM,Actual,GW,Water,,,"[]"
8666065,31860003,"Traer 2, S",Tama,07080205,Well,Devonian,42.19279,-92.46383,07/29/2002 09:35:00,GWM,NIT-AMM,Ammonia-nitrogen (AS N),Total,,,,5.4,mg/l,True,0.05,,,LAC10-107-06-1J,USGSGWM,Actual,GW,Water,,,"[]"
8666065,31860003,"Traer 2, S",Tama,07080205,Well,Devonian,42.19279,-92.46383,07/29/2002 09:35:00,GWM,NIT-ORGN,Organic Nitrogen (AS N),Total,,,,2.2,mg/l,True,0.05,,,LAC10-107-06-2E,USGSGWM,Calculated,GW,Water,,,"[]"
8666065,31860003,"Traer 2, S",Tama,07080205,Well,Devonian,42.19279,-92.46383,07/29/2002 09:35:00,GWM,14265-44-2,Orthophosphate (AS P),Dissolved,,,,0.05,mg/l,False,0.05,,,LAC10-115-01-1A,USGSGWM,Actual,GW,Water,,,"[]"
8666065,31860003,"Traer 2, S",Tama,07080205,Well,Devonian,42.19279,-92.46383,07/29/2002 09:35:00,GWM,PHOSP-PHOSP,"Total Phosphorus, mixed forms (AS P)",Total,,,,0.08,mg/l,True,0.05,,,LAC10-115-01-1C,USGSGWM,Actual,GW,Water,,,"[]"
8666065,31860003,"Traer 2, S",Tama,07080205,Well,Devonian,42.19279,-92.46383,07/29/2002 09:35:00,GWM,NIT-KJELD,Kjeldahl nitrogen (AS N),Total,,,,7.6,mg/l,True,0.05,,,PAI DK03,USGSGWM,Actual,GW,Water,,,"[]"
8666065,31860002,Tama 5,Tama,07080208,Well,Alluvium,41.96381,-92.58193,07/30/2002 14:40:00,GWM,NIT-NO3-NO2,Nitrate + Nitrite (AS N),Total,,,,4.4,mg/l,True,0.1,,,353.2,USGSGWM,Actual,GW,Water,,,"[]"
8666065,31860002,Tama 5,Tama,07080208,Well,Alluvium,41.96381,-92.58193,07/30/2002 14:40:00,GWM,NIT-AMM,Ammonia-nitrogen (AS N),Total,,,,0.05,mg/l,False,0.05,,,LAC10-107-06-1J,USGSGWM,Actual,GW,Water,,,"[]"
8666065,31860002,Tama 5,Tama,07080208,Well,Alluvium,41.96381,-92.58193,07/30/2002 14:40:00,GWM,NIT-ORGN,Organic Nitrogen (AS N),Total,,,,0.15,mg/l,True,0.05,,,LAC10-107-06-2E,USGSGWM,Calculated,GW,Water,,,"[]"
8666065,31860002,Tama 5,Tama,07080208,Well,Alluvium,41.96381,-92.58193,07/30/2002 14:40:00,GWM,14265-44-2,Orthophosphate (AS P),Dissolved,,,,0.08,mg/l,True,0.05,,,LAC10-115-01-1A,USGSGWM,Actual,GW,Water,,,"[]"
8666065,31860002,Tama 5,Tama,07080208,Well,Alluvium,41.96381,-92.58193,07/30/2002 14:40:00,GWM,PHOSP-PHOSP,"Total Phosphorus, mixed forms (AS P)",Total,,,,0.09,mg/l,True,0.05,,,LAC10-115-01-1C,USGSGWM,Actual,GW,Water,,,"[]"
8666065,31860002,Tama 5,Tama,07080208,Well,Alluvium,41.96381,-92.58193,07/30/2002 14:40:00,GWM,NIT-KJELD,Kjeldahl nitrogen (AS N),Total,,,,0.15,mg/l,True,0.05,,,PAI DK03,USGSGWM,Actual,GW,Water,,,"[]"
8666065,31860001,Belle Plaine 4,Tama,07080208,Well,Alluvium,41.905036,-92.298149,08/20/2003 15:00:00,GWM,NIT-AMM,Ammonia-nitrogen (AS N),Total,,,,0.21,mg/l,True,0.05,,,350.1,USGSGWM,Actual,GW,Water,,,"[]"
8666065,31860001,Belle Plaine 4,Tama,07080208,Well,Alluvium,41.905036,-92.298149,08/20/2003 15:00:00,GWM,NIT-NO3-NO2,Nitrate + Nitrite (AS N),Total,,,,5.4,mg/l,True,0.1,,,353.2,USGSGWM,Actual,GW,Water,,,"[]"
8666065,31860001,Belle Plaine 4,Tama,07080208,Well,Alluvium,41.905036,-92.298149,08/20/2003 15:00:00,GWM,14265-44-2,Orthophosphate (AS P),Dissolved,,,,0.02,mg/l,False,0.02,,,365.1,USGSGWM,Actual,GW,Water,,,"[]"
8666065,31860001,Belle Plaine 4,Tama,07080208,Well,Alluvium,41.905036,-92.298149,08/20/2003 15:00:00,GWM,PHOSP-PHOSP,"Total Phosphorus, mixed forms (AS P)",Total,,,,0.04,mg/l,True,0.02,,,365.4,USGSGWM,Actual,GW,Water,,,"[]"
8666065,31860001,Belle Plaine 4,Tama,07080208,Well,Alluvium,41.905036,-92.298149,08/20/2003 15:00:00,GWM,NIT-ORGN,Organic Nitrogen (AS N),Total,,,,0.06,mg/l,True,0.05,,,LAC10-107-06-2E,USGSGWM,Calculated,GW,Water,,,"[]"
8666065,31860001,Belle Plaine 4,Tama,07080208,Well,Alluvium,41.905036,-92.298149,08/20/2003 15:00:00,GWM,NIT-KJELD,Kjeldahl nitrogen (AS N),Total,,,,0.27,mg/l,True,0.05,,,PAI DK03,USGSGWM,Actual,GW,Water,,,"[]"
8666065,31860002,Tama 5,Tama,07080208,Well,Alluvium,41.96381,-92.58193,08/27/2003 13:00:00,GWM,NIT-AMM,Ammonia-nitrogen (AS N),Total,,,,0.05,mg/l,False,0.05,,,350.1,USGSGWM,Actual,GW,Water,,,"[]"
8666065,31860002,Tama 5,Tama,07080208,Well,Alluvium,41.96381,-92.58193,08/27/2003 13:00:00,GWM,NIT-NO3-NO2,Nitrate + Nitrite (AS N),Total,,,,4.6,mg/l,True,0.1,,,353.2,USGSGWM,Actual,GW,Water,,,"[]"
8666065,31860002,Tama 5,Tama,07080208,Well,Alluvium,41.96381,-92.58193,08/27/2003 13:00:00,GWM,14265-44-2,Orthophosphate (AS P),Dissolved,,,,0.08,mg/l,True,0.02,,,365.1,USGSGWM,Actual,GW,Water,,,"[]"
8666065,31860002,Tama 5,Tama,07080208,Well,Alluvium,41.96381,-92.58193,08/27/2003 13:00:00,GWM,PHOSP-PHOSP,"Total Phosphorus, mixed forms (AS P)",Total,,,,0.09,mg/l,True,0.02,,,365.4,USGSGWM,Actual,GW,Water,,,"[]"
8666065,31860002,Tama 5,Tama,07080208,Well,Alluvium,41.96381,-92.58193,08/27/2003 13:00:00,GWM,NIT-ORGN,Organic Nitrogen (AS N),Total,,,,0.05,mg/l,False,0.05,,,LAC10-107-06-2E,USGSGWM,Calculated,GW,Water,,,"[]"
8666065,31860002,Tama 5,Tama,07080208,Well,Alluvium,41.96381,-92.58193,08/27/2003 13:00:00,GWM,NIT-KJELD,Kjeldahl nitrogen (AS N),Total,,,,0.05,mg/l,False,0.05,,,PAI DK03,USGSGWM,Actual,GW,Water,,,"[]"
8666065,31860001,Belle Plaine 4,Tama,07080208,Well,Alluvium,41.905036,-92.298149,08/27/2003 18:30:00,GWM,NIT-AMM,Ammonia-nitrogen (AS N),Total,,,,5.3,mg/l,True,0.05,,,350.1,USGSGWM,Actual,GW,Water,,,"[]"
8666065,31860001,Belle Plaine 4,Tama,07080208,Well,Alluvium,41.905036,-92.298149,08/27/2003 18:30:00,GWM,NIT-NO3-NO2,Nitrate + Nitrite (AS N),Total,,,,0.1,mg/l,False,0.1,,,353.2,USGSGWM,Actual,GW,Water,,,"[]"
8666065,31860001,Belle Plaine 4,Tama,07080208,Well,Alluvium,41.905036,-92.298149,08/27/2003 18:30:00,GWM,14265-44-2,Orthophosphate (AS P),Dissolved,,,,0.02,mg/l,False,0.02,,,365.1,USGSGWM,Actual,GW,Water,,,"[]"
8666065,31860001,Belle Plaine 4,Tama,07080208,Well,Alluvium,41.905036,-92.298149,08/27/2003 18:30:00,GWM,PHOSP-PHOSP,"Total Phosphorus, mixed forms (AS P)",Total,,,,0.07,mg/l,True,0.02,,,365.4,USGSGWM,Actual,GW,Water,,,"[]"
8666065,31860001,Belle Plaine 4,Tama,07080208,Well,Alluvium,41.905036,-92.298149,08/27/2003 18:30:00,GWM,NIT-ORGN,Organic Nitrogen (AS N),Total,,,,0.2,mg/l,True,0.05,,,LAC10-107-06-2E,USGSGWM,Calculated,GW,Water,,,"[]"
8666065,31860001,Belle Plaine 4,Tama,07080208,Well,Alluvium,41.905036,-92.298149,08/27/2003 18:30:00,GWM,NIT-KJELD,Kjeldahl nitrogen (AS N),Total,,,,5.5,mg/l,True,0.05,,,PAI DK03,USGSGWM,Actual,GW,Water,,,"[]"
8666065,31860001,Belle Plaine 4,Tama,07080208,Well,Alluvium,41.905036,-92.298149,06/29/2004 09:30:00,GWM,NIT-AMM,Ammonia-nitrogen (AS N),Total,,,,0.05,mg/l,False,0.05,,,350.1,USGSGWM,Actual,GW,Water,,,"[]"
8666065,31860001,Belle Plaine 4,Tama,07080208,Well,Alluvium,41.905036,-92.298149,06/29/2004 09:30:00,GWM,NIT-NO3-NO2,Nitrate + Nitrite (AS N),Total,,,,3.4,mg/l,True,0.05,,,353.2,USGSGWM,Actual,GW,Water,,,"[]"
8666065,31860001,Belle Plaine 4,Tama,07080208,Well,Alluvium,41.905036,-92.298149,06/29/2004 09:30:00,GWM,14265-44-2,Orthophosphate (AS P),Dissolved,,,,0.05,mg/l,True,0.02,,,365.1,USGSGWM,Actual,GW,Water,,,"[]"
8666065,31860001,Belle Plaine 4,Tama,07080208,Well,Alluvium,41.905036,-92.298149,06/29/2004 09:30:00,GWM,PHOSP-PHOSP,"Total Phosphorus, mixed forms (AS P)",Total,,,,0.07,mg/l,True,0.02,,,365.4,USGSGWM,Actual,GW,Water,,,"[]"
8666065,31860001,Belle Plaine 4,Tama,07080208,Well,Alluvium,41.905036,-92.298149,06/29/2004 09:30:00,GWM,NIT-ORGN,Organic Nitrogen,Total,,,,0.11,mg/l,True,0.05,,,LAC10-107-06-2E,USGSGWM,Calculated,GW,Water,,,"[]"
8666065,31860004,Belle Plaine 5,Tama,07080208,Well,Alluvium,41.910828,-92.301245,06/29/2004 10:30:00,GWM,NIT-AMM,Ammonia-nitrogen (AS N),Total,,,,0.12,mg/l,True,0.05,,,350.1,USGSGWM,Actual,GW,Water,,,"[]"
8666065,31860004,Belle Plaine 5,Tama,07080208,Well,Alluvium,41.910828,-92.301245,06/29/2004 10:30:00,GWM,NIT-NO3-NO2,Nitrate + Nitrite (AS N),Total,,,,0.39,mg/l,True,0.05,,,353.2,USGSGWM,Actual,GW,Water,,,"[]"
8666065,31860004,Belle Plaine 5,Tama,07080208,Well,Alluvium,41.910828,-92.301245,06/29/2004 10:30:00,GWM,14265-44-2,Orthophosphate (AS P),Dissolved,,,,0.02,mg/l,False,0.02,,,365.1,USGSGWM,Actual,GW,Water,,,"[]"
8666065,31860004,Belle Plaine 5,Tama,07080208,Well,Alluvium,41.910828,-92.301245,06/29/2004 10:30:00,GWM,PHOSP-PHOSP,"Total Phosphorus, mixed forms (AS P)",Total,,,,0.26,mg/l,True,0.02,,,365.4,USGSGWM,Actual,GW,Water,,,"[]"
8666065,31860004,Belle Plaine 5,Tama,07080208,Well,Alluvium,41.910828,-92.301245,06/29/2004 10:30:00,GWM,NIT-ORGN,Organic Nitrogen,Total,,,,0.09,mg/l,True,0.05,,,LAC10-107-06-2E,USGSGWM,Calculated,GW,Water,,,"[]"
8666065,31860002,Tama 5,Tama,07080208,Well,Alluvium,41.96381,-92.58193,07/13/2004 14:00:00,GWM,NIT-AMM,Ammonia-nitrogen (AS N),Total,,,,0.05,mg/l,False,0.05,,,350.1,USGSGWM,Actual,GW,Water,,,"[]"
8666065,31860002,Tama 5,Tama,07080208,Well,Alluvium,41.96381,-92.58193,07/13/2004 14:00:00,GWM,NIT-NO3-NO2,Nitrate + Nitrite (AS N),Total,,,,4.7,mg/l,True,0.05,,,353.2,USGSGWM,Actual,GW,Water,,,"[]"
8666065,31860002,Tama 5,Tama,07080208,Well,Alluvium,41.96381,-92.58193,07/13/2004 14:00:00,GWM,14265-44-2,Orthophosphate (AS P),Dissolved,,,,0.08,mg/l,True,0.02,,,365.1,USGSGWM,Actual,GW,Water,,,"[]"
8666065,31860002,Tama 5,Tama,07080208,Well,Alluvium,41.96381,-92.58193,07/13/2004 14:00:00,GWM,PHOSP-PHOSP,"Total Phosphorus, mixed forms (AS P)",Total,,,,0.08,mg/l,True,0.02,,,365.4,USGSGWM,Actual,GW,Water,,,"[]"
8666065,31860002,Tama 5,Tama,07080208,Well,Alluvium,41.96381,-92.58193,07/13/2004 14:00:00,GWM,NIT-ORGN,Organic Nitrogen,Total,,,,0.05,mg/l,False,0.05,,,LAC10-107-06-2E,USGSGWM,Calculated,GW,Water,,,"[]"
8666065,31860003,"Traer 2, S",Tama,07080205,Well,Devonian,42.19279,-92.46383,07/14/2004 13:00:00,GWM,NIT-AMM,Ammonia-nitrogen (AS N),Total,,,,5,mg/l,True,0.05,,,350.1,USGSGWM,Actual,GW,Water,,,"[]"
8666065,31860003,"Traer 2, S",Tama,07080205,Well,Devonian,42.19279,-92.46383,07/14/2004 13:00:00,GWM,NIT-NO3-NO2,Nitrate + Nitrite (AS N),Total,,,,0.05,mg/l,False,0.05,,,353.2,USGSGWM,Actual,GW,Water,,,"[]"
8666065,31860003,"Traer 2, S",Tama,07080205,Well,Devonian,42.19279,-92.46383,07/14/2004 13:00:00,GWM,14265-44-2,Orthophosphate (AS P),Dissolved,,,,0.02,mg/l,False,0.02,,,365.1,USGSGWM,Actual,GW,Water,,,"[]"
8666065,31860003,"Traer 2, S",Tama,07080205,Well,Devonian,42.19279,-92.46383,07/14/2004 13:00:00,GWM,PHOSP-PHOSP,"Total Phosphorus, mixed forms (AS P)",Total,,,,0.11,mg/l,True,0.02,,,365.4,USGSGWM,Actual,GW,Water,,,"[]"
8666065,31860003,"Traer 2, S",Tama,07080205,Well,Devonian,42.19279,-92.46383,07/14/2004 13:00:00,GWM,NIT-ORGN,Organic Nitrogen,Total,,,,0.05,mg/l,False,0.05,,,LAC10-107-06-2E,USGSGWM,Calculated,GW,Water,,,"[]"
8666065,31860001,Belle Plaine 4,Tama,07080208,Well,Alluvium,41.905036,-92.298149,07/21/2005 10:20:00,GWM,NIT-AMM,Ammonia-nitrogen (AS N),Total,,,,0.05,mg/l,False,0.05,,,350.1,USGSGWM,Actual,GW,Water,,,"[]"
8666065,31860001,Belle Plaine 4,Tama,07080208,Well,Alluvium,41.905036,-92.298149,07/21/2005 10:20:00,GWM,NIT-KJELD,Kjeldahl nitrogen (AS N),Total,,,,0.1,mg/l,False,0.1,,,351.2,USGSGWM,Actual,GW,Water,,,"[]"
8666065,31860001,Belle Plaine 4,Tama,07080208,Well,Alluvium,41.905036,-92.298149,07/21/2005 10:20:00,GWM,NIT-NO3-NO2,Nitrate + Nitrite (AS N),Total,,,,2,mg/l,True,0.05,,,353.2,USGSGWM,Actual,GW,Water,,,"[]"
8666065,31860001,Belle Plaine 4,Tama,07080208,Well,Alluvium,41.905036,-92.298149,07/21/2005 10:20:00,GWM,14265-44-2,Orthophosphate (AS P),Dissolved,,,,0.05,mg/l,True,0.02,,,365.1,USGSGWM,Actual,GW,Water,,,"[]"
8666065,31860001,Belle Plaine 4,Tama,07080208,Well,Alluvium,41.905036,-92.298149,07/21/2005 10:20:00,GWM,PHOSP-PHOSP,"Total Phosphorus, mixed forms (AS P)",Total,,,,0.07,mg/l,True,0.02,,,365.4,USGSGWM,Actual,GW,Water,,,"[]"
8666065,31860001,Belle Plaine 4,Tama,07080208,Well,Alluvium,41.905036,-92.298149,07/21/2005 10:20:00,GWM,NIT-ORGN,Organic Nitrogen,Total,,,,0.1,mg/l,False,0.1,,,LAC10-107-06-2E,USGSGWM,Calculated,GW,Water,,,"[]"
8666065,31860002,Tama 5,Tama,07080208,Well,Alluvium,41.96381,-92.58193,07/21/2005 11:50:00,GWM,NIT-AMM,Ammonia-nitrogen (AS N),Total,,,,0.05,mg/l,False,0.05,,,350.1,USGSGWM,Actual,GW,Water,,,"[]"
8666065,31860002,Tama 5,Tama,07080208,Well,Alluvium,41.96381,-92.58193,07/21/2005 11:50:00,GWM,NIT-KJELD,Kjeldahl nitrogen (AS N),Total,,,,0.1,mg/l,True,0.1,,,351.2,USGSGWM,Actual,GW,Water,,,"[]"
8666065,31860002,Tama 5,Tama,07080208,Well,Alluvium,41.96381,-92.58193,07/21/2005 11:50:00,GWM,NIT-NO3-NO2,Nitrate + Nitrite (AS N),Total,,,,4.6,mg/l,True,0.05,,,353.2,USGSGWM,Actual,GW,Water,,,"[]"
8666065,31860002,Tama 5,Tama,07080208,Well,Alluvium,41.96381,-92.58193,07/21/2005 11:50:00,GWM,14265-44-2,Orthophosphate (AS P),Dissolved,,,,0.09,mg/l,True,0.02,,,365.1,USGSGWM,Actual,GW,Water,,,"[]"
8666065,31860002,Tama 5,Tama,07080208,Well,Alluvium,41.96381,-92.58193,07/21/2005 11:50:00,GWM,PHOSP-PHOSP,"Total Phosphorus, mixed forms (AS P)",Total,,,,0.1,mg/l,True,0.02,,,365.4,USGSGWM,Actual,GW,Water,,,"[]"
8666065,31860002,Tama 5,Tama,07080208,Well,Alluvium,41.96381,-92.58193,07/21/2005 11:50:00,GWM,NIT-ORGN,Organic Nitrogen,Total,,,,0.1,mg/l,False,0.1,,,LAC10-107-06-2E,USGSGWM,Calculated,GW,Water,,,"[]"
8666065,31860003,"Traer 2, S",Tama,07080205,Well,Devonian,42.19279,-92.46383,08/03/2005 13:10:00,GWM,NIT-AMM,Ammonia-nitrogen (AS N),Total,,,,5.1,mg/l,True,0.05,,,350.1,USGSGWM,Actual,GW,Water,,,"[]"
8666065,31860003,"Traer 2, S",Tama,07080205,Well,Devonian,42.19279,-92.46383,08/03/2005 13:10:00,GWM,NIT-KJELD,Kjeldahl nitrogen (AS N),Total,,,,5.2,mg/l,True,0.1,,,351.2,USGSGWM,Actual,GW,Water,,,"[]"
8666065,31860003,"Traer 2, S",Tama,07080205,Well,Devonian,42.19279,-92.46383,08/03/2005 13:10:00,GWM,NIT-NO3-NO2,Nitrate + Nitrite (AS N),Total,,,,0.05,mg/l,False,0.05,,,353.2,USGSGWM,Actual,GW,Water,,,"[]"
8666065,31860003,"Traer 2, S",Tama,07080205,Well,Devonian,42.19279,-92.46383,08/03/2005 13:10:00,GWM,14265-44-2,Orthophosphate (AS P),Dissolved,,,,0.02,mg/l,False,0.02,,,365.1,USGSGWM,Actual,GW,Water,,,"[]"
8666065,31860003,"Traer 2, S",Tama,07080205,Well,Devonian,42.19279,-92.46383,08/03/2005 13:10:00,GWM,PHOSP-PHOSP,"Total Phosphorus, mixed forms (AS P)",Total,,,,0.11,mg/l,True,0.02,,,365.4,USGSGWM,Actual,GW,Water,,,"[]"
8666065,31860003,"Traer 2, S",Tama,07080205,Well,Devonian,42.19279,-92.46383,08/03/2005 13:10:00,GWM,NIT-ORGN,Organic Nitrogen,Total,,,,0.1,mg/l,False,0.1,,,LAC10-107-06-2E,USGSGWM,Calculated,GW,Water,,,"[]"
8666065,31860003,"Traer 2, S",Tama,07080205,Well,Devonian,42.19279,-92.46383,06/13/2006 12:30:00,GWM,NIT-AMM,Ammonia-nitrogen (AS N),Total,,,,4.3,mg/l,True,0.05,,,350.1,USGSGWM,Actual,GW,Water,,,"[]"
8666065,31860003,"Traer 2, S",Tama,07080205,Well,Devonian,42.19279,-92.46383,06/13/2006 12:30:00,GWM,NIT-KJELD,Kjeldahl nitrogen (AS N),Total,,,,4.6,mg/l,True,0.1,,,351.2,USGSGWM,Actual,GW,Water,,,"[]"
8666065,31860003,"Traer 2, S",Tama,07080205,Well,Devonian,42.19279,-92.46383,06/13/2006 12:30:00,GWM,NIT-NO3-NO2,Nitrate + Nitrite (AS N),Total,,,,0.05,mg/l,False,0.05,,,353.2,USGSGWM,Actual,GW,Water,,,"[]"
8666065,31860003,"Traer 2, S",Tama,07080205,Well,Devonian,42.19279,-92.46383,06/13/2006 12:30:00,GWM,14265-44-2,Orthophosphate (AS P),Dissolved,,,,0.02,mg/l,False,0.02,,,365.1,USGSGWM,Actual,GW,Water,,,"[]"
8666065,31860003,"Traer 2, S",Tama,07080205,Well,Devonian,42.19279,-92.46383,06/13/2006 12:30:00,GWM,PHOSP-PHOSP,"Total Phosphorus, mixed forms (AS P)",Total,,,,0.09,mg/l,True,0.02,,,365.4,USGSGWM,Actual,GW,Water,,,"[]"
8666065,31860003,"Traer 2, S",Tama,07080205,Well,Devonian,42.19279,-92.46383,06/13/2006 12:30:00,GWM,NIT-ORGN,Organic Nitrogen,Total,,,,0.26,mg/l,True,0.05,,,LAC10-107-06-2E,USGSGWM,Calculated,GW,Water,,,"[]"
8666065,31860008,Gladbrook 9,Tama,07080205,Well,Alluvium,42.189664,-92.716788,07/17/2006 13:00:00,GWM,NIT-AMM,Ammonia-nitrogen (AS N),Total,,,,0.05,mg/l,False,0.05,,,350.1,USGSGWM,Actual,GW,Water,,,"[]"
8666065,31860008,Gladbrook 9,Tama,07080205,Well,Alluvium,42.189664,-92.716788,07/17/2006 13:00:00,GWM,NIT-KJELD,Kjeldahl nitrogen (AS N),Total,,,,0.2,mg/l,True,0.1,,,351.2,USGSGWM,Actual,GW,Water,,,"[]"
8666065,31860008,Gladbrook 9,Tama,07080205,Well,Alluvium,42.189664,-92.716788,07/17/2006 13:00:00,GWM,NIT-NO3-NO2,Nitrate + Nitrite (AS N),Total,,,,1.3,mg/l,True,0.05,,,353.2,USGSGWM,Actual,GW,Water,,,"[]"
8666065,31860008,Gladbrook 9,Tama,07080205,Well,Alluvium,42.189664,-92.716788,07/17/2006 13:00:00,GWM,14265-44-2,Orthophosphate (AS P),Dissolved,,,,0.02,mg/l,False,0.02,,,365.1,USGSGWM,Actual,GW,Water,,,"[]"
8666065,31860008,Gladbrook 9,Tama,07080205,Well,Alluvium,42.189664,-92.716788,07/17/2006 13:00:00,GWM,PHOSP-PHOSP,"Total Phosphorus, mixed forms (AS P)",Total,,,,0.03,mg/l,True,0.02,,,365.4,USGSGWM,Actual,GW,Water,,,"[]"
8666065,31860008,Gladbrook 9,Tama,07080205,Well,Alluvium,42.189664,-92.716788,07/17/2006 13:00:00,GWM,NIT-ORGN,Organic Nitrogen,Total,,,,0.2,mg/l,True,0.1,,,LAC10-107-06-2E,USGSGWM,Calculated,GW,Water,,,"[]"
8666065,31860007,Montour 2,Tama,07080208,Well,Alluvium,41.98123,-92.71542,07/18/2006 13:40:00,GWM,NIT-AMM,Ammonia-nitrogen (AS N),Total,,,,0.05,mg/l,False,0.05,,,350.1,USGSGWM,Actual,GW,Water,,,"[]"
8666065,31860007,Montour 2,Tama,07080208,Well,Alluvium,41.98123,-92.71542,07/18/2006 13:40:00,GWM,NIT-KJELD,Kjeldahl nitrogen (AS N),Total,,,,0.1,mg/l,False,0.1,,,351.2,USGSGWM,Actual,GW,Water,,,"[]"
8666065,31860007,Montour 2,Tama,07080208,Well,Alluvium,41.98123,-92.71542,07/18/2006 13:40:00,GWM,NIT-NO3-NO2,Nitrate + Nitrite (AS N),Total,,,,0.05,mg/l,False,0.05,,,353.2,USGSGWM,Actual,GW,Water,,,"[]"
8666065,31860007,Montour 2,Tama,07080208,Well,Alluvium,41.98123,-92.71542,07/18/2006 13:40:00,GWM,14265-44-2,Orthophosphate (AS P),Dissolved,,,,0.04,mg/l,True,0.02,,,365.1,USGSGWM,Actual,GW,Water,,,"[]"
8666065,31860007,Montour 2,Tama,07080208,Well,Alluvium,41.98123,-92.71542,07/18/2006 13:40:00,GWM,PHOSP-PHOSP,"Total Phosphorus, mixed forms (AS P)",Total,,,,0.05,mg/l,True,0.02,,,365.4,USGSGWM,Actual,GW,Water,,,"[]"
8666065,31860007,Montour 2,Tama,07080208,Well,Alluvium,41.98123,-92.71542,07/18/2006 13:40:00,GWM,NIT-ORGN,Organic Nitrogen,Total,,,,0.1,mg/l,False,0.1,,,LAC10-107-06-2E,USGSGWM,Calculated,GW,Water,,,"[]"
8666065,31860002,Tama 5,Tama,07080208,Well,Alluvium,41.96381,-92.58193,07/18/2006 11:30:00,GWM,NIT-AMM,Ammonia-nitrogen (AS N),Total,,,,0.05,mg/l,False,0.05,,,350.1,USGSGWM,Actual,GW,Water,,,"[]"
8666065,31860002,Tama 5,Tama,07080208,Well,Alluvium,41.96381,-92.58193,07/18/2006 11:30:00,GWM,NIT-KJELD,Kjeldahl nitrogen (AS N),Total,,,,0.1,mg/l,False,0.1,,,351.2,USGSGWM,Actual,GW,Water,,,"[]"
8666065,31860002,Tama 5,Tama,07080208,Well,Alluvium,41.96381,-92.58193,07/18/2006 11:30:00,GWM,NIT-NO3-NO2,Nitrate + Nitrite (AS N),Total,,,,0.05,mg/l,False,0.05,,,353.2,USGSGWM,Actual,GW,Water,,,"[]"
8666065,31860002,Tama 5,Tama,07080208,Well,Alluvium,41.96381,-92.58193,07/18/2006 11:30:00,GWM,14265-44-2,Orthophosphate (AS P),Dissolved,,,,0.09,mg/l,True,0.02,,,365.1,USGSGWM,Actual,GW,Water,,,"[]"
8666065,31860002,Tama 5,Tama,07080208,Well,Alluvium,41.96381,-92.58193,07/18/2006 11:30:00,GWM,PHOSP-PHOSP,"Total Phosphorus, mixed forms (AS P)",Total,,,,0.1,mg/l,True,0.02,,,365.4,USGSGWM,Actual,GW,Water,,,"[]"
8666065,31860002,Tama 5,Tama,07080208,Well,Alluvium,41.96381,-92.58193,07/18/2006 11:30:00,GWM,NIT-ORGN,Organic Nitrogen,Total,,,,0.1,mg/l,False,0.1,,,LAC10-107-06-2E,USGSGWM,Calculated,GW,Water,,,"[]"
8666065,31860002,Tama 5,Tama,07080208,Well,Alluvium,41.96381,-92.58193,07/18/2006 11:35:00,GWM,NIT-AMM,Ammonia-nitrogen (AS N),Total,,,,0.05,mg/l,False,0.05,,,350.1,USGSGWM,Actual,GW,Water,,,"[]"
8666065,31860002,Tama 5,Tama,07080208,Well,Alluvium,41.96381,-92.58193,07/18/2006 11:35:00,GWM,NIT-KJELD,Kjeldahl nitrogen (AS N),Total,,,,0.2,mg/l,True,0.1,,,351.2,USGSGWM,Actual,GW,Water,,,"[]"
8666065,31860002,Tama 5,Tama,07080208,Well,Alluvium,41.96381,-92.58193,07/18/2006 11:35:00,GWM,NIT-NO3-NO2,Nitrate + Nitrite (AS N),Total,,,,3.8,mg/l,True,0.05,,,353.2,USGSGWM,Actual,GW,Water,,,"[]"
8666065,31860002,Tama 5,Tama,07080208,Well,Alluvium,41.96381,-92.58193,07/18/2006 11:35:00,GWM,14265-44-2,Orthophosphate (AS P),Dissolved,,,,0.09,mg/l,True,0.02,,,365.1,USGSGWM,Actual,GW,Water,,,"[]"
8666065,31860002,Tama 5,Tama,07080208,Well,Alluvium,41.96381,-92.58193,07/18/2006 11:35:00,GWM,PHOSP-PHOSP,"Total Phosphorus, mixed forms (AS P)",Total,,,,0.08,mg/l,True,0.02,,,365.4,USGSGWM,Actual,GW,Water,,,"[]"
8666065,31860002,Tama 5,Tama,07080208,Well,Alluvium,41.96381,-92.58193,07/18/2006 11:35:00,GWM,NIT-ORGN,Organic Nitrogen,Total,,,,0.2,mg/l,True,0.1,,,LAC10-107-06-2E,USGSGWM,Calculated,GW,Water,,,"[]"
8666065,31860007,Montour 2,Tama,07080208,Well,Alluvium,41.98123,-92.71542,07/18/2006 13:45:00,GWM,NIT-AMM,Ammonia-nitrogen (AS N),Total,,,,0.05,mg/l,False,0.05,,,350.1,USGSGWM,Actual,GW,Water,,,"[]"
8666065,31860007,Montour 2,Tama,07080208,Well,Alluvium,41.98123,-92.71542,07/18/2006 13:45:00,GWM,NIT-KJELD,Kjeldahl nitrogen (AS N),Total,,,,0.1,mg/l,True,0.1,,,351.2,USGSGWM,Actual,GW,Water,,,"[]"
8666065,31860007,Montour 2,Tama,07080208,Well,Alluvium,41.98123,-92.71542,07/18/2006 13:45:00,GWM,NIT-NO3-NO2,Nitrate + Nitrite (AS N),Total,,,,3,mg/l,True,0.05,,,353.2,USGSGWM,Actual,GW,Water,,,"[]"
8666065,31860007,Montour 2,Tama,07080208,Well,Alluvium,41.98123,-92.71542,07/18/2006 13:45:00,GWM,14265-44-2,Orthophosphate (AS P),Dissolved,,,,0.04,mg/l,True,0.02,,,365.1,USGSGWM,Actual,GW,Water,,,"[]"
8666065,31860007,Montour 2,Tama,07080208,Well,Alluvium,41.98123,-92.71542,07/18/2006 13:45:00,GWM,PHOSP-PHOSP,"Total Phosphorus, mixed forms (AS P)",Total,,,,0.05,mg/l,True,0.02,,,365.4,USGSGWM,Actual,GW,Water,,,"[]"
8666065,31860007,Montour 2,Tama,07080208,Well,Alluvium,41.98123,-92.71542,07/18/2006 13:45:00,GWM,NIT-ORGN,Organic Nitrogen,Total,,,,0.1,mg/l,True,0.1,,,LAC10-107-06-2E,USGSGWM,Calculated,GW,Water,,,"[]"
8666065,31860001,Belle Plaine 4,Tama,07080208,Well,Alluvium,41.905036,-92.298149,08/03/2006 09:00:00,GWM,NIT-AMM,Ammonia-nitrogen (AS N),Total,,,,0.05,mg/l,False,0.05,,,350.1,USGSGWM,Actual,GW,Water,,,"[]"
8666065,31860001,Belle Plaine 4,Tama,07080208,Well,Alluvium,41.905036,-92.298149,08/03/2006 09:00:00,GWM,NIT-KJELD,Kjeldahl nitrogen (AS N),Total,,,,0.1,mg/l,False,0.1,,,351.2,USGSGWM,Actual,GW,Water,,,"[]"
8666065,31860001,Belle Plaine 4,Tama,07080208,Well,Alluvium,41.905036,-92.298149,08/03/2006 09:00:00,GWM,NIT-NO3-NO2,Nitrate + Nitrite (AS N),Total,,,,4.3,mg/l,True,0.05,,,353.2,USGSGWM,Actual,GW,Water,,,"[]"
8666065,31860001,Belle Plaine 4,Tama,07080208,Well,Alluvium,41.905036,-92.298149,08/03/2006 09:00:00,GWM,14265-44-2,Orthophosphate (AS P),Dissolved,,,,0.03,mg/l,True,0.02,,,365.1,USGSGWM,Actual,GW,Water,,,"[]"
8666065,31860001,Belle Plaine 4,Tama,07080208,Well,Alluvium,41.905036,-92.298149,08/03/2006 09:00:00,GWM,PHOSP-PHOSP,"Total Phosphorus, mixed forms (AS P)",Total,,,,0.07,mg/l,True,0.02,,,365.4,USGSGWM,Actual,GW,Water,,,"[]"
8666065,31860001,Belle Plaine 4,Tama,07080208,Well,Alluvium,41.905036,-92.298149,08/03/2006 09:00:00,GWM,NIT-ORGN,Organic Nitrogen,Total,,,,0.1,mg/l,False,0.1,,,LAC10-107-06-2E,USGSGWM,Calculated,GW,Water,,,"[]"
8666065,31860001,Belle Plaine 4,Tama,07080208,Well,Alluvium,41.905036,-92.298149,08/07/2012 11:00:00,GWM,NIT-NO3-NO2,Nitrate + Nitrite (AS N),Total,,,,4.6,mg/l,True,0.1,,,LAC10-107-04-1J,GWMPWS,Actual,GW,Water,,,"[]"
8666065,31860001,Belle Plaine 4,Tama,07080208,Well,Alluvium,41.905036,-92.298149,08/07/2012 11:00:00,GWM,NIT-AMM,Ammonia-nitrogen (AS N),Total,,,,0.05,mg/l,False,0.05,,,LAC10-107-06-1J,GWMPWS,Actual,GW,Water,,,"[]"
8666065,31860001,Belle Plaine 4,Tama,07080208,Well,Alluvium,41.905036,-92.298149,08/07/2012 11:00:00,GWM,NIT-KJELD,Kjeldahl nitrogen (AS N),Total,,,,0.1,mg/l,False,0.1,,,LAC10-107-06-2E,GWMPWS,Actual,GW,Water,,,"[]"
8666065,31860001,Belle Plaine 4,Tama,07080208,Well,Alluvium,41.905036,-92.298149,08/07/2012 11:00:00,GWM,14265-44-2,Orthophosphate (AS P),Dissolved,,,,0.06,mg/l,True,0.02,,,LAC10-115-01-1A,GWMPWS,Actual,GW,Water,,,"[]"
8666065,31860001,Belle Plaine 4,Tama,07080208,Well,Alluvium,41.905036,-92.298149,08/07/2012 11:00:00,GWM,PHOSP-PHOSP,"Total Phosphorus, mixed forms (AS P)",Total,,,,0.04,mg/l,True,0.02,,,LAC10-115-01-1D,GWMPWS,Actual,GW,Water,,,"[]"
8666065,31860002,Tama 5,Tama,07080208,Well,Alluvium,41.96381,-92.58193,09/13/2012 00:00:00,GWM,NIT-NO3-NO2,Nitrate + Nitrite (AS N),Total,,,,3.3,mg/l,True,0.1,,,LAC10-107-04-1J,GWMPWS,Actual,GW,Water,,,"[]"
8666065,31860002,Tama 5,Tama,07080208,Well,Alluvium,41.96381,-92.58193,09/13/2012 00:00:00,GWM,NIT-AMM,Ammonia-nitrogen (AS N),Total,,,,0.05,mg/l,False,0.05,,,LAC10-107-06-1J,GWMPWS,Actual,GW,Water,,,"[]"
8666065,31860002,Tama 5,Tama,07080208,Well,Alluvium,41.96381,-92.58193,09/13/2012 00:00:00,GWM,NIT-KJELD,Kjeldahl nitrogen (AS N),Total,,,,0.1,mg/l,False,0.1,,,LAC10-107-06-2E,GWMPWS,Actual,GW,Water,,,"[]"
8666065,31860002,Tama 5,Tama,07080208,Well,Alluvium,41.96381,-92.58193,09/13/2012 00:00:00,GWM,14265-44-2,Orthophosphate (AS P),Dissolved,,,,0.09,mg/l,True,0.02,,,LAC10-115-01-1A,GWMPWS,Actual,GW,Water,,,"[]"
8666065,31860002,Tama 5,Tama,07080208,Well,Alluvium,41.96381,-92.58193,09/13/2012 00:00:00,GWM,PHOSP-PHOSP,"Total Phosphorus, mixed forms (AS P)",Total,,,,0.08,mg/l,True,0.02,,,LAC10-115-01-1D,GWMPWS,Actual,GW,Water,,,"[]"
8666065,31860002,Tama 5,Tama,07080208,Well,Alluvium,41.96381,-92.58193,10/13/2016 13:40:00,GWM,NIT-NO3-NO2,Nitrate + Nitrite (AS N),Total,,,,3.4,mg/l,True,0.1,,,LAC10-107-04-1J,GWM,Actual,GW,Water,,,"[]"
8666065,31860002,Tama 5,Tama,07080208,Well,Alluvium,41.96381,-92.58193,10/13/2016 13:40:00,GWM,NIT-AMM,Ammonia-nitrogen (AS N),Total,,,,0.05,mg/l,False,0.05,,,LAC10-107-06-1J,GWM,Actual,GW,Water,,,"[]"
8666065,31860009,Toledo 2,Tama,07080208,Well,Cambrian-Ordovician,41.993010044,-92.5888899923,10/13/2016 14:30:00,GWM,NIT-NO3-NO2,Nitrate + Nitrite (AS N),Total,,,,0.1,mg/l,False,0.1,,,LAC10-107-04-1J,GWM,Actual,GW,Water,,,"[]"
8666065,31860009,Toledo 2,Tama,07080208,Well,Cambrian-Ordovician,41.993010044,-92.5888899923,10/13/2016 14:30:00,GWM,NIT-AMM,Ammonia-nitrogen (AS N),Total,,,,1.2,mg/l,True,0.05,,,LAC10-107-06-1J,GWM,Actual,GW,Water,,,"[]"
8666065,31860002,Tama 5,Tama,07080208,Well,Alluvium,41.96381,-92.58193,11/17/2015 08:30:00,GWM,NIT-NO3-NO2,Nitrate + Nitrite (AS N),Total,,,,3.3,mg/l,True,0.1,,,LAC10-107-04-1J,GWM,Actual,GW,Water,,Sample exceeded required temperature upon receipt.,"[]"
8666065,31860002,Tama 5,Tama,07080208,Well,Alluvium,41.96381,-92.58193,11/17/2015 08:30:00,GWM,NIT-AMM,Ammonia-nitrogen (AS N),Total,,,,0.05,mg/l,False,0.05,,,LAC10-107-06-1J,GWM,Actual,GW,Water,,Sample exceeded required temperature upon receipt.,"[]"
8666065,31860002,Tama 5,Tama,07080208,Well,Alluvium,41.96381,-92.58193,11/17/2015 08:30:00,GWM,NIT-KJELD,Kjeldahl nitrogen (AS N),Total,,,,0.1,mg/l,False,0.1,,,LAC10-107-06-2E,GWM,Actual,GW,Water,,Sample exceeded required temperature upon receipt.,"[]"
8666065,31860002,Tama 5,Tama,07080208,Well,Alluvium,41.96381,-92.58193,11/17/2015 08:30:00,GWM,14265-44-2,Orthophosphate (AS P),Dissolved,,,,0.08,mg/l,True,0.02,,,LAC10-115-01-1A,GWM,Actual,GW,Water,,Sample exceeded required temperature upon receipt.,"[]"
8666065,31860002,Tama 5,Tama,07080208,Well,Alluvium,41.96381,-92.58193,11/17/2015 08:30:00,GWM,PHOSP-PHOSP,"Total Phosphorus, mixed forms (AS P)",Total,,,,0.09,mg/l,True,0.02,,,LAC10-115-01-1D,GWM,Actual,GW,Water,,Sample exceeded required temperature upon receipt.,"[]"
8666065,31860002,Tama 5,Tama,07080208,Well,Alluvium,41.96381,-92.58193,01/05/2015 10:00:00,GWM,NIT-NO3-NO2,Nitrate + Nitrite (AS N),Total,,,,3.8,mg/l,True,0.1,,,LAC10-107-04-1J,GWM,Actual,GW,Water,,,"[]"
8666065,31860002,Tama 5,Tama,07080208,Well,Alluvium,41.96381,-92.58193,01/05/2015 10:00:00,GWM,NIT-AMM,Ammonia-nitrogen (AS N),Total,,,,0.05,mg/l,True,0.05,,,LAC10-107-06-1J,GWM,Actual,GW,Water,,,"[]"
8666065,31860002,Tama 5,Tama,07080208,Well,Alluvium,41.96381,-92.58193,01/05/2015 10:00:00,GWM,NIT-KJELD,Kjeldahl nitrogen (AS N),Total,,,,0.1,mg/l,False,0.1,,,LAC10-107-06-2E,GWM,Actual,GW,Water,,,"[]"
8666065,31860002,Tama 5,Tama,07080208,Well,Alluvium,41.96381,-92.58193,01/05/2015 10:00:00,GWM,14265-44-2,Orthophosphate (AS P),Dissolved,,,,0.082,mg/l,True,0.02,,,LAC10-115-01-1A,GWM,Actual,GW,Water,,,"[]"
8666065,31860002,Tama 5,Tama,07080208,Well,Alluvium,41.96381,-92.58193,01/05/2015 10:00:00,GWM,PHOSP-PHOSP,"Total Phosphorus, mixed forms (AS P)",Total,,,,0.08,mg/l,True,0.02,,,LAC10-115-01-1D,GWM,Actual,GW,Water,,,"[]"
8666065,31860001,Belle Plaine 4,Tama,07080208,Well,Alluvium,41.905036,-92.298149,02/24/2015 09:30:00,GWM,14265-44-2,Orthophosphate (AS P),Dissolved,,,,0.02,mg/l,False,0.02,,,4500-P-E,GWM,Actual,GW,Water,,,"[]"
8666065,31860001,Belle Plaine 4,Tama,07080208,Well,Alluvium,41.905036,-92.298149,02/24/2015 09:30:00,GWM,NIT-NO3-NO2,Nitrate + Nitrite (AS N),Total,,,,4.8,mg/l,True,0.1,,,LAC10-107-04-1J,GWM,Actual,GW,Water,,,"[]"
8666065,31860001,Belle Plaine 4,Tama,07080208,Well,Alluvium,41.905036,-92.298149,02/24/2015 09:30:00,GWM,NIT-AMM,Ammonia-nitrogen (AS N),Total,,,,0.25,mg/l,True,0.05,,,LAC10-107-06-1J,GWM,Actual,GW,Water,,,"[]"
8666065,31860001,Belle Plaine 4,Tama,07080208,Well,Alluvium,41.905036,-92.298149,02/24/2015 09:30:00,GWM,NIT-KJELD,Kjeldahl nitrogen (AS N),Total,,,,0.1,mg/l,False,0.1,,,LAC10-107-06-2E,GWM,Actual,GW,Water,,,"[]"
8666065,31860001,Belle Plaine 4,Tama,07080208,Well,Alluvium,41.905036,-92.298149,02/24/2015 09:30:00,GWM,PHOSP-PHOSP,"Total Phosphorus, mixed forms (AS P)",Total,,,,0.08,mg/l,True,0.02,,,LAC10-115-01-1D,GWM,Actual,GW,Water,,,"[]"
8666065,31860009,Toledo 2,Tama,07080208,Well,Cambrian-Ordovician,41.993010044,-92.5888899923,03/12/2013 15:10:00,GWM,NIT-NO3-NO2,Nitrate + Nitrite (AS N),Total,,,,0.1,mg/l,False,0.1,,,LAC10-107-04-1J,GWM,Actual,GW,Water,,,"[]"
8666065,31860009,Toledo 2,Tama,07080208,Well,Cambrian-Ordovician,41.993010044,-92.5888899923,03/12/2013 15:10:00,GWM,NIT-AMM,Ammonia-nitrogen (AS N),Total,,,,1.1,mg/l,True,0.05,,,LAC10-107-06-1J,GWM,Actual,GW,Water,,,"[]"
8666065,31860009,Toledo 2,Tama,07080208,Well,Cambrian-Ordovician,41.993010044,-92.5888899923,03/12/2013 15:10:00,GWM,NIT-KJELD,Kjeldahl nitrogen (AS N),Total,,,,0.8,mg/l,True,0.1,,,LAC10-107-06-2E,GWM,Actual,GW,Water,,,"[]"
8666065,31860009,Toledo 2,Tama,07080208,Well,Cambrian-Ordovician,41.993010044,-92.5888899923,03/12/2013 15:10:00,GWM,14265-44-2,Orthophosphate (AS P),Dissolved,,,,0.02,mg/l,False,0.02,,,LAC10-115-01-1A,GWM,Actual,GW,Water,,,"[]"
8666065,31860009,Toledo 2,Tama,07080208,Well,Cambrian-Ordovician,41.993010044,-92.5888899923,03/12/2013 15:10:00,GWM,PHOSP-PHOSP,"Total Phosphorus, mixed forms (AS P)",Total,,,,0.02,mg/l,True,0.02,,,LAC10-115-01-1D,GWM,Actual,GW,Water,,,"[]"
8666065,31860002,Tama 5,Tama,07080208,Well,Alluvium,41.96381,-92.58193,11/08/2017 07:15:00,GWM,NIT-AMM,Ammonia-nitrogen (AS N),None,,,,0.15,mg/l,True,0.05,,,LAC10-107-06-1J,GWM,Actual,GW,Water,,,"[]"
8666065,31860002,Tama 5,Tama,07080208,Well,Alluvium,41.96381,-92.58193,11/08/2017 07:15:00,GWM,NIT-NO3-NO2,Nitrate + Nitrite (AS N),None,,,,3.4,mg/l,True,0.1,,,LAC10-107-06-1J,GWM,Actual,GW,Water,,,"[]"
8666065,31860009,Toledo 2,Tama,07080208,Well,Cambrian-Ordovician,41.993010044,-92.5888899923,11/15/2017 07:40:00,GWM,NIT-NO3-NO2,Nitrate + Nitrite (AS N),None,,,,0.1,mg/l,False,0.1,,,LAC10-107-06-1J,GWM,Actual,GW,Water,,,"[]"
8666065,31860009,Toledo 2,Tama,07080208,Well,Cambrian-Ordovician,41.993010044,-92.5888899923,11/15/2017 07:40:00,GWM,NIT-AMM,Ammonia-nitrogen (AS N),None,,,,1.2,mg/l,True,0.05,,,LAC10-107-06-1J,GWM,Actual,GW,Water,,,"[]"
8666065,31860001,Belle Plaine 4,Tama,07080208,Well,Alluvium,41.905036,-92.298149,02/13/2018 10:00:00,GWM,NIT-AMM,Ammonia-nitrogen (AS N),None,,,,0.15,mg/l,True,0.05,,,LAC10-107-06-1J,GWM,Actual,GW,Water,,,"[]"
8666065,31860001,Belle Plaine 4,Tama,07080208,Well,Alluvium,41.905036,-92.298149,02/13/2018 10:00:00,GWM,NIT-NO3-NO2,Nitrate + Nitrite (AS N),None,,,,3.1,mg/l,True,0.1,,,LAC10-107-06-1J,GWM,Actual,GW,Water,,,"[]"
8666065,31860002,Tama 5,Tama,07080208,Well,Alluvium,41.96381,-92.58193,12/13/2017 00:00:00,GWM,NIT-NO3-NO2,Nitrate + Nitrite,None,,,,3.06,mg/l,True,0.01,,0.01,353.2,GWM001,,GW,Water,,,"[]"
8666065,31860001,Belle Plaine 4,Tama,07080208,Well,Alluvium,41.905036,-92.298149,02/13/2018 00:00:00,GWM,NIT-NO3-NO2,Nitrate + Nitrite,None,,,,2.27,mg/l,True,0.01,,0.01,353.2,GWM001,,GW,Water,,,"[]"
8666065,31860001,Belle Plaine 4,Tama,07080208,Well,Alluvium,41.905036,-92.298149,12/12/2018 09:00:00,GWM,NIT-AMM,Ammonia-nitrogen (AS N),None,,,,0.21,mg/l,True,0.05,,,LAC10-107-06-1J,GWM,Actual,GW,Water,,Sample exceeded required temperature upon receipt.,"[]"
8666065,31860001,Belle Plaine 4,Tama,07080208,Well,Alluvium,41.905036,-92.298149,12/12/2018 09:00:00,GWM,NIT-NO3-NO2,Nitrate + Nitrite (AS N),None,,,,3.4,mg/l,True,0.1,,,LAC10-107-06-1J,GWM,Actual,GW,Water,,Sample exceeded required temperature upon receipt.,"[]"
8666065,31860001,Belle Plaine 4,Tama,07080208,Well,Alluvium,41.905036,-92.298149,12/12/2018 09:00:00,GWM,14265-44-2,Orthophosphate (AS P),Dissolved,,,,0.02,mg/l,False,0.02,,,LAC10-115-01-1A,GWM,Actual,GW,Water,,Sample exceeded required temperature upon receipt.,"[]"
8666065,31860009,Toledo 2,Tama,07080208,Well,Cambrian-Ordovician,41.993010044,-92.5888899923,01/02/2019 08:30:00,GWM,NIT-NO3-NO2,Nitrate + Nitrite (AS N),None,,,,0.1,mg/l,False,0.1,,,LAC10-107-06-1J,GWM,Actual,GW,Water,,,"[]"
8666065,31860009,Toledo 2,Tama,07080208,Well,Cambrian-Ordovician,41.993010044,-92.5888899923,01/02/2019 08:30:00,GWM,NIT-AMM,Ammonia-nitrogen (AS N),None,,,,1.1,mg/l,True,0.05,,,LAC10-107-06-1J,GWM,Actual,GW,Water,,,"[]"
8666065,31860009,Toledo 2,Tama,07080208,Well,Cambrian-Ordovician,41.993010044,-92.5888899923,01/02/2019 08:30:00,GWM,14265-44-2,Orthophosphate (AS P),Dissolved,,,,0.02,mg/l,False,0.02,,,LAC10-115-01-1A,GWM,Actual,GW,Water,,Sample was not field filtered per method and was filtered for analysis after receipt by the laboratory.,"[]"
8666065,31860002,Tama 5,Tama,07080208,Well,Alluvium,41.96381,-92.58193,04/08/2019 10:30:00,GWM,NIT-NO3-NO2,Nitrate + Nitrite (AS N),None,,,,3.8,mg/l,True,0.1,,,LAC10-107-06-1J,GWM,Actual,GW,Water,,,"[]"
8666065,31860002,Tama 5,Tama,07080208,Well,Alluvium,41.96381,-92.58193,04/08/2019 10:30:00,GWM,NIT-AMM,Ammonia-nitrogen (AS N),None,,,,0.05,mg/l,False,0.05,,,LAC10-107-06-1J,GWM,Actual,GW,Water,,,"[]"
8666065,31860002,Tama 5,Tama,07080208,Well,Alluvium,41.96381,-92.58193,04/08/2019 10:30:00,GWM,14265-44-2,Orthophosphate (AS P),Dissolved,,,,0.07,mg/l,True,0.02,,,LAC10-115-01-1A,GWM,Actual,GW,Water,,,"[]"
8666065,31860002,Tama 5,Tama,07080208,Well,Alluvium,41.96381,-92.58193,11/20/2019 07:30:00,GWM,NIT-NO3-NO2,Nitrate + Nitrite (AS N),None,,,,3.5,mg/l,True,0.1,,,LAC10-107-06-1J,GWM,Actual,GW,Water,,,"[]"
8666065,31860002,Tama 5,Tama,07080208,Well,Alluvium,41.96381,-92.58193,11/20/2019 07:30:00,GWM,NIT-AMM,Ammonia-nitrogen (AS N),None,,,,0.05,mg/l,False,0.05,,,LAC10-107-06-1J,GWM,Actual,GW,Water,,,"[]"
8666065,31860001,Belle Plaine 4,Tama,07080208,Well,Alluvium,41.905036,-92.298149,12/03/2019 08:00:00,GWM,NIT-AMM,Ammonia-nitrogen (AS N),None,,,,0.05,mg/l,False,0.05,,,LAC10-107-06-1J,GWM,Actual,GW,Water,,,"[]"
8666065,31860001,Belle Plaine 4,Tama,07080208,Well,Alluvium,41.905036,-92.298149,12/03/2019 08:00:00,GWM,NIT-NO3-NO2,Nitrate + Nitrite (AS N),None,,,,5,mg/l,True,0.1,,,LAC10-107-06-1J,GWM,Actual,GW,Water,,,"[]"
8666065,31860002,Tama 5,Tama,07080208,Well,Alluvium,41.96381,-92.58193,02/21/2023 06:50:00,GWM,NIT-NO3-NO2,Nitrate + Nitrite (AS N),Total,,,,2.6,mg/l,True,0.1,,,LAC10-107-04-1J,GWM,Actual,GW,Water,,,"[]"
8666065,31860002,Tama 5,Tama,07080208,Well,Alluvium,41.96381,-92.58193,02/21/2023 06:50:00,GWM,NIT-AMM,Ammonia-nitrogen (AS N),Total,,,,0.1,mg/l,False,0.1,,,LAC10-107-06-1J,GWM,Actual,GW,Water,,,"[]"
8666065,31860001,Belle Plaine 4,Tama,07080208,Well,Alluvium,41.905036,-92.298149,05/24/2023 12:20:00,GWM,NIT-NO3-NO2,Nitrate + Nitrite (AS N),Total,,,,7.7,mg/l,True,0.1,,,LAC10-107-04-1J,GWM,Actual,GW,Water,,,"[]"
8666065,31860001,Belle Plaine 4,Tama,07080208,Well,Alluvium,41.905036,-92.298149,05/24/2023 12:20:00,GWM,NIT-AMM,Ammonia-nitrogen (AS N),Total,,,,0.1,mg/l,False,0.1,,,LAC10-107-06-1J,GWM,Actual,GW,Water,,,"[]"
8666065,31860002,Tama 5,Tama,07080208,Well,Alluvium,41.96381,-92.58193,03/04/2021 07:36:00,GWM,NIT-NO3-NO2,Nitrate + Nitrite (AS N),None,,,,3.4,mg/l,True,0.1,,,LAC10-107-06-1J,GWM,Actual,GW,Water,,,"[]"
8666065,31860002,Tama 5,Tama,07080208,Well,Alluvium,41.96381,-92.58193,03/04/2021 07:36:00,GWM,NIT-AMM,Ammonia-nitrogen (AS N),None,,,,0.05,mg/l,False,0.05,,,LAC10-107-06-1J,GWM,Actual,GW,Water,,,"[]"
8666065,31860001,Belle Plaine 4,Tama,07080208,Well,Alluvium,41.905036,-92.298149,04/13/2021 11:00:00,GWM,NIT-NO3-NO2,Nitrate + Nitrite (AS N),None,,,,3.2,mg/l,True,0.1,,,LAC10-107-06-1J,GWM,Actual,GW,Water,,Sample exceeded required temperature upon receipt.,"[]"
8666065,31860001,Belle Plaine 4,Tama,07080208,Well,Alluvium,41.905036,-92.298149,04/13/2021 11:00:00,GWM,NIT-AMM,Ammonia-nitrogen (AS N),None,,,,0.05,mg/l,False,0.05,,,LAC10-107-06-1J,GWM,Actual,GW,Water,,Sample exceeded required temperature upon receipt.,"[]"
