facilityID,siteID,name,county,huc8,type,aquifer,latitude,longitude,sampleDate,projectCode,cas_rn,analyte,fraction,relDepth,sampDepth,sampDepthUnit,result,unit,detect,detectLimit,quantFlag,quantLimit,method,colMethod,resultType,matrix,medium,qualFlag,remark,xParams
8666065,31870001,Blockton 1,Taylor,10240012,Well,Buried Sand Gravel,40.61636,-94.48133,08/07/2002 17:40:00,GWM,NIT-NO3-NO2,Nitrate + Nitrite (AS N),Total,,,,0.1,mg/l,False,0.1,,,353.2,USGSGWM,Actual,GW,Water,,,"[]"
8666065,31870001,Blockton 1,Taylor,10240012,Well,Buried Sand Gravel,40.61636,-94.48133,08/07/2002 17:40:00,GWM,NIT-AMM,Ammonia-nitrogen (AS N),Total,,,,0.05,mg/l,False,0.05,,,LAC10-107-06-1J,USGSGWM,Actual,GW,Water,,,"[]"
8666065,31870001,Blockton 1,Taylor,10240012,Well,Buried Sand Gravel,40.61636,-94.48133,08/07/2002 17:40:00,GWM,NIT-ORGN,Organic Nitrogen (AS N),Total,,,,3.9,mg/l,True,0.05,,,LAC10-107-06-2E,USGSGWM,Calculated,GW,Water,,,"[]"
8666065,31870001,Blockton 1,Taylor,10240012,Well,Buried Sand Gravel,40.61636,-94.48133,08/07/2002 17:40:00,GWM,14265-44-2,Orthophosphate (AS P),Dissolved,,,,0.32,mg/l,True,0.05,,,LAC10-115-01-1A,USGSGWM,Actual,GW,Water,,,"[]"
8666065,31870001,Blockton 1,Taylor,10240012,Well,Buried Sand Gravel,40.61636,-94.48133,08/07/2002 17:40:00,GWM,PHOSP-PHOSP,"Total Phosphorus, mixed forms (AS P)",Total,,,,0.41,mg/l,True,0.05,,,LAC10-115-01-1C,USGSGWM,Actual,GW,Water,,,"[]"
8666065,31870001,Blockton 1,Taylor,10240012,Well,Buried Sand Gravel,40.61636,-94.48133,08/07/2002 17:40:00,GWM,NIT-KJELD,Kjeldahl nitrogen (AS N),Total,,,,3.9,mg/l,True,0.05,,,PAI DK03,USGSGWM,Actual,GW,Water,,,"[]"
8666065,31870001,Blockton 1,Taylor,10240012,Well,Buried Sand Gravel,40.61636,-94.48133,07/17/2003 15:45:00,GWM,NIT-AMM,Ammonia-nitrogen (AS N),Total,,,,3.3,mg/l,True,0.05,,,350.1,USGSGWM,Actual,GW,Water,,,"[]"
8666065,31870001,Blockton 1,Taylor,10240012,Well,Buried Sand Gravel,40.61636,-94.48133,07/17/2003 15:45:00,GWM,NIT-NO3-NO2,Nitrate + Nitrite (AS N),Total,,,,0.1,mg/l,False,0.1,,,353.2,USGSGWM,Actual,GW,Water,,,"[]"
8666065,31870001,Blockton 1,Taylor,10240012,Well,Buried Sand Gravel,40.61636,-94.48133,07/17/2003 15:45:00,GWM,14265-44-2,Orthophosphate (AS P),Dissolved,,,,0.39,mg/l,True,0.02,,,365.1,USGSGWM,Actual,GW,Water,,,"[]"
8666065,31870001,Blockton 1,Taylor,10240012,Well,Buried Sand Gravel,40.61636,-94.48133,07/17/2003 15:45:00,GWM,PHOSP-PHOSP,"Total Phosphorus, mixed forms (AS P)",Total,,,,0.4,mg/l,True,0.02,,,365.4,USGSGWM,Actual,GW,Water,,,"[]"
8666065,31870001,Blockton 1,Taylor,10240012,Well,Buried Sand Gravel,40.61636,-94.48133,07/17/2003 15:45:00,GWM,NIT-ORGN,Organic Nitrogen (AS N),Total,,,,0.05,mg/l,False,0.05,,,LAC10-107-06-2E,USGSGWM,Calculated,GW,Water,,,"[]"
8666065,31870001,Blockton 1,Taylor,10240012,Well,Buried Sand Gravel,40.61636,-94.48133,07/17/2003 15:45:00,GWM,NIT-KJELD,Kjeldahl nitrogen (AS N),Total,,,,3.3,mg/l,True,0.05,,,PAI DK03,USGSGWM,Actual,GW,Water,,,"[]"
8666065,31870001,Blockton 1,Taylor,10240012,Well,Buried Sand Gravel,40.61636,-94.48133,07/19/2004 14:30:00,GWM,NIT-AMM,Ammonia-nitrogen (AS N),Total,,,,2.8,mg/l,True,0.05,,,350.1,USGSGWM,Actual,GW,Water,,,"[]"
8666065,31870001,Blockton 1,Taylor,10240012,Well,Buried Sand Gravel,40.61636,-94.48133,07/19/2004 14:30:00,GWM,NIT-NO3-NO2,Nitrate + Nitrite (AS N),Total,,,,0.05,mg/l,False,0.05,,,353.2,USGSGWM,Actual,GW,Water,,,"[]"
8666065,31870001,Blockton 1,Taylor,10240012,Well,Buried Sand Gravel,40.61636,-94.48133,07/19/2004 14:30:00,GWM,14265-44-2,Orthophosphate (AS P),Dissolved,,,,0.33,mg/l,True,0.02,,,365.1,USGSGWM,Actual,GW,Water,,,"[]"
8666065,31870001,Blockton 1,Taylor,10240012,Well,Buried Sand Gravel,40.61636,-94.48133,07/19/2004 14:30:00,GWM,PHOSP-PHOSP,"Total Phosphorus, mixed forms (AS P)",Total,,,,0.42,mg/l,True,0.02,,,365.4,USGSGWM,Actual,GW,Water,,,"[]"
8666065,31870001,Blockton 1,Taylor,10240012,Well,Buried Sand Gravel,40.61636,-94.48133,07/19/2004 14:30:00,GWM,NIT-ORGN,Organic Nitrogen,Total,,,,0.3,mg/l,True,0.05,,,LAC10-107-06-2E,USGSGWM,Calculated,GW,Water,,,"[]"
8666065,31870001,Blockton 1,Taylor,10240012,Well,Buried Sand Gravel,40.61636,-94.48133,07/15/2005 11:00:00,GWM,NIT-AMM,Ammonia-nitrogen (AS N),Total,,,,2,mg/l,True,0.05,,,350.1,USGSGWM,Actual,GW,Water,,,"[]"
8666065,31870001,Blockton 1,Taylor,10240012,Well,Buried Sand Gravel,40.61636,-94.48133,07/15/2005 11:00:00,GWM,NIT-KJELD,Kjeldahl nitrogen (AS N),Total,,,,3.3,mg/l,True,0.1,,,351.2,USGSGWM,Actual,GW,Water,,,"[]"
8666065,31870001,Blockton 1,Taylor,10240012,Well,Buried Sand Gravel,40.61636,-94.48133,07/15/2005 11:00:00,GWM,NIT-NO3-NO2,Nitrate + Nitrite (AS N),Total,,,,0.05,mg/l,False,0.05,,,353.2,USGSGWM,Actual,GW,Water,,,"[]"
8666065,31870001,Blockton 1,Taylor,10240012,Well,Buried Sand Gravel,40.61636,-94.48133,07/15/2005 11:00:00,GWM,14265-44-2,Orthophosphate (AS P),Dissolved,,,,0.22,mg/l,True,0.02,,,365.1,USGSGWM,Actual,GW,Water,,,"[]"
8666065,31870001,Blockton 1,Taylor,10240012,Well,Buried Sand Gravel,40.61636,-94.48133,07/15/2005 11:00:00,GWM,PHOSP-PHOSP,"Total Phosphorus, mixed forms (AS P)",Total,,,,0.41,mg/l,True,0.02,,,365.4,USGSGWM,Actual,GW,Water,,,"[]"
8666065,31870001,Blockton 1,Taylor,10240012,Well,Buried Sand Gravel,40.61636,-94.48133,07/15/2005 11:00:00,GWM,NIT-ORGN,Organic Nitrogen,Total,,,,1.3,mg/l,True,0.1,,,LAC10-107-06-2E,USGSGWM,Calculated,GW,Water,,,"[]"
8666065,31870001,Blockton 1,Taylor,10240012,Well,Buried Sand Gravel,40.61636,-94.48133,07/25/2006 12:00:00,GWM,NIT-AMM,Ammonia-nitrogen (AS N),Total,,,,2.1,mg/l,True,0.05,,,350.1,USGSGWM,Actual,GW,Water,,,"[]"
8666065,31870001,Blockton 1,Taylor,10240012,Well,Buried Sand Gravel,40.61636,-94.48133,07/25/2006 12:00:00,GWM,NIT-KJELD,Kjeldahl nitrogen (AS N),Total,,,,3.1,mg/l,True,0.1,,,351.2,USGSGWM,Actual,GW,Water,,,"[]"
8666065,31870001,Blockton 1,Taylor,10240012,Well,Buried Sand Gravel,40.61636,-94.48133,07/25/2006 12:00:00,GWM,NIT-NO3-NO2,Nitrate + Nitrite (AS N),Total,,,,0.05,mg/l,False,0.05,,,353.2,USGSGWM,Actual,GW,Water,,,"[]"
8666065,31870001,Blockton 1,Taylor,10240012,Well,Buried Sand Gravel,40.61636,-94.48133,07/25/2006 12:00:00,GWM,14265-44-2,Orthophosphate (AS P),Dissolved,,,,0.24,mg/l,True,0.02,,,365.1,USGSGWM,Actual,GW,Water,,,"[]"
8666065,31870001,Blockton 1,Taylor,10240012,Well,Buried Sand Gravel,40.61636,-94.48133,07/25/2006 12:00:00,GWM,PHOSP-PHOSP,"Total Phosphorus, mixed forms (AS P)",Total,,,,0.42,mg/l,True,0.02,,,365.4,USGSGWM,Actual,GW,Water,,,"[]"
8666065,31870001,Blockton 1,Taylor,10240012,Well,Buried Sand Gravel,40.61636,-94.48133,07/25/2006 12:00:00,GWM,NIT-ORGN,Organic Nitrogen,Total,,,,1,mg/l,True,0.1,,,LAC10-107-06-2E,USGSGWM,Calculated,GW,Water,,,"[]"
