facilityID,siteID,name,county,huc8,type,aquifer,latitude,longitude,sampleDate,projectCode,cas_rn,analyte,fraction,relDepth,sampDepth,sampDepthUnit,result,unit,detect,detectLimit,quantFlag,quantLimit,method,colMethod,resultType,matrix,medium,qualFlag,remark,xParams
8666065,31900001,Eddyville 3,Wapello,07100009,Well,Alluvium,41.151912,-92.631454,07/31/2002 13:00:00,GWM,NIT-NO3-NO2,Nitrate + Nitrite (AS N),Total,,,,3.1,mg/l,True,0.1,,,353.2,USGSGWM,Actual,GW,Water,,,"[]"
8666065,31900001,Eddyville 3,Wapello,07100009,Well,Alluvium,41.151912,-92.631454,07/31/2002 13:00:00,GWM,NIT-AMM,Ammonia-nitrogen (AS N),Total,,,,0.05,mg/l,False,0.05,,,LAC10-107-06-1J,USGSGWM,Actual,GW,Water,,,"[]"
8666065,31900001,Eddyville 3,Wapello,07100009,Well,Alluvium,41.151912,-92.631454,07/31/2002 13:00:00,GWM,NIT-ORGN,Organic Nitrogen (AS N),Total,,,,0.07,mg/l,True,0.05,,,LAC10-107-06-2E,USGSGWM,Calculated,GW,Water,,,"[]"
8666065,31900001,Eddyville 3,Wapello,07100009,Well,Alluvium,41.151912,-92.631454,07/31/2002 13:00:00,GWM,14265-44-2,Orthophosphate (AS P),Dissolved,,,,0.08,mg/l,True,0.05,,,LAC10-115-01-1A,USGSGWM,Actual,GW,Water,,,"[]"
8666065,31900001,Eddyville 3,Wapello,07100009,Well,Alluvium,41.151912,-92.631454,07/31/2002 13:00:00,GWM,PHOSP-PHOSP,"Total Phosphorus, mixed forms (AS P)",Total,,,,0.08,mg/l,True,0.05,,,LAC10-115-01-1C,USGSGWM,Actual,GW,Water,,,"[]"
8666065,31900001,Eddyville 3,Wapello,07100009,Well,Alluvium,41.151912,-92.631454,07/31/2002 13:00:00,GWM,NIT-KJELD,Kjeldahl nitrogen (AS N),Total,,,,0.07,mg/l,True,0.05,,,PAI DK03,USGSGWM,Actual,GW,Water,,,"[]"
8666065,31900001,Eddyville 3,Wapello,07100009,Well,Alluvium,41.151912,-92.631454,08/22/2003 11:30:00,GWM,NIT-AMM,Ammonia-nitrogen (AS N),Total,,,,0.05,mg/l,False,0.05,,,350.1,USGSGWM,Actual,GW,Water,,,"[]"
8666065,31900001,Eddyville 3,Wapello,07100009,Well,Alluvium,41.151912,-92.631454,08/22/2003 11:30:00,GWM,NIT-NO3-NO2,Nitrate + Nitrite (AS N),Total,,,,1.5,mg/l,True,0.1,,,353.2,USGSGWM,Actual,GW,Water,,,"[]"
8666065,31900001,Eddyville 3,Wapello,07100009,Well,Alluvium,41.151912,-92.631454,08/22/2003 11:30:00,GWM,14265-44-2,Orthophosphate (AS P),Dissolved,,,,0.07,mg/l,True,0.02,,,365.1,USGSGWM,Actual,GW,Water,,,"[]"
8666065,31900001,Eddyville 3,Wapello,07100009,Well,Alluvium,41.151912,-92.631454,08/22/2003 11:30:00,GWM,PHOSP-PHOSP,"Total Phosphorus, mixed forms (AS P)",Total,,,,0.05,mg/l,True,0.02,,,365.4,USGSGWM,Actual,GW,Water,,,"[]"
8666065,31900001,Eddyville 3,Wapello,07100009,Well,Alluvium,41.151912,-92.631454,08/22/2003 11:30:00,GWM,NIT-ORGN,Organic Nitrogen (AS N),Total,,,,0.05,mg/l,False,0.05,,,LAC10-107-06-2E,USGSGWM,Calculated,GW,Water,,,"[]"
8666065,31900001,Eddyville 3,Wapello,07100009,Well,Alluvium,41.151912,-92.631454,08/22/2003 11:30:00,GWM,NIT-KJELD,Kjeldahl nitrogen (AS N),Total,,,,0.05,mg/l,False,0.05,,,PAI DK03,USGSGWM,Actual,GW,Water,,,"[]"
8666065,31900001,Eddyville 3,Wapello,07100009,Well,Alluvium,41.151912,-92.631454,07/01/2004 11:30:00,GWM,NIT-AMM,Ammonia-nitrogen (AS N),Total,,,,0.05,mg/l,False,0.05,,,350.1,USGSGWM,Actual,GW,Water,,,"[]"
8666065,31900001,Eddyville 3,Wapello,07100009,Well,Alluvium,41.151912,-92.631454,07/01/2004 11:30:00,GWM,NIT-NO3-NO2,Nitrate + Nitrite (AS N),Total,,,,1.2,mg/l,True,0.05,,,353.2,USGSGWM,Actual,GW,Water,,,"[]"
8666065,31900001,Eddyville 3,Wapello,07100009,Well,Alluvium,41.151912,-92.631454,07/01/2004 11:30:00,GWM,14265-44-2,Orthophosphate (AS P),Dissolved,,,,0.06,mg/l,True,0.02,,,365.1,USGSGWM,Actual,GW,Water,,,"[]"
8666065,31900001,Eddyville 3,Wapello,07100009,Well,Alluvium,41.151912,-92.631454,07/01/2004 11:30:00,GWM,PHOSP-PHOSP,"Total Phosphorus, mixed forms (AS P)",Total,,,,0.08,mg/l,True,0.02,,,365.4,USGSGWM,Actual,GW,Water,,,"[]"
8666065,31900001,Eddyville 3,Wapello,07100009,Well,Alluvium,41.151912,-92.631454,07/01/2004 11:30:00,GWM,NIT-ORGN,Organic Nitrogen,Total,,,,0.05,mg/l,False,0.05,,,LAC10-107-06-2E,USGSGWM,Calculated,GW,Water,,,"[]"
8666065,31900001,Eddyville 3,Wapello,07100009,Well,Alluvium,41.151912,-92.631454,08/16/2005 11:55:00,GWM,NIT-AMM,Ammonia-nitrogen (AS N),Total,,,,0.05,mg/l,False,0.05,,,350.1,USGSGWM,Actual,GW,Water,,,"[]"
8666065,31900001,Eddyville 3,Wapello,07100009,Well,Alluvium,41.151912,-92.631454,08/16/2005 11:55:00,GWM,NIT-KJELD,Kjeldahl nitrogen (AS N),Total,,,,0.1,mg/l,False,0.1,,,351.2,USGSGWM,Actual,GW,Water,,,"[]"
8666065,31900001,Eddyville 3,Wapello,07100009,Well,Alluvium,41.151912,-92.631454,08/16/2005 11:55:00,GWM,NIT-NO3-NO2,Nitrate + Nitrite (AS N),Total,,,,1.7,mg/l,True,0.05,,,353.2,USGSGWM,Actual,GW,Water,,,"[]"
8666065,31900001,Eddyville 3,Wapello,07100009,Well,Alluvium,41.151912,-92.631454,08/16/2005 11:55:00,GWM,14265-44-2,Orthophosphate (AS P),Dissolved,,,,0.06,mg/l,True,0.02,,,365.1,USGSGWM,Actual,GW,Water,,,"[]"
8666065,31900001,Eddyville 3,Wapello,07100009,Well,Alluvium,41.151912,-92.631454,08/16/2005 11:55:00,GWM,PHOSP-PHOSP,"Total Phosphorus, mixed forms (AS P)",Total,,,,0.09,mg/l,True,0.02,,,365.4,USGSGWM,Actual,GW,Water,,,"[]"
8666065,31900001,Eddyville 3,Wapello,07100009,Well,Alluvium,41.151912,-92.631454,08/16/2005 11:55:00,GWM,NIT-ORGN,Organic Nitrogen,Total,,,,0.1,mg/l,False,0.1,,,LAC10-107-06-2E,USGSGWM,Calculated,GW,Water,,,"[]"
8666065,31900001,Eddyville 3,Wapello,07100009,Well,Alluvium,41.151912,-92.631454,06/07/2006 14:00:00,GWM,NIT-AMM,Ammonia-nitrogen (AS N),Total,,,,0.05,mg/l,False,0.05,,,350.1,USGSGWM,Actual,GW,Water,,,"[]"
8666065,31900001,Eddyville 3,Wapello,07100009,Well,Alluvium,41.151912,-92.631454,06/07/2006 14:00:00,GWM,NIT-KJELD,Kjeldahl nitrogen (AS N),Total,,,,0.1,mg/l,False,0.1,,,351.2,USGSGWM,Actual,GW,Water,,,"[]"
8666065,31900001,Eddyville 3,Wapello,07100009,Well,Alluvium,41.151912,-92.631454,06/07/2006 14:00:00,GWM,NIT-NO3-NO2,Nitrate + Nitrite (AS N),Total,,,,1.6,mg/l,True,0.05,,,353.2,USGSGWM,Actual,GW,Water,,,"[]"
8666065,31900001,Eddyville 3,Wapello,07100009,Well,Alluvium,41.151912,-92.631454,06/07/2006 14:00:00,GWM,14265-44-2,Orthophosphate (AS P),Dissolved,,,,0.05,mg/l,True,0.02,,,365.1,USGSGWM,Actual,GW,Water,,,"[]"
8666065,31900001,Eddyville 3,Wapello,07100009,Well,Alluvium,41.151912,-92.631454,06/07/2006 14:00:00,GWM,PHOSP-PHOSP,"Total Phosphorus, mixed forms (AS P)",Total,,,,0.07,mg/l,True,0.02,,,365.4,USGSGWM,Actual,GW,Water,,,"[]"
8666065,31900001,Eddyville 3,Wapello,07100009,Well,Alluvium,41.151912,-92.631454,06/07/2006 14:00:00,GWM,NIT-ORGN,Organic Nitrogen,Total,,,,0.1,mg/l,False,0.1,,,LAC10-107-06-2E,USGSGWM,Calculated,GW,Water,,,"[]"
8666065,31900001,Eddyville 3,Wapello,07100009,Well,Alluvium,41.151912,-92.631454,08/14/2012 11:39:00,GWM,NIT-NO3-NO2,Nitrate + Nitrite (AS N),Total,,,,1.6,mg/l,True,0.1,,,LAC10-107-04-1J,GWMPWS,Actual,GW,Water,,,"[]"
8666065,31900001,Eddyville 3,Wapello,07100009,Well,Alluvium,41.151912,-92.631454,08/14/2012 11:39:00,GWM,NIT-AMM,Ammonia-nitrogen (AS N),Total,,,,0.05,mg/l,False,0.05,,,LAC10-107-06-1J,GWMPWS,Actual,GW,Water,,,"[]"
8666065,31900001,Eddyville 3,Wapello,07100009,Well,Alluvium,41.151912,-92.631454,08/14/2012 11:39:00,GWM,NIT-KJELD,Kjeldahl nitrogen (AS N),Total,,,,0.1,mg/l,False,0.1,,,LAC10-107-06-2E,GWMPWS,Actual,GW,Water,,,"[]"
8666065,31900001,Eddyville 3,Wapello,07100009,Well,Alluvium,41.151912,-92.631454,08/14/2012 11:39:00,GWM,14265-44-2,Orthophosphate (AS P),Dissolved,,,,0.06,mg/l,True,0.02,,,LAC10-115-01-1A,GWMPWS,Actual,GW,Water,,,"[]"
8666065,31900001,Eddyville 3,Wapello,07100009,Well,Alluvium,41.151912,-92.631454,08/14/2012 11:39:00,GWM,PHOSP-PHOSP,"Total Phosphorus, mixed forms (AS P)",Total,,,,0.08,mg/l,True,0.02,,,LAC10-115-01-1D,GWMPWS,Actual,GW,Water,,,"[]"
8666065,31900001,Eddyville 3,Wapello,07100009,Well,Alluvium,41.151912,-92.631454,10/13/2015 10:02:00,GWM,NIT-NO3-NO2,Nitrate + Nitrite (AS N),Total,,,,1.9,mg/l,True,0.1,,,LAC10-107-04-1J,GWM,Actual,GW,Water,,,"[]"
8666065,31900001,Eddyville 3,Wapello,07100009,Well,Alluvium,41.151912,-92.631454,10/13/2015 10:02:00,GWM,NIT-AMM,Ammonia-nitrogen (AS N),Total,,,,0.05,mg/l,False,0.05,,,LAC10-107-06-1J,GWM,Actual,GW,Water,,,"[]"
8666065,31900001,Eddyville 3,Wapello,07100009,Well,Alluvium,41.151912,-92.631454,10/13/2015 10:02:00,GWM,NIT-KJELD,Kjeldahl nitrogen (AS N),Total,,,,0.1,mg/l,False,0.1,,,LAC10-107-06-2E,GWM,Actual,GW,Water,,,"[]"
8666065,31900001,Eddyville 3,Wapello,07100009,Well,Alluvium,41.151912,-92.631454,10/13/2015 10:02:00,GWM,14265-44-2,Orthophosphate (AS P),Dissolved,,,,0.07,mg/l,True,0.02,,,LAC10-115-01-1A,GWM,Actual,GW,Water,,,"[]"
8666065,31900001,Eddyville 3,Wapello,07100009,Well,Alluvium,41.151912,-92.631454,10/13/2015 10:02:00,GWM,PHOSP-PHOSP,"Total Phosphorus, mixed forms (AS P)",Total,,,,0.08,mg/l,True,0.02,,,LAC10-115-01-1D,GWM,Actual,GW,Water,,,"[]"
8666065,31900001,Eddyville 3,Wapello,07100009,Well,Alluvium,41.151912,-92.631454,01/13/2015 11:35:00,GWM,NIT-NO3-NO2,Nitrate + Nitrite (AS N),Total,,,,1.6,mg/l,True,0.1,,,LAC10-107-04-1J,GWM,Actual,GW,Water,,,"[]"
8666065,31900001,Eddyville 3,Wapello,07100009,Well,Alluvium,41.151912,-92.631454,01/13/2015 11:35:00,GWM,NIT-AMM,Ammonia-nitrogen (AS N),Total,,,,0.05,mg/l,False,0.05,,,LAC10-107-06-1J,GWM,Actual,GW,Water,,,"[]"
8666065,31900001,Eddyville 3,Wapello,07100009,Well,Alluvium,41.151912,-92.631454,01/13/2015 11:35:00,GWM,NIT-KJELD,Kjeldahl nitrogen (AS N),Total,,,,0.1,mg/l,True,0.1,,,LAC10-107-06-2E,GWM,Actual,GW,Water,,,"[]"
8666065,31900001,Eddyville 3,Wapello,07100009,Well,Alluvium,41.151912,-92.631454,01/13/2015 11:35:00,GWM,14265-44-2,Orthophosphate (AS P),Dissolved,,,,0.06,mg/l,True,0.02,,,LAC10-115-01-1A,GWM,Actual,GW,Water,,,"[]"
8666065,31900001,Eddyville 3,Wapello,07100009,Well,Alluvium,41.151912,-92.631454,01/13/2015 11:35:00,GWM,PHOSP-PHOSP,"Total Phosphorus, mixed forms (AS P)",Total,,,,0.07,mg/l,True,0.02,,,LAC10-115-01-1D,GWM,Actual,GW,Water,,,"[]"
8666065,31900001,Eddyville 3,Wapello,07100009,Well,Alluvium,41.151912,-92.631454,10/24/2017 09:15:00,GWM,NIT-NO3-NO2,Nitrate + Nitrite (AS N),None,,,,2.7,mg/l,True,0.1,,,LAC10-107-06-1J,GWM,Actual,GW,Water,,,"[]"
8666065,31900001,Eddyville 3,Wapello,07100009,Well,Alluvium,41.151912,-92.631454,10/24/2017 09:15:00,GWM,NIT-AMM,Ammonia-nitrogen (AS N),None,,,,0.05,mg/l,False,0.05,,,LAC10-107-06-1J,GWM,Actual,GW,Water,,,"[]"
8666065,31900001,Eddyville 3,Wapello,07100009,Well,Alluvium,41.151912,-92.631454,11/28/2017 00:00:00,GWM,NIT-NO3-NO2,Nitrate + Nitrite,None,,,,2.2,mg/l,True,0.01,,0.01,353.2,GWM001,,GW,Water,,,"[]"
8666065,31900001,Eddyville 3,Wapello,07100009,Well,Alluvium,41.151912,-92.631454,03/11/2019 11:30:00,GWM,NIT-NO3-NO2,Nitrate + Nitrite (AS N),None,,,,1.2,mg/l,True,0.1,,,LAC10-107-06-1J,GWM,Actual,GW,Water,,,"[]"
8666065,31900001,Eddyville 3,Wapello,07100009,Well,Alluvium,41.151912,-92.631454,03/11/2019 11:30:00,GWM,NIT-AMM,Ammonia-nitrogen (AS N),None,,,,0.05,mg/l,False,0.05,,,LAC10-107-06-1J,GWM,Actual,GW,Water,,,"[]"
8666065,31900001,Eddyville 3,Wapello,07100009,Well,Alluvium,41.151912,-92.631454,03/11/2019 11:30:00,GWM,14265-44-2,Orthophosphate (AS P),Dissolved,,,,0.02,mg/l,True,0.02,,,LAC10-115-01-1A,GWM,Actual,GW,Water,,,"[]"
8666065,31900001,Eddyville 3,Wapello,07100009,Well,Alluvium,41.151912,-92.631454,12/10/2019 10:15:00,GWM,NIT-NO3-NO2,Nitrate + Nitrite (AS N),None,,,,2.2,mg/l,True,0.1,,,LAC10-107-06-1J,GWM,Actual,GW,Water,,,"[]"
8666065,31900001,Eddyville 3,Wapello,07100009,Well,Alluvium,41.151912,-92.631454,12/10/2019 10:15:00,GWM,NIT-AMM,Ammonia-nitrogen (AS N),None,,,,0.05,mg/l,False,0.05,,,LAC10-107-06-1J,GWM,Actual,GW,Water,,,"[]"
8666065,31900001,Eddyville 3,Wapello,07100009,Well,Alluvium,41.151912,-92.631454,02/28/2023 08:30:00,GWM,NIT-NO3-NO2,Nitrate + Nitrite (AS N),Total,,,,5.4,mg/l,True,0.1,,,LAC10-107-04-1J,GWM,Actual,GW,Water,,,"[]"
8666065,31900001,Eddyville 3,Wapello,07100009,Well,Alluvium,41.151912,-92.631454,02/28/2023 08:30:00,GWM,NIT-AMM,Ammonia-nitrogen (AS N),Total,,,,0.1,mg/l,False,0.1,,,LAC10-107-06-1J,GWM,Actual,GW,Water,,,"[]"
8666065,31900001,Eddyville 3,Wapello,07100009,Well,Alluvium,41.151912,-92.631454,03/16/2021 08:15:00,GWM,NIT-NO3-NO2,Nitrate + Nitrite (AS N),None,,,,3.3,mg/l,True,0.1,,,LAC10-107-06-1J,GWM,Actual,GW,Water,,,"[]"
8666065,31900001,Eddyville 3,Wapello,07100009,Well,Alluvium,41.151912,-92.631454,03/16/2021 08:15:00,GWM,NIT-AMM,Ammonia-nitrogen (AS N),None,,,,0.05,mg/l,False,0.05,,,LAC10-107-06-1J,GWM,Actual,GW,Water,,,"[]"
