facilityID,siteID,name,county,huc8,type,aquifer,latitude,longitude,sampleDate,projectCode,cas_rn,analyte,fraction,relDepth,sampDepth,sampDepthUnit,result,unit,detect,detectLimit,quantFlag,quantLimit,method,colMethod,resultType,matrix,medium,qualFlag,remark,xParams
8666065,31910001,Carlisle 2,Warren,07100008,Well,Alluvium,41.508644,-93.482216,08/19/2003 11:30:00,GWM,NIT-AMM,Ammonia-nitrogen (AS N),Total,,,,0.05,mg/l,False,0.05,,,350.1,USGSGWM,Actual,GW,Water,,,"[]"
8666065,31910001,Carlisle 2,Warren,07100008,Well,Alluvium,41.508644,-93.482216,08/19/2003 11:30:00,GWM,NIT-NO3-NO2,Nitrate + Nitrite (AS N),Total,,,,0.7,mg/l,True,0.1,,,353.2,USGSGWM,Actual,GW,Water,,,"[]"
8666065,31910001,Carlisle 2,Warren,07100008,Well,Alluvium,41.508644,-93.482216,08/19/2003 11:30:00,GWM,14265-44-2,Orthophosphate (AS P),Dissolved,,,,0.02,mg/l,False,0.02,,,365.1,USGSGWM,Actual,GW,Water,,,"[]"
8666065,31910001,Carlisle 2,Warren,07100008,Well,Alluvium,41.508644,-93.482216,08/19/2003 11:30:00,GWM,PHOSP-PHOSP,"Total Phosphorus, mixed forms (AS P)",Total,,,,0.02,mg/l,True,0.02,,,365.4,USGSGWM,Actual,GW,Water,,,"[]"
8666065,31910001,Carlisle 2,Warren,07100008,Well,Alluvium,41.508644,-93.482216,08/19/2003 11:30:00,GWM,NIT-ORGN,Organic Nitrogen (AS N),Total,,,,0.05,mg/l,False,0.05,,,LAC10-107-06-2E,USGSGWM,Calculated,GW,Water,,,"[]"
8666065,31910001,Carlisle 2,Warren,07100008,Well,Alluvium,41.508644,-93.482216,08/19/2003 11:30:00,GWM,NIT-KJELD,Kjeldahl nitrogen (AS N),Total,,,,0.05,mg/l,False,0.05,,,PAI DK03,USGSGWM,Actual,GW,Water,,,"[]"
8666065,31910001,Carlisle 2,Warren,07100008,Well,Alluvium,41.508644,-93.482216,09/02/2004 12:45:00,GWM,NIT-AMM,Ammonia-nitrogen (AS N),Total,,,,0.05,mg/l,False,0.05,,,350.1,USGSGWM,Actual,GW,Water,,,"[]"
8666065,31910001,Carlisle 2,Warren,07100008,Well,Alluvium,41.508644,-93.482216,09/02/2004 12:45:00,GWM,NIT-NO3-NO2,Nitrate + Nitrite (AS N),Total,,,,0.37,mg/l,True,0.05,,,353.2,USGSGWM,Actual,GW,Water,,,"[]"
8666065,31910001,Carlisle 2,Warren,07100008,Well,Alluvium,41.508644,-93.482216,09/02/2004 12:45:00,GWM,14265-44-2,Orthophosphate (AS P),Dissolved,,,,0.03,mg/l,True,0.02,,,365.1,USGSGWM,Actual,GW,Water,,,"[]"
8666065,31910001,Carlisle 2,Warren,07100008,Well,Alluvium,41.508644,-93.482216,09/02/2004 12:45:00,GWM,PHOSP-PHOSP,"Total Phosphorus, mixed forms (AS P)",Total,,,,0.11,mg/l,True,0.02,,,365.4,USGSGWM,Actual,GW,Water,,,"[]"
8666065,31910001,Carlisle 2,Warren,07100008,Well,Alluvium,41.508644,-93.482216,09/02/2004 12:45:00,GWM,NIT-ORGN,Organic Nitrogen,Total,,,,0.05,mg/l,False,0.05,,,LAC10-107-06-2E,USGSGWM,Calculated,GW,Water,,,"[]"
