facilityID,siteID,name,county,huc8,type,aquifer,latitude,longitude,sampleDate,projectCode,cas_rn,analyte,fraction,relDepth,sampDepth,sampDepthUnit,result,unit,detect,detectLimit,quantFlag,quantLimit,method,colMethod,resultType,matrix,medium,qualFlag,remark,xParams
8666065,31920002,Riverside 5,Washington,07080209,Well,Buried Sand Gravel,41.48355,-91.575489,07/23/2002 13:00:00,GWM,NIT-NO3-NO2,Nitrate + Nitrite (AS N),Total,,,,0.1,mg/l,False,0.1,,,353.2,USGSGWM,Actual,GW,Water,,,"[]"
8666065,31920002,Riverside 5,Washington,07080209,Well,Buried Sand Gravel,41.48355,-91.575489,07/23/2002 13:00:00,GWM,NIT-AMM,Ammonia-nitrogen (AS N),Total,,,,0.05,mg/l,False,0.05,,,LAC10-107-06-1J,USGSGWM,Actual,GW,Water,,,"[]"
8666065,31920002,Riverside 5,Washington,07080209,Well,Buried Sand Gravel,41.48355,-91.575489,07/23/2002 13:00:00,GWM,NIT-ORGN,Organic Nitrogen (AS N),Total,,,,0.06,mg/l,True,0.05,,,LAC10-107-06-2E,USGSGWM,Calculated,GW,Water,,,"[]"
8666065,31920002,Riverside 5,Washington,07080209,Well,Buried Sand Gravel,41.48355,-91.575489,07/23/2002 13:00:00,GWM,14265-44-2,Orthophosphate (AS P),Dissolved,,,,0.21,mg/l,True,0.05,,,LAC10-115-01-1A,USGSGWM,Actual,GW,Water,,,"[]"
8666065,31920002,Riverside 5,Washington,07080209,Well,Buried Sand Gravel,41.48355,-91.575489,07/23/2002 13:00:00,GWM,PHOSP-PHOSP,"Total Phosphorus, mixed forms (AS P)",Total,,,,0.39,mg/l,True,0.05,,,LAC10-115-01-1C,USGSGWM,Actual,GW,Water,,,"[]"
8666065,31920002,Riverside 5,Washington,07080209,Well,Buried Sand Gravel,41.48355,-91.575489,07/23/2002 13:00:00,GWM,NIT-KJELD,Kjeldahl nitrogen (AS N),Total,,,,3.7,mg/l,True,0.05,,,PAI DK03,USGSGWM,Actual,GW,Water,,,"[]"
8666065,31920001,West Chester 1,Washington,07080107,Well,Mississippian,41.33693,-91.81604,07/24/2003 13:10:00,GWM,NIT-AMM,Ammonia-nitrogen (AS N),Total,,,,1.75,mg/l,True,0.05,,,350.1,USGSGWM,Actual,GW,Water,,,"[]"
8666065,31920001,West Chester 1,Washington,07080107,Well,Mississippian,41.33693,-91.81604,07/24/2003 13:10:00,GWM,NIT-NO3-NO2,Nitrate + Nitrite (AS N),Total,,,,0.1,mg/l,False,0.1,,,353.2,USGSGWM,Actual,GW,Water,,,"[]"
8666065,31920001,West Chester 1,Washington,07080107,Well,Mississippian,41.33693,-91.81604,07/24/2003 13:10:00,GWM,14265-44-2,Orthophosphate (AS P),Dissolved,,,,0.02,mg/l,False,0.02,,,365.1,USGSGWM,Actual,GW,Water,,,"[]"
8666065,31920001,West Chester 1,Washington,07080107,Well,Mississippian,41.33693,-91.81604,07/24/2003 13:10:00,GWM,PHOSP-PHOSP,"Total Phosphorus, mixed forms (AS P)",Total,,,,0.05,mg/l,True,0.02,,,365.4,USGSGWM,Actual,GW,Water,,,"[]"
8666065,31920001,West Chester 1,Washington,07080107,Well,Mississippian,41.33693,-91.81604,07/24/2003 13:10:00,GWM,NIT-ORGN,Organic Nitrogen (AS N),Total,,,,0.81,mg/l,True,0.05,,,LAC10-107-06-2E,USGSGWM,Calculated,GW,Water,,,"[]"
8666065,31920001,West Chester 1,Washington,07080107,Well,Mississippian,41.33693,-91.81604,07/24/2003 13:10:00,GWM,NIT-KJELD,Kjeldahl nitrogen (AS N),Total,,,,2.4,mg/l,True,0.05,,,PAI DK03,USGSGWM,Actual,GW,Water,,,"[]"
8666065,31920002,Riverside 5,Washington,07080209,Well,Buried Sand Gravel,41.48355,-91.575489,07/24/2003 11:55:00,GWM,NIT-AMM,Ammonia-nitrogen (AS N),Total,,,,2.5,mg/l,True,0.05,,,350.1,USGSGWM,Actual,GW,Water,,,"[]"
8666065,31920002,Riverside 5,Washington,07080209,Well,Buried Sand Gravel,41.48355,-91.575489,07/24/2003 11:55:00,GWM,NIT-NO3-NO2,Nitrate + Nitrite (AS N),Total,,,,0.1,mg/l,False,0.1,,,353.2,USGSGWM,Actual,GW,Water,,,"[]"
8666065,31920002,Riverside 5,Washington,07080209,Well,Buried Sand Gravel,41.48355,-91.575489,07/24/2003 11:55:00,GWM,14265-44-2,Orthophosphate (AS P),Dissolved,,,,0.1,mg/l,True,0.02,,,365.1,USGSGWM,Actual,GW,Water,,,"[]"
8666065,31920002,Riverside 5,Washington,07080209,Well,Buried Sand Gravel,41.48355,-91.575489,07/24/2003 11:55:00,GWM,PHOSP-PHOSP,"Total Phosphorus, mixed forms (AS P)",Total,,,,0.25,mg/l,True,0.02,,,365.4,USGSGWM,Actual,GW,Water,,,"[]"
8666065,31920002,Riverside 5,Washington,07080209,Well,Buried Sand Gravel,41.48355,-91.575489,07/24/2003 11:55:00,GWM,NIT-ORGN,Organic Nitrogen (AS N),Total,,,,1.5,mg/l,True,0.05,,,LAC10-107-06-2E,USGSGWM,Calculated,GW,Water,,,"[]"
8666065,31920002,Riverside 5,Washington,07080209,Well,Buried Sand Gravel,41.48355,-91.575489,07/24/2003 11:55:00,GWM,NIT-KJELD,Kjeldahl nitrogen (AS N),Total,,,,4,mg/l,True,0.05,,,PAI DK03,USGSGWM,Actual,GW,Water,,,"[]"
8666065,31920002,Riverside 5,Washington,07080209,Well,Buried Sand Gravel,41.48355,-91.575489,06/30/2004 08:45:00,GWM,NIT-AMM,Ammonia-nitrogen (AS N),Total,,,,3.2,mg/l,True,0.05,,,350.1,USGSGWM,Actual,GW,Water,,,"[]"
8666065,31920002,Riverside 5,Washington,07080209,Well,Buried Sand Gravel,41.48355,-91.575489,06/30/2004 08:45:00,GWM,NIT-NO3-NO2,Nitrate + Nitrite (AS N),Total,,,,0.05,mg/l,False,0.05,,,353.2,USGSGWM,Actual,GW,Water,,,"[]"
8666065,31920002,Riverside 5,Washington,07080209,Well,Buried Sand Gravel,41.48355,-91.575489,06/30/2004 08:45:00,GWM,14265-44-2,Orthophosphate (AS P),Dissolved,,,,0.13,mg/l,True,0.02,,,365.1,USGSGWM,Actual,GW,Water,,,"[]"
8666065,31920002,Riverside 5,Washington,07080209,Well,Buried Sand Gravel,41.48355,-91.575489,06/30/2004 08:45:00,GWM,PHOSP-PHOSP,"Total Phosphorus, mixed forms (AS P)",Total,,,,0.43,mg/l,True,0.02,,,365.4,USGSGWM,Actual,GW,Water,,,"[]"
8666065,31920002,Riverside 5,Washington,07080209,Well,Buried Sand Gravel,41.48355,-91.575489,06/30/2004 08:45:00,GWM,NIT-ORGN,Organic Nitrogen,Total,,,,0.32,mg/l,True,0.05,,,LAC10-107-06-2E,USGSGWM,Calculated,GW,Water,,,"[]"
8666065,31920001,West Chester 1,Washington,07080107,Well,Mississippian,41.33693,-91.81604,06/30/2004 10:20:00,GWM,NIT-AMM,Ammonia-nitrogen (AS N),Total,,,,1.7,mg/l,True,0.05,,,350.1,USGSGWM,Actual,GW,Water,,,"[]"
8666065,31920001,West Chester 1,Washington,07080107,Well,Mississippian,41.33693,-91.81604,06/30/2004 10:20:00,GWM,NIT-NO3-NO2,Nitrate + Nitrite (AS N),Total,,,,0.05,mg/l,False,0.05,,,353.2,USGSGWM,Actual,GW,Water,,,"[]"
8666065,31920001,West Chester 1,Washington,07080107,Well,Mississippian,41.33693,-91.81604,06/30/2004 10:20:00,GWM,14265-44-2,Orthophosphate (AS P),Dissolved,,,,0.02,mg/l,False,0.02,,,365.1,USGSGWM,Actual,GW,Water,,,"[]"
8666065,31920001,West Chester 1,Washington,07080107,Well,Mississippian,41.33693,-91.81604,06/30/2004 10:20:00,GWM,PHOSP-PHOSP,"Total Phosphorus, mixed forms (AS P)",Total,,,,0.07,mg/l,True,0.02,,,365.4,USGSGWM,Actual,GW,Water,,,"[]"
8666065,31920001,West Chester 1,Washington,07080107,Well,Mississippian,41.33693,-91.81604,06/30/2004 10:20:00,GWM,NIT-ORGN,Organic Nitrogen,Total,,,,0.54,mg/l,True,0.05,,,LAC10-107-06-2E,USGSGWM,Calculated,GW,Water,,,"[]"
8666065,31920002,Riverside 5,Washington,07080209,Well,Buried Sand Gravel,41.48355,-91.575489,07/25/2005 09:40:00,GWM,NIT-AMM,Ammonia-nitrogen (AS N),Total,,,,3.2,mg/l,True,0.05,,,350.1,USGSGWM,Actual,GW,Water,,,"[]"
8666065,31920002,Riverside 5,Washington,07080209,Well,Buried Sand Gravel,41.48355,-91.575489,07/25/2005 09:40:00,GWM,NIT-KJELD,Kjeldahl nitrogen (AS N),Total,,,,3.5,mg/l,True,0.1,,,351.2,USGSGWM,Actual,GW,Water,,,"[]"
8666065,31920002,Riverside 5,Washington,07080209,Well,Buried Sand Gravel,41.48355,-91.575489,07/25/2005 09:40:00,GWM,NIT-NO3-NO2,Nitrate + Nitrite (AS N),Total,,,,0.05,mg/l,False,0.05,,,353.2,USGSGWM,Actual,GW,Water,,,"[]"
8666065,31920002,Riverside 5,Washington,07080209,Well,Buried Sand Gravel,41.48355,-91.575489,07/25/2005 09:40:00,GWM,14265-44-2,Orthophosphate (AS P),Dissolved,,,,0.17,mg/l,True,0.02,,,365.1,USGSGWM,Actual,GW,Water,,,"[]"
8666065,31920002,Riverside 5,Washington,07080209,Well,Buried Sand Gravel,41.48355,-91.575489,07/25/2005 09:40:00,GWM,PHOSP-PHOSP,"Total Phosphorus, mixed forms (AS P)",Total,,,,0.26,mg/l,True,0.02,,,365.4,USGSGWM,Actual,GW,Water,,,"[]"
8666065,31920002,Riverside 5,Washington,07080209,Well,Buried Sand Gravel,41.48355,-91.575489,07/25/2005 09:40:00,GWM,NIT-ORGN,Organic Nitrogen,Total,,,,0.3,mg/l,True,0.1,,,LAC10-107-06-2E,USGSGWM,Calculated,GW,Water,,,"[]"
8666065,31920003,Crawfordsville 3,Washington,07080107,Well,Cambrian-Ordovician,41.216188,-91.540317,07/26/2005 12:30:00,GWM,NIT-AMM,Ammonia-nitrogen (AS N),Total,,,,1.2,mg/l,True,0.05,,,350.1,USGSGWM,Actual,GW,Water,,,"[]"
8666065,31920003,Crawfordsville 3,Washington,07080107,Well,Cambrian-Ordovician,41.216188,-91.540317,07/26/2005 12:30:00,GWM,NIT-KJELD,Kjeldahl nitrogen (AS N),Total,,,,1.3,mg/l,True,0.1,,,351.2,USGSGWM,Actual,GW,Water,,,"[]"
8666065,31920003,Crawfordsville 3,Washington,07080107,Well,Cambrian-Ordovician,41.216188,-91.540317,07/26/2005 12:30:00,GWM,NIT-NO3-NO2,Nitrate + Nitrite (AS N),Total,,,,0.05,mg/l,False,0.05,,,353.2,USGSGWM,Actual,GW,Water,,,"[]"
8666065,31920003,Crawfordsville 3,Washington,07080107,Well,Cambrian-Ordovician,41.216188,-91.540317,07/26/2005 12:30:00,GWM,14265-44-2,Orthophosphate (AS P),Dissolved,,,,0.02,mg/l,False,0.02,,,365.1,USGSGWM,Actual,GW,Water,,,"[]"
8666065,31920003,Crawfordsville 3,Washington,07080107,Well,Cambrian-Ordovician,41.216188,-91.540317,07/26/2005 12:30:00,GWM,PHOSP-PHOSP,"Total Phosphorus, mixed forms (AS P)",Total,,,,0.02,mg/l,True,0.02,,,365.4,USGSGWM,Actual,GW,Water,,,"[]"
8666065,31920003,Crawfordsville 3,Washington,07080107,Well,Cambrian-Ordovician,41.216188,-91.540317,07/26/2005 12:30:00,GWM,NIT-ORGN,Organic Nitrogen,Total,,,,0.15,mg/l,True,0.1,,,LAC10-107-06-2E,USGSGWM,Calculated,GW,Water,,,"[]"
8666065,31920001,West Chester 1,Washington,07080107,Well,Mississippian,41.33693,-91.81604,08/30/2005 12:45:00,GWM,NIT-AMM,Ammonia-nitrogen (AS N),Total,,,,1.7,mg/l,True,0.05,,,350.1,USGSGWM,Actual,GW,Water,,,"[]"
8666065,31920001,West Chester 1,Washington,07080107,Well,Mississippian,41.33693,-91.81604,08/30/2005 12:45:00,GWM,NIT-KJELD,Kjeldahl nitrogen (AS N),Total,,,,1.7,mg/l,True,0.1,,,351.2,USGSGWM,Actual,GW,Water,,,"[]"
8666065,31920001,West Chester 1,Washington,07080107,Well,Mississippian,41.33693,-91.81604,08/30/2005 12:45:00,GWM,NIT-NO3-NO2,Nitrate + Nitrite (AS N),Total,,,,0.05,mg/l,False,0.05,,,353.2,USGSGWM,Actual,GW,Water,,,"[]"
8666065,31920001,West Chester 1,Washington,07080107,Well,Mississippian,41.33693,-91.81604,08/30/2005 12:45:00,GWM,14265-44-2,Orthophosphate (AS P),Dissolved,,,,0.02,mg/l,False,0.02,,,365.1,USGSGWM,Actual,GW,Water,,,"[]"
8666065,31920001,West Chester 1,Washington,07080107,Well,Mississippian,41.33693,-91.81604,08/30/2005 12:45:00,GWM,PHOSP-PHOSP,"Total Phosphorus, mixed forms (AS P)",Total,,,,0.08,mg/l,True,0.02,,,365.4,USGSGWM,Actual,GW,Water,,,"[]"
8666065,31920001,West Chester 1,Washington,07080107,Well,Mississippian,41.33693,-91.81604,08/30/2005 12:45:00,GWM,NIT-ORGN,Organic Nitrogen,Total,,,,0.1,mg/l,False,0.1,,,LAC10-107-06-2E,USGSGWM,Calculated,GW,Water,,,"[]"
8666065,31920002,Riverside 5,Washington,07080209,Well,Buried Sand Gravel,41.48355,-91.575489,06/12/2006 11:45:00,GWM,NIT-AMM,Ammonia-nitrogen (AS N),Total,,,,3.1,mg/l,True,0.05,,,350.1,USGSGWM,Actual,GW,Water,,,"[]"
8666065,31920002,Riverside 5,Washington,07080209,Well,Buried Sand Gravel,41.48355,-91.575489,06/12/2006 11:45:00,GWM,NIT-KJELD,Kjeldahl nitrogen (AS N),Total,,,,3.4,mg/l,True,0.1,,,351.2,USGSGWM,Actual,GW,Water,,,"[]"
8666065,31920002,Riverside 5,Washington,07080209,Well,Buried Sand Gravel,41.48355,-91.575489,06/12/2006 11:45:00,GWM,NIT-NO3-NO2,Nitrate + Nitrite (AS N),Total,,,,0.05,mg/l,False,0.05,,,353.2,USGSGWM,Actual,GW,Water,,,"[]"
8666065,31920002,Riverside 5,Washington,07080209,Well,Buried Sand Gravel,41.48355,-91.575489,06/12/2006 11:45:00,GWM,14265-44-2,Orthophosphate (AS P),Dissolved,,,,0.08,mg/l,True,0.02,,,365.1,USGSGWM,Actual,GW,Water,,,"[]"
8666065,31920002,Riverside 5,Washington,07080209,Well,Buried Sand Gravel,41.48355,-91.575489,06/12/2006 11:45:00,GWM,PHOSP-PHOSP,"Total Phosphorus, mixed forms (AS P)",Total,,,,0.32,mg/l,True,0.02,,,365.4,USGSGWM,Actual,GW,Water,,,"[]"
8666065,31920002,Riverside 5,Washington,07080209,Well,Buried Sand Gravel,41.48355,-91.575489,06/12/2006 11:45:00,GWM,NIT-ORGN,Organic Nitrogen,Total,,,,0.32,mg/l,True,0.1,,,LAC10-107-06-2E,USGSGWM,Calculated,GW,Water,,,"[]"
8666065,31920001,West Chester 1,Washington,07080107,Well,Mississippian,41.33693,-91.81604,07/27/2006 12:30:00,GWM,NIT-AMM,Ammonia-nitrogen (AS N),Total,,,,1.7,mg/l,True,0.05,,,350.1,USGSGWM,Actual,GW,Water,,,"[]"
8666065,31920001,West Chester 1,Washington,07080107,Well,Mississippian,41.33693,-91.81604,07/27/2006 12:30:00,GWM,NIT-KJELD,Kjeldahl nitrogen (AS N),Total,,,,1.7,mg/l,True,0.1,,,351.2,USGSGWM,Actual,GW,Water,,,"[]"
8666065,31920001,West Chester 1,Washington,07080107,Well,Mississippian,41.33693,-91.81604,07/27/2006 12:30:00,GWM,NIT-NO3-NO2,Nitrate + Nitrite (AS N),Total,,,,0.05,mg/l,False,0.05,,,353.2,USGSGWM,Actual,GW,Water,,,"[]"
8666065,31920001,West Chester 1,Washington,07080107,Well,Mississippian,41.33693,-91.81604,07/27/2006 12:30:00,GWM,14265-44-2,Orthophosphate (AS P),Dissolved,,,,0.02,mg/l,False,0.02,,,365.1,USGSGWM,Actual,GW,Water,,,"[]"
8666065,31920001,West Chester 1,Washington,07080107,Well,Mississippian,41.33693,-91.81604,07/27/2006 12:30:00,GWM,PHOSP-PHOSP,"Total Phosphorus, mixed forms (AS P)",Total,,,,0.08,mg/l,True,0.02,,,365.4,USGSGWM,Actual,GW,Water,,,"[]"
8666065,31920001,West Chester 1,Washington,07080107,Well,Mississippian,41.33693,-91.81604,07/27/2006 12:30:00,GWM,NIT-ORGN,Organic Nitrogen,Total,,,,0.1,mg/l,False,0.1,,,Unknown,USGSGWM,Calculated,GW,Water,,,"[]"
8666065,31920004,Kalona 3,Washington,07080209,Well,Alluvium,41.482222,-91.71834,08/15/2006 10:30:00,GWM,NIT-AMM,Ammonia-nitrogen (AS N),Total,,,,0.05,mg/l,False,0.05,,,350.1,USGSGWM,Actual,GW,Water,,,"[]"
8666065,31920004,Kalona 3,Washington,07080209,Well,Alluvium,41.482222,-91.71834,08/15/2006 10:30:00,GWM,NIT-KJELD,Kjeldahl nitrogen (AS N),Total,,,,0.2,mg/l,True,0.1,,,351.2,USGSGWM,Actual,GW,Water,,,"[]"
8666065,31920004,Kalona 3,Washington,07080209,Well,Alluvium,41.482222,-91.71834,08/15/2006 10:30:00,GWM,NIT-NO3-NO2,Nitrate + Nitrite (AS N),Total,,,,0.05,mg/l,False,0.05,,,353.2,USGSGWM,Actual,GW,Water,,,"[]"
8666065,31920004,Kalona 3,Washington,07080209,Well,Alluvium,41.482222,-91.71834,08/15/2006 10:30:00,GWM,14265-44-2,Orthophosphate (AS P),Dissolved,,,,0.02,mg/l,False,0.02,,,365.1,USGSGWM,Actual,GW,Water,,,"[]"
8666065,31920004,Kalona 3,Washington,07080209,Well,Alluvium,41.482222,-91.71834,08/15/2006 10:30:00,GWM,PHOSP-PHOSP,"Total Phosphorus, mixed forms (AS P)",Total,,,,0.07,mg/l,True,0.02,,,365.4,USGSGWM,Actual,GW,Water,,,"[]"
8666065,31920004,Kalona 3,Washington,07080209,Well,Alluvium,41.482222,-91.71834,08/15/2006 10:30:00,GWM,NIT-ORGN,Organic Nitrogen,Total,,,,0.2,mg/l,True,0.1,,,LAC10-107-06-2E,USGSGWM,Calculated,GW,Water,,,"[]"
8666065,31920001,West Chester 1,Washington,07080107,Well,Mississippian,41.33693,-91.81604,09/17/2012 18:35:00,GWM,NIT-NO3-NO2,Nitrate + Nitrite (AS N),Total,,,,0.1,mg/l,False,0.1,,,LAC10-107-04-1J,GWMPWS,Actual,GW,Water,,,"[]"
8666065,31920001,West Chester 1,Washington,07080107,Well,Mississippian,41.33693,-91.81604,09/17/2012 18:35:00,GWM,NIT-AMM,Ammonia-nitrogen (AS N),Total,,,,1.8,mg/l,True,0.05,,,LAC10-107-06-1J,GWMPWS,Actual,GW,Water,,,"[]"
8666065,31920001,West Chester 1,Washington,07080107,Well,Mississippian,41.33693,-91.81604,09/17/2012 18:35:00,GWM,NIT-KJELD,Kjeldahl nitrogen (AS N),Total,,,,1.9,mg/l,True,0.1,,,LAC10-107-06-2E,GWMPWS,Actual,GW,Water,,,"[]"
8666065,31920001,West Chester 1,Washington,07080107,Well,Mississippian,41.33693,-91.81604,09/17/2012 18:35:00,GWM,14265-44-2,Orthophosphate (AS P),Dissolved,,,,0.02,mg/l,True,0.02,,,LAC10-115-01-1A,GWMPWS,Actual,GW,Water,,,"[]"
8666065,31920001,West Chester 1,Washington,07080107,Well,Mississippian,41.33693,-91.81604,09/17/2012 18:35:00,GWM,PHOSP-PHOSP,"Total Phosphorus, mixed forms (AS P)",Total,,,,0.06,mg/l,True,0.02,,,LAC10-115-01-1D,GWMPWS,Actual,GW,Water,,,"[]"
8666065,31920001,West Chester 1,Washington,07080107,Well,Mississippian,41.33693,-91.81604,12/14/2017 12:15:00,GWM,NIT-NO3-NO2,Nitrate + Nitrite (AS N),None,,,,0.1,mg/l,False,0.1,,,LAC10-107-06-1J,GWM,Actual,GW,Water,,,"[]"
8666065,31920001,West Chester 1,Washington,07080107,Well,Mississippian,41.33693,-91.81604,12/14/2017 12:15:00,GWM,NIT-AMM,Ammonia-nitrogen (AS N),None,,,,1.5,mg/l,True,0.05,,,LAC10-107-06-1J,GWM,Actual,GW,Water,,,"[]"
