facilityID,siteID,name,county,huc8,type,aquifer,latitude,longitude,sampleDate,projectCode,cas_rn,analyte,fraction,relDepth,sampDepth,sampDepthUnit,result,unit,detect,detectLimit,quantFlag,quantLimit,method,colMethod,resultType,matrix,medium,qualFlag,remark,xParams
8666065,31940002,Fort Dodge 16,Webster,07100004,Well,Cambrian-Ordovician,42.51107,-94.2024,08/20/2002 08:00:00,GWM,NIT-NO3-NO2,Nitrate + Nitrite (AS N),Total,,,,0.1,mg/l,False,0.1,,,353.2,USGSGWM,Actual,GW,Water,,,"[]"
8666065,31940002,Fort Dodge 16,Webster,07100004,Well,Cambrian-Ordovician,42.51107,-94.2024,08/20/2002 08:00:00,GWM,NIT-AMM,Ammonia-nitrogen (AS N),Total,,,,0.47,mg/l,True,0.05,,,LAC10-107-06-1J,USGSGWM,Actual,GW,Water,,,"[]"
8666065,31940002,Fort Dodge 16,Webster,07100004,Well,Cambrian-Ordovician,42.51107,-94.2024,08/20/2002 08:00:00,GWM,NIT-ORGN,Organic Nitrogen (AS N),Total,,,,0.47,mg/l,True,0.05,,,LAC10-107-06-2E,USGSGWM,Calculated,GW,Water,,,"[]"
8666065,31940002,Fort Dodge 16,Webster,07100004,Well,Cambrian-Ordovician,42.51107,-94.2024,08/20/2002 08:00:00,GWM,14265-44-2,Orthophosphate (AS P),Dissolved,,,,0.05,mg/l,False,0.05,,,LAC10-115-01-1A,USGSGWM,Actual,GW,Water,,,"[]"
8666065,31940002,Fort Dodge 16,Webster,07100004,Well,Cambrian-Ordovician,42.51107,-94.2024,08/20/2002 08:00:00,GWM,PHOSP-PHOSP,"Total Phosphorus, mixed forms (AS P)",Total,,,,0.05,mg/l,False,0.05,,,LAC10-115-01-1C,USGSGWM,Actual,GW,Water,,,"[]"
8666065,31940002,Fort Dodge 16,Webster,07100004,Well,Cambrian-Ordovician,42.51107,-94.2024,08/20/2002 08:00:00,GWM,NIT-KJELD,Kjeldahl nitrogen (AS N),Total,,,,0.05,mg/l,False,0.05,,,PAI DK03,USGSGWM,Actual,GW,Water,,,"[]"
8666065,31940001,Fort Dodge 12,Webster,07100004,Well,Mississippian,42.50687,-94.19991,08/20/2002 10:00:00,GWM,NIT-NO3-NO2,Nitrate + Nitrite (AS N),Total,,,,0.1,mg/l,False,0.1,,,353.2,USGSGWM,Actual,GW,Water,,,"[]"
8666065,31940001,Fort Dodge 12,Webster,07100004,Well,Mississippian,42.50687,-94.19991,08/20/2002 10:00:00,GWM,NIT-AMM,Ammonia-nitrogen (AS N),Total,,,,0.76,mg/l,True,0.05,,,LAC10-107-06-1J,USGSGWM,Actual,GW,Water,,,"[]"
8666065,31940001,Fort Dodge 12,Webster,07100004,Well,Mississippian,42.50687,-94.19991,08/20/2002 10:00:00,GWM,NIT-ORGN,Organic Nitrogen (AS N),Total,,,,0.23,mg/l,True,0.05,,,LAC10-107-06-2E,USGSGWM,Calculated,GW,Water,,,"[]"
8666065,31940001,Fort Dodge 12,Webster,07100004,Well,Mississippian,42.50687,-94.19991,08/20/2002 10:00:00,GWM,14265-44-2,Orthophosphate (AS P),Dissolved,,,,0.05,mg/l,False,0.05,,,LAC10-115-01-1A,USGSGWM,Actual,GW,Water,,,"[]"
8666065,31940001,Fort Dodge 12,Webster,07100004,Well,Mississippian,42.50687,-94.19991,08/20/2002 10:00:00,GWM,PHOSP-PHOSP,"Total Phosphorus, mixed forms (AS P)",Total,,,,0.07,mg/l,True,0.05,,,LAC10-115-01-1C,USGSGWM,Actual,GW,Water,,,"[]"
8666065,31940001,Fort Dodge 12,Webster,07100004,Well,Mississippian,42.50687,-94.19991,08/20/2002 10:00:00,GWM,NIT-KJELD,Kjeldahl nitrogen (AS N),Total,,,,1,mg/l,True,0.05,,,PAI DK03,USGSGWM,Actual,GW,Water,,,"[]"
8666065,31940008,Badger 2,Webster,07100004,Well,Mississippian,42.614691,-94.147955,09/13/2002 10:30:00,GWM,NIT-NO3-NO2,Nitrate + Nitrite (AS N),Total,,,,0.1,mg/l,False,0.1,,,353.2,USGSGWM,Actual,GW,Water,,,"[]"
8666065,31940008,Badger 2,Webster,07100004,Well,Mississippian,42.614691,-94.147955,09/13/2002 10:30:00,GWM,NIT-AMM,Ammonia-nitrogen (AS N),Total,,,,0.26,mg/l,True,0.05,,,LAC10-107-06-1J,USGSGWM,Actual,GW,Water,,,"[]"
8666065,31940008,Badger 2,Webster,07100004,Well,Mississippian,42.614691,-94.147955,09/13/2002 10:30:00,GWM,NIT-ORGN,Organic Nitrogen (AS N),Total,,,,0.19,mg/l,True,0.05,,,LAC10-107-06-2E,USGSGWM,Calculated,GW,Water,,,"[]"
8666065,31940008,Badger 2,Webster,07100004,Well,Mississippian,42.614691,-94.147955,09/13/2002 10:30:00,GWM,14265-44-2,Orthophosphate (AS P),Dissolved,,,,0.05,mg/l,False,0.05,,,LAC10-115-01-1A,USGSGWM,Actual,GW,Water,,,"[]"
8666065,31940008,Badger 2,Webster,07100004,Well,Mississippian,42.614691,-94.147955,09/13/2002 10:30:00,GWM,PHOSP-PHOSP,"Total Phosphorus, mixed forms (AS P)",Total,,,,0.05,mg/l,False,0.05,,,LAC10-115-01-1C,USGSGWM,Actual,GW,Water,,,"[]"
8666065,31940008,Badger 2,Webster,07100004,Well,Mississippian,42.614691,-94.147955,09/13/2002 10:30:00,GWM,NIT-KJELD,Kjeldahl nitrogen (AS N),Total,,,,0.45,mg/l,True,0.05,,,PAI DK03,USGSGWM,Actual,GW,Water,,,"[]"
8666065,31940006,Fort Dodge 9,Webster,07100004,Well,Mississippian,42.50619,-94.19935,09/13/2002 08:00:00,GWM,NIT-NO3-NO2,Nitrate + Nitrite (AS N),Total,,,,0.1,mg/l,False,0.1,,,353.2,USGSGWM,Actual,GW,Water,,,"[]"
8666065,31940006,Fort Dodge 9,Webster,07100004,Well,Mississippian,42.50619,-94.19935,09/13/2002 08:00:00,GWM,NIT-AMM,Ammonia-nitrogen (AS N),Total,,,,0.91,mg/l,True,0.05,,,LAC10-107-06-1J,USGSGWM,Actual,GW,Water,,,"[]"
8666065,31940006,Fort Dodge 9,Webster,07100004,Well,Mississippian,42.50619,-94.19935,09/13/2002 08:00:00,GWM,NIT-ORGN,Organic Nitrogen (AS N),Total,,,,0.39,mg/l,True,0.05,,,LAC10-107-06-2E,USGSGWM,Calculated,GW,Water,,,"[]"
8666065,31940006,Fort Dodge 9,Webster,07100004,Well,Mississippian,42.50619,-94.19935,09/13/2002 08:00:00,GWM,14265-44-2,Orthophosphate (AS P),Dissolved,,,,0.05,mg/l,False,0.05,,,LAC10-115-01-1A,USGSGWM,Actual,GW,Water,,,"[]"
8666065,31940006,Fort Dodge 9,Webster,07100004,Well,Mississippian,42.50619,-94.19935,09/13/2002 08:00:00,GWM,PHOSP-PHOSP,"Total Phosphorus, mixed forms (AS P)",Total,,,,0.05,mg/l,False,0.05,,,LAC10-115-01-1C,USGSGWM,Actual,GW,Water,,,"[]"
8666065,31940006,Fort Dodge 9,Webster,07100004,Well,Mississippian,42.50619,-94.19935,09/13/2002 08:00:00,GWM,NIT-KJELD,Kjeldahl nitrogen (AS N),Total,,,,1.3,mg/l,True,0.05,,,PAI DK03,USGSGWM,Actual,GW,Water,,,"[]"
8666065,31940009,Barnum 2,Webster,07100004,Well,Mississippian,42.507168,-94.361411,10/24/2002 10:00:00,GWM,NIT-NO3-NO2,Nitrate + Nitrite (AS N),Total,,,,0.1,mg/l,False,0.1,,,353.2,USGSGWM,Actual,GW,Water,,,"[]"
8666065,31940009,Barnum 2,Webster,07100004,Well,Mississippian,42.507168,-94.361411,10/24/2002 10:00:00,GWM,14265-44-2,Orthophosphate (AS P),Dissolved,,,,0.05,mg/l,False,0.05,,,4500-P-E,USGSGWM,Actual,GW,Water,,,"[]"
8666065,31940009,Barnum 2,Webster,07100004,Well,Mississippian,42.507168,-94.361411,10/24/2002 10:00:00,GWM,NIT-AMM,Ammonia-nitrogen (AS N),Total,,,,1.6,mg/l,True,0.05,,,LAC10-107-06-1J,USGSGWM,Actual,GW,Water,,,"[]"
8666065,31940009,Barnum 2,Webster,07100004,Well,Mississippian,42.507168,-94.361411,10/24/2002 10:00:00,GWM,NIT-ORGN,Organic Nitrogen (AS N),Total,,,,0.47,mg/l,True,0.05,,,LAC10-107-06-2E,USGSGWM,Calculated,GW,Water,,,"[]"
8666065,31940009,Barnum 2,Webster,07100004,Well,Mississippian,42.507168,-94.361411,10/24/2002 10:00:00,GWM,PHOSP-PHOSP,"Total Phosphorus, mixed forms (AS P)",Total,,,,0.09,mg/l,True,0.05,,,LAC10-115-01-1C,USGSGWM,Actual,GW,Water,,,"[]"
8666065,31940009,Barnum 2,Webster,07100004,Well,Mississippian,42.507168,-94.361411,10/24/2002 10:00:00,GWM,NIT-KJELD,Kjeldahl nitrogen (AS N),Total,,,,2.1,mg/l,True,0.05,,,PAI DK03,USGSGWM,Actual,GW,Water,,,"[]"
8666065,31940007,Clare 1,Webster,07100004,Well,Dakota,42.586494,-94.339627,10/24/2002 08:00:00,GWM,NIT-NO3-NO2,Nitrate + Nitrite (AS N),Total,,,,0.1,mg/l,False,0.1,,,353.2,USGSGWM,Actual,GW,Water,,,"[]"
8666065,31940007,Clare 1,Webster,07100004,Well,Dakota,42.586494,-94.339627,10/24/2002 08:00:00,GWM,14265-44-2,Orthophosphate (AS P),Dissolved,,,,0.05,mg/l,False,0.05,,,4500-P-E,USGSGWM,Actual,GW,Water,,,"[]"
8666065,31940007,Clare 1,Webster,07100004,Well,Dakota,42.586494,-94.339627,10/24/2002 08:00:00,GWM,NIT-AMM,Ammonia-nitrogen (AS N),Total,,,,0.3,mg/l,True,0.05,,,LAC10-107-06-1J,USGSGWM,Actual,GW,Water,,,"[]"
8666065,31940007,Clare 1,Webster,07100004,Well,Dakota,42.586494,-94.339627,10/24/2002 08:00:00,GWM,NIT-ORGN,Organic Nitrogen (AS N),Total,,,,0.08,mg/l,True,0.05,,,LAC10-107-06-2E,USGSGWM,Calculated,GW,Water,,,"[]"
8666065,31940007,Clare 1,Webster,07100004,Well,Dakota,42.586494,-94.339627,10/24/2002 08:00:00,GWM,PHOSP-PHOSP,"Total Phosphorus, mixed forms (AS P)",Total,,,,0.05,mg/l,False,0.05,,,LAC10-115-01-1C,USGSGWM,Actual,GW,Water,,,"[]"
8666065,31940007,Clare 1,Webster,07100004,Well,Dakota,42.586494,-94.339627,10/24/2002 08:00:00,GWM,NIT-KJELD,Kjeldahl nitrogen (AS N),Total,,,,0.38,mg/l,True,0.05,,,PAI DK03,USGSGWM,Actual,GW,Water,,,"[]"
8666065,31940004,Duncombe 3,Webster,07100004,Well,Mississippian,42.469915,-93.988796,07/31/2003 08:30:00,GWM,NIT-AMM,Ammonia-nitrogen (AS N),Total,,,,3,mg/l,True,0.05,,,350.1,USGSGWM,Actual,GW,Water,,,"[]"
8666065,31940004,Duncombe 3,Webster,07100004,Well,Mississippian,42.469915,-93.988796,07/31/2003 08:30:00,GWM,NIT-NO3-NO2,Nitrate + Nitrite (AS N),Total,,,,0.1,mg/l,False,0.1,,,353.2,USGSGWM,Actual,GW,Water,,,"[]"
8666065,31940004,Duncombe 3,Webster,07100004,Well,Mississippian,42.469915,-93.988796,07/31/2003 08:30:00,GWM,14265-44-2,Orthophosphate (AS P),Dissolved,,,,0.03,mg/l,True,0.02,,,365.1,USGSGWM,Actual,GW,Water,,,"[]"
8666065,31940004,Duncombe 3,Webster,07100004,Well,Mississippian,42.469915,-93.988796,07/31/2003 08:30:00,GWM,PHOSP-PHOSP,"Total Phosphorus, mixed forms (AS P)",Total,,,,0.16,mg/l,True,0.02,,,365.4,USGSGWM,Actual,GW,Water,,,"[]"
8666065,31940004,Duncombe 3,Webster,07100004,Well,Mississippian,42.469915,-93.988796,07/31/2003 08:30:00,GWM,NIT-ORGN,Organic Nitrogen (AS N),Total,,,,1.2,mg/l,True,0.05,,,LAC10-107-06-2E,USGSGWM,Calculated,GW,Water,,,"[]"
8666065,31940004,Duncombe 3,Webster,07100004,Well,Mississippian,42.469915,-93.988796,07/31/2003 08:30:00,GWM,NIT-KJELD,Kjeldahl nitrogen (AS N),Total,,,,3.9,mg/l,True,0.05,,,PAI DK03,USGSGWM,Actual,GW,Water,,,"[]"
8666065,31940005,Otho 3,Webster,07100004,Well,Multiple Aquifers,42.42328,-94.15287,07/31/2003 09:20:00,GWM,NIT-AMM,Ammonia-nitrogen (AS N),Total,,,,0.47,mg/l,True,0.05,,,350.1,USGSGWM,Actual,GW,Water,,,"[]"
8666065,31940005,Otho 3,Webster,07100004,Well,Multiple Aquifers,42.42328,-94.15287,07/31/2003 09:20:00,GWM,NIT-NO3-NO2,Nitrate + Nitrite (AS N),Total,,,,0.1,mg/l,False,0.1,,,353.2,USGSGWM,Actual,GW,Water,,,"[]"
8666065,31940005,Otho 3,Webster,07100004,Well,Multiple Aquifers,42.42328,-94.15287,07/31/2003 09:20:00,GWM,14265-44-2,Orthophosphate (AS P),Dissolved,,,,0.02,mg/l,False,0.02,,,365.1,USGSGWM,Actual,GW,Water,,,"[]"
8666065,31940005,Otho 3,Webster,07100004,Well,Multiple Aquifers,42.42328,-94.15287,07/31/2003 09:20:00,GWM,PHOSP-PHOSP,"Total Phosphorus, mixed forms (AS P)",Total,,,,0.02,mg/l,False,0.02,,,365.4,USGSGWM,Actual,GW,Water,,,"[]"
8666065,31940005,Otho 3,Webster,07100004,Well,Multiple Aquifers,42.42328,-94.15287,07/31/2003 09:20:00,GWM,NIT-ORGN,Organic Nitrogen (AS N),Total,,,,0.07,mg/l,True,0.05,,,LAC10-107-06-2E,USGSGWM,Calculated,GW,Water,,,"[]"
8666065,31940005,Otho 3,Webster,07100004,Well,Multiple Aquifers,42.42328,-94.15287,07/31/2003 09:20:00,GWM,NIT-KJELD,Kjeldahl nitrogen (AS N),Total,,,,0.54,mg/l,True,0.05,,,PAI DK03,USGSGWM,Actual,GW,Water,,,"[]"
8666065,31940001,Fort Dodge 12,Webster,07100004,Well,Mississippian,42.50687,-94.19991,08/01/2003 08:55:00,GWM,NIT-AMM,Ammonia-nitrogen (AS N),Total,,,,0.59,mg/l,True,0.05,,,350.1,USGSGWM,Actual,GW,Water,,,"[]"
8666065,31940001,Fort Dodge 12,Webster,07100004,Well,Mississippian,42.50687,-94.19991,08/01/2003 08:55:00,GWM,NIT-NO3-NO2,Nitrate + Nitrite (AS N),Total,,,,0.1,mg/l,False,0.1,,,353.2,USGSGWM,Actual,GW,Water,,,"[]"
8666065,31940001,Fort Dodge 12,Webster,07100004,Well,Mississippian,42.50687,-94.19991,08/01/2003 08:55:00,GWM,14265-44-2,Orthophosphate (AS P),Dissolved,,,,0.02,mg/l,False,0.02,,,365.1,USGSGWM,Actual,GW,Water,,,"[]"
8666065,31940001,Fort Dodge 12,Webster,07100004,Well,Mississippian,42.50687,-94.19991,08/01/2003 08:55:00,GWM,PHOSP-PHOSP,"Total Phosphorus, mixed forms (AS P)",Total,,,,0.02,mg/l,False,0.02,,,365.4,USGSGWM,Actual,GW,Water,,,"[]"
8666065,31940001,Fort Dodge 12,Webster,07100004,Well,Mississippian,42.50687,-94.19991,08/01/2003 08:55:00,GWM,NIT-ORGN,Organic Nitrogen (AS N),Total,,,,0.22,mg/l,True,0.05,,,LAC10-107-06-2E,USGSGWM,Calculated,GW,Water,,,"[]"
8666065,31940001,Fort Dodge 12,Webster,07100004,Well,Mississippian,42.50687,-94.19991,08/01/2003 08:55:00,GWM,NIT-KJELD,Kjeldahl nitrogen (AS N),Total,,,,0.82,mg/l,True,0.05,,,PAI DK03,USGSGWM,Actual,GW,Water,,,"[]"
8666065,31940002,Fort Dodge 16,Webster,07100004,Well,Cambrian-Ordovician,42.51107,-94.2024,08/01/2003 08:15:00,GWM,NIT-AMM,Ammonia-nitrogen (AS N),Total,,,,0.38,mg/l,True,0.05,,,350.1,USGSGWM,Actual,GW,Water,,,"[]"
8666065,31940002,Fort Dodge 16,Webster,07100004,Well,Cambrian-Ordovician,42.51107,-94.2024,08/01/2003 08:15:00,GWM,NIT-NO3-NO2,Nitrate + Nitrite (AS N),Total,,,,0.1,mg/l,False,0.1,,,353.2,USGSGWM,Actual,GW,Water,,,"[]"
8666065,31940002,Fort Dodge 16,Webster,07100004,Well,Cambrian-Ordovician,42.51107,-94.2024,08/01/2003 08:15:00,GWM,14265-44-2,Orthophosphate (AS P),Dissolved,,,,0.02,mg/l,False,0.02,,,365.1,USGSGWM,Actual,GW,Water,,,"[]"
8666065,31940002,Fort Dodge 16,Webster,07100004,Well,Cambrian-Ordovician,42.51107,-94.2024,08/01/2003 08:15:00,GWM,PHOSP-PHOSP,"Total Phosphorus, mixed forms (AS P)",Total,,,,0.02,mg/l,False,0.02,,,365.4,USGSGWM,Actual,GW,Water,,,"[]"
8666065,31940002,Fort Dodge 16,Webster,07100004,Well,Cambrian-Ordovician,42.51107,-94.2024,08/01/2003 08:15:00,GWM,NIT-ORGN,Organic Nitrogen (AS N),Total,,,,0.08,mg/l,True,0.05,,,LAC10-107-06-2E,USGSGWM,Calculated,GW,Water,,,"[]"
8666065,31940002,Fort Dodge 16,Webster,07100004,Well,Cambrian-Ordovician,42.51107,-94.2024,08/01/2003 08:15:00,GWM,NIT-KJELD,Kjeldahl nitrogen (AS N),Total,,,,0.46,mg/l,True,0.05,,,PAI DK03,USGSGWM,Actual,GW,Water,,,"[]"
8666065,31940001,Fort Dodge 12,Webster,07100004,Well,Mississippian,42.50687,-94.19991,07/21/2004 12:00:00,GWM,NIT-AMM,Ammonia-nitrogen (AS N),Total,,,,0.62,mg/l,True,0.05,,,350.1,USGSGWM,Actual,GW,Water,,,"[]"
8666065,31940001,Fort Dodge 12,Webster,07100004,Well,Mississippian,42.50687,-94.19991,07/21/2004 12:00:00,GWM,NIT-NO3-NO2,Nitrate + Nitrite (AS N),Total,,,,0.05,mg/l,False,0.05,,,353.2,USGSGWM,Actual,GW,Water,,,"[]"
8666065,31940001,Fort Dodge 12,Webster,07100004,Well,Mississippian,42.50687,-94.19991,07/21/2004 12:00:00,GWM,14265-44-2,Orthophosphate (AS P),Dissolved,,,,0.02,mg/l,False,0.02,,,365.1,USGSGWM,Actual,GW,Water,,,"[]"
8666065,31940001,Fort Dodge 12,Webster,07100004,Well,Mississippian,42.50687,-94.19991,07/21/2004 12:00:00,GWM,PHOSP-PHOSP,"Total Phosphorus, mixed forms (AS P)",Total,,,,0.04,mg/l,True,0.02,,,365.4,USGSGWM,Actual,GW,Water,,,"[]"
8666065,31940001,Fort Dodge 12,Webster,07100004,Well,Mississippian,42.50687,-94.19991,07/21/2004 12:00:00,GWM,NIT-ORGN,Organic Nitrogen,Total,,,,0.14,mg/l,True,0.05,,,LAC10-107-06-2E,USGSGWM,Calculated,GW,Water,,,"[]"
8666065,31940002,Fort Dodge 16,Webster,07100004,Well,Cambrian-Ordovician,42.51107,-94.2024,07/21/2004 13:00:00,GWM,NIT-AMM,Ammonia-nitrogen (AS N),Total,,,,0.4,mg/l,True,0.05,,,350.1,USGSGWM,Actual,GW,Water,,,"[]"
8666065,31940002,Fort Dodge 16,Webster,07100004,Well,Cambrian-Ordovician,42.51107,-94.2024,07/21/2004 13:00:00,GWM,NIT-NO3-NO2,Nitrate + Nitrite (AS N),Total,,,,0.05,mg/l,False,0.05,,,353.2,USGSGWM,Actual,GW,Water,,,"[]"
8666065,31940002,Fort Dodge 16,Webster,07100004,Well,Cambrian-Ordovician,42.51107,-94.2024,07/21/2004 13:00:00,GWM,14265-44-2,Orthophosphate (AS P),Dissolved,,,,0.02,mg/l,False,0.02,,,365.1,USGSGWM,Actual,GW,Water,,,"[]"
8666065,31940002,Fort Dodge 16,Webster,07100004,Well,Cambrian-Ordovician,42.51107,-94.2024,07/21/2004 13:00:00,GWM,PHOSP-PHOSP,"Total Phosphorus, mixed forms (AS P)",Total,,,,0.02,mg/l,False,0.02,,,365.4,USGSGWM,Actual,GW,Water,,,"[]"
8666065,31940002,Fort Dodge 16,Webster,07100004,Well,Cambrian-Ordovician,42.51107,-94.2024,07/21/2004 13:00:00,GWM,NIT-ORGN,Organic Nitrogen,Total,,,,0.07,mg/l,True,0.05,,,LAC10-107-06-2E,USGSGWM,Calculated,GW,Water,,,"[]"
8666065,31940002,Fort Dodge 16,Webster,07100004,Well,Cambrian-Ordovician,42.51107,-94.2024,06/21/2005 11:30:00,GWM,NIT-AMM,Ammonia-nitrogen (AS N),Total,,,,0.39,mg/l,True,0.05,,,350.1,USGSGWM,Actual,GW,Water,,,"[]"
8666065,31940002,Fort Dodge 16,Webster,07100004,Well,Cambrian-Ordovician,42.51107,-94.2024,06/21/2005 11:30:00,GWM,NIT-NO3-NO2,Nitrate + Nitrite (AS N),Total,,,,0.05,mg/l,False,0.05,,,353.2,USGSGWM,Actual,GW,Water,,,"[]"
8666065,31940002,Fort Dodge 16,Webster,07100004,Well,Cambrian-Ordovician,42.51107,-94.2024,06/21/2005 11:30:00,GWM,14265-44-2,Orthophosphate (AS P),Dissolved,,,,0.02,mg/l,False,0.02,,,365.1,USGSGWM,Actual,GW,Water,,,"[]"
8666065,31940002,Fort Dodge 16,Webster,07100004,Well,Cambrian-Ordovician,42.51107,-94.2024,06/21/2005 11:30:00,GWM,PHOSP-PHOSP,"Total Phosphorus, mixed forms (AS P)",Total,,,,0.02,mg/l,True,0.02,,,365.4,USGSGWM,Actual,GW,Water,,,"[]"
8666065,31940002,Fort Dodge 16,Webster,07100004,Well,Cambrian-Ordovician,42.51107,-94.2024,06/21/2005 11:30:00,GWM,NIT-ORGN,Organic Nitrogen,Total,,,,0.38,mg/l,True,0.05,,,LAC10-107-06-2E,USGSGWM,Calculated,GW,Water,,,"[]"
8666065,31940003,Callender 1,Webster,07100006,Well,Multiple Aquifers,42.361826,-94.295996,07/11/2005 10:20:00,GWM,NIT-AMM,Ammonia-nitrogen (AS N),Total,,,,0.54,mg/l,True,0.05,,,350.1,USGSGWM,Actual,GW,Water,,,"[]"
8666065,31940003,Callender 1,Webster,07100006,Well,Multiple Aquifers,42.361826,-94.295996,07/11/2005 10:20:00,GWM,NIT-KJELD,Kjeldahl nitrogen (AS N),Total,,,,0.63,mg/l,True,0.1,,,351.2,USGSGWM,Actual,GW,Water,,,"[]"
8666065,31940003,Callender 1,Webster,07100006,Well,Multiple Aquifers,42.361826,-94.295996,07/11/2005 10:20:00,GWM,NIT-NO3-NO2,Nitrate + Nitrite (AS N),Total,,,,0.05,mg/l,False,0.05,,,353.2,USGSGWM,Actual,GW,Water,,,"[]"
8666065,31940003,Callender 1,Webster,07100006,Well,Multiple Aquifers,42.361826,-94.295996,07/11/2005 10:20:00,GWM,PHOSP-PHOSP,"Total Phosphorus, mixed forms (AS P)",Total,,,,0.04,mg/l,True,0.02,,,365.4,USGSGWM,Actual,GW,Water,,,"[]"
8666065,31940003,Callender 1,Webster,07100006,Well,Multiple Aquifers,42.361826,-94.295996,07/11/2005 10:20:00,GWM,14265-44-2,Orthophosphate (AS P),Dissolved,,,,0.02,mg/l,False,0.02,,,4500-P-E,USGSGWM,Actual,GW,Water,,,"[]"
8666065,31940003,Callender 1,Webster,07100006,Well,Multiple Aquifers,42.361826,-94.295996,07/11/2005 10:20:00,GWM,NIT-ORGN,Organic Nitrogen,Total,,,,0.1,mg/l,False,0.1,,,LAC10-107-06-2E,USGSGWM,Calculated,GW,Water,,,"[]"
8666065,31940001,Fort Dodge 12,Webster,07100004,Well,Mississippian,42.50687,-94.19991,07/12/2005 09:00:00,GWM,NIT-AMM,Ammonia-nitrogen (AS N),Total,,,,0.62,mg/l,True,0.05,,,350.1,USGSGWM,Actual,GW,Water,,,"[]"
8666065,31940001,Fort Dodge 12,Webster,07100004,Well,Mississippian,42.50687,-94.19991,07/12/2005 09:00:00,GWM,NIT-KJELD,Kjeldahl nitrogen (AS N),Total,,,,0.57,mg/l,True,0.1,,,351.2,USGSGWM,Actual,GW,Water,,,"[]"
8666065,31940001,Fort Dodge 12,Webster,07100004,Well,Mississippian,42.50687,-94.19991,07/12/2005 09:00:00,GWM,NIT-NO3-NO2,Nitrate + Nitrite (AS N),Total,,,,0.05,mg/l,False,0.05,,,353.2,USGSGWM,Actual,GW,Water,,,"[]"
8666065,31940001,Fort Dodge 12,Webster,07100004,Well,Mississippian,42.50687,-94.19991,07/12/2005 09:00:00,GWM,14265-44-2,Orthophosphate (AS P),Dissolved,,,,0.02,mg/l,False,0.02,,,365.1,USGSGWM,Actual,GW,Water,,,"[]"
8666065,31940001,Fort Dodge 12,Webster,07100004,Well,Mississippian,42.50687,-94.19991,07/12/2005 09:00:00,GWM,PHOSP-PHOSP,"Total Phosphorus, mixed forms (AS P)",Total,,,,0.07,mg/l,True,0.02,,,365.4,USGSGWM,Actual,GW,Water,,,"[]"
8666065,31940001,Fort Dodge 12,Webster,07100004,Well,Mississippian,42.50687,-94.19991,07/12/2005 09:00:00,GWM,NIT-ORGN,Organic Nitrogen,Total,,,,0.1,mg/l,False,0.1,,,LAC10-107-06-2E,USGSGWM,Calculated,GW,Water,,,"[]"
8666065,31940002,Fort Dodge 16,Webster,07100004,Well,Cambrian-Ordovician,42.51107,-94.2024,06/08/2006 09:15:00,GWM,NIT-AMM,Ammonia-nitrogen (AS N),Total,,,,0.31,mg/l,True,0.05,,,350.1,USGSGWM,Actual,GW,Water,,,"[]"
8666065,31940002,Fort Dodge 16,Webster,07100004,Well,Cambrian-Ordovician,42.51107,-94.2024,06/08/2006 09:15:00,GWM,NIT-KJELD,Kjeldahl nitrogen (AS N),Total,,,,0.5,mg/l,True,0.1,,,351.2,USGSGWM,Actual,GW,Water,,,"[]"
8666065,31940002,Fort Dodge 16,Webster,07100004,Well,Cambrian-Ordovician,42.51107,-94.2024,06/08/2006 09:15:00,GWM,NIT-NO3-NO2,Nitrate + Nitrite (AS N),Total,,,,0.05,mg/l,False,0.05,,,353.2,USGSGWM,Actual,GW,Water,,,"[]"
8666065,31940002,Fort Dodge 16,Webster,07100004,Well,Cambrian-Ordovician,42.51107,-94.2024,06/08/2006 09:15:00,GWM,14265-44-2,Orthophosphate (AS P),Dissolved,,,,0.02,mg/l,False,0.02,,,365.1,USGSGWM,Actual,GW,Water,,,"[]"
8666065,31940002,Fort Dodge 16,Webster,07100004,Well,Cambrian-Ordovician,42.51107,-94.2024,06/08/2006 09:15:00,GWM,PHOSP-PHOSP,"Total Phosphorus, mixed forms (AS P)",Total,,,,0.02,mg/l,False,0.02,,,365.4,USGSGWM,Actual,GW,Water,,,"[]"
8666065,31940002,Fort Dodge 16,Webster,07100004,Well,Cambrian-Ordovician,42.51107,-94.2024,06/08/2006 09:15:00,GWM,NIT-ORGN,Organic Nitrogen,Total,,,,0.22,mg/l,True,0.1,,,LAC10-107-06-2E,USGSGWM,Calculated,GW,Water,,,"[]"
8666065,31940001,Fort Dodge 12,Webster,07100004,Well,Mississippian,42.50687,-94.19991,06/08/2006 10:25:00,GWM,NIT-AMM,Ammonia-nitrogen (AS N),Total,,,,0.57,mg/l,True,0.05,,,350.1,USGSGWM,Actual,GW,Water,,,"[]"
8666065,31940001,Fort Dodge 12,Webster,07100004,Well,Mississippian,42.50687,-94.19991,06/08/2006 10:25:00,GWM,NIT-KJELD,Kjeldahl nitrogen (AS N),Total,,,,0.8,mg/l,True,0.1,,,351.2,USGSGWM,Actual,GW,Water,,,"[]"
8666065,31940001,Fort Dodge 12,Webster,07100004,Well,Mississippian,42.50687,-94.19991,06/08/2006 10:25:00,GWM,NIT-NO3-NO2,Nitrate + Nitrite (AS N),Total,,,,0.05,mg/l,False,0.05,,,353.2,USGSGWM,Actual,GW,Water,,,"[]"
8666065,31940001,Fort Dodge 12,Webster,07100004,Well,Mississippian,42.50687,-94.19991,06/08/2006 10:25:00,GWM,14265-44-2,Orthophosphate (AS P),Dissolved,,,,0.02,mg/l,False,0.02,,,365.1,USGSGWM,Actual,GW,Water,,,"[]"
8666065,31940001,Fort Dodge 12,Webster,07100004,Well,Mississippian,42.50687,-94.19991,06/08/2006 10:25:00,GWM,PHOSP-PHOSP,"Total Phosphorus, mixed forms (AS P)",Total,,,,0.04,mg/l,True,0.02,,,365.4,USGSGWM,Actual,GW,Water,,,"[]"
8666065,31940001,Fort Dodge 12,Webster,07100004,Well,Mississippian,42.50687,-94.19991,06/08/2006 10:25:00,GWM,NIT-ORGN,Organic Nitrogen,Total,,,,0.2,mg/l,True,0.1,,,LAC10-107-06-2E,USGSGWM,Calculated,GW,Water,,,"[]"
8666065,31940002,Fort Dodge 16,Webster,07100004,Well,Cambrian-Ordovician,42.51107,-94.2024,08/21/2012 08:10:00,GWM,NIT-NO3-NO2,Nitrate + Nitrite (AS N),Total,,,,0.1,mg/l,False,0.1,,,LAC10-107-04-1J,GWMPWS,Actual,GW,Water,,,"[]"
8666065,31940002,Fort Dodge 16,Webster,07100004,Well,Cambrian-Ordovician,42.51107,-94.2024,08/21/2012 08:10:00,GWM,NIT-AMM,Ammonia-nitrogen (AS N),Total,,,,0.35,mg/l,True,0.05,,,LAC10-107-06-1J,GWMPWS,Actual,GW,Water,,,"[]"
8666065,31940002,Fort Dodge 16,Webster,07100004,Well,Cambrian-Ordovician,42.51107,-94.2024,08/21/2012 08:10:00,GWM,NIT-KJELD,Kjeldahl nitrogen (AS N),Total,,,,0.4,mg/l,True,0.1,,,LAC10-107-06-2E,GWMPWS,Actual,GW,Water,,,"[]"
8666065,31940002,Fort Dodge 16,Webster,07100004,Well,Cambrian-Ordovician,42.51107,-94.2024,08/21/2012 08:10:00,GWM,14265-44-2,Orthophosphate (AS P),Dissolved,,,,0.02,mg/l,False,0.02,,,LAC10-115-01-1A,GWMPWS,Actual,GW,Water,,,"[]"
8666065,31940002,Fort Dodge 16,Webster,07100004,Well,Cambrian-Ordovician,42.51107,-94.2024,08/21/2012 08:10:00,GWM,PHOSP-PHOSP,"Total Phosphorus, mixed forms (AS P)",Total,,,,0.02,mg/l,True,0.02,,,LAC10-115-01-1D,GWMPWS,Actual,GW,Water,,,"[]"
8666065,31940001,Fort Dodge 12,Webster,07100004,Well,Mississippian,42.50687,-94.19991,08/21/2012 07:50:00,GWM,NIT-NO3-NO2,Nitrate + Nitrite (AS N),Total,,,,0.1,mg/l,False,0.1,,,LAC10-107-04-1J,GWMPWS,Actual,GW,Water,,,"[]"
8666065,31940001,Fort Dodge 12,Webster,07100004,Well,Mississippian,42.50687,-94.19991,08/21/2012 07:50:00,GWM,NIT-AMM,Ammonia-nitrogen (AS N),Total,,,,0.65,mg/l,True,0.05,,,LAC10-107-06-1J,GWMPWS,Actual,GW,Water,,,"[]"
8666065,31940001,Fort Dodge 12,Webster,07100004,Well,Mississippian,42.50687,-94.19991,08/21/2012 07:50:00,GWM,NIT-KJELD,Kjeldahl nitrogen (AS N),Total,,,,0.8,mg/l,True,0.1,,,LAC10-107-06-2E,GWMPWS,Actual,GW,Water,,,"[]"
8666065,31940001,Fort Dodge 12,Webster,07100004,Well,Mississippian,42.50687,-94.19991,08/21/2012 07:50:00,GWM,14265-44-2,Orthophosphate (AS P),Dissolved,,,,0.02,mg/l,False,0.02,,,LAC10-115-01-1A,GWMPWS,Actual,GW,Water,,,"[]"
8666065,31940001,Fort Dodge 12,Webster,07100004,Well,Mississippian,42.50687,-94.19991,08/21/2012 07:50:00,GWM,PHOSP-PHOSP,"Total Phosphorus, mixed forms (AS P)",Total,,,,0.03,mg/l,True,0.02,,,LAC10-115-01-1D,GWMPWS,Actual,GW,Water,,,"[]"
8666065,31940011,Duncombe 4,Webster,07100004,Well,Mississippian,42.469915,-93.988796,10/31/2016 12:02:00,GWM,NIT-NO3-NO2,Nitrate + Nitrite (AS N),Total,,,,0.1,mg/l,False,0.1,,,LAC10-107-04-1J,GWM,Actual,GW,Water,,,"[]"
8666065,31940011,Duncombe 4,Webster,07100004,Well,Mississippian,42.469915,-93.988796,10/31/2016 12:02:00,GWM,NIT-AMM,Ammonia-nitrogen (AS N),Total,,,,0.64,mg/l,True,0.05,,,LAC10-107-06-1J,GWM,Actual,GW,Water,,,"[]"
8666065,31940010,Badger 3,Webster,07100004,Well,Mississippian,42.6137817968,-94.1488406873,11/01/2016 13:11:00,GWM,NIT-NO3-NO2,Nitrate + Nitrite (AS N),Total,,,,0.1,mg/l,False,0.1,,,LAC10-107-04-1J,GWM,Actual,GW,Water,,,"[]"
8666065,31940010,Badger 3,Webster,07100004,Well,Mississippian,42.6137817968,-94.1488406873,11/01/2016 13:11:00,GWM,NIT-AMM,Ammonia-nitrogen (AS N),Total,,,,0.21,mg/l,True,0.05,,,LAC10-107-06-1J,GWM,Actual,GW,Water,,,"[]"
8666065,31940010,Badger 3,Webster,07100004,Well,Mississippian,42.6137817968,-94.1488406873,03/26/2013 12:50:00,GWM,NIT-NO3-NO2,Nitrate + Nitrite (AS N),Total,,,,0.1,mg/l,False,0.1,,,LAC10-107-04-1J,GWM,Actual,GW,Water,,,"[]"
8666065,31940010,Badger 3,Webster,07100004,Well,Mississippian,42.6137817968,-94.1488406873,03/26/2013 12:50:00,GWM,NIT-AMM,Ammonia-nitrogen (AS N),Total,,,,0.29,mg/l,True,0.05,,,LAC10-107-06-1J,GWM,Actual,GW,Water,,,"[]"
8666065,31940010,Badger 3,Webster,07100004,Well,Mississippian,42.6137817968,-94.1488406873,03/26/2013 12:50:00,GWM,NIT-KJELD,Kjeldahl nitrogen (AS N),Total,,,,0.1,mg/l,True,0.1,,,LAC10-107-06-2E,GWM,Actual,GW,Water,,,"[]"
8666065,31940010,Badger 3,Webster,07100004,Well,Mississippian,42.6137817968,-94.1488406873,03/26/2013 12:50:00,GWM,14265-44-2,Orthophosphate (AS P),Dissolved,,,,0.02,mg/l,False,0.02,,,LAC10-115-01-1A,GWM,Actual,GW,Water,,,"[]"
8666065,31940010,Badger 3,Webster,07100004,Well,Mississippian,42.6137817968,-94.1488406873,03/26/2013 12:50:00,GWM,PHOSP-PHOSP,"Total Phosphorus, mixed forms (AS P)",Total,,,,0.02,mg/l,True,0.02,,,LAC10-115-01-1D,GWM,Actual,GW,Water,,,"[]"
8666065,31940011,Duncombe 4,Webster,07100004,Well,Mississippian,42.469915,-93.988796,03/27/2013 12:55:00,GWM,NIT-NO3-NO2,Nitrate + Nitrite (AS N),Total,,,,0.1,mg/l,False,0.1,,,LAC10-107-04-1J,GWM,Actual,GW,Water,,,"[]"
8666065,31940011,Duncombe 4,Webster,07100004,Well,Mississippian,42.469915,-93.988796,03/27/2013 12:55:00,GWM,NIT-AMM,Ammonia-nitrogen (AS N),Total,,,,0.84,mg/l,True,0.05,,,LAC10-107-06-1J,GWM,Actual,GW,Water,,,"[]"
8666065,31940011,Duncombe 4,Webster,07100004,Well,Mississippian,42.469915,-93.988796,03/27/2013 12:55:00,GWM,NIT-KJELD,Kjeldahl nitrogen (AS N),Total,,,,0.9,mg/l,True,0.1,,,LAC10-107-06-2E,GWM,Actual,GW,Water,,,"[]"
8666065,31940011,Duncombe 4,Webster,07100004,Well,Mississippian,42.469915,-93.988796,03/27/2013 12:55:00,GWM,14265-44-2,Orthophosphate (AS P),Dissolved,,,,0.02,mg/l,False,0.02,,,LAC10-115-01-1A,GWM,Actual,GW,Water,,,"[]"
8666065,31940011,Duncombe 4,Webster,07100004,Well,Mississippian,42.469915,-93.988796,03/27/2013 12:55:00,GWM,PHOSP-PHOSP,"Total Phosphorus, mixed forms (AS P)",Total,,,,0.02,mg/l,False,0.02,,,LAC10-115-01-1D,GWM,Actual,GW,Water,,,"[]"
8666065,31940001,Fort Dodge 12,Webster,07100004,Well,Mississippian,42.50687,-94.19991,11/14/2017 10:45:00,GWM,NIT-AMM,Ammonia-nitrogen (AS N),None,,,,0.76,mg/l,True,0.05,,,LAC10-107-06-1J,GWM,Actual,GW,Water,,"There was an error in sample collection date/time (e.g. missing, mismatched, postdated or incorrect).","[]"
8666065,31940001,Fort Dodge 12,Webster,07100004,Well,Mississippian,42.50687,-94.19991,11/14/2017 10:45:00,GWM,NIT-NO3-NO2,Nitrate + Nitrite (AS N),None,,,,0.1,mg/l,False,0.1,,,LAC10-107-06-1J,GWM,Actual,GW,Water,,"There was an error in sample collection date/time (e.g. missing, mismatched, postdated or incorrect).","[]"
8666065,31940002,Fort Dodge 16,Webster,07100004,Well,Cambrian-Ordovician,42.51107,-94.2024,11/14/2017 10:55:00,GWM,NIT-AMM,Ammonia-nitrogen (AS N),None,,,,0.51,mg/l,True,0.05,,,LAC10-107-06-1J,GWM,Actual,GW,Water,,,"[]"
8666065,31940002,Fort Dodge 16,Webster,07100004,Well,Cambrian-Ordovician,42.51107,-94.2024,11/14/2017 10:55:00,GWM,NIT-NO3-NO2,Nitrate + Nitrite (AS N),None,,,,0.1,mg/l,False,0.1,,,LAC10-107-06-1J,GWM,Actual,GW,Water,,,"[]"
8666065,31940010,Badger 3,Webster,07100004,Well,Mississippian,42.6137817968,-94.1488406873,12/11/2017 08:30:00,GWM,NIT-NO3-NO2,Nitrate + Nitrite (AS N),None,,,,0.17,mg/l,True,0.1,,,LAC10-107-06-1J,GWM,Actual,GW,Water,,,"[]"
8666065,31940010,Badger 3,Webster,07100004,Well,Mississippian,42.6137817968,-94.1488406873,12/11/2017 08:30:00,GWM,NIT-AMM,Ammonia-nitrogen (AS N),None,,,,0.05,mg/l,False,0.05,,,LAC10-107-06-1J,GWM,Actual,GW,Water,,,"[]"
8666065,31940011,Duncombe 4,Webster,07100004,Well,Mississippian,42.469915,-93.988796,12/20/2017 13:30:00,GWM,NIT-AMM,Ammonia-nitrogen (AS N),None,,,,0.84,mg/l,True,0.05,,,LAC10-107-06-1J,GWM,Actual,GW,Water,,,"[]"
8666065,31940011,Duncombe 4,Webster,07100004,Well,Mississippian,42.469915,-93.988796,12/20/2017 13:30:00,GWM,NIT-NO3-NO2,Nitrate + Nitrite (AS N),None,,,,0.1,mg/l,False,0.1,,,LAC10-107-06-1J,GWM,Actual,GW,Water,,,"[]"
8666065,31940010,Badger 3,Webster,07100004,Well,Mississippian,42.6137817968,-94.1488406873,01/07/2019 14:30:00,GWM,NIT-NO3-NO2,Nitrate + Nitrite (AS N),None,,,,0.1,mg/l,False,0.1,,,LAC10-107-06-1J,GWM,Actual,GW,Water,,,"[]"
8666065,31940010,Badger 3,Webster,07100004,Well,Mississippian,42.6137817968,-94.1488406873,01/07/2019 14:30:00,GWM,NIT-AMM,Ammonia-nitrogen (AS N),None,,,,0.28,mg/l,True,0.05,,,LAC10-107-06-1J,GWM,Actual,GW,Water,,,"[]"
8666065,31940010,Badger 3,Webster,07100004,Well,Mississippian,42.6137817968,-94.1488406873,01/07/2019 14:30:00,GWM,14265-44-2,Orthophosphate (AS P),Dissolved,,,,0.02,mg/l,False,0.02,,,LAC10-115-01-1A,GWM,Actual,GW,Water,,Sample was not field filtered per method and was filtered for analysis after receipt by the laboratory.,"[]"
8666065,31940011,Duncombe 4,Webster,07100004,Well,Mississippian,42.469915,-93.988796,01/29/2019 12:40:00,GWM,NIT-NO3-NO2,Nitrate + Nitrite (AS N),None,,,,0.1,mg/l,False,0.1,,,LAC10-107-06-1J,GWM,Actual,GW,Water,,,"[]"
8666065,31940011,Duncombe 4,Webster,07100004,Well,Mississippian,42.469915,-93.988796,01/29/2019 12:40:00,GWM,NIT-AMM,Ammonia-nitrogen (AS N),None,,,,0.79,mg/l,True,0.05,,,LAC10-107-06-1J,GWM,Actual,GW,Water,,,"[]"
8666065,31940011,Duncombe 4,Webster,07100004,Well,Mississippian,42.469915,-93.988796,01/29/2019 12:40:00,GWM,14265-44-2,Orthophosphate (AS P),Dissolved,,,,0.02,mg/l,False,0.02,,,LAC10-115-01-1A,GWM,Actual,GW,Water,,Sample was not field filtered per method and was filtered for analysis after receipt by the laboratory.,"[]"
8666065,31940012,Clare 2,Webster,07100004,Well,Dakota,42.586503,-94.339595,03/01/2021 08:50:00,GWM,NIT-AMM,Ammonia-nitrogen (AS N),None,,,,0.37,mg/l,True,0.05,,,LAC10-107-06-1J,GWM,Actual,GW,Water,,,"[]"
8666065,31940012,Clare 2,Webster,07100004,Well,Dakota,42.586503,-94.339595,03/01/2021 08:50:00,GWM,NIT-NO3-NO2,Nitrate + Nitrite (AS N),None,,,,0.1,mg/l,False,0.1,,,LAC10-107-06-1J,GWM,Actual,GW,Water,,,"[]"
8666065,31940012,Clare 2,Webster,07100004,Well,Dakota,42.586503,-94.339595,03/01/2021 08:50:00,GWM,14265-44-2,Orthophosphate (AS P),Dissolved,,,,0.02,mg/l,False,0.02,,,LAC10-115-01-1A,GWM,Actual,GW,Water,,,"[]"
