facilityID,siteID,name,county,huc8,type,aquifer,latitude,longitude,sampleDate,projectCode,cas_rn,analyte,fraction,relDepth,sampDepth,sampDepthUnit,result,unit,detect,detectLimit,quantFlag,quantLimit,method,colMethod,resultType,matrix,medium,qualFlag,remark,xParams
8666065,31950001,Forest City 2,Winnebago,07080203,Well,Devonian,43.27073,-93.6405,08/21/2002 10:30:00,GWM,NIT-NO3-NO2,Nitrate + Nitrite (AS N),Total,,,,0.1,mg/l,False,0.1,,,353.2,USGSGWM,Actual,GW,Water,,,"[]"
8666065,31950001,Forest City 2,Winnebago,07080203,Well,Devonian,43.27073,-93.6405,08/21/2002 10:30:00,GWM,NIT-AMM,Ammonia-nitrogen (AS N),Total,,,,0.74,mg/l,True,0.05,,,LAC10-107-06-1J,USGSGWM,Actual,GW,Water,,,"[]"
8666065,31950001,Forest City 2,Winnebago,07080203,Well,Devonian,43.27073,-93.6405,08/21/2002 10:30:00,GWM,NIT-ORGN,Organic Nitrogen (AS N),Total,,,,0.07,mg/l,True,0.05,,,LAC10-107-06-2E,USGSGWM,Calculated,GW,Water,,,"[]"
8666065,31950001,Forest City 2,Winnebago,07080203,Well,Devonian,43.27073,-93.6405,08/21/2002 10:30:00,GWM,14265-44-2,Orthophosphate (AS P),Dissolved,,,,0.05,mg/l,False,0.05,,,LAC10-115-01-1A,USGSGWM,Actual,GW,Water,,,"[]"
8666065,31950001,Forest City 2,Winnebago,07080203,Well,Devonian,43.27073,-93.6405,08/21/2002 10:30:00,GWM,PHOSP-PHOSP,"Total Phosphorus, mixed forms (AS P)",Total,,,,0.05,mg/l,False,0.05,,,LAC10-115-01-1C,USGSGWM,Actual,GW,Water,,,"[]"
8666065,31950001,Forest City 2,Winnebago,07080203,Well,Devonian,43.27073,-93.6405,08/21/2002 10:30:00,GWM,NIT-KJELD,Kjeldahl nitrogen (AS N),Total,,,,0.81,mg/l,True,0.05,,,PAI DK03,USGSGWM,Actual,GW,Water,,,"[]"
8666065,31950001,Forest City 2,Winnebago,07080203,Well,Devonian,43.27073,-93.6405,07/22/2003 10:00:00,GWM,NIT-AMM,Ammonia-nitrogen (AS N),Total,,,,0.6,mg/l,True,0.05,,,350.1,USGSGWM,Actual,GW,Water,,,"[]"
8666065,31950001,Forest City 2,Winnebago,07080203,Well,Devonian,43.27073,-93.6405,07/22/2003 10:00:00,GWM,NIT-NO3-NO2,Nitrate + Nitrite (AS N),Total,,,,0.1,mg/l,False,0.1,,,353.2,USGSGWM,Actual,GW,Water,,,"[]"
8666065,31950001,Forest City 2,Winnebago,07080203,Well,Devonian,43.27073,-93.6405,07/22/2003 10:00:00,GWM,14265-44-2,Orthophosphate (AS P),Dissolved,,,,0.02,mg/l,False,0.02,,,365.1,USGSGWM,Actual,GW,Water,,,"[]"
8666065,31950001,Forest City 2,Winnebago,07080203,Well,Devonian,43.27073,-93.6405,07/22/2003 10:00:00,GWM,PHOSP-PHOSP,"Total Phosphorus, mixed forms (AS P)",Total,,,,0.03,mg/l,True,0.02,,,365.4,USGSGWM,Actual,GW,Water,,,"[]"
8666065,31950001,Forest City 2,Winnebago,07080203,Well,Devonian,43.27073,-93.6405,07/22/2003 10:00:00,GWM,NIT-ORGN,Organic Nitrogen (AS N),Total,,,,0.37,mg/l,True,0.05,,,LAC10-107-06-2E,USGSGWM,Calculated,GW,Water,,,"[]"
8666065,31950001,Forest City 2,Winnebago,07080203,Well,Devonian,43.27073,-93.6405,07/22/2003 10:00:00,GWM,NIT-KJELD,Kjeldahl nitrogen (AS N),Total,,,,0.96,mg/l,True,0.05,,,PAI DK03,USGSGWM,Actual,GW,Water,,,"[]"
8666065,31950001,Forest City 2,Winnebago,07080203,Well,Devonian,43.27073,-93.6405,06/29/2004 15:15:00,GWM,NIT-AMM,Ammonia-nitrogen (AS N),Total,,,,0.57,mg/l,True,0.05,,,350.1,USGSGWM,Actual,GW,Water,,,"[]"
8666065,31950001,Forest City 2,Winnebago,07080203,Well,Devonian,43.27073,-93.6405,06/29/2004 15:15:00,GWM,NIT-NO3-NO2,Nitrate + Nitrite (AS N),Total,,,,0.05,mg/l,False,0.05,,,353.2,USGSGWM,Actual,GW,Water,,,"[]"
8666065,31950001,Forest City 2,Winnebago,07080203,Well,Devonian,43.27073,-93.6405,06/29/2004 15:15:00,GWM,14265-44-2,Orthophosphate (AS P),Dissolved,,,,0.02,mg/l,False,0.02,,,365.1,USGSGWM,Actual,GW,Water,,,"[]"
8666065,31950001,Forest City 2,Winnebago,07080203,Well,Devonian,43.27073,-93.6405,06/29/2004 15:15:00,GWM,PHOSP-PHOSP,"Total Phosphorus, mixed forms (AS P)",Total,,,,0.08,mg/l,True,0.02,,,365.4,USGSGWM,Actual,GW,Water,,,"[]"
8666065,31950001,Forest City 2,Winnebago,07080203,Well,Devonian,43.27073,-93.6405,06/29/2004 15:15:00,GWM,NIT-ORGN,Organic Nitrogen,Total,,,,0.3,mg/l,True,0.05,,,LAC10-107-06-2E,USGSGWM,Calculated,GW,Water,,,"[]"
8666065,31950003,Lake Mills 3,Winnebago,07080203,Well,"Devonian, Ordovician",43.416934,-93.533883,07/06/2005 10:15:00,GWM,NIT-AMM,Ammonia-nitrogen (AS N),Total,,,,0.46,mg/l,True,0.05,,,350.1,USGSGWM,Actual,GW,Water,,,"[]"
8666065,31950003,Lake Mills 3,Winnebago,07080203,Well,"Devonian, Ordovician",43.416934,-93.533883,07/06/2005 10:15:00,GWM,NIT-KJELD,Kjeldahl nitrogen (AS N),Total,,,,0.88,mg/l,True,0.1,,,351.2,USGSGWM,Actual,GW,Water,,,"[]"
8666065,31950003,Lake Mills 3,Winnebago,07080203,Well,"Devonian, Ordovician",43.416934,-93.533883,07/06/2005 10:15:00,GWM,NIT-NO3-NO2,Nitrate + Nitrite (AS N),Total,,,,0.05,mg/l,False,0.05,,,353.2,USGSGWM,Actual,GW,Water,,,"[]"
8666065,31950003,Lake Mills 3,Winnebago,07080203,Well,"Devonian, Ordovician",43.416934,-93.533883,07/06/2005 10:15:00,GWM,14265-44-2,Orthophosphate (AS P),Dissolved,,,,0.03,mg/l,True,0.02,,,365.1,USGSGWM,Actual,GW,Water,,,"[]"
8666065,31950003,Lake Mills 3,Winnebago,07080203,Well,"Devonian, Ordovician",43.416934,-93.533883,07/06/2005 10:15:00,GWM,PHOSP-PHOSP,"Total Phosphorus, mixed forms (AS P)",Total,,,,0.06,mg/l,True,0.02,,,365.4,USGSGWM,Actual,GW,Water,,,"[]"
8666065,31950003,Lake Mills 3,Winnebago,07080203,Well,"Devonian, Ordovician",43.416934,-93.533883,07/06/2005 10:15:00,GWM,NIT-ORGN,Organic Nitrogen,Total,,,,0.42,mg/l,True,0.1,,,LAC10-107-06-2E,USGSGWM,Calculated,GW,Water,,,"[]"
8666065,31950001,Forest City 2,Winnebago,07080203,Well,Devonian,43.27073,-93.6405,07/13/2005 08:45:00,GWM,NIT-AMM,Ammonia-nitrogen (AS N),Total,,,,0.51,mg/l,True,0.05,,,350.1,USGSGWM,Actual,GW,Water,,,"[]"
8666065,31950001,Forest City 2,Winnebago,07080203,Well,Devonian,43.27073,-93.6405,07/13/2005 08:45:00,GWM,NIT-KJELD,Kjeldahl nitrogen (AS N),Total,,,,0.66,mg/l,True,0.1,,,351.2,USGSGWM,Actual,GW,Water,,,"[]"
8666065,31950001,Forest City 2,Winnebago,07080203,Well,Devonian,43.27073,-93.6405,07/13/2005 08:45:00,GWM,NIT-NO3-NO2,Nitrate + Nitrite (AS N),Total,,,,0.05,mg/l,False,0.05,,,353.2,USGSGWM,Actual,GW,Water,,,"[]"
8666065,31950001,Forest City 2,Winnebago,07080203,Well,Devonian,43.27073,-93.6405,07/13/2005 08:45:00,GWM,14265-44-2,Orthophosphate (AS P),Dissolved,,,,0.02,mg/l,False,0.02,,,365.1,USGSGWM,Actual,GW,Water,,,"[]"
8666065,31950001,Forest City 2,Winnebago,07080203,Well,Devonian,43.27073,-93.6405,07/13/2005 08:45:00,GWM,PHOSP-PHOSP,"Total Phosphorus, mixed forms (AS P)",Total,,,,0.11,mg/l,True,0.02,,,365.4,USGSGWM,Actual,GW,Water,,,"[]"
8666065,31950001,Forest City 2,Winnebago,07080203,Well,Devonian,43.27073,-93.6405,07/13/2005 08:45:00,GWM,NIT-ORGN,Organic Nitrogen,Total,,,,0.66,mg/l,True,0.05,,,LAC10-107-06-2E,USGSGWM,Calculated,GW,Water,,,"[]"
8666065,31950002,Buffalo Center 2,Winnebago,07020009,Well,Ordovician (abv SP),43.389649,-93.953387,07/13/2005 11:25:00,GWM,NIT-AMM,Ammonia-nitrogen (AS N),Total,,,,0.79,mg/l,True,0.05,,,350.1,USGSGWM,Actual,GW,Water,,,"[]"
8666065,31950002,Buffalo Center 2,Winnebago,07020009,Well,Ordovician (abv SP),43.389649,-93.953387,07/13/2005 11:25:00,GWM,NIT-KJELD,Kjeldahl nitrogen (AS N),Total,,,,1.2,mg/l,True,0.1,,,351.2,USGSGWM,Actual,GW,Water,,,"[]"
8666065,31950002,Buffalo Center 2,Winnebago,07020009,Well,Ordovician (abv SP),43.389649,-93.953387,07/13/2005 11:25:00,GWM,NIT-NO3-NO2,Nitrate + Nitrite (AS N),Total,,,,0.05,mg/l,False,0.05,,,353.2,USGSGWM,Actual,GW,Water,,,"[]"
8666065,31950002,Buffalo Center 2,Winnebago,07020009,Well,Ordovician (abv SP),43.389649,-93.953387,07/13/2005 11:25:00,GWM,14265-44-2,Orthophosphate (AS P),Dissolved,,,,0.02,mg/l,False,0.02,,,365.1,USGSGWM,Actual,GW,Water,,,"[]"
8666065,31950002,Buffalo Center 2,Winnebago,07020009,Well,Ordovician (abv SP),43.389649,-93.953387,07/13/2005 11:25:00,GWM,PHOSP-PHOSP,"Total Phosphorus, mixed forms (AS P)",Total,,,,0.1,mg/l,True,0.02,,,365.4,USGSGWM,Actual,GW,Water,,,"[]"
8666065,31950002,Buffalo Center 2,Winnebago,07020009,Well,Ordovician (abv SP),43.389649,-93.953387,07/13/2005 11:25:00,GWM,NIT-ORGN,Organic Nitrogen,Total,,,,0.4,mg/l,True,0.05,,,LAC10-107-06-2E,USGSGWM,Calculated,GW,Water,,,"[]"
8666065,31950001,Forest City 2,Winnebago,07080203,Well,Devonian,43.27073,-93.6405,06/28/2006 12:00:00,GWM,NIT-AMM,Ammonia-nitrogen (AS N),Total,,,,0.61,mg/l,True,0.05,,,350.1,USGSGWM,Actual,GW,Water,,,"[]"
8666065,31950001,Forest City 2,Winnebago,07080203,Well,Devonian,43.27073,-93.6405,06/28/2006 12:00:00,GWM,NIT-KJELD,Kjeldahl nitrogen (AS N),Total,,,,0.8,mg/l,True,0.1,,,351.2,USGSGWM,Actual,GW,Water,,,"[]"
8666065,31950001,Forest City 2,Winnebago,07080203,Well,Devonian,43.27073,-93.6405,06/28/2006 12:00:00,GWM,NIT-NO3-NO2,Nitrate + Nitrite (AS N),Total,,,,0.05,mg/l,False,0.05,,,353.2,USGSGWM,Actual,GW,Water,,,"[]"
8666065,31950001,Forest City 2,Winnebago,07080203,Well,Devonian,43.27073,-93.6405,06/28/2006 12:00:00,GWM,14265-44-2,Orthophosphate (AS P),Dissolved,,,,0.02,mg/l,False,0.02,,,365.1,USGSGWM,Actual,GW,Water,,,"[]"
8666065,31950001,Forest City 2,Winnebago,07080203,Well,Devonian,43.27073,-93.6405,06/28/2006 12:00:00,GWM,PHOSP-PHOSP,"Total Phosphorus, mixed forms (AS P)",Total,,,,0.08,mg/l,True,0.02,,,365.4,USGSGWM,Actual,GW,Water,,,"[]"
8666065,31950001,Forest City 2,Winnebago,07080203,Well,Devonian,43.27073,-93.6405,06/28/2006 12:00:00,GWM,NIT-ORGN,Organic Nitrogen,Total,,,,0.2,mg/l,True,0.1,,,LAC10-107-06-2E,USGSGWM,Calculated,GW,Water,,,"[]"
8666065,31950001,Forest City 2,Winnebago,07080203,Well,Devonian,43.27073,-93.6405,08/22/2012 08:00:00,GWM,NIT-NO3-NO2,Nitrate + Nitrite (AS N),Total,,,,0.1,mg/l,False,0.1,,,LAC10-107-04-1J,GWMPWS,Actual,GW,Water,,,"[]"
8666065,31950001,Forest City 2,Winnebago,07080203,Well,Devonian,43.27073,-93.6405,08/22/2012 08:00:00,GWM,NIT-AMM,Ammonia-nitrogen (AS N),Total,,,,0.63,mg/l,True,0.05,,,LAC10-107-06-1J,GWMPWS,Actual,GW,Water,,,"[]"
8666065,31950001,Forest City 2,Winnebago,07080203,Well,Devonian,43.27073,-93.6405,08/22/2012 08:00:00,GWM,NIT-KJELD,Kjeldahl nitrogen (AS N),Total,,,,0.5,mg/l,True,0.1,,,LAC10-107-06-2E,GWMPWS,Actual,GW,Water,,,"[]"
8666065,31950001,Forest City 2,Winnebago,07080203,Well,Devonian,43.27073,-93.6405,08/22/2012 08:00:00,GWM,14265-44-2,Orthophosphate (AS P),Dissolved,,,,0.02,mg/l,True,0.02,,,LAC10-115-01-1A,GWMPWS,Actual,GW,Water,,,"[]"
8666065,31950001,Forest City 2,Winnebago,07080203,Well,Devonian,43.27073,-93.6405,08/22/2012 08:00:00,GWM,PHOSP-PHOSP,"Total Phosphorus, mixed forms (AS P)",Total,,,,0.11,mg/l,True,0.02,,,LAC10-115-01-1D,GWMPWS,Actual,GW,Water,,,"[]"
8666065,31950001,Forest City 2,Winnebago,07080203,Well,Devonian,43.27073,-93.6405,11/14/2017 07:00:00,GWM,NIT-AMM,Ammonia-nitrogen (AS N),None,,,,0.8,mg/l,True,0.05,,,LAC10-107-06-1J,GWM,Actual,GW,Water,,,"[]"
8666065,31950001,Forest City 2,Winnebago,07080203,Well,Devonian,43.27073,-93.6405,11/14/2017 07:00:00,GWM,NIT-NO3-NO2,Nitrate + Nitrite (AS N),None,,,,0.1,mg/l,False,0.1,,,LAC10-107-06-1J,GWM,Actual,GW,Water,,,"[]"
8666065,31950004,Thompson 1,Winnebago,07100003,Well,Dakota,43.37037,-93.77153,02/24/2021 10:15:00,GWM,NIT-NO3-NO2,Nitrate + Nitrite (AS N),None,,,,0.1,mg/l,False,0.1,,,LAC10-107-06-1J,GWM,Actual,GW,Water,,,"[]"
8666065,31950004,Thompson 1,Winnebago,07100003,Well,Dakota,43.37037,-93.77153,02/24/2021 10:15:00,GWM,NIT-AMM,Ammonia-nitrogen (AS N),None,,,,1.1,mg/l,True,0.05,,,LAC10-107-06-1J,GWM,Actual,GW,Water,,,"[]"
8666065,31950004,Thompson 1,Winnebago,07100003,Well,Dakota,43.37037,-93.77153,02/24/2021 10:15:00,GWM,14265-44-2,Orthophosphate (AS P),Dissolved,,,,0.02,mg/l,False,0.02,,,LAC10-115-01-1A,GWM,Actual,GW,Water,,,"[]"
