facilityID,siteID,name,county,huc8,type,aquifer,latitude,longitude,sampleDate,projectCode,cas_rn,analyte,fraction,relDepth,sampDepth,sampDepthUnit,result,unit,detect,detectLimit,quantFlag,quantLimit,method,colMethod,resultType,matrix,medium,qualFlag,remark,xParams
8666065,31960001,Decorah 6,Winneshiek,07060002,Well,Multiple Aquifers,43.307794,-91.792468,08/07/2002 12:00:00,GWM,NIT-NO3-NO2,Nitrate + Nitrite (AS N),Total,,,,3,mg/l,True,0.1,,,353.2,USGSGWM,Actual,GW,Water,,,"[]"
8666065,31960001,Decorah 6,Winneshiek,07060002,Well,Multiple Aquifers,43.307794,-91.792468,08/07/2002 12:00:00,GWM,NIT-AMM,Ammonia-nitrogen (AS N),Total,,,,0.05,mg/l,False,0.05,,,LAC10-107-06-1J,USGSGWM,Actual,GW,Water,,,"[]"
8666065,31960001,Decorah 6,Winneshiek,07060002,Well,Multiple Aquifers,43.307794,-91.792468,08/07/2002 12:00:00,GWM,NIT-ORGN,Organic Nitrogen (AS N),Total,,,,0.22,mg/l,True,0.05,,,LAC10-107-06-2E,USGSGWM,Calculated,GW,Water,,,"[]"
8666065,31960001,Decorah 6,Winneshiek,07060002,Well,Multiple Aquifers,43.307794,-91.792468,08/07/2002 12:00:00,GWM,14265-44-2,Orthophosphate (AS P),Dissolved,,,,0.05,mg/l,False,0.05,,,LAC10-115-01-1A,USGSGWM,Actual,GW,Water,,,"[]"
8666065,31960001,Decorah 6,Winneshiek,07060002,Well,Multiple Aquifers,43.307794,-91.792468,08/07/2002 12:00:00,GWM,PHOSP-PHOSP,"Total Phosphorus, mixed forms (AS P)",Total,,,,0.1,mg/l,True,0.05,,,LAC10-115-01-1C,USGSGWM,Actual,GW,Water,,,"[]"
8666065,31960001,Decorah 6,Winneshiek,07060002,Well,Multiple Aquifers,43.307794,-91.792468,08/07/2002 12:00:00,GWM,NIT-KJELD,Kjeldahl nitrogen (AS N),Total,,,,0.22,mg/l,True,0.05,,,PAI DK03,USGSGWM,Actual,GW,Water,,,"[]"
8666065,31960001,Decorah 6,Winneshiek,07060002,Well,Multiple Aquifers,43.307794,-91.792468,08/05/2003 11:00:00,GWM,NIT-AMM,Ammonia-nitrogen (AS N),Total,,,,0.05,mg/l,False,0.05,,,350.1,USGSGWM,Actual,GW,Water,,,"[]"
8666065,31960001,Decorah 6,Winneshiek,07060002,Well,Multiple Aquifers,43.307794,-91.792468,08/05/2003 11:00:00,GWM,NIT-NO3-NO2,Nitrate + Nitrite (AS N),Total,,,,3.1,mg/l,True,0.1,,,353.2,USGSGWM,Actual,GW,Water,,,"[]"
8666065,31960001,Decorah 6,Winneshiek,07060002,Well,Multiple Aquifers,43.307794,-91.792468,08/05/2003 11:00:00,GWM,14265-44-2,Orthophosphate (AS P),Dissolved,,,,0.02,mg/l,False,0.02,,,365.1,USGSGWM,Actual,GW,Water,,,"[]"
8666065,31960001,Decorah 6,Winneshiek,07060002,Well,Multiple Aquifers,43.307794,-91.792468,08/05/2003 11:00:00,GWM,PHOSP-PHOSP,"Total Phosphorus, mixed forms (AS P)",Total,,,,0.03,mg/l,True,0.02,,,365.4,USGSGWM,Actual,GW,Water,,,"[]"
8666065,31960001,Decorah 6,Winneshiek,07060002,Well,Multiple Aquifers,43.307794,-91.792468,08/05/2003 11:00:00,GWM,NIT-ORGN,Organic Nitrogen (AS N),Total,,,,0.05,mg/l,False,0.05,,,LAC10-107-06-2E,USGSGWM,Calculated,GW,Water,,,"[]"
8666065,31960001,Decorah 6,Winneshiek,07060002,Well,Multiple Aquifers,43.307794,-91.792468,08/05/2003 11:00:00,GWM,NIT-KJELD,Kjeldahl nitrogen (AS N),Total,,,,0.05,mg/l,False,0.05,,,PAI DK03,USGSGWM,Actual,GW,Water,,,"[]"
8666065,31960001,Decorah 6,Winneshiek,07060002,Well,Multiple Aquifers,43.307794,-91.792468,07/13/2004 12:20:00,GWM,NIT-AMM,Ammonia-nitrogen (AS N),Total,,,,0.05,mg/l,False,0.05,,,350.1,USGSGWM,Actual,GW,Water,,,"[]"
8666065,31960001,Decorah 6,Winneshiek,07060002,Well,Multiple Aquifers,43.307794,-91.792468,07/13/2004 12:20:00,GWM,NIT-NO3-NO2,Nitrate + Nitrite (AS N),Total,,,,3.8,mg/l,True,0.05,,,353.2,USGSGWM,Actual,GW,Water,,,"[]"
8666065,31960001,Decorah 6,Winneshiek,07060002,Well,Multiple Aquifers,43.307794,-91.792468,07/13/2004 12:20:00,GWM,14265-44-2,Orthophosphate (AS P),Dissolved,,,,0.02,mg/l,True,0.02,,,365.1,USGSGWM,Actual,GW,Water,,,"[]"
8666065,31960001,Decorah 6,Winneshiek,07060002,Well,Multiple Aquifers,43.307794,-91.792468,07/13/2004 12:20:00,GWM,PHOSP-PHOSP,"Total Phosphorus, mixed forms (AS P)",Total,,,,0.04,mg/l,True,0.02,,,365.4,USGSGWM,Actual,GW,Water,,,"[]"
8666065,31960001,Decorah 6,Winneshiek,07060002,Well,Multiple Aquifers,43.307794,-91.792468,07/13/2004 12:20:00,GWM,NIT-ORGN,Organic Nitrogen,Total,,,,0.05,mg/l,False,0.05,,,LAC10-107-06-2E,USGSGWM,Calculated,GW,Water,,,"[]"
8666065,31960002,Decorah 2,Winneshiek,07060002,Well,Alluvium,43.304353,-91.795411,07/13/2004 11:15:00,GWM,NIT-AMM,Ammonia-nitrogen (AS N),Total,,,,0.05,mg/l,False,0.05,,,350.1,USGSGWM,Actual,GW,Water,,,"[]"
8666065,31960002,Decorah 2,Winneshiek,07060002,Well,Alluvium,43.304353,-91.795411,07/13/2004 11:15:00,GWM,NIT-NO3-NO2,Nitrate + Nitrite (AS N),Total,,,,7.9,mg/l,True,0.05,,,353.2,USGSGWM,Actual,GW,Water,,,"[]"
8666065,31960002,Decorah 2,Winneshiek,07060002,Well,Alluvium,43.304353,-91.795411,07/13/2004 11:15:00,GWM,14265-44-2,Orthophosphate (AS P),Dissolved,,,,0.04,mg/l,True,0.02,,,365.1,USGSGWM,Actual,GW,Water,,,"[]"
8666065,31960002,Decorah 2,Winneshiek,07060002,Well,Alluvium,43.304353,-91.795411,07/13/2004 11:15:00,GWM,PHOSP-PHOSP,"Total Phosphorus, mixed forms (AS P)",Total,,,,0.04,mg/l,True,0.02,,,365.4,USGSGWM,Actual,GW,Water,,,"[]"
8666065,31960002,Decorah 2,Winneshiek,07060002,Well,Alluvium,43.304353,-91.795411,07/13/2004 11:15:00,GWM,NIT-ORGN,Organic Nitrogen,Total,,,,0.11,mg/l,True,0.05,,,LAC10-107-06-2E,USGSGWM,Calculated,GW,Water,,,"[]"
8666065,31960005,Ossian 2,Winneshiek,07060001,Well,Cambrian-Ordovician,43.147258,-91.765795,08/09/2005 09:30:00,GWM,NIT-AMM,Ammonia-nitrogen (AS N),Total,,,,0.06,mg/l,True,0.05,,,350.1,USGSGWM,Actual,GW,Water,,,"[]"
8666065,31960005,Ossian 2,Winneshiek,07060001,Well,Cambrian-Ordovician,43.147258,-91.765795,08/09/2005 09:30:00,GWM,NIT-KJELD,Kjeldahl nitrogen (AS N),Total,,,,0.1,mg/l,False,0.1,,,351.2,USGSGWM,Actual,GW,Water,,,"[]"
8666065,31960005,Ossian 2,Winneshiek,07060001,Well,Cambrian-Ordovician,43.147258,-91.765795,08/09/2005 09:30:00,GWM,NIT-NO3-NO2,Nitrate + Nitrite (AS N),Total,,,,0.05,mg/l,False,0.05,,,353.2,USGSGWM,Actual,GW,Water,,,"[]"
8666065,31960005,Ossian 2,Winneshiek,07060001,Well,Cambrian-Ordovician,43.147258,-91.765795,08/09/2005 09:30:00,GWM,14265-44-2,Orthophosphate (AS P),Dissolved,,,,0.02,mg/l,False,0.02,,,365.1,USGSGWM,Actual,GW,Water,,,"[]"
8666065,31960005,Ossian 2,Winneshiek,07060001,Well,Cambrian-Ordovician,43.147258,-91.765795,08/09/2005 09:30:00,GWM,PHOSP-PHOSP,"Total Phosphorus, mixed forms (AS P)",Total,,,,0.02,mg/l,True,0.02,,,365.4,USGSGWM,Actual,GW,Water,,,"[]"
8666065,31960005,Ossian 2,Winneshiek,07060001,Well,Cambrian-Ordovician,43.147258,-91.765795,08/09/2005 09:30:00,GWM,NIT-ORGN,Organic Nitrogen,Total,,,,0.1,mg/l,False,0.1,,,LAC10-107-06-2E,USGSGWM,Calculated,GW,Water,,,"[]"
8666065,31960006,Spillville 1,Winneshiek,07060004,Well,Cambrian-Ordovician,43.207505,-91.95237,08/08/2005 16:00:00,GWM,NIT-AMM,Ammonia-nitrogen (AS N),Total,,,,0.09,mg/l,True,0.05,,,350.1,USGSGWM,Actual,GW,Water,,,"[]"
8666065,31960006,Spillville 1,Winneshiek,07060004,Well,Cambrian-Ordovician,43.207505,-91.95237,08/08/2005 16:00:00,GWM,NIT-KJELD,Kjeldahl nitrogen (AS N),Total,,,,0.1,mg/l,False,0.1,,,351.2,USGSGWM,Actual,GW,Water,,,"[]"
8666065,31960006,Spillville 1,Winneshiek,07060004,Well,Cambrian-Ordovician,43.207505,-91.95237,08/08/2005 16:00:00,GWM,NIT-NO3-NO2,Nitrate + Nitrite (AS N),Total,,,,0.71,mg/l,True,0.05,,,353.2,USGSGWM,Actual,GW,Water,,,"[]"
8666065,31960006,Spillville 1,Winneshiek,07060004,Well,Cambrian-Ordovician,43.207505,-91.95237,08/08/2005 16:00:00,GWM,14265-44-2,Orthophosphate (AS P),Dissolved,,,,0.02,mg/l,False,0.02,,,365.1,USGSGWM,Actual,GW,Water,,,"[]"
8666065,31960006,Spillville 1,Winneshiek,07060004,Well,Cambrian-Ordovician,43.207505,-91.95237,08/08/2005 16:00:00,GWM,PHOSP-PHOSP,"Total Phosphorus, mixed forms (AS P)",Total,,,,0.03,mg/l,True,0.02,,,365.4,USGSGWM,Actual,GW,Water,,,"[]"
8666065,31960006,Spillville 1,Winneshiek,07060004,Well,Cambrian-Ordovician,43.207505,-91.95237,08/08/2005 16:00:00,GWM,NIT-ORGN,Organic Nitrogen,Total,,,,0.1,mg/l,False,0.1,,,LAC10-107-06-2E,USGSGWM,Calculated,GW,Water,,,"[]"
8666065,31960003,Castalia 2,Winneshiek,07060004,Well,Cambrian-Ordovician,43.111445,-91.676325,08/09/2005 11:45:00,GWM,NIT-AMM,Ammonia-nitrogen (AS N),Total,,,,0.08,mg/l,True,0.05,,,350.1,USGSGWM,Actual,GW,Water,,,"[]"
8666065,31960003,Castalia 2,Winneshiek,07060004,Well,Cambrian-Ordovician,43.111445,-91.676325,08/09/2005 11:45:00,GWM,NIT-KJELD,Kjeldahl nitrogen (AS N),Total,,,,0.1,mg/l,False,0.1,,,351.2,USGSGWM,Actual,GW,Water,,,"[]"
8666065,31960003,Castalia 2,Winneshiek,07060004,Well,Cambrian-Ordovician,43.111445,-91.676325,08/09/2005 11:45:00,GWM,NIT-NO3-NO2,Nitrate + Nitrite (AS N),Total,,,,0.05,mg/l,False,0.05,,,353.2,USGSGWM,Actual,GW,Water,,,"[]"
8666065,31960003,Castalia 2,Winneshiek,07060004,Well,Cambrian-Ordovician,43.111445,-91.676325,08/09/2005 11:45:00,GWM,14265-44-2,Orthophosphate (AS P),Dissolved,,,,0.02,mg/l,False,0.02,,,365.1,USGSGWM,Actual,GW,Water,,,"[]"
8666065,31960003,Castalia 2,Winneshiek,07060004,Well,Cambrian-Ordovician,43.111445,-91.676325,08/09/2005 11:45:00,GWM,PHOSP-PHOSP,"Total Phosphorus, mixed forms (AS P)",Total,,,,0.03,mg/l,True,0.02,,,365.4,USGSGWM,Actual,GW,Water,,,"[]"
8666065,31960003,Castalia 2,Winneshiek,07060004,Well,Cambrian-Ordovician,43.111445,-91.676325,08/09/2005 11:45:00,GWM,NIT-ORGN,Organic Nitrogen,Total,,,,0.1,mg/l,False,0.1,,,LAC10-107-06-2E,USGSGWM,Calculated,GW,Water,,,"[]"
8666065,31960001,Decorah 6,Winneshiek,07060002,Well,Multiple Aquifers,43.307794,-91.792468,08/22/2005 16:15:00,GWM,NIT-AMM,Ammonia-nitrogen (AS N),Total,,,,0.05,mg/l,False,0.05,,,350.1,USGSGWM,Actual,GW,Water,,,"[]"
8666065,31960001,Decorah 6,Winneshiek,07060002,Well,Multiple Aquifers,43.307794,-91.792468,08/22/2005 16:15:00,GWM,NIT-KJELD,Kjeldahl nitrogen (AS N),Total,,,,0.1,mg/l,False,0.1,,,351.2,USGSGWM,Actual,GW,Water,,,"[]"
8666065,31960001,Decorah 6,Winneshiek,07060002,Well,Multiple Aquifers,43.307794,-91.792468,08/22/2005 16:15:00,GWM,NIT-NO3-NO2,Nitrate + Nitrite (AS N),Total,,,,2,mg/l,True,0.05,,,353.2,USGSGWM,Actual,GW,Water,,,"[]"
8666065,31960001,Decorah 6,Winneshiek,07060002,Well,Multiple Aquifers,43.307794,-91.792468,08/22/2005 16:15:00,GWM,14265-44-2,Orthophosphate (AS P),Dissolved,,,,0.02,mg/l,True,0.02,,,365.1,USGSGWM,Actual,GW,Water,,,"[]"
8666065,31960001,Decorah 6,Winneshiek,07060002,Well,Multiple Aquifers,43.307794,-91.792468,08/22/2005 16:15:00,GWM,PHOSP-PHOSP,"Total Phosphorus, mixed forms (AS P)",Total,,,,0.05,mg/l,True,0.02,,,365.4,USGSGWM,Actual,GW,Water,,,"[]"
8666065,31960001,Decorah 6,Winneshiek,07060002,Well,Multiple Aquifers,43.307794,-91.792468,08/22/2005 16:15:00,GWM,NIT-ORGN,Organic Nitrogen,Total,,,,0.1,mg/l,False,0.1,,,LAC10-107-06-2E,USGSGWM,Calculated,GW,Water,,,"[]"
8666065,31960004,Fort Atkinson 2,Winneshiek,07060004,Well,Cambrian-Ordovician,43.144883,-91.932422,08/29/2005 11:45:00,GWM,NIT-AMM,Ammonia-nitrogen (AS N),Total,,,,1.6,mg/l,True,0.05,,,350.1,USGSGWM,Actual,GW,Water,,,"[]"
8666065,31960004,Fort Atkinson 2,Winneshiek,07060004,Well,Cambrian-Ordovician,43.144883,-91.932422,08/29/2005 11:45:00,GWM,NIT-KJELD,Kjeldahl nitrogen (AS N),Total,,,,1.7,mg/l,True,0.1,,,351.2,USGSGWM,Actual,GW,Water,,,"[]"
8666065,31960004,Fort Atkinson 2,Winneshiek,07060004,Well,Cambrian-Ordovician,43.144883,-91.932422,08/29/2005 11:45:00,GWM,NIT-NO3-NO2,Nitrate + Nitrite (AS N),Total,,,,0.05,mg/l,False,0.05,,,353.2,USGSGWM,Actual,GW,Water,,,"[]"
8666065,31960004,Fort Atkinson 2,Winneshiek,07060004,Well,Cambrian-Ordovician,43.144883,-91.932422,08/29/2005 11:45:00,GWM,14265-44-2,Orthophosphate (AS P),Dissolved,,,,0.02,mg/l,False,0.02,,,365.1,USGSGWM,Actual,GW,Water,,,"[]"
8666065,31960004,Fort Atkinson 2,Winneshiek,07060004,Well,Cambrian-Ordovician,43.144883,-91.932422,08/29/2005 11:45:00,GWM,PHOSP-PHOSP,"Total Phosphorus, mixed forms (AS P)",Total,,,,0.03,mg/l,True,0.02,,,365.4,USGSGWM,Actual,GW,Water,,,"[]"
8666065,31960004,Fort Atkinson 2,Winneshiek,07060004,Well,Cambrian-Ordovician,43.144883,-91.932422,08/29/2005 11:45:00,GWM,NIT-ORGN,Organic Nitrogen,Total,,,,0.12,mg/l,True,0.1,,,LAC10-107-06-2E,USGSGWM,Calculated,GW,Water,,,"[]"
8666065,31960001,Decorah 6,Winneshiek,07060002,Well,Multiple Aquifers,43.307794,-91.792468,06/13/2006 16:45:00,GWM,NIT-AMM,Ammonia-nitrogen (AS N),Total,,,,0.05,mg/l,False,0.05,,,350.1,USGSGWM,Actual,GW,Water,,,"[]"
8666065,31960001,Decorah 6,Winneshiek,07060002,Well,Multiple Aquifers,43.307794,-91.792468,06/13/2006 16:45:00,GWM,NIT-KJELD,Kjeldahl nitrogen (AS N),Total,,,,0.1,mg/l,False,0.1,,,351.2,USGSGWM,Actual,GW,Water,,,"[]"
8666065,31960001,Decorah 6,Winneshiek,07060002,Well,Multiple Aquifers,43.307794,-91.792468,06/13/2006 16:45:00,GWM,NIT-NO3-NO2,Nitrate + Nitrite (AS N),Total,,,,3.4,mg/l,True,0.05,,,353.2,USGSGWM,Actual,GW,Water,,,"[]"
8666065,31960001,Decorah 6,Winneshiek,07060002,Well,Multiple Aquifers,43.307794,-91.792468,06/13/2006 16:45:00,GWM,14265-44-2,Orthophosphate (AS P),Dissolved,,,,0.02,mg/l,False,0.02,,,365.1,USGSGWM,Actual,GW,Water,,,"[]"
8666065,31960001,Decorah 6,Winneshiek,07060002,Well,Multiple Aquifers,43.307794,-91.792468,06/13/2006 16:45:00,GWM,PHOSP-PHOSP,"Total Phosphorus, mixed forms (AS P)",Total,,,,0.05,mg/l,True,0.02,,,365.4,USGSGWM,Actual,GW,Water,,,"[]"
8666065,31960001,Decorah 6,Winneshiek,07060002,Well,Multiple Aquifers,43.307794,-91.792468,06/13/2006 16:45:00,GWM,NIT-ORGN,Organic Nitrogen,Total,,,,0.1,mg/l,False,0.1,,,LAC10-107-06-2E,USGSGWM,Calculated,GW,Water,,,"[]"
8666065,31960001,Decorah 6,Winneshiek,07060002,Well,Multiple Aquifers,43.307794,-91.792468,08/14/2012 09:15:00,GWM,NIT-NO3-NO2,Nitrate + Nitrite (AS N),Total,,,,3.3,mg/l,True,0.1,,,LAC10-107-04-1J,GWMPWS,Actual,GW,Water,,,"[]"
8666065,31960001,Decorah 6,Winneshiek,07060002,Well,Multiple Aquifers,43.307794,-91.792468,08/14/2012 09:15:00,GWM,NIT-AMM,Ammonia-nitrogen (AS N),Total,,,,0.05,mg/l,False,0.05,,,LAC10-107-06-1J,GWMPWS,Actual,GW,Water,,,"[]"
8666065,31960001,Decorah 6,Winneshiek,07060002,Well,Multiple Aquifers,43.307794,-91.792468,08/14/2012 09:15:00,GWM,NIT-KJELD,Kjeldahl nitrogen (AS N),Total,,,,0.1,mg/l,False,0.1,,,LAC10-107-06-2E,GWMPWS,Actual,GW,Water,,,"[]"
8666065,31960001,Decorah 6,Winneshiek,07060002,Well,Multiple Aquifers,43.307794,-91.792468,08/14/2012 09:15:00,GWM,14265-44-2,Orthophosphate (AS P),Dissolved,,,,0.03,mg/l,True,0.02,,,LAC10-115-01-1A,GWMPWS,Actual,GW,Water,,,"[]"
8666065,31960001,Decorah 6,Winneshiek,07060002,Well,Multiple Aquifers,43.307794,-91.792468,08/14/2012 09:15:00,GWM,PHOSP-PHOSP,"Total Phosphorus, mixed forms (AS P)",Total,,,,0.08,mg/l,True,0.02,,,LAC10-115-01-1D,GWMPWS,Actual,GW,Water,,,"[]"
8666065,31960001,Decorah 6,Winneshiek,07060002,Well,Multiple Aquifers,43.307794,-91.792468,10/24/2016 12:35:00,GWM,NIT-NO3-NO2,Nitrate + Nitrite (AS N),Total,,,,3.8,mg/l,True,0.1,,,LAC10-107-04-1J,GWM,Actual,GW,Water,,,"[]"
8666065,31960001,Decorah 6,Winneshiek,07060002,Well,Multiple Aquifers,43.307794,-91.792468,10/24/2016 12:35:00,GWM,NIT-AMM,Ammonia-nitrogen (AS N),Total,,,,0.05,mg/l,False,0.05,,,LAC10-107-06-1J,GWM,Actual,GW,Water,,,"[]"
8666065,31960007,Decorah 7,Winneshiek,07060002,Well,Alluvium,43.3079065913,-91.7886727885,10/24/2016 13:25:00,GWM,NIT-NO3-NO2,Nitrate + Nitrite (AS N),Total,,,,4,mg/l,True,0.1,,,LAC10-107-04-1J,GWM,Actual,GW,Water,,,"[]"
8666065,31960007,Decorah 7,Winneshiek,07060002,Well,Alluvium,43.3079065913,-91.7886727885,10/24/2016 13:25:00,GWM,NIT-AMM,Ammonia-nitrogen (AS N),Total,,,,0.05,mg/l,False,0.05,,,LAC10-107-06-1J,GWM,Actual,GW,Water,,,"[]"
8666065,31960001,Decorah 6,Winneshiek,07060002,Well,Multiple Aquifers,43.307794,-91.792468,11/17/2015 09:40:00,GWM,NIT-NO3-NO2,Nitrate + Nitrite (AS N),Total,,,,4.2,mg/l,True,0.1,,,LAC10-107-04-1J,GWM,Actual,GW,Water,,,"[]"
8666065,31960001,Decorah 6,Winneshiek,07060002,Well,Multiple Aquifers,43.307794,-91.792468,11/17/2015 09:40:00,GWM,NIT-AMM,Ammonia-nitrogen (AS N),Total,,,,0.05,mg/l,False,0.05,,,LAC10-107-06-1J,GWM,Actual,GW,Water,,,"[]"
8666065,31960001,Decorah 6,Winneshiek,07060002,Well,Multiple Aquifers,43.307794,-91.792468,11/17/2015 09:40:00,GWM,NIT-KJELD,Kjeldahl nitrogen (AS N),Total,,,,0.1,mg/l,False,0.1,,,LAC10-107-06-2E,GWM,Actual,GW,Water,,,"[]"
8666065,31960001,Decorah 6,Winneshiek,07060002,Well,Multiple Aquifers,43.307794,-91.792468,11/17/2015 09:40:00,GWM,14265-44-2,Orthophosphate (AS P),Dissolved,,,,0.03,mg/l,True,0.02,,,LAC10-115-01-1A,GWM,Actual,GW,Water,,,"[]"
8666065,31960001,Decorah 6,Winneshiek,07060002,Well,Multiple Aquifers,43.307794,-91.792468,11/17/2015 09:40:00,GWM,PHOSP-PHOSP,"Total Phosphorus, mixed forms (AS P)",Total,,,,0.04,mg/l,True,0.02,,,LAC10-115-01-1D,GWM,Actual,GW,Water,,,"[]"
8666065,31960007,Decorah 7,Winneshiek,07060002,Well,Alluvium,43.3079065913,-91.7886727885,11/17/2015 09:40:00,GWM,NIT-NO3-NO2,Nitrate + Nitrite (AS N),Total,,,,3.4,mg/l,True,0.1,,,LAC10-107-04-1J,GWM,Actual,GW,Water,,,"[]"
8666065,31960007,Decorah 7,Winneshiek,07060002,Well,Alluvium,43.3079065913,-91.7886727885,11/17/2015 09:40:00,GWM,NIT-AMM,Ammonia-nitrogen (AS N),Total,,,,0.05,mg/l,False,0.05,,,LAC10-107-06-1J,GWM,Actual,GW,Water,,,"[]"
8666065,31960007,Decorah 7,Winneshiek,07060002,Well,Alluvium,43.3079065913,-91.7886727885,11/17/2015 09:40:00,GWM,NIT-KJELD,Kjeldahl nitrogen (AS N),Total,,,,0.1,mg/l,True,0.1,,,LAC10-107-06-2E,GWM,Actual,GW,Water,,,"[]"
8666065,31960007,Decorah 7,Winneshiek,07060002,Well,Alluvium,43.3079065913,-91.7886727885,11/17/2015 09:40:00,GWM,14265-44-2,Orthophosphate (AS P),Dissolved,,,,0.02,mg/l,True,0.02,,,LAC10-115-01-1A,GWM,Actual,GW,Water,,,"[]"
8666065,31960007,Decorah 7,Winneshiek,07060002,Well,Alluvium,43.3079065913,-91.7886727885,11/17/2015 09:40:00,GWM,PHOSP-PHOSP,"Total Phosphorus, mixed forms (AS P)",Total,,,,0.03,mg/l,True,0.02,,,LAC10-115-01-1D,GWM,Actual,GW,Water,,,"[]"
8666065,31960001,Decorah 6,Winneshiek,07060002,Well,Multiple Aquifers,43.307794,-91.792468,12/16/2014 11:15:00,GWM,NIT-NO3-NO2,Nitrate + Nitrite (AS N),Total,,,,3.8,mg/l,True,0.1,,,LAC10-107-04-1J,GWM,Actual,GW,Water,,,"[]"
8666065,31960001,Decorah 6,Winneshiek,07060002,Well,Multiple Aquifers,43.307794,-91.792468,12/16/2014 11:15:00,GWM,NIT-AMM,Ammonia-nitrogen (AS N),Total,,,,0.05,mg/l,False,0.05,,,LAC10-107-06-1J,GWM,Actual,GW,Water,,,"[]"
8666065,31960001,Decorah 6,Winneshiek,07060002,Well,Multiple Aquifers,43.307794,-91.792468,12/16/2014 11:15:00,GWM,NIT-KJELD,Kjeldahl nitrogen (AS N),Total,,,,0.1,mg/l,False,0.1,,,LAC10-107-06-2E,GWM,Actual,GW,Water,,,"[]"
8666065,31960001,Decorah 6,Winneshiek,07060002,Well,Multiple Aquifers,43.307794,-91.792468,12/16/2014 11:15:00,GWM,14265-44-2,Orthophosphate (AS P),Dissolved,,,,0.027,mg/l,True,0.02,,,LAC10-115-01-1A,GWM,Actual,GW,Water,,,"[]"
8666065,31960001,Decorah 6,Winneshiek,07060002,Well,Multiple Aquifers,43.307794,-91.792468,12/16/2014 11:15:00,GWM,PHOSP-PHOSP,"Total Phosphorus, mixed forms (AS P)",Total,,,,0.1,mg/l,True,0.02,,,LAC10-115-01-1D,GWM,Actual,GW,Water,,,"[]"
8666065,31960007,Decorah 7,Winneshiek,07060002,Well,Alluvium,43.3079065913,-91.7886727885,04/09/2013 13:35:00,GWM,NIT-NO3-NO2,Nitrate + Nitrite (AS N),Total,,,,2,mg/l,True,0.1,,,LAC10-107-04-1J,GWM,Actual,GW,Water,,,"[]"
8666065,31960007,Decorah 7,Winneshiek,07060002,Well,Alluvium,43.3079065913,-91.7886727885,04/09/2013 13:35:00,GWM,NIT-AMM,Ammonia-nitrogen (AS N),Total,,,,0.05,mg/l,False,0.05,,,LAC10-107-06-1J,GWM,Actual,GW,Water,,,"[]"
8666065,31960007,Decorah 7,Winneshiek,07060002,Well,Alluvium,43.3079065913,-91.7886727885,04/09/2013 13:35:00,GWM,NIT-KJELD,Kjeldahl nitrogen (AS N),Total,,,,0.1,mg/l,False,0.1,,,LAC10-107-06-2E,GWM,Actual,GW,Water,,,"[]"
8666065,31960007,Decorah 7,Winneshiek,07060002,Well,Alluvium,43.3079065913,-91.7886727885,04/09/2013 13:35:00,GWM,14265-44-2,Orthophosphate (AS P),Dissolved,,,,0.02,mg/l,False,0.02,,,LAC10-115-01-1A,GWM,Actual,GW,Water,,,"[]"
8666065,31960007,Decorah 7,Winneshiek,07060002,Well,Alluvium,43.3079065913,-91.7886727885,04/09/2013 13:35:00,GWM,PHOSP-PHOSP,"Total Phosphorus, mixed forms (AS P)",Total,,,,0.03,mg/l,True,0.02,,,LAC10-115-01-1D,GWM,Actual,GW,Water,,,"[]"
8666065,31960007,Decorah 7,Winneshiek,07060002,Well,Alluvium,43.3079065913,-91.7886727885,10/24/2017 09:42:00,GWM,NIT-NO3-NO2,Nitrate + Nitrite (AS N),None,,,,3.6,mg/l,True,0.1,,,LAC10-107-06-1J,GWM,Actual,GW,Water,,,"[]"
8666065,31960007,Decorah 7,Winneshiek,07060002,Well,Alluvium,43.3079065913,-91.7886727885,10/24/2017 09:42:00,GWM,NIT-AMM,Ammonia-nitrogen (AS N),None,,,,0.05,mg/l,False,0.05,,,LAC10-107-06-1J,GWM,Actual,GW,Water,,,"[]"
8666065,30960001,Dunning's Spring,Winneshiek,07060002,Spring,,43.311562047,-91.7908878188,11/06/2017 00:00:00,GWM,NIT-NO3-NO2,Nitrate + Nitrite,None,,,,12.16,mg/l,True,0.01,,0.01,353.2,GWM001,,GW,Water,,,"[]"
8666065,31960007,Decorah 7,Winneshiek,07060002,Well,Alluvium,43.3079065913,-91.7886727885,11/20/2017 00:00:00,GWM,NIT-NO3-NO2,Nitrate + Nitrite,None,,,,3.78,mg/l,True,0.01,,0.01,353.2,GWM001,,GW,Water,,,"[]"
8666065,31960007,Decorah 7,Winneshiek,07060002,Well,Alluvium,43.3079065913,-91.7886727885,12/18/2018 07:40:00,GWM,NIT-AMM,Ammonia-nitrogen (AS N),None,,,,0.05,mg/l,False,0.05,,,LAC10-107-06-1J,GWM,Actual,GW,Water,,,"[]"
8666065,31960007,Decorah 7,Winneshiek,07060002,Well,Alluvium,43.3079065913,-91.7886727885,12/18/2018 07:40:00,GWM,NIT-NO3-NO2,Nitrate + Nitrite (AS N),None,,,,4.2,mg/l,True,0.1,,,LAC10-107-06-1J,GWM,Actual,GW,Water,,,"[]"
8666065,31960007,Decorah 7,Winneshiek,07060002,Well,Alluvium,43.3079065913,-91.7886727885,12/18/2018 07:40:00,GWM,14265-44-2,Orthophosphate (AS P),Dissolved,,,,0.02,mg/l,True,0.02,,,LAC10-115-01-1A,GWM,Actual,GW,Water,,Sample was not field filtered per method and was filtered for analysis after receipt by the laboratory.,"[]"
8666065,31960007,Decorah 7,Winneshiek,07060002,Well,Alluvium,43.3079065913,-91.7886727885,11/25/2019 13:00:00,GWM,NIT-AMM,Ammonia-nitrogen (AS N),None,,,,0.07,mg/l,True,0.05,,,LAC10-107-06-1J,GWM,Actual,GW,Water,,,"[]"
8666065,31960007,Decorah 7,Winneshiek,07060002,Well,Alluvium,43.3079065913,-91.7886727885,11/25/2019 13:00:00,GWM,NIT-NO3-NO2,Nitrate + Nitrite (AS N),None,,,,4.6,mg/l,True,0.1,,,LAC10-107-06-1J,GWM,Actual,GW,Water,,,"[]"
8666065,31960007,Decorah 7,Winneshiek,07060002,Well,Alluvium,43.3079065913,-91.7886727885,04/18/2023 14:03:00,GWM,NIT-NO3-NO2,Nitrate + Nitrite (AS N),Total,,,,3.9,mg/l,True,0.1,,,LAC10-107-04-1J,GWM,Actual,GW,Water,,,"[]"
8666065,31960007,Decorah 7,Winneshiek,07060002,Well,Alluvium,43.3079065913,-91.7886727885,04/18/2023 14:03:00,GWM,NIT-AMM,Ammonia-nitrogen (AS N),Total,,,,0.1,mg/l,False,0.1,,,LAC10-107-06-1J,GWM,Actual,GW,Water,,,"[]"
8666065,31960007,Decorah 7,Winneshiek,07060002,Well,Alluvium,43.3079065913,-91.7886727885,01/26/2021 08:30:00,GWM,NIT-NO3-NO2,Nitrate + Nitrite (AS N),None,,,,4,mg/l,True,0.1,,,LAC10-107-06-1J,GWM,Actual,GW,Water,,,"[]"
8666065,31960007,Decorah 7,Winneshiek,07060002,Well,Alluvium,43.3079065913,-91.7886727885,01/26/2021 08:30:00,GWM,NIT-AMM,Ammonia-nitrogen (AS N),None,,,,0.05,mg/l,False,0.05,,,LAC10-107-06-1J,GWM,Actual,GW,Water,,,"[]"
