facilityID,siteID,name,county,huc8,type,aquifer,latitude,longitude,sampleDate,projectCode,cas_rn,analyte,fraction,relDepth,sampDepth,sampDepthUnit,result,unit,detect,detectLimit,quantFlag,quantLimit,method,colMethod,resultType,matrix,medium,qualFlag,remark,xParams
8666065,31970001,Correctionville 1 W,Woodbury,10230003,Well,Alluvium,42.47484,-95.78166,07/31/2002 15:45:00,GWM,NIT-NO3-NO2,Nitrate + Nitrite (AS N),Total,,,,8.7,mg/l,True,0.1,,,353.2,USGSGWM,Actual,GW,Water,,,"[]"
8666065,31970001,Correctionville 1 W,Woodbury,10230003,Well,Alluvium,42.47484,-95.78166,07/31/2002 15:45:00,GWM,NIT-AMM,Ammonia-nitrogen (AS N),Total,,,,0.05,mg/l,False,0.05,,,LAC10-107-06-1J,USGSGWM,Actual,GW,Water,,,"[]"
8666065,31970001,Correctionville 1 W,Woodbury,10230003,Well,Alluvium,42.47484,-95.78166,07/31/2002 15:45:00,GWM,NIT-ORGN,Organic Nitrogen (AS N),Total,,,,0.05,mg/l,False,0.05,,,LAC10-107-06-2E,USGSGWM,Calculated,GW,Water,,,"[]"
8666065,31970001,Correctionville 1 W,Woodbury,10230003,Well,Alluvium,42.47484,-95.78166,07/31/2002 15:45:00,GWM,14265-44-2,Orthophosphate (AS P),Dissolved,,,,0.05,mg/l,False,0.05,,,LAC10-115-01-1A,USGSGWM,Actual,GW,Water,,,"[]"
8666065,31970001,Correctionville 1 W,Woodbury,10230003,Well,Alluvium,42.47484,-95.78166,07/31/2002 15:45:00,GWM,PHOSP-PHOSP,"Total Phosphorus, mixed forms (AS P)",Total,,,,0.05,mg/l,False,0.05,,,LAC10-115-01-1C,USGSGWM,Actual,GW,Water,,,"[]"
8666065,31970001,Correctionville 1 W,Woodbury,10230003,Well,Alluvium,42.47484,-95.78166,07/31/2002 15:45:00,GWM,NIT-KJELD,Kjeldahl nitrogen (AS N),Total,,,,0.05,mg/l,False,0.05,,,PAI DK03,USGSGWM,Actual,GW,Water,,,"[]"
8666065,31970010,Sioux City River 8,Woodbury,10230001,Well,Multiple Aquifers,42.489655,-96.423305,07/31/2002 09:00:00,GWM,NIT-NO3-NO2,Nitrate + Nitrite (AS N),Total,,,,0.1,mg/l,False,0.1,,,353.2,USGSGWM,Actual,GW,Water,,,"[]"
8666065,31970010,Sioux City River 8,Woodbury,10230001,Well,Multiple Aquifers,42.489655,-96.423305,07/31/2002 09:00:00,GWM,NIT-AMM,Ammonia-nitrogen (AS N),Total,,,,0.2,mg/l,True,0.05,,,LAC10-107-06-1J,USGSGWM,Actual,GW,Water,,,"[]"
8666065,31970010,Sioux City River 8,Woodbury,10230001,Well,Multiple Aquifers,42.489655,-96.423305,07/31/2002 09:00:00,GWM,NIT-ORGN,Organic Nitrogen (AS N),Total,,,,0.09,mg/l,True,0.05,,,LAC10-107-06-2E,USGSGWM,Calculated,GW,Water,,,"[]"
8666065,31970010,Sioux City River 8,Woodbury,10230001,Well,Multiple Aquifers,42.489655,-96.423305,07/31/2002 09:00:00,GWM,14265-44-2,Orthophosphate (AS P),Dissolved,,,,0.05,mg/l,False,0.05,,,LAC10-115-01-1A,USGSGWM,Actual,GW,Water,,,"[]"
8666065,31970010,Sioux City River 8,Woodbury,10230001,Well,Multiple Aquifers,42.489655,-96.423305,07/31/2002 09:00:00,GWM,PHOSP-PHOSP,"Total Phosphorus, mixed forms (AS P)",Total,,,,0.08,mg/l,True,0.05,,,LAC10-115-01-1C,USGSGWM,Actual,GW,Water,,,"[]"
8666065,31970010,Sioux City River 8,Woodbury,10230001,Well,Multiple Aquifers,42.489655,-96.423305,07/31/2002 09:00:00,GWM,NIT-KJELD,Kjeldahl nitrogen (AS N),Total,,,,0.29,mg/l,True,0.05,,,PAI DK03,USGSGWM,Actual,GW,Water,,,"[]"
8666065,31970009,Sioux City River 3,Woodbury,10230001,Well,Dakota,42.491274,-96.426058,09/24/2002 08:30:00,GWM,NIT-NO3-NO2,Nitrate + Nitrite (AS N),Total,,,,0.1,mg/l,False,0.1,,,353.2,USGSGWM,Actual,GW,Water,,,"[]"
8666065,31970009,Sioux City River 3,Woodbury,10230001,Well,Dakota,42.491274,-96.426058,09/24/2002 08:30:00,GWM,NIT-AMM,Ammonia-nitrogen (AS N),Total,,,,0.45,mg/l,True,0.05,,,LAC10-107-06-1J,USGSGWM,Actual,GW,Water,,,"[]"
8666065,31970009,Sioux City River 3,Woodbury,10230001,Well,Dakota,42.491274,-96.426058,09/24/2002 08:30:00,GWM,NIT-ORGN,Organic Nitrogen (AS N),Total,,,,0.12,mg/l,True,0.05,,,LAC10-107-06-2E,USGSGWM,Calculated,GW,Water,,,"[]"
8666065,31970009,Sioux City River 3,Woodbury,10230001,Well,Dakota,42.491274,-96.426058,09/24/2002 08:30:00,GWM,14265-44-2,Orthophosphate (AS P),Dissolved,,,,0.05,mg/l,False,0.05,,,LAC10-115-01-1A,USGSGWM,Actual,GW,Water,,,"[]"
8666065,31970009,Sioux City River 3,Woodbury,10230001,Well,Dakota,42.491274,-96.426058,09/24/2002 08:30:00,GWM,PHOSP-PHOSP,"Total Phosphorus, mixed forms (AS P)",Total,,,,0.05,mg/l,False,0.05,,,LAC10-115-01-1C,USGSGWM,Actual,GW,Water,,,"[]"
8666065,31970009,Sioux City River 3,Woodbury,10230001,Well,Dakota,42.491274,-96.426058,09/24/2002 08:30:00,GWM,NIT-KJELD,Kjeldahl nitrogen (AS N),Total,,,,0.56,mg/l,True,0.05,,,PAI DK03,USGSGWM,Actual,GW,Water,,,"[]"
8666065,31970002,Sioux City 2,Woodbury,10230001,Well,Multiple Aquifers,42.49073,-96.42291,09/24/2002 10:15:00,GWM,NIT-NO3-NO2,Nitrate + Nitrite (AS N),Total,,,,0.1,mg/l,False,0.1,,,353.2,USGSGWM,Actual,GW,Water,,,"[]"
8666065,31970002,Sioux City 2,Woodbury,10230001,Well,Multiple Aquifers,42.49073,-96.42291,09/24/2002 10:15:00,GWM,NIT-AMM,Ammonia-nitrogen (AS N),Total,,,,0.05,mg/l,False,0.05,,,LAC10-107-06-1J,USGSGWM,Actual,GW,Water,,,"[]"
8666065,31970002,Sioux City 2,Woodbury,10230001,Well,Multiple Aquifers,42.49073,-96.42291,09/24/2002 10:15:00,GWM,NIT-ORGN,Organic Nitrogen (AS N),Total,,,,0.06,mg/l,True,0.05,,,LAC10-107-06-2E,USGSGWM,Calculated,GW,Water,,,"[]"
8666065,31970002,Sioux City 2,Woodbury,10230001,Well,Multiple Aquifers,42.49073,-96.42291,09/24/2002 10:15:00,GWM,14265-44-2,Orthophosphate (AS P),Dissolved,,,,0.05,mg/l,False,0.05,,,LAC10-115-01-1A,USGSGWM,Actual,GW,Water,,,"[]"
8666065,31970002,Sioux City 2,Woodbury,10230001,Well,Multiple Aquifers,42.49073,-96.42291,09/24/2002 10:15:00,GWM,PHOSP-PHOSP,"Total Phosphorus, mixed forms (AS P)",Total,,,,0.08,mg/l,True,0.05,,,LAC10-115-01-1C,USGSGWM,Actual,GW,Water,,,"[]"
8666065,31970002,Sioux City 2,Woodbury,10230001,Well,Multiple Aquifers,42.49073,-96.42291,09/24/2002 10:15:00,GWM,NIT-KJELD,Kjeldahl nitrogen (AS N),Total,,,,0.06,mg/l,True,0.05,,,PAI DK03,USGSGWM,Actual,GW,Water,,,"[]"
8666065,31970008,Salix 2,Woodbury,10230004,Well,Dakota,42.3095,-96.28731,09/23/2002 14:00:00,GWM,NIT-NO3-NO2,Nitrate + Nitrite (AS N),Total,,,,0.1,mg/l,False,0.1,,,353.2,USGSGWM,Actual,GW,Water,,,"[]"
8666065,31970008,Salix 2,Woodbury,10230004,Well,Dakota,42.3095,-96.28731,09/23/2002 14:00:00,GWM,NIT-AMM,Ammonia-nitrogen (AS N),Total,,,,0.31,mg/l,True,0.05,,,LAC10-107-06-1J,USGSGWM,Actual,GW,Water,,,"[]"
8666065,31970008,Salix 2,Woodbury,10230004,Well,Dakota,42.3095,-96.28731,09/23/2002 14:00:00,GWM,NIT-ORGN,Organic Nitrogen (AS N),Total,,,,0.05,mg/l,False,0.05,,,LAC10-107-06-2E,USGSGWM,Calculated,GW,Water,,,"[]"
8666065,31970008,Salix 2,Woodbury,10230004,Well,Dakota,42.3095,-96.28731,09/23/2002 14:00:00,GWM,14265-44-2,Orthophosphate (AS P),Dissolved,,,,0.05,mg/l,False,0.05,,,LAC10-115-01-1A,USGSGWM,Actual,GW,Water,,,"[]"
8666065,31970008,Salix 2,Woodbury,10230004,Well,Dakota,42.3095,-96.28731,09/23/2002 14:00:00,GWM,PHOSP-PHOSP,"Total Phosphorus, mixed forms (AS P)",Total,,,,0.16,mg/l,True,0.05,,,LAC10-115-01-1C,USGSGWM,Actual,GW,Water,,,"[]"
8666065,31970008,Salix 2,Woodbury,10230004,Well,Dakota,42.3095,-96.28731,09/23/2002 14:00:00,GWM,NIT-KJELD,Kjeldahl nitrogen (AS N),Total,,,,0.33,mg/l,True,0.05,,,PAI DK03,USGSGWM,Actual,GW,Water,,,"[]"
8666065,31970002,Sioux City 2,Woodbury,10230001,Well,Multiple Aquifers,42.49073,-96.42291,07/28/2003 10:15:00,GWM,NIT-AMM,Ammonia-nitrogen (AS N),Total,,,,0.24,mg/l,True,0.05,,,350.1,USGSGWM,Actual,GW,Water,,,"[]"
8666065,31970002,Sioux City 2,Woodbury,10230001,Well,Multiple Aquifers,42.49073,-96.42291,07/28/2003 10:15:00,GWM,NIT-NO3-NO2,Nitrate + Nitrite (AS N),Total,,,,0.1,mg/l,False,0.1,,,353.2,USGSGWM,Actual,GW,Water,,,"[]"
8666065,31970002,Sioux City 2,Woodbury,10230001,Well,Multiple Aquifers,42.49073,-96.42291,07/28/2003 10:15:00,GWM,14265-44-2,Orthophosphate (AS P),Dissolved,,,,0.02,mg/l,False,0.02,,,365.1,USGSGWM,Actual,GW,Water,,,"[]"
8666065,31970002,Sioux City 2,Woodbury,10230001,Well,Multiple Aquifers,42.49073,-96.42291,07/28/2003 10:15:00,GWM,PHOSP-PHOSP,"Total Phosphorus, mixed forms (AS P)",Total,,,,0.1,mg/l,True,0.02,,,365.4,USGSGWM,Actual,GW,Water,,,"[]"
8666065,31970002,Sioux City 2,Woodbury,10230001,Well,Multiple Aquifers,42.49073,-96.42291,07/28/2003 10:15:00,GWM,NIT-ORGN,Organic Nitrogen (AS N),Total,,,,0.15,mg/l,True,0.05,,,LAC10-107-06-2E,USGSGWM,Calculated,GW,Water,,,"[]"
8666065,31970002,Sioux City 2,Woodbury,10230001,Well,Multiple Aquifers,42.49073,-96.42291,07/28/2003 10:15:00,GWM,NIT-KJELD,Kjeldahl nitrogen (AS N),Total,,,,0.39,mg/l,True,0.05,,,PAI DK03,USGSGWM,Actual,GW,Water,,,"[]"
8666065,31970001,Correctionville 1 W,Woodbury,10230003,Well,Alluvium,42.47484,-95.78166,07/30/2003 15:10:00,GWM,NIT-AMM,Ammonia-nitrogen (AS N),Total,,,,0.05,mg/l,False,0.05,,,350.1,USGSGWM,Actual,GW,Water,,,"[]"
8666065,31970001,Correctionville 1 W,Woodbury,10230003,Well,Alluvium,42.47484,-95.78166,07/30/2003 15:10:00,GWM,NIT-NO3-NO2,Nitrate + Nitrite (AS N),Total,,,,15,mg/l,True,0.1,,,353.2,USGSGWM,Actual,GW,Water,,,"[]"
8666065,31970001,Correctionville 1 W,Woodbury,10230003,Well,Alluvium,42.47484,-95.78166,07/30/2003 15:10:00,GWM,14265-44-2,Orthophosphate (AS P),Dissolved,,,,0.02,mg/l,True,0.02,,,365.1,USGSGWM,Actual,GW,Water,,,"[]"
8666065,31970001,Correctionville 1 W,Woodbury,10230003,Well,Alluvium,42.47484,-95.78166,07/30/2003 15:10:00,GWM,PHOSP-PHOSP,"Total Phosphorus, mixed forms (AS P)",Total,,,,0.02,mg/l,False,0.02,,,365.4,USGSGWM,Actual,GW,Water,,,"[]"
8666065,31970001,Correctionville 1 W,Woodbury,10230003,Well,Alluvium,42.47484,-95.78166,07/30/2003 15:10:00,GWM,NIT-ORGN,Organic Nitrogen (AS N),Total,,,,0.05,mg/l,False,0.05,,,LAC10-107-06-2E,USGSGWM,Calculated,GW,Water,,,"[]"
8666065,31970001,Correctionville 1 W,Woodbury,10230003,Well,Alluvium,42.47484,-95.78166,07/30/2003 15:10:00,GWM,NIT-KJELD,Kjeldahl nitrogen (AS N),Total,,,,0.05,mg/l,False,0.05,,,PAI DK03,USGSGWM,Actual,GW,Water,,,"[]"
8666065,31970001,Correctionville 1 W,Woodbury,10230003,Well,Alluvium,42.47484,-95.78166,08/09/2004 16:00:00,GWM,NIT-AMM,Ammonia-nitrogen (AS N),Total,,,,0.05,mg/l,False,0.05,,,350.1,USGSGWM,Actual,GW,Water,,,"[]"
8666065,31970001,Correctionville 1 W,Woodbury,10230003,Well,Alluvium,42.47484,-95.78166,08/09/2004 16:00:00,GWM,NIT-NO3-NO2,Nitrate + Nitrite (AS N),Total,,,,17,mg/l,True,0.05,,,353.2,USGSGWM,Actual,GW,Water,,,"[]"
8666065,31970001,Correctionville 1 W,Woodbury,10230003,Well,Alluvium,42.47484,-95.78166,08/09/2004 16:00:00,GWM,14265-44-2,Orthophosphate (AS P),Dissolved,,,,0.02,mg/l,True,0.02,,,365.1,USGSGWM,Actual,GW,Water,,,"[]"
8666065,31970001,Correctionville 1 W,Woodbury,10230003,Well,Alluvium,42.47484,-95.78166,08/09/2004 16:00:00,GWM,PHOSP-PHOSP,"Total Phosphorus, mixed forms (AS P)",Total,,,,0.02,mg/l,True,0.02,,,365.4,USGSGWM,Actual,GW,Water,,,"[]"
8666065,31970001,Correctionville 1 W,Woodbury,10230003,Well,Alluvium,42.47484,-95.78166,08/09/2004 16:00:00,GWM,NIT-ORGN,Organic Nitrogen,Total,,,,0.1,mg/l,True,0.05,,,LAC10-107-06-2E,USGSGWM,Calculated,GW,Water,,,"[]"
8666065,31970004,Cushing 2,Woodbury,10230003,Well,Alluvium,42.46637,-95.67343,08/09/2004 14:00:00,GWM,NIT-AMM,Ammonia-nitrogen (AS N),Total,,,,0.05,mg/l,False,0.05,,,350.1,USGSGWM,Actual,GW,Water,,,"[]"
8666065,31970004,Cushing 2,Woodbury,10230003,Well,Alluvium,42.46637,-95.67343,08/09/2004 14:00:00,GWM,NIT-KJELD,Kjeldahl nitrogen (AS N),Total,,,,0.08,mg/l,True,0.05,,,351.1,USGSGWM,Actual,GW,Water,,,"[]"
8666065,31970004,Cushing 2,Woodbury,10230003,Well,Alluvium,42.46637,-95.67343,08/09/2004 14:00:00,GWM,NIT-NO3-NO2,Nitrate + Nitrite (AS N),Total,,,,11,mg/l,True,0.05,,,353.2,USGSGWM,Actual,GW,Water,,,"[]"
8666065,31970004,Cushing 2,Woodbury,10230003,Well,Alluvium,42.46637,-95.67343,08/09/2004 14:00:00,GWM,14265-44-2,Orthophosphate (AS P),Dissolved,,,,0.02,mg/l,False,0.02,,,365.1,USGSGWM,Actual,GW,Water,,,"[]"
8666065,31970004,Cushing 2,Woodbury,10230003,Well,Alluvium,42.46637,-95.67343,08/09/2004 14:00:00,GWM,PHOSP-PHOSP,"Total Phosphorus, mixed forms (AS P)",Total,,,,0.02,mg/l,False,0.02,,,365.4,USGSGWM,Actual,GW,Water,,,"[]"
8666065,31970004,Cushing 2,Woodbury,10230003,Well,Alluvium,42.46637,-95.67343,08/09/2004 14:00:00,GWM,NIT-ORGN,Organic Nitrogen,Total,,,,0.08,mg/l,True,0.05,,,LAC10-107-06-2E,USGSGWM,Calculated,GW,Water,,,"[]"
8666065,31970002,Sioux City 2,Woodbury,10230001,Well,Multiple Aquifers,42.49073,-96.42291,08/10/2004 10:00:00,GWM,NIT-AMM,Ammonia-nitrogen (AS N),Total,,,,0.19,mg/l,True,0.05,,,350.1,USGSGWM,Actual,GW,Water,,,"[]"
8666065,31970002,Sioux City 2,Woodbury,10230001,Well,Multiple Aquifers,42.49073,-96.42291,08/10/2004 10:00:00,GWM,NIT-NO3-NO2,Nitrate + Nitrite (AS N),Total,,,,0.05,mg/l,False,0.05,,,353.2,USGSGWM,Actual,GW,Water,,,"[]"
8666065,31970002,Sioux City 2,Woodbury,10230001,Well,Multiple Aquifers,42.49073,-96.42291,08/10/2004 10:00:00,GWM,14265-44-2,Orthophosphate (AS P),Dissolved,,,,0.02,mg/l,True,0.02,,,365.1,USGSGWM,Actual,GW,Water,,,"[]"
8666065,31970002,Sioux City 2,Woodbury,10230001,Well,Multiple Aquifers,42.49073,-96.42291,08/10/2004 10:00:00,GWM,PHOSP-PHOSP,"Total Phosphorus, mixed forms (AS P)",Total,,,,0.08,mg/l,True,0.02,,,365.4,USGSGWM,Actual,GW,Water,,,"[]"
8666065,31970002,Sioux City 2,Woodbury,10230001,Well,Multiple Aquifers,42.49073,-96.42291,08/10/2004 10:00:00,GWM,NIT-ORGN,Organic Nitrogen,Total,,,,0.12,mg/l,True,0.05,,,LAC10-107-06-2E,USGSGWM,Calculated,GW,Water,,,"[]"
8666065,31970003,Sloan (4) 3,Woodbury,10230004,Well,Alluvium,42.23525,-96.22961,07/21/2004 15:30:00,GWM,NIT-AMM,Ammonia-nitrogen (AS N),Total,,,,0.55,mg/l,True,0.05,,,350.1,USGSGWM,Actual,GW,Water,,,"[]"
8666065,31970003,Sloan (4) 3,Woodbury,10230004,Well,Alluvium,42.23525,-96.22961,07/21/2004 15:30:00,GWM,NIT-NO3-NO2,Nitrate + Nitrite (AS N),Total,,,,0.05,mg/l,False,0.05,,,353.2,USGSGWM,Actual,GW,Water,,,"[]"
8666065,31970003,Sloan (4) 3,Woodbury,10230004,Well,Alluvium,42.23525,-96.22961,07/21/2004 15:30:00,GWM,14265-44-2,Orthophosphate (AS P),Dissolved,,,,0.02,mg/l,True,0.02,,,365.1,USGSGWM,Actual,GW,Water,,,"[]"
8666065,31970003,Sloan (4) 3,Woodbury,10230004,Well,Alluvium,42.23525,-96.22961,07/21/2004 15:30:00,GWM,PHOSP-PHOSP,"Total Phosphorus, mixed forms (AS P)",Total,,,,0.09,mg/l,True,0.02,,,365.4,USGSGWM,Actual,GW,Water,,,"[]"
8666065,31970003,Sloan (4) 3,Woodbury,10230004,Well,Alluvium,42.23525,-96.22961,07/21/2004 15:30:00,GWM,NIT-ORGN,Organic Nitrogen,Total,,,,0.2,mg/l,True,0.05,,,LAC10-107-06-2E,USGSGWM,Calculated,GW,Water,,,"[]"
8666065,31970001,Correctionville 1 W,Woodbury,10230003,Well,Alluvium,42.47484,-95.78166,07/06/2005 12:15:00,GWM,NIT-AMM,Ammonia-nitrogen (AS N),Total,,,,0.05,mg/l,False,0.05,,,350.1,USGSGWM,Actual,GW,Water,,,"[]"
8666065,31970001,Correctionville 1 W,Woodbury,10230003,Well,Alluvium,42.47484,-95.78166,07/06/2005 12:15:00,GWM,NIT-KJELD,Kjeldahl nitrogen (AS N),Total,,,,0.1,mg/l,False,0.1,,,351.2,USGSGWM,Actual,GW,Water,,,"[]"
8666065,31970001,Correctionville 1 W,Woodbury,10230003,Well,Alluvium,42.47484,-95.78166,07/06/2005 12:15:00,GWM,NIT-NO3-NO2,Nitrate + Nitrite (AS N),Total,,,,16,mg/l,True,0.05,,,353.2,USGSGWM,Actual,GW,Water,,,"[]"
8666065,31970001,Correctionville 1 W,Woodbury,10230003,Well,Alluvium,42.47484,-95.78166,07/06/2005 12:15:00,GWM,14265-44-2,Orthophosphate (AS P),Dissolved,,,,0.02,mg/l,False,0.02,,,365.1,USGSGWM,Actual,GW,Water,,,"[]"
8666065,31970001,Correctionville 1 W,Woodbury,10230003,Well,Alluvium,42.47484,-95.78166,07/06/2005 12:15:00,GWM,PHOSP-PHOSP,"Total Phosphorus, mixed forms (AS P)",Total,,,,0.03,mg/l,True,0.02,,,365.4,USGSGWM,Actual,GW,Water,,,"[]"
8666065,31970001,Correctionville 1 W,Woodbury,10230003,Well,Alluvium,42.47484,-95.78166,07/06/2005 12:15:00,GWM,NIT-ORGN,Organic Nitrogen,Total,,,,0.1,mg/l,False,0.1,,,LAC10-107-06-2E,USGSGWM,Calculated,GW,Water,,,"[]"
8666065,31970002,Sioux City 2,Woodbury,10230001,Well,Multiple Aquifers,42.49073,-96.42291,07/11/2005 10:20:00,GWM,NIT-AMM,Ammonia-nitrogen (AS N),Total,,,,0.28,mg/l,True,0.05,,,350.1,USGSGWM,Actual,GW,Water,,,"[]"
8666065,31970002,Sioux City 2,Woodbury,10230001,Well,Multiple Aquifers,42.49073,-96.42291,07/11/2005 10:20:00,GWM,NIT-KJELD,Kjeldahl nitrogen (AS N),Total,,,,0.38,mg/l,True,0.1,,,351.2,USGSGWM,Actual,GW,Water,,,"[]"
8666065,31970002,Sioux City 2,Woodbury,10230001,Well,Multiple Aquifers,42.49073,-96.42291,07/11/2005 10:20:00,GWM,NIT-NO3-NO2,Nitrate + Nitrite (AS N),Total,,,,0.05,mg/l,False,0.05,,,353.2,USGSGWM,Actual,GW,Water,,,"[]"
8666065,31970002,Sioux City 2,Woodbury,10230001,Well,Multiple Aquifers,42.49073,-96.42291,07/11/2005 10:20:00,GWM,14265-44-2,Orthophosphate (AS P),Dissolved,,,,0.02,mg/l,False,0.02,,,365.1,USGSGWM,Actual,GW,Water,,,"[]"
8666065,31970002,Sioux City 2,Woodbury,10230001,Well,Multiple Aquifers,42.49073,-96.42291,07/11/2005 10:20:00,GWM,PHOSP-PHOSP,"Total Phosphorus, mixed forms (AS P)",Total,,,,0.07,mg/l,True,0.02,,,365.4,USGSGWM,Actual,GW,Water,,,"[]"
8666065,31970002,Sioux City 2,Woodbury,10230001,Well,Multiple Aquifers,42.49073,-96.42291,07/11/2005 10:20:00,GWM,NIT-ORGN,Organic Nitrogen,Total,,,,0.1,mg/l,True,0.05,,,LAC10-107-06-2E,USGSGWM,Calculated,GW,Water,,,"[]"
8666065,31970007,Bronson 1,Woodbury,10230004,Well,Buried Sand Gravel,42.41146,-96.21149,08/09/2006 08:40:00,GWM,NIT-AMM,Ammonia-nitrogen (AS N),Total,,,,0.05,mg/l,False,0.05,,,350.1,USGSGWM,Actual,GW,Water,,,"[]"
8666065,31970007,Bronson 1,Woodbury,10230004,Well,Buried Sand Gravel,42.41146,-96.21149,08/09/2006 08:40:00,GWM,NIT-KJELD,Kjeldahl nitrogen (AS N),Total,,,,0.1,mg/l,False,0.1,,,351.2,USGSGWM,Actual,GW,Water,,,"[]"
8666065,31970007,Bronson 1,Woodbury,10230004,Well,Buried Sand Gravel,42.41146,-96.21149,08/09/2006 08:40:00,GWM,NIT-NO3-NO2,Nitrate + Nitrite (AS N),Total,,,,1.5,mg/l,True,0.05,,,353.2,USGSGWM,Actual,GW,Water,,,"[]"
8666065,31970007,Bronson 1,Woodbury,10230004,Well,Buried Sand Gravel,42.41146,-96.21149,08/09/2006 08:40:00,GWM,14265-44-2,Orthophosphate (AS P),Dissolved,,,,0.11,mg/l,True,0.02,,,365.1,USGSGWM,Actual,GW,Water,,,"[]"
8666065,31970007,Bronson 1,Woodbury,10230004,Well,Buried Sand Gravel,42.41146,-96.21149,08/09/2006 08:40:00,GWM,PHOSP-PHOSP,"Total Phosphorus, mixed forms (AS P)",Total,,,,0.1,mg/l,True,0.02,,,365.4,USGSGWM,Actual,GW,Water,,,"[]"
8666065,31970007,Bronson 1,Woodbury,10230004,Well,Buried Sand Gravel,42.41146,-96.21149,08/09/2006 08:40:00,GWM,NIT-ORGN,Organic Nitrogen,Total,,,,0.05,mg/l,False,0.05,,,LAC10-107-06-2E,USGSGWM,Calculated,GW,Water,,,"[]"
8666065,31970006,Anthon 3,Woodbury,10230003,Well,Buried Sand Gravel,42.38929,-95.87387,08/09/2006 11:00:00,GWM,NIT-AMM,Ammonia-nitrogen (AS N),Total,,,,1.1,mg/l,True,0.05,,,350.1,USGSGWM,Actual,GW,Water,,,"[]"
8666065,31970006,Anthon 3,Woodbury,10230003,Well,Buried Sand Gravel,42.38929,-95.87387,08/09/2006 11:00:00,GWM,NIT-KJELD,Kjeldahl nitrogen (AS N),Total,,,,1.2,mg/l,True,0.1,,,351.2,USGSGWM,Actual,GW,Water,,,"[]"
8666065,31970006,Anthon 3,Woodbury,10230003,Well,Buried Sand Gravel,42.38929,-95.87387,08/09/2006 11:00:00,GWM,NIT-NO3-NO2,Nitrate + Nitrite (AS N),Total,,,,1.4,mg/l,True,0.05,,,353.2,USGSGWM,Actual,GW,Water,,,"[]"
8666065,31970006,Anthon 3,Woodbury,10230003,Well,Buried Sand Gravel,42.38929,-95.87387,08/09/2006 11:00:00,GWM,14265-44-2,Orthophosphate (AS P),Dissolved,,,,0.02,mg/l,False,0.02,,,365.1,USGSGWM,Actual,GW,Water,,,"[]"
8666065,31970006,Anthon 3,Woodbury,10230003,Well,Buried Sand Gravel,42.38929,-95.87387,08/09/2006 11:00:00,GWM,PHOSP-PHOSP,"Total Phosphorus, mixed forms (AS P)",Total,,,,0.02,mg/l,True,0.02,,,365.4,USGSGWM,Actual,GW,Water,,,"[]"
8666065,31970006,Anthon 3,Woodbury,10230003,Well,Buried Sand Gravel,42.38929,-95.87387,08/09/2006 11:00:00,GWM,NIT-ORGN,Organic Nitrogen,Total,,,,0.13,mg/l,True,0.05,,,LAC10-107-06-2E,USGSGWM,Calculated,GW,Water,,,"[]"
8666065,31970001,Correctionville 1 W,Woodbury,10230003,Well,Alluvium,42.47484,-95.78166,08/09/2006 12:20:00,GWM,NIT-AMM,Ammonia-nitrogen (AS N),Total,,,,0.05,mg/l,False,0.05,,,350.1,USGSGWM,Actual,GW,Water,,,"[]"
8666065,31970001,Correctionville 1 W,Woodbury,10230003,Well,Alluvium,42.47484,-95.78166,08/09/2006 12:20:00,GWM,NIT-KJELD,Kjeldahl nitrogen (AS N),Total,,,,0.2,mg/l,True,0.1,,,351.2,USGSGWM,Actual,GW,Water,,,"[]"
8666065,31970001,Correctionville 1 W,Woodbury,10230003,Well,Alluvium,42.47484,-95.78166,08/09/2006 12:20:00,GWM,NIT-NO3-NO2,Nitrate + Nitrite (AS N),Total,,,,13,mg/l,True,0.05,,,353.2,USGSGWM,Actual,GW,Water,,,"[]"
8666065,31970001,Correctionville 1 W,Woodbury,10230003,Well,Alluvium,42.47484,-95.78166,08/09/2006 12:20:00,GWM,14265-44-2,Orthophosphate (AS P),Dissolved,,,,0.03,mg/l,True,0.02,,,365.1,USGSGWM,Actual,GW,Water,,,"[]"
8666065,31970001,Correctionville 1 W,Woodbury,10230003,Well,Alluvium,42.47484,-95.78166,08/09/2006 12:20:00,GWM,PHOSP-PHOSP,"Total Phosphorus, mixed forms (AS P)",Total,,,,0.02,mg/l,True,0.02,,,365.4,USGSGWM,Actual,GW,Water,,,"[]"
8666065,31970001,Correctionville 1 W,Woodbury,10230003,Well,Alluvium,42.47484,-95.78166,08/09/2006 12:20:00,GWM,NIT-ORGN,Organic Nitrogen,Total,,,,0.17,mg/l,True,0.05,,,LAC10-107-06-2E,USGSGWM,Calculated,GW,Water,,,"[]"
8666065,31970002,Sioux City 2,Woodbury,10230001,Well,Multiple Aquifers,42.49073,-96.42291,08/08/2006 16:40:00,GWM,NIT-AMM,Ammonia-nitrogen (AS N),Total,,,,0.39,mg/l,True,0.05,,,350.1,USGSGWM,Actual,GW,Water,,,"[]"
8666065,31970002,Sioux City 2,Woodbury,10230001,Well,Multiple Aquifers,42.49073,-96.42291,08/08/2006 16:40:00,GWM,NIT-KJELD,Kjeldahl nitrogen (AS N),Total,,,,0.6,mg/l,True,0.1,,,351.2,USGSGWM,Actual,GW,Water,,,"[]"
8666065,31970002,Sioux City 2,Woodbury,10230001,Well,Multiple Aquifers,42.49073,-96.42291,08/08/2006 16:40:00,GWM,NIT-NO3-NO2,Nitrate + Nitrite (AS N),Total,,,,0.05,mg/l,False,0.05,,,353.2,USGSGWM,Actual,GW,Water,,,"[]"
8666065,31970002,Sioux City 2,Woodbury,10230001,Well,Multiple Aquifers,42.49073,-96.42291,08/08/2006 16:40:00,GWM,14265-44-2,Orthophosphate (AS P),Dissolved,,,,0.02,mg/l,False,0.02,,,365.1,USGSGWM,Actual,GW,Water,,,"[]"
8666065,31970002,Sioux City 2,Woodbury,10230001,Well,Multiple Aquifers,42.49073,-96.42291,08/08/2006 16:40:00,GWM,PHOSP-PHOSP,"Total Phosphorus, mixed forms (AS P)",Total,,,,0.06,mg/l,True,0.02,,,365.4,USGSGWM,Actual,GW,Water,,,"[]"
8666065,31970002,Sioux City 2,Woodbury,10230001,Well,Multiple Aquifers,42.49073,-96.42291,08/08/2006 16:40:00,GWM,NIT-ORGN,Organic Nitrogen,Total,,,,0.18,mg/l,True,0.05,,,LAC10-107-06-2E,USGSGWM,Calculated,GW,Water,,,"[]"
8666065,31970005,Hornick 1,Woodbury,10230004,Well,Buried Sand Gravel,42.23124,-96.097064,08/10/2006 08:00:00,GWM,NIT-AMM,Ammonia-nitrogen (AS N),Total,,,,0.14,mg/l,True,0.05,,,350.1,USGSGWM,Actual,GW,Water,,,"[]"
8666065,31970005,Hornick 1,Woodbury,10230004,Well,Buried Sand Gravel,42.23124,-96.097064,08/10/2006 08:00:00,GWM,NIT-KJELD,Kjeldahl nitrogen (AS N),Total,,,,0.2,mg/l,True,0.1,,,351.2,USGSGWM,Actual,GW,Water,,,"[]"
8666065,31970005,Hornick 1,Woodbury,10230004,Well,Buried Sand Gravel,42.23124,-96.097064,08/10/2006 08:00:00,GWM,NIT-NO3-NO2,Nitrate + Nitrite (AS N),Total,,,,0.05,mg/l,False,0.05,,,353.2,USGSGWM,Actual,GW,Water,,,"[]"
8666065,31970005,Hornick 1,Woodbury,10230004,Well,Buried Sand Gravel,42.23124,-96.097064,08/10/2006 08:00:00,GWM,PHOSP-PHOSP,"Total Phosphorus, mixed forms (AS P)",Total,,,,0.1,mg/l,True,0.02,,,365.4,USGSGWM,Actual,GW,Water,,,"[]"
8666065,31970005,Hornick 1,Woodbury,10230004,Well,Buried Sand Gravel,42.23124,-96.097064,08/10/2006 08:00:00,GWM,14265-44-2,Orthophosphate (AS P),Dissolved,,,,0.02,mg/l,False,0.02,,,4500-P-E,USGSGWM,Actual,GW,Water,,,"[]"
8666065,31970005,Hornick 1,Woodbury,10230004,Well,Buried Sand Gravel,42.23124,-96.097064,08/10/2006 08:00:00,GWM,NIT-ORGN,Organic Nitrogen,Total,,,,0.1,mg/l,True,0.1,,,LAC10-107-06-2E,USGSGWM,Calculated,GW,Water,,,"[]"
8666065,31970001,Correctionville 1 W,Woodbury,10230003,Well,Alluvium,42.47484,-95.78166,08/20/2012 09:30:00,GWM,NIT-NO3-NO2,Nitrate + Nitrite (AS N),Total,,,,9.9,mg/l,True,0.1,,,LAC10-107-04-1J,GWMPWS,Actual,GW,Water,,,"[]"
8666065,31970001,Correctionville 1 W,Woodbury,10230003,Well,Alluvium,42.47484,-95.78166,08/20/2012 09:30:00,GWM,NIT-AMM,Ammonia-nitrogen (AS N),Total,,,,0.05,mg/l,False,0.05,,,LAC10-107-06-1J,GWMPWS,Actual,GW,Water,,,"[]"
8666065,31970001,Correctionville 1 W,Woodbury,10230003,Well,Alluvium,42.47484,-95.78166,08/20/2012 09:30:00,GWM,NIT-KJELD,Kjeldahl nitrogen (AS N),Total,,,,0.1,mg/l,False,0.1,,,LAC10-107-06-2E,GWMPWS,Actual,GW,Water,,,"[]"
8666065,31970001,Correctionville 1 W,Woodbury,10230003,Well,Alluvium,42.47484,-95.78166,08/20/2012 09:30:00,GWM,14265-44-2,Orthophosphate (AS P),Dissolved,,,,0.04,mg/l,True,0.02,,,LAC10-115-01-1A,GWMPWS,Actual,GW,Water,,,"[]"
8666065,31970001,Correctionville 1 W,Woodbury,10230003,Well,Alluvium,42.47484,-95.78166,08/20/2012 09:30:00,GWM,PHOSP-PHOSP,"Total Phosphorus, mixed forms (AS P)",Total,,,,0.03,mg/l,True,0.02,,,LAC10-115-01-1D,GWMPWS,Actual,GW,Water,,,"[]"
8666065,31970002,Sioux City 2,Woodbury,10230001,Well,Multiple Aquifers,42.49073,-96.42291,10/18/2012 10:15:00,GWM,NIT-NO3-NO2,Nitrate + Nitrite (AS N),Total,,,,0.1,mg/l,False,0.1,,,LAC10-107-04-1J,GWMPWS,Actual,GW,Water,,,"[]"
8666065,31970002,Sioux City 2,Woodbury,10230001,Well,Multiple Aquifers,42.49073,-96.42291,10/18/2012 10:15:00,GWM,NIT-AMM,Ammonia-nitrogen (AS N),Total,,,,0.27,mg/l,True,0.05,,,LAC10-107-06-1J,GWMPWS,Actual,GW,Water,,,"[]"
8666065,31970002,Sioux City 2,Woodbury,10230001,Well,Multiple Aquifers,42.49073,-96.42291,10/18/2012 10:15:00,GWM,NIT-KJELD,Kjeldahl nitrogen (AS N),Total,,,,0.1,mg/l,True,0.1,,,LAC10-107-06-2E,GWMPWS,Actual,GW,Water,,,"[]"
8666065,31970002,Sioux City 2,Woodbury,10230001,Well,Multiple Aquifers,42.49073,-96.42291,10/18/2012 10:15:00,GWM,14265-44-2,Orthophosphate (AS P),Dissolved,,,,0.02,mg/l,False,0.02,,,LAC10-115-01-1A,GWMPWS,Actual,GW,Water,,,"[]"
8666065,31970002,Sioux City 2,Woodbury,10230001,Well,Multiple Aquifers,42.49073,-96.42291,10/18/2012 10:15:00,GWM,PHOSP-PHOSP,"Total Phosphorus, mixed forms (AS P)",Total,,,,0.14,mg/l,True,0.02,,,LAC10-115-01-1D,GWMPWS,Actual,GW,Water,,,"[]"
8666065,31970001,Correctionville 1 W,Woodbury,10230003,Well,Alluvium,42.47484,-95.78166,10/20/2016 15:00:00,GWM,NIT-NO3-NO2,Nitrate + Nitrite (AS N),Total,,,,9.9,mg/l,True,0.1,,,LAC10-107-04-1J,GWM,Actual,GW,Water,,,"[]"
8666065,31970001,Correctionville 1 W,Woodbury,10230003,Well,Alluvium,42.47484,-95.78166,10/20/2016 15:00:00,GWM,NIT-AMM,Ammonia-nitrogen (AS N),Total,,,,0.05,mg/l,False,0.05,,,LAC10-107-06-1J,GWM,Actual,GW,Water,,,"[]"
8666065,31970011,Moville 5,Woodbury,10230004,Well,Dakota,42.4925100012,-96.0708399996,11/02/2016 14:30:00,GWM,NIT-NO3-NO2,Nitrate + Nitrite (AS N),Total,,,,0.1,mg/l,False,0.1,,,LAC10-107-04-1J,GWM,Actual,GW,Water,,,"[]"
8666065,31970011,Moville 5,Woodbury,10230004,Well,Dakota,42.4925100012,-96.0708399996,11/02/2016 14:30:00,GWM,NIT-AMM,Ammonia-nitrogen (AS N),Total,,,,0.05,mg/l,False,0.05,,,LAC10-107-06-1J,GWM,Actual,GW,Water,,,"[]"
8666065,31970011,Moville 5,Woodbury,10230004,Well,Dakota,42.4925100012,-96.0708399996,12/03/2015 08:00:00,GWM,NIT-NO3-NO2,Nitrate + Nitrite (AS N),Total,,,,0.1,mg/l,False,0.1,,,LAC10-107-04-1J,GWM,Actual,GW,Water,,,"[]"
8666065,31970011,Moville 5,Woodbury,10230004,Well,Dakota,42.4925100012,-96.0708399996,12/03/2015 08:00:00,GWM,NIT-AMM,Ammonia-nitrogen (AS N),Total,,,,0.05,mg/l,False,0.05,,,LAC10-107-06-1J,GWM,Actual,GW,Water,,,"[]"
8666065,31970011,Moville 5,Woodbury,10230004,Well,Dakota,42.4925100012,-96.0708399996,12/03/2015 08:00:00,GWM,NIT-KJELD,Kjeldahl nitrogen (AS N),Total,,,,0.1,mg/l,False,0.1,,,LAC10-107-06-2E,GWM,Actual,GW,Water,,,"[]"
8666065,31970011,Moville 5,Woodbury,10230004,Well,Dakota,42.4925100012,-96.0708399996,12/03/2015 08:00:00,GWM,14265-44-2,Orthophosphate (AS P),Dissolved,,,,0.02,mg/l,False,0.02,,,LAC10-115-01-1A,GWM,Actual,GW,Water,,,"[]"
8666065,31970011,Moville 5,Woodbury,10230004,Well,Dakota,42.4925100012,-96.0708399996,12/03/2015 08:00:00,GWM,PHOSP-PHOSP,"Total Phosphorus, mixed forms (AS P)",Total,,,,0.05,mg/l,True,0.02,,,LAC10-115-01-1D,GWM,Actual,GW,Water,,,"[]"
8666065,31970001,Correctionville 1 W,Woodbury,10230003,Well,Alluvium,42.47484,-95.78166,12/10/2015 11:15:00,GWM,NIT-NO3-NO2,Nitrate + Nitrite (AS N),Total,,,,12,mg/l,True,0.1,,,LAC10-107-04-1J,GWM,Actual,GW,Water,,,"[]"
8666065,31970001,Correctionville 1 W,Woodbury,10230003,Well,Alluvium,42.47484,-95.78166,12/10/2015 11:15:00,GWM,NIT-AMM,Ammonia-nitrogen (AS N),Total,,,,0.11,mg/l,True,0.05,,,LAC10-107-06-1J,GWM,Actual,GW,Water,,,"[]"
8666065,31970001,Correctionville 1 W,Woodbury,10230003,Well,Alluvium,42.47484,-95.78166,12/10/2015 11:15:00,GWM,NIT-KJELD,Kjeldahl nitrogen (AS N),Total,,,,0.1,mg/l,False,0.1,,,LAC10-107-06-2E,GWM,Actual,GW,Water,,,"[]"
8666065,31970001,Correctionville 1 W,Woodbury,10230003,Well,Alluvium,42.47484,-95.78166,12/10/2015 11:15:00,GWM,14265-44-2,Orthophosphate (AS P),Dissolved,,,,0.03,mg/l,True,0.02,,,LAC10-115-01-1A,GWM,Actual,GW,Water,,,"[]"
8666065,31970001,Correctionville 1 W,Woodbury,10230003,Well,Alluvium,42.47484,-95.78166,12/10/2015 11:15:00,GWM,PHOSP-PHOSP,"Total Phosphorus, mixed forms (AS P)",Total,,,,0.11,mg/l,True,0.02,,,LAC10-115-01-1D,GWM,Actual,GW,Water,,,"[]"
8666065,31970001,Correctionville 1 W,Woodbury,10230003,Well,Alluvium,42.47484,-95.78166,12/16/2014 09:00:00,GWM,NIT-NO3-NO2,Nitrate + Nitrite (AS N),Total,,,,17,mg/l,True,0.1,,,LAC10-107-04-1J,GWM,Actual,GW,Water,,,"[]"
8666065,31970001,Correctionville 1 W,Woodbury,10230003,Well,Alluvium,42.47484,-95.78166,12/16/2014 09:00:00,GWM,NIT-AMM,Ammonia-nitrogen (AS N),Total,,,,0.05,mg/l,False,0.05,,,LAC10-107-06-1J,GWM,Actual,GW,Water,,,"[]"
8666065,31970001,Correctionville 1 W,Woodbury,10230003,Well,Alluvium,42.47484,-95.78166,12/16/2014 09:00:00,GWM,NIT-KJELD,Kjeldahl nitrogen (AS N),Total,,,,0.1,mg/l,False,0.1,,,LAC10-107-06-2E,GWM,Actual,GW,Water,,,"[]"
8666065,31970001,Correctionville 1 W,Woodbury,10230003,Well,Alluvium,42.47484,-95.78166,12/16/2014 09:00:00,GWM,14265-44-2,Orthophosphate (AS P),Dissolved,,,,0.04,mg/l,True,0.02,,,LAC10-115-01-1A,GWM,Actual,GW,Water,,,"[]"
8666065,31970001,Correctionville 1 W,Woodbury,10230003,Well,Alluvium,42.47484,-95.78166,12/16/2014 09:00:00,GWM,PHOSP-PHOSP,"Total Phosphorus, mixed forms (AS P)",Total,,,,0.11,mg/l,True,0.02,,,LAC10-115-01-1D,GWM,Actual,GW,Water,,,"[]"
8666065,31970011,Moville 5,Woodbury,10230004,Well,Dakota,42.4925100012,-96.0708399996,04/01/2013 16:10:00,GWM,NIT-NO3-NO2,Nitrate + Nitrite (AS N),Total,,,,5.4,mg/l,True,0.1,,,LAC10-107-04-1J,GWM,Actual,GW,Water,,,"[]"
8666065,31970011,Moville 5,Woodbury,10230004,Well,Dakota,42.4925100012,-96.0708399996,04/01/2013 16:10:00,GWM,NIT-AMM,Ammonia-nitrogen (AS N),Total,,,,0.05,mg/l,False,0.05,,,LAC10-107-06-1J,GWM,Actual,GW,Water,,,"[]"
8666065,31970011,Moville 5,Woodbury,10230004,Well,Dakota,42.4925100012,-96.0708399996,04/01/2013 16:10:00,GWM,NIT-KJELD,Kjeldahl nitrogen (AS N),Total,,,,0.1,mg/l,False,0.1,,,LAC10-107-06-2E,GWM,Actual,GW,Water,,,"[]"
8666065,31970011,Moville 5,Woodbury,10230004,Well,Dakota,42.4925100012,-96.0708399996,04/01/2013 16:10:00,GWM,14265-44-2,Orthophosphate (AS P),Dissolved,,,,0.05,mg/l,True,0.02,,,LAC10-115-01-1A,GWM,Actual,GW,Water,,,"[]"
8666065,31970011,Moville 5,Woodbury,10230004,Well,Dakota,42.4925100012,-96.0708399996,04/01/2013 16:10:00,GWM,PHOSP-PHOSP,"Total Phosphorus, mixed forms (AS P)",Total,,,,0.06,mg/l,True,0.02,,,LAC10-115-01-1D,GWM,Actual,GW,Water,,,"[]"
8666065,31970012,Moville 6 (local 5),Woodbury,10230004,Well,Buried Sand Gravel,42.4924400011,-96.07085,11/07/2017 07:45:00,GWM,NIT-AMM,Ammonia-nitrogen (AS N),None,,,,0.05,mg/l,False,0.05,,,LAC10-107-06-1J,GWM,Actual,GW,Water,,,"[]"
8666065,31970012,Moville 6 (local 5),Woodbury,10230004,Well,Buried Sand Gravel,42.4924400011,-96.07085,11/07/2017 07:45:00,GWM,NIT-NO3-NO2,Nitrate + Nitrite (AS N),None,,,,5.4,mg/l,True,0.1,,,LAC10-107-06-1J,GWM,Actual,GW,Water,,,"[]"
8666065,31970001,Correctionville 1 W,Woodbury,10230003,Well,Alluvium,42.47484,-95.78166,01/08/2018 09:30:00,GWM,NIT-NO3-NO2,Nitrate + Nitrite (AS N),None,,,,11,mg/l,True,1,,,LAC10-107-06-1J,GWM,Actual,GW,Water,,No sample information form received.,"[]"
8666065,31970001,Correctionville 1 W,Woodbury,10230003,Well,Alluvium,42.47484,-95.78166,01/08/2018 09:30:00,GWM,NIT-AMM,Ammonia-nitrogen (AS N),None,,,,0.05,mg/l,False,0.05,,,LAC10-107-06-1J,GWM,Actual,GW,Water,,No sample information form received.,"[]"
8666065,31970012,Moville 6 (local 5),Woodbury,10230004,Well,Buried Sand Gravel,42.4924400011,-96.07085,11/28/2017 00:00:00,GWM,NIT-NO3-NO2,Nitrate + Nitrite,None,,,,5.13,mg/l,True,0.01,,0.01,353.2,GWM001,,GW,Water,,,"[]"
8666065,31970001,Correctionville 1 W,Woodbury,10230003,Well,Alluvium,42.47484,-95.78166,01/08/2018 00:00:00,GWM,NIT-NO3-NO2,Nitrate + Nitrite,None,,,,13.2,mg/l,True,0.01,,0.01,353.2,GWM001,,GW,Water,,,"[]"
8666065,31970001,Correctionville 1 W,Woodbury,10230003,Well,Alluvium,42.47484,-95.78166,12/17/2019 08:30:00,GWM,NIT-AMM,Ammonia-nitrogen (AS N),None,,,,0.81,mg/l,True,0.05,,,LAC10-107-06-1J,GWM,Actual,GW,Water,,,"[]"
8666065,31970001,Correctionville 1 W,Woodbury,10230003,Well,Alluvium,42.47484,-95.78166,12/17/2019 08:30:00,GWM,NIT-NO3-NO2,Nitrate + Nitrite (AS N),None,,,,3.2,mg/l,True,0.1,,,LAC10-107-06-1J,GWM,Actual,GW,Water,,,"[]"
8666065,31970001,Correctionville 1 W,Woodbury,10230003,Well,Alluvium,42.47484,-95.78166,04/17/2023 13:05:00,GWM,NIT-NO3-NO2,Nitrate + Nitrite (AS N),Total,,,,2.4,mg/l,True,0.1,,,LAC10-107-04-1J,GWM,Actual,GW,Water,,,"[]"
8666065,31970001,Correctionville 1 W,Woodbury,10230003,Well,Alluvium,42.47484,-95.78166,04/17/2023 13:05:00,GWM,NIT-AMM,Ammonia-nitrogen (AS N),Total,,,,0.82,mg/l,True,0.1,,,LAC10-107-06-1J,GWM,Actual,GW,Water,,,"[]"
8666065,31970001,Correctionville 1 W,Woodbury,10230003,Well,Alluvium,42.47484,-95.78166,02/23/2021 09:30:00,GWM,NIT-NO3-NO2,Nitrate + Nitrite (AS N),None,,,,11,mg/l,True,0.1,,,LAC10-107-06-1J,GWM,Actual,GW,Water,,,"[]"
8666065,31970001,Correctionville 1 W,Woodbury,10230003,Well,Alluvium,42.47484,-95.78166,02/23/2021 09:30:00,GWM,NIT-AMM,Ammonia-nitrogen (AS N),None,,,,0.05,mg/l,False,0.05,,,LAC10-107-06-1J,GWM,Actual,GW,Water,,,"[]"
8666065,31970013,Correctionville 2,Woodbury,10230003,Well,Dakota,42.47511,-95.781319,02/23/2021 09:30:00,GWM,NIT-NO3-NO2,Nitrate + Nitrite (AS N),None,,,,11,mg/l,True,0.1,,,LAC10-107-06-1J,GWM,Actual,GW,Water,,No sample information form received.,"[]"
8666065,31970013,Correctionville 2,Woodbury,10230003,Well,Dakota,42.47511,-95.781319,02/23/2021 09:30:00,GWM,NIT-AMM,Ammonia-nitrogen (AS N),None,,,,0.05,mg/l,False,0.05,,,LAC10-107-06-1J,GWM,Actual,GW,Water,,No sample information form received.,"[]"
8666065,31970013,Correctionville 2,Woodbury,10230003,Well,Dakota,42.47511,-95.781319,02/23/2021 09:30:00,GWM,14265-44-2,Orthophosphate (AS P),Dissolved,,,,0.04,mg/l,True,0.02,,,LAC10-115-01-1A,GWM,Actual,GW,Water,,No sample information form received.,"[]"
8666065,31970002,Sioux City 2,Woodbury,10230001,Well,Multiple Aquifers,42.49073,-96.42291,03/02/2021 07:30:00,GWM,NIT-AMM,Ammonia-nitrogen (AS N),None,,,,0.52,mg/l,True,0.05,,,LAC10-107-06-1J,GWM,Actual,GW,Water,,,"[]"
8666065,31970002,Sioux City 2,Woodbury,10230001,Well,Multiple Aquifers,42.49073,-96.42291,03/02/2021 07:30:00,GWM,NIT-NO3-NO2,Nitrate + Nitrite (AS N),None,,,,0.1,mg/l,False,0.1,,,LAC10-107-06-1J,GWM,Actual,GW,Water,,,"[]"
8666065,31970002,Sioux City 2,Woodbury,10230001,Well,Multiple Aquifers,42.49073,-96.42291,03/02/2021 07:30:00,GWM,14265-44-2,Orthophosphate (AS P),Dissolved,,,,0.02,mg/l,False,0.02,,,LAC10-115-01-1A,GWM,Actual,GW,Water,,,"[]"
8666065,31970011,Moville 5,Woodbury,10230004,Well,Dakota,42.4925100012,-96.0708399996,03/03/2021 07:30:00,GWM,NIT-AMM,Ammonia-nitrogen (AS N),None,,,,0.05,mg/l,False,0.05,,,LAC10-107-06-1J,GWM,Actual,GW,Water,,,"[]"
8666065,31970011,Moville 5,Woodbury,10230004,Well,Dakota,42.4925100012,-96.0708399996,03/03/2021 07:30:00,GWM,NIT-NO3-NO2,Nitrate + Nitrite (AS N),None,,,,0.1,mg/l,False,0.1,,,LAC10-107-06-1J,GWM,Actual,GW,Water,,,"[]"
8666065,31970011,Moville 5,Woodbury,10230004,Well,Dakota,42.4925100012,-96.0708399996,03/03/2021 07:30:00,GWM,14265-44-2,Orthophosphate (AS P),Dissolved,,,,0.02,mg/l,True,0.02,,,LAC10-115-01-1A,GWM,Actual,GW,Water,,,"[]"
