facilityID,siteID,name,county,huc8,type,aquifer,latitude,longitude,sampleDate,projectCode,cas_rn,analyte,fraction,relDepth,sampDepth,sampDepthUnit,result,unit,detect,detectLimit,quantFlag,quantLimit,method,colMethod,resultType,matrix,medium,qualFlag,remark,xParams
8666065,31980002,Kensett 2,Worth,07080202,Well,Devonian,43.352612,-93.212942,08/05/2003 14:00:00,GWM,NIT-AMM,Ammonia-nitrogen (AS N),Total,,,,0.21,mg/l,True,0.05,,,350.1,USGSGWM,Actual,GW,Water,,,"[]"
8666065,31980002,Kensett 2,Worth,07080202,Well,Devonian,43.352612,-93.212942,08/05/2003 14:00:00,GWM,NIT-NO3-NO2,Nitrate + Nitrite (AS N),Total,,,,0.1,mg/l,False,0.1,,,353.2,USGSGWM,Actual,GW,Water,,,"[]"
8666065,31980002,Kensett 2,Worth,07080202,Well,Devonian,43.352612,-93.212942,08/05/2003 14:00:00,GWM,14265-44-2,Orthophosphate (AS P),Dissolved,,,,0.02,mg/l,False,0.02,,,365.1,USGSGWM,Actual,GW,Water,,,"[]"
8666065,31980002,Kensett 2,Worth,07080202,Well,Devonian,43.352612,-93.212942,08/05/2003 14:00:00,GWM,PHOSP-PHOSP,"Total Phosphorus, mixed forms (AS P)",Total,,,,0.06,mg/l,True,0.02,,,365.4,USGSGWM,Actual,GW,Water,,,"[]"
8666065,31980002,Kensett 2,Worth,07080202,Well,Devonian,43.352612,-93.212942,08/05/2003 14:00:00,GWM,NIT-ORGN,Organic Nitrogen (AS N),Total,,,,0.05,mg/l,False,0.05,,,LAC10-107-06-2E,USGSGWM,Calculated,GW,Water,,,"[]"
8666065,31980002,Kensett 2,Worth,07080202,Well,Devonian,43.352612,-93.212942,08/05/2003 14:00:00,GWM,NIT-KJELD,Kjeldahl nitrogen (AS N),Total,,,,0.22,mg/l,True,0.05,,,PAI DK03,USGSGWM,Actual,GW,Water,,,"[]"
8666065,31980003,Manly 2,Worth,07080203,Well,"Devonian, Ordovician",43.287044,-93.204194,08/05/2003 11:45:00,GWM,NIT-AMM,Ammonia-nitrogen (AS N),Total,,,,0.36,mg/l,True,0.05,,,350.1,USGSGWM,Actual,GW,Water,,,"[]"
8666065,31980003,Manly 2,Worth,07080203,Well,"Devonian, Ordovician",43.287044,-93.204194,08/05/2003 11:45:00,GWM,NIT-NO3-NO2,Nitrate + Nitrite (AS N),Total,,,,0.1,mg/l,False,0.1,,,353.2,USGSGWM,Actual,GW,Water,,,"[]"
8666065,31980003,Manly 2,Worth,07080203,Well,"Devonian, Ordovician",43.287044,-93.204194,08/05/2003 11:45:00,GWM,14265-44-2,Orthophosphate (AS P),Dissolved,,,,0.02,mg/l,False,0.02,,,365.1,USGSGWM,Actual,GW,Water,,,"[]"
8666065,31980003,Manly 2,Worth,07080203,Well,"Devonian, Ordovician",43.287044,-93.204194,08/05/2003 11:45:00,GWM,PHOSP-PHOSP,"Total Phosphorus, mixed forms (AS P)",Total,,,,0.07,mg/l,True,0.02,,,365.4,USGSGWM,Actual,GW,Water,,,"[]"
8666065,31980003,Manly 2,Worth,07080203,Well,"Devonian, Ordovician",43.287044,-93.204194,08/05/2003 11:45:00,GWM,NIT-ORGN,Organic Nitrogen (AS N),Total,,,,0.14,mg/l,True,0.05,,,LAC10-107-06-2E,USGSGWM,Calculated,GW,Water,,,"[]"
8666065,31980003,Manly 2,Worth,07080203,Well,"Devonian, Ordovician",43.287044,-93.204194,08/05/2003 11:45:00,GWM,NIT-KJELD,Kjeldahl nitrogen (AS N),Total,,,,0.5,mg/l,True,0.05,,,PAI DK03,USGSGWM,Actual,GW,Water,,,"[]"
8666065,31980001,Fertile 1,Worth,07080203,Well,Devonian,43.26613,-93.41764,08/05/2003 15:45:00,GWM,NIT-AMM,Ammonia-nitrogen (AS N),Total,,,,0.33,mg/l,True,0.05,,,350.1,USGSGWM,Actual,GW,Water,,,"[]"
8666065,31980001,Fertile 1,Worth,07080203,Well,Devonian,43.26613,-93.41764,08/05/2003 15:45:00,GWM,NIT-NO3-NO2,Nitrate + Nitrite (AS N),Total,,,,0.1,mg/l,False,0.1,,,353.2,USGSGWM,Actual,GW,Water,,,"[]"
8666065,31980001,Fertile 1,Worth,07080203,Well,Devonian,43.26613,-93.41764,08/05/2003 15:45:00,GWM,14265-44-2,Orthophosphate (AS P),Dissolved,,,,0.02,mg/l,False,0.02,,,365.1,USGSGWM,Actual,GW,Water,,,"[]"
8666065,31980001,Fertile 1,Worth,07080203,Well,Devonian,43.26613,-93.41764,08/05/2003 15:45:00,GWM,PHOSP-PHOSP,"Total Phosphorus, mixed forms (AS P)",Total,,,,0.04,mg/l,True,0.02,,,365.4,USGSGWM,Actual,GW,Water,,,"[]"
8666065,31980001,Fertile 1,Worth,07080203,Well,Devonian,43.26613,-93.41764,08/05/2003 15:45:00,GWM,NIT-ORGN,Organic Nitrogen (AS N),Total,,,,0.14,mg/l,True,0.05,,,LAC10-107-06-2E,USGSGWM,Calculated,GW,Water,,,"[]"
8666065,31980001,Fertile 1,Worth,07080203,Well,Devonian,43.26613,-93.41764,08/05/2003 15:45:00,GWM,NIT-KJELD,Kjeldahl nitrogen (AS N),Total,,,,0.48,mg/l,True,0.05,,,PAI DK03,USGSGWM,Actual,GW,Water,,,"[]"
8666065,31980004,Joice 1,Worth,07080203,Well,Silurian-Devonian,43.3659866333,-93.4547109982,10/26/2016 12:00:00,GWM,NIT-NO3-NO2,Nitrate + Nitrite (AS N),Total,,,,0.1,mg/l,False,0.1,,,LAC10-107-04-1J,GWM,Actual,GW,Water,,,"[]"
8666065,31980004,Joice 1,Worth,07080203,Well,Silurian-Devonian,43.3659866333,-93.4547109982,10/26/2016 12:00:00,GWM,NIT-AMM,Ammonia-nitrogen (AS N),Total,,,,0.47,mg/l,True,0.05,,,LAC10-107-06-1J,GWM,Actual,GW,Water,,,"[]"
8666065,31980004,Joice 1,Worth,07080203,Well,Silurian-Devonian,43.3659866333,-93.4547109982,03/26/2013 12:45:00,GWM,NIT-NO3-NO2,Nitrate + Nitrite (AS N),Total,,,,0.1,mg/l,False,0.1,,,LAC10-107-04-1J,GWM,Actual,GW,Water,,,"[]"
8666065,31980004,Joice 1,Worth,07080203,Well,Silurian-Devonian,43.3659866333,-93.4547109982,03/26/2013 12:45:00,GWM,NIT-AMM,Ammonia-nitrogen (AS N),Total,,,,0.56,mg/l,True,0.05,,,LAC10-107-06-1J,GWM,Actual,GW,Water,,,"[]"
8666065,31980004,Joice 1,Worth,07080203,Well,Silurian-Devonian,43.3659866333,-93.4547109982,03/26/2013 12:45:00,GWM,NIT-KJELD,Kjeldahl nitrogen (AS N),Total,,,,0.4,mg/l,True,0.1,,,LAC10-107-06-2E,GWM,Actual,GW,Water,,,"[]"
8666065,31980004,Joice 1,Worth,07080203,Well,Silurian-Devonian,43.3659866333,-93.4547109982,03/26/2013 12:45:00,GWM,14265-44-2,Orthophosphate (AS P),Dissolved,,,,0.09,mg/l,True,0.02,,,LAC10-115-01-1A,GWM,Actual,GW,Water,,,"[]"
8666065,31980004,Joice 1,Worth,07080203,Well,Silurian-Devonian,43.3659866333,-93.4547109982,03/26/2013 12:45:00,GWM,PHOSP-PHOSP,"Total Phosphorus, mixed forms (AS P)",Total,,,,0.16,mg/l,True,0.02,,,LAC10-115-01-1D,GWM,Actual,GW,Water,,,"[]"
