facilityID,siteID,name,county,huc8,type,aquifer,latitude,longitude,sampleDate,projectCode,cas_rn,analyte,fraction,relDepth,sampDepth,sampDepthUnit,result,unit,detect,detectLimit,quantFlag,quantLimit,method,colMethod,resultType,matrix,medium,qualFlag,remark,xParams
8666065,31990001,Eagle Grove 3,Wright,07100005,Well,Buried Sand Gravel,42.66508,-93.90271,08/20/2002 12:30:00,GWM,NIT-NO3-NO2,Nitrate + Nitrite (AS N),Total,,,,0.1,mg/l,False,0.1,,,353.2,USGSGWM,Actual,GW,Water,,,"[]"
8666065,31990001,Eagle Grove 3,Wright,07100005,Well,Buried Sand Gravel,42.66508,-93.90271,08/20/2002 12:30:00,GWM,NIT-AMM,Ammonia-nitrogen (AS N),Total,,,,0.7,mg/l,True,0.05,,,LAC10-107-06-1J,USGSGWM,Actual,GW,Water,,,"[]"
8666065,31990001,Eagle Grove 3,Wright,07100005,Well,Buried Sand Gravel,42.66508,-93.90271,08/20/2002 12:30:00,GWM,NIT-ORGN,Organic Nitrogen (AS N),Total,,,,0.05,mg/l,False,0.05,,,LAC10-107-06-2E,USGSGWM,Calculated,GW,Water,,,"[]"
8666065,31990001,Eagle Grove 3,Wright,07100005,Well,Buried Sand Gravel,42.66508,-93.90271,08/20/2002 12:30:00,GWM,14265-44-2,Orthophosphate (AS P),Dissolved,,,,0.05,mg/l,False,0.05,,,LAC10-115-01-1A,USGSGWM,Actual,GW,Water,,,"[]"
8666065,31990001,Eagle Grove 3,Wright,07100005,Well,Buried Sand Gravel,42.66508,-93.90271,08/20/2002 12:30:00,GWM,PHOSP-PHOSP,"Total Phosphorus, mixed forms (AS P)",Total,,,,0.05,mg/l,False,0.05,,,LAC10-115-01-1C,USGSGWM,Actual,GW,Water,,,"[]"
8666065,31990001,Eagle Grove 3,Wright,07100005,Well,Buried Sand Gravel,42.66508,-93.90271,08/20/2002 12:30:00,GWM,NIT-KJELD,Kjeldahl nitrogen (AS N),Total,,,,0.71,mg/l,True,0.05,,,PAI DK03,USGSGWM,Actual,GW,Water,,,"[]"
8666065,31990005,Clarion 3,Wright,07100005,Well,Mississippian,42.7303,-93.73387,10/01/2002 10:45:00,GWM,NIT-NO3-NO2,Nitrate + Nitrite (AS N),Total,,,,0.1,mg/l,False,0.1,,,353.2,USGSGWM,Actual,GW,Water,,,"[]"
8666065,31990005,Clarion 3,Wright,07100005,Well,Mississippian,42.7303,-93.73387,10/01/2002 10:45:00,GWM,14265-44-2,Orthophosphate (AS P),Dissolved,,,,0.07,mg/l,True,0.05,,,4500-P-E,USGSGWM,Actual,GW,Water,,,"[]"
8666065,31990005,Clarion 3,Wright,07100005,Well,Mississippian,42.7303,-93.73387,10/01/2002 10:45:00,GWM,NIT-AMM,Ammonia-nitrogen (AS N),Total,,,,0.71,mg/l,True,0.05,,,LAC10-107-06-1J,USGSGWM,Actual,GW,Water,,,"[]"
8666065,31990005,Clarion 3,Wright,07100005,Well,Mississippian,42.7303,-93.73387,10/01/2002 10:45:00,GWM,NIT-ORGN,Organic Nitrogen (AS N),Total,,,,0.05,mg/l,False,0.05,,,LAC10-107-06-2E,USGSGWM,Calculated,GW,Water,,,"[]"
8666065,31990005,Clarion 3,Wright,07100005,Well,Mississippian,42.7303,-93.73387,10/01/2002 10:45:00,GWM,PHOSP-PHOSP,"Total Phosphorus, mixed forms (AS P)",Total,,,,0.13,mg/l,True,0.05,,,LAC10-115-01-1C,USGSGWM,Actual,GW,Water,,,"[]"
8666065,31990005,Clarion 3,Wright,07100005,Well,Mississippian,42.7303,-93.73387,10/01/2002 10:45:00,GWM,NIT-KJELD,Kjeldahl nitrogen (AS N),Total,,,,0.73,mg/l,True,0.05,,,PAI DK03,USGSGWM,Actual,GW,Water,,,"[]"
8666065,31990004,Belmond 2,Wright,07080207,Well,Mississippian,42.849395,-93.609846,10/01/2002 15:30:00,GWM,NIT-NO3-NO2,Nitrate + Nitrite (AS N),Total,,,,0.1,mg/l,False,0.1,,,353.2,USGSGWM,Actual,GW,Water,,,"[]"
8666065,31990004,Belmond 2,Wright,07080207,Well,Mississippian,42.849395,-93.609846,10/01/2002 15:30:00,GWM,14265-44-2,Orthophosphate (AS P),Dissolved,,,,0.23,mg/l,True,0.05,,,4500-P-E,USGSGWM,Actual,GW,Water,,,"[]"
8666065,31990004,Belmond 2,Wright,07080207,Well,Mississippian,42.849395,-93.609846,10/01/2002 15:30:00,GWM,NIT-AMM,Ammonia-nitrogen (AS N),Total,,,,0.99,mg/l,True,0.05,,,LAC10-107-06-1J,USGSGWM,Actual,GW,Water,,,"[]"
8666065,31990004,Belmond 2,Wright,07080207,Well,Mississippian,42.849395,-93.609846,10/01/2002 15:30:00,GWM,NIT-ORGN,Organic Nitrogen (AS N),Total,,,,0.23,mg/l,True,0.05,,,LAC10-107-06-2E,USGSGWM,Calculated,GW,Water,,,"[]"
8666065,31990004,Belmond 2,Wright,07080207,Well,Mississippian,42.849395,-93.609846,10/01/2002 15:30:00,GWM,PHOSP-PHOSP,"Total Phosphorus, mixed forms (AS P)",Total,,,,0.32,mg/l,True,0.05,,,LAC10-115-01-1C,USGSGWM,Actual,GW,Water,,,"[]"
8666065,31990004,Belmond 2,Wright,07080207,Well,Mississippian,42.849395,-93.609846,10/01/2002 15:30:00,GWM,NIT-KJELD,Kjeldahl nitrogen (AS N),Total,,,,1.2,mg/l,True,0.05,,,PAI DK03,USGSGWM,Actual,GW,Water,,,"[]"
8666065,31990003,Rowan 1,Wright,07080207,Well,Multiple Aquifers,42.74102,-93.55166,10/23/2002 16:45:00,GWM,NIT-NO3-NO2,Nitrate + Nitrite (AS N),Total,,,,0.1,mg/l,False,0.1,,,353.2,USGSGWM,Actual,GW,Water,,,"[]"
8666065,31990003,Rowan 1,Wright,07080207,Well,Multiple Aquifers,42.74102,-93.55166,10/23/2002 16:45:00,GWM,14265-44-2,Orthophosphate (AS P),Dissolved,,,,0.05,mg/l,False,0.05,,,4500-P-E,USGSGWM,Actual,GW,Water,,,"[]"
8666065,31990003,Rowan 1,Wright,07080207,Well,Multiple Aquifers,42.74102,-93.55166,10/23/2002 16:45:00,GWM,NIT-AMM,Ammonia-nitrogen (AS N),Total,,,,0.79,mg/l,True,0.05,,,LAC10-107-06-1J,USGSGWM,Actual,GW,Water,,,"[]"
8666065,31990003,Rowan 1,Wright,07080207,Well,Multiple Aquifers,42.74102,-93.55166,10/23/2002 16:45:00,GWM,NIT-ORGN,Organic Nitrogen (AS N),Total,,,,0.28,mg/l,True,0.05,,,LAC10-107-06-2E,USGSGWM,Calculated,GW,Water,,,"[]"
8666065,31990003,Rowan 1,Wright,07080207,Well,Multiple Aquifers,42.74102,-93.55166,10/23/2002 16:45:00,GWM,PHOSP-PHOSP,"Total Phosphorus, mixed forms (AS P)",Total,,,,0.21,mg/l,True,0.05,,,LAC10-115-01-1C,USGSGWM,Actual,GW,Water,,,"[]"
8666065,31990003,Rowan 1,Wright,07080207,Well,Multiple Aquifers,42.74102,-93.55166,10/23/2002 16:45:00,GWM,NIT-KJELD,Kjeldahl nitrogen (AS N),Total,,,,1.1,mg/l,True,0.05,,,PAI DK03,USGSGWM,Actual,GW,Water,,,"[]"
8666065,31990002,Holmes 1,Wright,07100005,Well,Mississippian,42.73743,-93.83378,10/23/2002 14:45:00,GWM,NIT-NO3-NO2,Nitrate + Nitrite (AS N),Total,,,,0.1,mg/l,True,0.1,,,353.2,USGSGWM,Actual,GW,Water,,,"[]"
8666065,31990002,Holmes 1,Wright,07100005,Well,Mississippian,42.73743,-93.83378,10/23/2002 14:45:00,GWM,14265-44-2,Orthophosphate (AS P),Dissolved,,,,0.05,mg/l,False,0.05,,,4500-P-E,USGSGWM,Actual,GW,Water,,,"[]"
8666065,31990002,Holmes 1,Wright,07100005,Well,Mississippian,42.73743,-93.83378,10/23/2002 14:45:00,GWM,NIT-AMM,Ammonia-nitrogen (AS N),Total,,,,0.43,mg/l,True,0.05,,,LAC10-107-06-1J,USGSGWM,Actual,GW,Water,,,"[]"
8666065,31990002,Holmes 1,Wright,07100005,Well,Mississippian,42.73743,-93.83378,10/23/2002 14:45:00,GWM,NIT-ORGN,Organic Nitrogen (AS N),Total,,,,0.14,mg/l,True,0.05,,,LAC10-107-06-2E,USGSGWM,Calculated,GW,Water,,,"[]"
8666065,31990002,Holmes 1,Wright,07100005,Well,Mississippian,42.73743,-93.83378,10/23/2002 14:45:00,GWM,PHOSP-PHOSP,"Total Phosphorus, mixed forms (AS P)",Total,,,,0.05,mg/l,False,0.05,,,LAC10-115-01-1C,USGSGWM,Actual,GW,Water,,,"[]"
8666065,31990002,Holmes 1,Wright,07100005,Well,Mississippian,42.73743,-93.83378,10/23/2002 14:45:00,GWM,NIT-KJELD,Kjeldahl nitrogen (AS N),Total,,,,0.57,mg/l,True,0.05,,,PAI DK03,USGSGWM,Actual,GW,Water,,,"[]"
8666065,31990001,Eagle Grove 3,Wright,07100005,Well,Buried Sand Gravel,42.66508,-93.90271,07/21/2003 11:30:00,GWM,NIT-AMM,Ammonia-nitrogen (AS N),Total,,,,0.65,mg/l,True,0.05,,,350.1,USGSGWM,Actual,GW,Water,,,"[]"
8666065,31990001,Eagle Grove 3,Wright,07100005,Well,Buried Sand Gravel,42.66508,-93.90271,07/21/2003 11:30:00,GWM,NIT-NO3-NO2,Nitrate + Nitrite (AS N),Total,,,,0.1,mg/l,False,0.1,,,353.2,USGSGWM,Actual,GW,Water,,,"[]"
8666065,31990001,Eagle Grove 3,Wright,07100005,Well,Buried Sand Gravel,42.66508,-93.90271,07/21/2003 11:30:00,GWM,14265-44-2,Orthophosphate (AS P),Dissolved,,,,0.02,mg/l,False,0.02,,,365.1,USGSGWM,Actual,GW,Water,,,"[]"
8666065,31990001,Eagle Grove 3,Wright,07100005,Well,Buried Sand Gravel,42.66508,-93.90271,07/21/2003 11:30:00,GWM,PHOSP-PHOSP,"Total Phosphorus, mixed forms (AS P)",Total,,,,0.08,mg/l,True,0.02,,,365.4,USGSGWM,Actual,GW,Water,,,"[]"
8666065,31990001,Eagle Grove 3,Wright,07100005,Well,Buried Sand Gravel,42.66508,-93.90271,07/21/2003 11:30:00,GWM,NIT-ORGN,Organic Nitrogen (AS N),Total,,,,0.34,mg/l,True,0.05,,,LAC10-107-06-2E,USGSGWM,Calculated,GW,Water,,,"[]"
8666065,31990001,Eagle Grove 3,Wright,07100005,Well,Buried Sand Gravel,42.66508,-93.90271,07/21/2003 11:30:00,GWM,NIT-KJELD,Kjeldahl nitrogen (AS N),Total,,,,0.99,mg/l,True,0.05,,,PAI DK03,USGSGWM,Actual,GW,Water,,,"[]"
8666065,31990001,Eagle Grove 3,Wright,07100005,Well,Buried Sand Gravel,42.66508,-93.90271,07/06/2004 13:15:00,GWM,NIT-AMM,Ammonia-nitrogen (AS N),Total,,,,0.58,mg/l,True,0.05,,,350.1,USGSGWM,Actual,GW,Water,,,"[]"
8666065,31990001,Eagle Grove 3,Wright,07100005,Well,Buried Sand Gravel,42.66508,-93.90271,07/06/2004 13:15:00,GWM,NIT-NO3-NO2,Nitrate + Nitrite (AS N),Total,,,,0.05,mg/l,False,0.05,,,353.2,USGSGWM,Actual,GW,Water,,,"[]"
8666065,31990001,Eagle Grove 3,Wright,07100005,Well,Buried Sand Gravel,42.66508,-93.90271,07/06/2004 13:15:00,GWM,14265-44-2,Orthophosphate (AS P),Dissolved,,,,0.02,mg/l,False,0.02,,,365.1,USGSGWM,Actual,GW,Water,,,"[]"
8666065,31990001,Eagle Grove 3,Wright,07100005,Well,Buried Sand Gravel,42.66508,-93.90271,07/06/2004 13:15:00,GWM,PHOSP-PHOSP,"Total Phosphorus, mixed forms (AS P)",Total,,,,0.08,mg/l,True,0.02,,,365.4,USGSGWM,Actual,GW,Water,,,"[]"
8666065,31990001,Eagle Grove 3,Wright,07100005,Well,Buried Sand Gravel,42.66508,-93.90271,07/06/2004 13:15:00,GWM,NIT-ORGN,Organic Nitrogen,Total,,,,0.37,mg/l,True,0.05,,,LAC10-107-06-2E,USGSGWM,Calculated,GW,Water,,,"[]"
8666065,31990001,Eagle Grove 3,Wright,07100005,Well,Buried Sand Gravel,42.66508,-93.90271,07/12/2005 13:45:00,GWM,NIT-AMM,Ammonia-nitrogen (AS N),Total,,,,0.6,mg/l,True,0.05,,,350.1,USGSGWM,Actual,GW,Water,,,"[]"
8666065,31990001,Eagle Grove 3,Wright,07100005,Well,Buried Sand Gravel,42.66508,-93.90271,07/12/2005 13:45:00,GWM,NIT-KJELD,Kjeldahl nitrogen (AS N),Total,,,,0.75,mg/l,True,0.1,,,351.2,USGSGWM,Actual,GW,Water,,,"[]"
8666065,31990001,Eagle Grove 3,Wright,07100005,Well,Buried Sand Gravel,42.66508,-93.90271,07/12/2005 13:45:00,GWM,NIT-NO3-NO2,Nitrate + Nitrite (AS N),Total,,,,0.05,mg/l,False,0.05,,,353.2,USGSGWM,Actual,GW,Water,,,"[]"
8666065,31990001,Eagle Grove 3,Wright,07100005,Well,Buried Sand Gravel,42.66508,-93.90271,07/12/2005 13:45:00,GWM,14265-44-2,Orthophosphate (AS P),Dissolved,,,,0.02,mg/l,False,0.02,,,365.1,USGSGWM,Actual,GW,Water,,,"[]"
8666065,31990001,Eagle Grove 3,Wright,07100005,Well,Buried Sand Gravel,42.66508,-93.90271,07/12/2005 13:45:00,GWM,PHOSP-PHOSP,"Total Phosphorus, mixed forms (AS P)",Total,,,,0.1,mg/l,True,0.02,,,365.4,USGSGWM,Actual,GW,Water,,,"[]"
8666065,31990001,Eagle Grove 3,Wright,07100005,Well,Buried Sand Gravel,42.66508,-93.90271,07/12/2005 13:45:00,GWM,NIT-ORGN,Organic Nitrogen,Total,,,,0.15,mg/l,True,0.05,,,LAC10-107-06-2E,USGSGWM,Calculated,GW,Water,,,"[]"
8666065,31990001,Eagle Grove 3,Wright,07100005,Well,Buried Sand Gravel,42.66508,-93.90271,06/28/2006 08:40:00,GWM,NIT-AMM,Ammonia-nitrogen (AS N),Total,,,,0.73,mg/l,True,0.05,,,350.1,USGSGWM,Actual,GW,Water,,,"[]"
8666065,31990001,Eagle Grove 3,Wright,07100005,Well,Buried Sand Gravel,42.66508,-93.90271,06/28/2006 08:40:00,GWM,NIT-KJELD,Kjeldahl nitrogen (AS N),Total,,,,0.9,mg/l,True,0.1,,,351.2,USGSGWM,Actual,GW,Water,,,"[]"
8666065,31990001,Eagle Grove 3,Wright,07100005,Well,Buried Sand Gravel,42.66508,-93.90271,06/28/2006 08:40:00,GWM,NIT-NO3-NO2,Nitrate + Nitrite (AS N),Total,,,,0.05,mg/l,False,0.05,,,353.2,USGSGWM,Actual,GW,Water,,,"[]"
8666065,31990001,Eagle Grove 3,Wright,07100005,Well,Buried Sand Gravel,42.66508,-93.90271,06/28/2006 08:40:00,GWM,14265-44-2,Orthophosphate (AS P),Dissolved,,,,0.02,mg/l,False,0.02,,,365.1,USGSGWM,Actual,GW,Water,,,"[]"
8666065,31990001,Eagle Grove 3,Wright,07100005,Well,Buried Sand Gravel,42.66508,-93.90271,06/28/2006 08:40:00,GWM,PHOSP-PHOSP,"Total Phosphorus, mixed forms (AS P)",Total,,,,0.07,mg/l,True,0.02,,,365.4,USGSGWM,Actual,GW,Water,,,"[]"
8666065,31990001,Eagle Grove 3,Wright,07100005,Well,Buried Sand Gravel,42.66508,-93.90271,06/28/2006 08:40:00,GWM,NIT-ORGN,Organic Nitrogen,Total,,,,0.2,mg/l,True,0.1,,,LAC10-107-06-2E,USGSGWM,Calculated,GW,Water,,,"[]"
8666065,31990001,Eagle Grove 3,Wright,07100005,Well,Buried Sand Gravel,42.66508,-93.90271,08/13/2012 15:20:00,GWM,NIT-NO3-NO2,Nitrate + Nitrite (AS N),Total,,,,0.1,mg/l,False,0.1,,,LAC10-107-04-1J,GWMPWS,Actual,GW,Water,,,"[]"
8666065,31990001,Eagle Grove 3,Wright,07100005,Well,Buried Sand Gravel,42.66508,-93.90271,08/13/2012 15:20:00,GWM,NIT-AMM,Ammonia-nitrogen (AS N),Total,,,,0.73,mg/l,True,0.05,,,LAC10-107-06-1J,GWMPWS,Actual,GW,Water,,,"[]"
8666065,31990001,Eagle Grove 3,Wright,07100005,Well,Buried Sand Gravel,42.66508,-93.90271,08/13/2012 15:20:00,GWM,NIT-KJELD,Kjeldahl nitrogen (AS N),Total,,,,0.4,mg/l,True,0.1,,,LAC10-107-06-2E,GWMPWS,Actual,GW,Water,,,"[]"
8666065,31990001,Eagle Grove 3,Wright,07100005,Well,Buried Sand Gravel,42.66508,-93.90271,08/13/2012 15:20:00,GWM,14265-44-2,Orthophosphate (AS P),Dissolved,,,,0.02,mg/l,False,0.02,,,LAC10-115-01-1A,GWMPWS,Actual,GW,Water,,,"[]"
8666065,31990001,Eagle Grove 3,Wright,07100005,Well,Buried Sand Gravel,42.66508,-93.90271,08/13/2012 15:20:00,GWM,PHOSP-PHOSP,"Total Phosphorus, mixed forms (AS P)",Total,,,,0.12,mg/l,True,0.02,,,LAC10-115-01-1D,GWMPWS,Actual,GW,Water,,,"[]"
8666065,31990001,Eagle Grove 3,Wright,07100005,Well,Buried Sand Gravel,42.66508,-93.90271,11/27/2017 08:45:00,GWM,NIT-AMM,Ammonia-nitrogen (AS N),None,,,,0.98,mg/l,True,0.05,,,LAC10-107-06-1J,GWM,Actual,GW,Water,,,"[]"
8666065,31990001,Eagle Grove 3,Wright,07100005,Well,Buried Sand Gravel,42.66508,-93.90271,11/27/2017 08:45:00,GWM,NIT-NO3-NO2,Nitrate + Nitrite (AS N),None,,,,0.1,mg/l,False,0.1,,,LAC10-107-06-1J,GWM,Actual,GW,Water,,,"[]"
